setting,seed,rep_index,model,n,p,sigma_a,sigma_e,beta_preset,alpha,k,true_k,lam,snr,algo_a,algo_b,mse_cocolasso_max,mse_reweighted_frobenius,pe_cocolasso_max,pe_reweighted_frobenius,time_cocolasso_max,time_reweighted_frobenius,mse_diff,pe_diff,time_diff,speedup,noise_level,sparsity
ar_sigma0.75_datta_zhang,0,0,ar,100,500,0.75,3.0,datta_zhang,1.0,10,3,1.0,2.361111111111111,cocolasso_max,reweighted_frobenius,6.418870852277907,6.407247974638497,7.1914263918294825,7.313472485117251,15.183548683999106,1.28917356999591,0.011622877639410056,-0.12204609328776872,13.894375114003196,11.777738108645275,low,datta_zhang (exactly 3-sparse)
ar_sigma0.75_datta_zhang,1,1,ar,100,500,0.75,3.0,datta_zhang,1.0,10,3,1.0,2.361111111111111,cocolasso_max,reweighted_frobenius,3.356332585962664,3.474447863515857,4.450401604755094,4.608864304575216,15.132628263090735,1.6151470570475794,-0.11811527755319329,-0.15846269982012195,13.517481206043156,9.369195329342048,low,datta_zhang (exactly 3-sparse)
ar_sigma0.75_datta_zhang,2,2,ar,100,500,0.75,3.0,datta_zhang,1.0,10,3,1.0,2.361111111111111,cocolasso_max,reweighted_frobenius,8.098626261863322,8.713353117258423,10.397503655509082,11.058605226643762,15.226692261989228,1.496134767017793,-0.6147268553951015,-0.6611015711346795,13.730557494971436,10.177353402688585,low,datta_zhang (exactly 3-sparse)
ar_sigma0.75_datta_zhang,3,3,ar,100,500,0.75,3.0,datta_zhang,1.0,10,3,1.0,2.361111111111111,cocolasso_max,reweighted_frobenius,3.021594625796546,2.899084672024417,3.3897954536032757,3.3698631610996177,15.221440635970794,1.5447140160249546,0.12250995377212881,0.019932292503658022,13.676726619945839,9.85388911996827,low,datta_zhang (exactly 3-sparse)
ar_sigma0.75_datta_zhang,4,4,ar,100,500,0.75,3.0,datta_zhang,1.0,10,3,1.0,2.361111111111111,cocolasso_max,reweighted_frobenius,6.018536348278891,5.902067482720133,7.825041853729873,7.702026177710376,15.27379694301635,1.844097840017639,0.11646886555875824,0.12301567601949692,13.429699102998711,8.282530683334162,low,datta_zhang (exactly 3-sparse)
ar_sigma0.75_datta_zhang,5,5,ar,100,500,0.75,3.0,datta_zhang,1.0,10,3,1.0,2.361111111111111,cocolasso_max,reweighted_frobenius,4.617626361284503,4.660588670772471,4.979578709944181,5.00117205081673,15.170895808027126,1.6298591289669275,-0.042962309487967865,-0.02159334087254905,13.541036679060198,9.30810248468717,low,datta_zhang (exactly 3-sparse)
ar_sigma0.75_datta_zhang,6,6,ar,100,500,0.75,3.0,datta_zhang,1.0,10,3,1.0,2.361111111111111,cocolasso_max,reweighted_frobenius,2.822767952370786,3.0527799578120693,3.0061809720230057,3.238811562662121,15.235461644013412,1.57851776300231,-0.2300120054412833,-0.2326305906391153,13.656943881011102,9.651751789625644,low,datta_zhang (exactly 3-sparse)
ar_sigma0.75_datta_zhang,7,7,ar,100,500,0.75,3.0,datta_zhang,1.0,10,3,1.0,2.361111111111111,cocolasso_max,reweighted_frobenius,8.47870903096975,8.483527649763175,7.742840586997604,7.818829033810546,15.325861712917686,1.4590680559631437,-0.0048186187934256,-0.07598844681294281,13.866793656954542,10.503870364567025,low,datta_zhang (exactly 3-sparse)
ar_sigma0.75_datta_zhang,8,8,ar,100,500,0.75,3.0,datta_zhang,1.0,10,3,1.0,2.361111111111111,cocolasso_max,reweighted_frobenius,5.997804455297196,5.924224459048595,6.325307166687258,6.351557277128744,15.27740707306657,1.5277675130055286,0.07357999624860057,-0.026250110441485397,13.749639560061041,9.999824543337626,low,datta_zhang (exactly 3-sparse)
ar_sigma0.75_datta_zhang,9,9,ar,100,500,0.75,3.0,datta_zhang,1.0,10,3,1.0,2.361111111111111,cocolasso_max,reweighted_frobenius,5.408788627859263,5.511834946821901,7.806952069869132,7.984935342430028,15.305248857010156,1.581222343025729,-0.1030463189626385,-0.17798327256089586,13.724026513984427,9.679378061230137,low,datta_zhang (exactly 3-sparse)
ar_sigma0.75_datta_zhang,10,10,ar,100,500,0.75,3.0,datta_zhang,1.0,10,3,1.0,2.361111111111111,cocolasso_max,reweighted_frobenius,2.746133708842752,2.6098216641566734,3.460629672012911,3.300984705761459,15.32098911399953,1.5773629819741473,0.1363120446860786,0.15964496625145186,13.743626132025383,9.713039604127491,low,datta_zhang (exactly 3-sparse)
ar_sigma0.75_datta_zhang,11,11,ar,100,500,0.75,3.0,datta_zhang,1.0,10,3,1.0,2.361111111111111,cocolasso_max,reweighted_frobenius,4.052264612614774,4.137153126178483,5.708030413016102,5.8383996761545625,15.340859854011796,1.8239456109586167,-0.08488851356370919,-0.1303692631384603,13.51691424305318,8.410809928673835,low,datta_zhang (exactly 3-sparse)
ar_sigma0.75_datta_zhang,12,12,ar,100,500,0.75,3.0,datta_zhang,1.0,10,3,1.0,2.361111111111111,cocolasso_max,reweighted_frobenius,3.2096851381858027,2.96289625526164,3.610278073381052,3.45970599991852,15.408854246023113,1.657664074038621,0.24678888292416268,0.15057207346253199,13.751190171984492,9.295522830800103,low,datta_zhang (exactly 3-sparse)
ar_sigma0.75_datta_zhang,13,13,ar,100,500,0.75,3.0,datta_zhang,1.0,10,3,1.0,2.361111111111111,cocolasso_max,reweighted_frobenius,6.555119323255595,6.506577756740832,7.904067224555053,7.854712212314837,15.359112820005976,1.854558849998284,0.04854156651476327,0.04935501224021621,13.504553970007692,8.281814739942163,low,datta_zhang (exactly 3-sparse)
ar_sigma0.75_datta_zhang,14,14,ar,100,500,0.75,3.0,datta_zhang,1.0,10,3,1.0,2.361111111111111,cocolasso_max,reweighted_frobenius,4.211255303050479,4.252365343229273,5.872046015230915,5.934751124475595,15.350411813007668,1.7249675610219128,-0.04111004017879338,-0.06270510924467931,13.625444251985755,8.89895680352024,low,datta_zhang (exactly 3-sparse)
ar_sigma0.75_datta_zhang,15,15,ar,100,500,0.75,3.0,datta_zhang,1.0,10,3,1.0,2.361111111111111,cocolasso_max,reweighted_frobenius,4.782070454771171,4.814434418047249,6.3282675487751545,6.4300528310205936,15.273618903011084,1.5624729569535702,-0.03236396327607771,-0.10178528224543903,13.711145946057513,9.775285284163127,low,datta_zhang (exactly 3-sparse)
ar_sigma0.75_datta_zhang,16,16,ar,100,500,0.75,3.0,datta_zhang,1.0,10,3,1.0,2.361111111111111,cocolasso_max,reweighted_frobenius,5.713346784549606,5.826400075235175,6.056382057741319,6.170019500138366,15.336507324012928,1.6097405119799078,-0.1130532906855688,-0.11363744239704676,13.72676681203302,9.52731648975506,low,datta_zhang (exactly 3-sparse)
ar_sigma0.75_datta_zhang,17,17,ar,100,500,0.75,3.0,datta_zhang,1.0,10,3,1.0,2.361111111111111,cocolasso_max,reweighted_frobenius,7.101654287554163,6.903333596429867,7.153798610307872,7.01448992118361,15.35938536701724,1.4687986880308015,0.1983206911242954,0.1393086891242623,13.890586678986438,10.45710722114639,low,datta_zhang (exactly 3-sparse)
ar_sigma0.75_datta_zhang,18,18,ar,100,500,0.75,3.0,datta_zhang,1.0,10,3,1.0,2.361111111111111,cocolasso_max,reweighted_frobenius,7.339861323062832,7.175706629814082,6.7478400709355855,6.836886248746937,15.344036519061774,1.7894003670080565,0.16415469324874987,-0.08904617781135116,13.554636152053718,8.574959970930133,low,datta_zhang (exactly 3-sparse)
ar_sigma0.75_datta_zhang,19,19,ar,100,500,0.75,3.0,datta_zhang,1.0,10,3,1.0,2.361111111111111,cocolasso_max,reweighted_frobenius,3.525839995061837,3.7246033814891217,4.147555730614469,4.432208025596723,15.350380450021476,1.7961560050025582,-0.19876338642728486,-0.2846522949822541,13.554224445018917,8.546240085643124,low,datta_zhang (exactly 3-sparse)
ar_sigma0.75_datta_zhang,20,20,ar,100,500,0.75,3.0,datta_zhang,1.0,10,3,1.0,2.361111111111111,cocolasso_max,reweighted_frobenius,14.078654028481282,14.29047905186431,13.466409401614346,13.618782400081557,15.322340780985542,1.5794749740161933,-0.2118250233830281,-0.15237299846721086,13.742865806969348,9.700907600976306,low,datta_zhang (exactly 3-sparse)
ar_sigma0.75_datta_zhang,21,21,ar,100,500,0.75,3.0,datta_zhang,1.0,10,3,1.0,2.361111111111111,cocolasso_max,reweighted_frobenius,1.753596625914909,1.7589959561607007,2.13516552135147,2.149377908966615,15.36716756306123,1.5772075619897803,-0.005399330245791756,-0.014212387615144983,13.78996000107145,9.743275351580392,low,datta_zhang (exactly 3-sparse)
ar_sigma0.75_datta_zhang,22,22,ar,100,500,0.75,3.0,datta_zhang,1.0,10,3,1.0,2.361111111111111,cocolasso_max,reweighted_frobenius,6.098605274839384,6.140942022721546,7.601273430098155,7.660779736633419,15.29847623698879,1.7537169929710217,-0.04233674788216213,-0.059506306535263676,13.544759244017769,8.723457831740118,low,datta_zhang (exactly 3-sparse)
ar_sigma0.75_datta_zhang,23,23,ar,100,500,0.75,3.0,datta_zhang,1.0,10,3,1.0,2.361111111111111,cocolasso_max,reweighted_frobenius,2.981675185433758,3.0212606908123294,3.483201191629697,3.580060538928632,15.317399384919554,1.7199912610230967,-0.039585505378571195,-0.09685934729893475,13.597408123896457,8.905510005794074,low,datta_zhang (exactly 3-sparse)
ar_sigma0.75_datta_zhang,24,24,ar,100,500,0.75,3.0,datta_zhang,1.0,10,3,1.0,2.361111111111111,cocolasso_max,reweighted_frobenius,4.616116237072956,4.863645889015515,6.271566408395639,6.685626973649032,15.281495269038714,1.500276475038845,-0.2475296519425596,-0.41406056525339263,13.78121879399987,10.185786102286945,low,datta_zhang (exactly 3-sparse)
ar_sigma0.75_datta_zhang,25,25,ar,100,500,0.75,3.0,datta_zhang,1.0,10,3,1.0,2.361111111111111,cocolasso_max,reweighted_frobenius,2.981091951797377,2.8294083661791016,3.567687279613023,3.4436210401341816,15.277746964013204,1.5803003379842266,0.15168358561827544,0.12406623947884121,13.697446626028977,9.667622411256925,low,datta_zhang (exactly 3-sparse)
ar_sigma0.75_datta_zhang,26,26,ar,100,500,0.75,3.0,datta_zhang,1.0,10,3,1.0,2.361111111111111,cocolasso_max,reweighted_frobenius,4.410604224680814,4.385461364325227,4.793861657476282,4.729621761961618,15.332208348088898,1.7282957460265609,0.02514286035558655,0.06423989551466391,13.603912602062337,8.871287442174419,low,datta_zhang (exactly 3-sparse)
ar_sigma0.75_datta_zhang,27,27,ar,100,500,0.75,3.0,datta_zhang,1.0,10,3,1.0,2.361111111111111,cocolasso_max,reweighted_frobenius,3.905998522671332,3.950903596753113,4.31462895445542,4.380052842767051,15.252916636993175,1.4544736809912138,-0.04490507408178113,-0.06542388831163048,13.798442956001962,10.486897656751285,low,datta_zhang (exactly 3-sparse)
ar_sigma0.75_datta_zhang,28,28,ar,100,500,0.75,3.0,datta_zhang,1.0,10,3,1.0,2.361111111111111,cocolasso_max,reweighted_frobenius,3.339125908953128,3.226886940828372,3.973308270795397,3.9357807296162455,15.319888376048766,2.073794711031951,0.11223896812475598,0.03752754117915158,13.246093665016815,7.387369778962047,low,datta_zhang (exactly 3-sparse)
ar_sigma0.75_datta_zhang,29,29,ar,100,500,0.75,3.0,datta_zhang,1.0,10,3,1.0,2.361111111111111,cocolasso_max,reweighted_frobenius,7.325090219224947,7.28706235240228,10.122674411073294,10.08686267745949,15.317664296017028,1.505706993979402,0.03802786682266657,0.035811733613805075,13.811957302037627,10.173071093688877,low,datta_zhang (exactly 3-sparse)
ar_sigma0.75_datta_zhang,30,30,ar,100,500,0.75,3.0,datta_zhang,1.0,10,3,1.0,2.361111111111111,cocolasso_max,reweighted_frobenius,5.137375060089156,5.185143079063724,6.383332279961885,6.503772163953868,15.391092962934636,1.68378380703507,-0.04776801897456728,-0.12043988399198291,13.707309155899566,9.140777395903577,low,datta_zhang (exactly 3-sparse)
ar_sigma0.75_datta_zhang,31,31,ar,100,500,0.75,3.0,datta_zhang,1.0,10,3,1.0,2.361111111111111,cocolasso_max,reweighted_frobenius,2.8942698807780065,2.902657714797152,3.290124963462204,3.322547727562466,15.316029348992744,1.6149119160254486,-0.008387834019145668,-0.032422764100262125,13.701117432967296,9.484126779303168,low,datta_zhang (exactly 3-sparse)
ar_sigma0.75_datta_zhang,32,32,ar,100,500,0.75,3.0,datta_zhang,1.0,10,3,1.0,2.361111111111111,cocolasso_max,reweighted_frobenius,7.936118454391154,7.928679196903285,9.741912876833386,9.729348833902158,15.311163455946373,1.5679001100361347,0.007439257487869,0.012564042931227704,13.743263345910238,9.765394719943927,low,datta_zhang (exactly 3-sparse)
ar_sigma0.75_datta_zhang,33,33,ar,100,500,0.75,3.0,datta_zhang,1.0,10,3,1.0,2.361111111111111,cocolasso_max,reweighted_frobenius,4.56193657516426,4.378698975157952,5.341138307365144,5.223746078081559,15.348629661020825,1.8555705430335363,0.18323760000630873,0.11739222928358473,13.493059117987288,8.271649772974126,low,datta_zhang (exactly 3-sparse)
ar_sigma0.75_datta_zhang,34,34,ar,100,500,0.75,3.0,datta_zhang,1.0,10,3,1.0,2.361111111111111,cocolasso_max,reweighted_frobenius,4.157543335239779,4.173414257742898,5.548005505581152,5.594752256054637,15.3133397300262,1.693056533986237,-0.015870922503119722,-0.046746750473484866,13.620283196039964,9.044789363277507,low,datta_zhang (exactly 3-sparse)
ar_sigma0.75_datta_zhang,35,35,ar,100,500,0.75,3.0,datta_zhang,1.0,10,3,1.0,2.361111111111111,cocolasso_max,reweighted_frobenius,3.8428370397243543,3.74224312993824,4.888427510591216,4.797975486349265,15.331244923989289,1.8398183949757367,0.10059390978611438,0.09045202424195065,13.491426529013552,8.33302078392986,low,datta_zhang (exactly 3-sparse)
ar_sigma0.75_datta_zhang,36,36,ar,100,500,0.75,3.0,datta_zhang,1.0,10,3,1.0,2.361111111111111,cocolasso_max,reweighted_frobenius,7.838906789031618,7.691159469418965,7.093411809541788,7.0605984909275445,15.343603692017496,1.6707770850043744,0.14774731961265353,0.032813318614243414,13.672826607013121,9.183513366163579,low,datta_zhang (exactly 3-sparse)
ar_sigma0.75_datta_zhang,37,37,ar,100,500,0.75,3.0,datta_zhang,1.0,10,3,1.0,2.361111111111111,cocolasso_max,reweighted_frobenius,4.779962346976921,4.822775899091358,5.4981777332236685,5.484594107467845,15.326541604008526,1.533296847017482,-0.042813552114436604,0.013583625755823725,13.793244756991044,9.99580846580439,low,datta_zhang (exactly 3-sparse)
ar_sigma0.75_datta_zhang,38,38,ar,100,500,0.75,3.0,datta_zhang,1.0,10,3,1.0,2.361111111111111,cocolasso_max,reweighted_frobenius,4.090370041055562,4.281401838345853,5.690579050165189,5.973619830415386,15.366473744041286,1.6266256600501947,-0.1910317972902913,-0.28304078025019663,13.739848083991092,9.44684085677531,low,datta_zhang (exactly 3-sparse)
ar_sigma0.75_datta_zhang,39,39,ar,100,500,0.75,3.0,datta_zhang,1.0,10,3,1.0,2.361111111111111,cocolasso_max,reweighted_frobenius,5.82224687065116,5.954810587389543,6.549362139644384,6.786553752026592,15.325331637985071,1.6378307820414193,-0.13256371673838352,-0.23719161238220732,13.687500855943652,9.357090980353492,low,datta_zhang (exactly 3-sparse)
ar_sigma0.75_datta_zhang,40,40,ar,100,500,0.75,3.0,datta_zhang,1.0,10,3,1.0,2.361111111111111,cocolasso_max,reweighted_frobenius,5.758531535452219,5.793386129078453,6.634839099604886,6.729198606999821,15.358714849920943,1.7972770920023322,-0.034854593626233665,-0.0943595073949357,13.561437757918611,8.545546437032657,low,datta_zhang (exactly 3-sparse)
ar_sigma0.75_datta_zhang,41,41,ar,100,500,0.75,3.0,datta_zhang,1.0,10,3,1.0,2.361111111111111,cocolasso_max,reweighted_frobenius,4.063033249537735,4.165606250993414,5.74764826477456,5.928311699497405,15.354621689999476,1.7586190429865385,-0.10257300145567871,-0.1806634347228444,13.596002647012938,8.731067567609076,low,datta_zhang (exactly 3-sparse)
ar_sigma0.75_datta_zhang,42,42,ar,100,500,0.75,3.0,datta_zhang,1.0,10,3,1.0,2.361111111111111,cocolasso_max,reweighted_frobenius,7.028916353727174,6.97278414249495,8.287306385370886,8.139248815768948,15.494104168959892,1.8937664270051755,0.05613221123222445,0.1480575696019386,13.600337741954716,8.181634201564366,low,datta_zhang (exactly 3-sparse)
ar_sigma0.75_datta_zhang,43,43,ar,100,500,0.75,3.0,datta_zhang,1.0,10,3,1.0,2.361111111111111,cocolasso_max,reweighted_frobenius,6.418068333000322,6.3554674767163535,5.718146535169257,5.699386679272121,15.430628856061958,1.6636932030087337,0.06260085628396883,0.018759855897136468,13.766935653053224,9.274924504203167,low,datta_zhang (exactly 3-sparse)
ar_sigma0.75_datta_zhang,44,44,ar,100,500,0.75,3.0,datta_zhang,1.0,10,3,1.0,2.361111111111111,cocolasso_max,reweighted_frobenius,4.217216794586758,4.235041857466164,3.7989825952809264,3.893893631837858,15.48651952308137,1.7258413750096224,-0.017825062879405884,-0.09491103655693145,13.760678148071747,8.973315709849073,low,datta_zhang (exactly 3-sparse)
ar_sigma0.75_datta_zhang,45,45,ar,100,500,0.75,3.0,datta_zhang,1.0,10,3,1.0,2.361111111111111,cocolasso_max,reweighted_frobenius,4.995858013316614,5.12292459712373,6.1565913571232,6.318168976241118,15.43682041298598,1.6598168210475706,-0.12706658380711655,-0.16157761911791813,13.77700359193841,9.300315683777228,low,datta_zhang (exactly 3-sparse)
ar_sigma0.75_datta_zhang,46,46,ar,100,500,0.75,3.0,datta_zhang,1.0,10,3,1.0,2.361111111111111,cocolasso_max,reweighted_frobenius,1.3842643417785716,1.4378294876571918,1.693347612957438,1.810080697756373,15.469462509965524,1.7950666170218028,-0.05356514587862016,-0.11673308479893496,13.674395892943721,8.617765136555727,low,datta_zhang (exactly 3-sparse)
ar_sigma0.75_datta_zhang,47,47,ar,100,500,0.75,3.0,datta_zhang,1.0,10,3,1.0,2.361111111111111,cocolasso_max,reweighted_frobenius,7.195333037091938,7.067121814974599,7.962568696306048,7.840692388483595,15.422686657053418,1.718292452977039,0.12821122211733904,0.12187630782245229,13.70439420407638,8.975588893690793,low,datta_zhang (exactly 3-sparse)
ar_sigma0.75_datta_zhang,48,48,ar,100,500,0.75,3.0,datta_zhang,1.0,10,3,1.0,2.361111111111111,cocolasso_max,reweighted_frobenius,4.18966503175137,4.325504755512402,5.2989611657966105,5.504156703361394,15.517738125054166,1.9287307849735955,-0.13583972376103226,-0.2051955375647836,13.58900734008057,8.045569784000003,low,datta_zhang (exactly 3-sparse)
ar_sigma0.75_datta_zhang,49,49,ar,100,500,0.75,3.0,datta_zhang,1.0,10,3,1.0,2.361111111111111,cocolasso_max,reweighted_frobenius,5.447943419556991,5.50046429117587,5.4270633613505215,5.492682966475917,15.540183877921663,1.534988050989341,-0.05252087161887875,-0.06561960512539589,14.005195826932322,10.123977100607133,low,datta_zhang (exactly 3-sparse)
ar_sigma0.75_datta_zhang,50,50,ar,100,500,0.75,3.0,datta_zhang,1.0,10,3,1.0,2.361111111111111,cocolasso_max,reweighted_frobenius,5.011009972616377,5.146017751619096,6.324875996075829,6.501452923751726,15.562699228990825,1.5693782049929723,-0.1350077790027191,-0.17657692767589683,13.993321023997852,9.916474677345551,low,datta_zhang (exactly 3-sparse)
ar_sigma0.75_datta_zhang,51,51,ar,100,500,0.75,3.0,datta_zhang,1.0,10,3,1.0,2.361111111111111,cocolasso_max,reweighted_frobenius,4.8662453775015,4.912324176675798,5.84784550997481,5.9855705220475945,15.335185897070916,1.899707060016226,-0.04607879917429791,-0.1377250120727842,13.43547883705469,8.072395065447582,low,datta_zhang (exactly 3-sparse)
ar_sigma0.75_datta_zhang,52,52,ar,100,500,0.75,3.0,datta_zhang,1.0,10,3,1.0,2.361111111111111,cocolasso_max,reweighted_frobenius,7.665851099009899,7.702436902064983,10.360816134746656,10.437246669718212,15.419538201997057,1.651925908983685,-0.0365858030550843,-0.07643053497155528,13.767612293013372,9.334279532841533,low,datta_zhang (exactly 3-sparse)
ar_sigma0.75_datta_zhang,53,53,ar,100,500,0.75,3.0,datta_zhang,1.0,10,3,1.0,2.361111111111111,cocolasso_max,reweighted_frobenius,2.757339496477064,2.95900786530286,3.411208665847492,3.687783057503556,15.513494892977178,1.9336043130024336,-0.2016683688257963,-0.2765743916560641,13.579890579974744,8.023096963870731,low,datta_zhang (exactly 3-sparse)
ar_sigma0.75_datta_zhang,54,54,ar,100,500,0.75,3.0,datta_zhang,1.0,10,3,1.0,2.361111111111111,cocolasso_max,reweighted_frobenius,3.7903449076833935,3.948990516292064,4.838171696679311,5.004166183579513,15.455553660984153,1.6879751170054078,-0.1586456086086705,-0.16599448690020235,13.767578543978745,9.156268658985592,low,datta_zhang (exactly 3-sparse)
ar_sigma0.75_datta_zhang,55,55,ar,100,500,0.75,3.0,datta_zhang,1.0,10,3,1.0,2.361111111111111,cocolasso_max,reweighted_frobenius,7.084550330287909,7.263335297362305,6.147979224820726,6.308313783227553,15.47028012399096,1.6310683409683406,-0.17878496707439595,-0.1603345584068272,13.83921178302262,9.484752867440545,low,datta_zhang (exactly 3-sparse)
ar_sigma0.75_datta_zhang,56,56,ar,100,500,0.75,3.0,datta_zhang,1.0,10,3,1.0,2.361111111111111,cocolasso_max,reweighted_frobenius,3.656568050216205,3.753066796506705,4.511744569209763,4.642372879567214,15.483000673004426,1.499573620967567,-0.09649874629050004,-0.1306283103574506,13.983427052036859,10.32493533929622,low,datta_zhang (exactly 3-sparse)
ar_sigma0.75_datta_zhang,57,57,ar,100,500,0.75,3.0,datta_zhang,1.0,10,3,1.0,2.361111111111111,cocolasso_max,reweighted_frobenius,7.184912436448263,7.246349187372311,7.602432579837302,7.675912210270307,15.416865000035614,1.8278578390018083,-0.06143675092404788,-0.0734796304330052,13.589007161033805,8.434389519293662,low,datta_zhang (exactly 3-sparse)
ar_sigma0.75_datta_zhang,58,58,ar,100,500,0.75,3.0,datta_zhang,1.0,10,3,1.0,2.361111111111111,cocolasso_max,reweighted_frobenius,5.478610858561002,5.173243312906789,6.571308658687737,6.2620101087888775,15.415812909952365,1.7936354500125162,0.30536754565421287,0.30929854989885985,13.622177459939849,8.594730278019869,low,datta_zhang (exactly 3-sparse)
ar_sigma0.75_datta_zhang,59,59,ar,100,500,0.75,3.0,datta_zhang,1.0,10,3,1.0,2.361111111111111,cocolasso_max,reweighted_frobenius,4.277611098058059,4.201129078393156,5.728146806769514,5.67459225825966,15.462519597960636,1.6920973689993843,0.07648201966490298,0.05355454850985364,13.770422228961252,9.138079097129229,low,datta_zhang (exactly 3-sparse)
ar_sigma0.75_datta_zhang,60,60,ar,100,500,0.75,3.0,datta_zhang,1.0,10,3,1.0,2.361111111111111,cocolasso_max,reweighted_frobenius,3.74934481273273,3.691798359812098,4.350389241166004,4.39036858240783,15.534384944941849,1.4657773969811387,0.057546452920631985,-0.03997934124182567,14.06860754796071,10.598051912204333,low,datta_zhang (exactly 3-sparse)
ar_sigma0.75_datta_zhang,61,61,ar,100,500,0.75,3.0,datta_zhang,1.0,10,3,1.0,2.361111111111111,cocolasso_max,reweighted_frobenius,6.954078211802429,6.882657467571805,6.714718980363399,6.770227115039232,15.478960441076197,1.7367683060001582,0.07142074423062361,-0.05550813467583282,13.742192135076039,8.912507435562787,low,datta_zhang (exactly 3-sparse)
ar_sigma0.75_datta_zhang,62,62,ar,100,500,0.75,3.0,datta_zhang,1.0,10,3,1.0,2.361111111111111,cocolasso_max,reweighted_frobenius,5.044117619129474,5.107512256779968,4.711832001917148,4.76692181875058,15.466262190020643,1.74295618198812,-0.06339463765049391,-0.055089816833432614,13.723306008032523,8.873580615422528,low,datta_zhang (exactly 3-sparse)
ar_sigma0.75_datta_zhang,63,63,ar,100,500,0.75,3.0,datta_zhang,1.0,10,3,1.0,2.361111111111111,cocolasso_max,reweighted_frobenius,3.135872905989132,3.0637753312429794,3.5377191422109724,3.535756690373346,15.429655991028994,1.6863059250172228,0.07209757474615275,0.0019624518376262223,13.743350066011772,9.149974368305328,low,datta_zhang (exactly 3-sparse)
ar_sigma0.75_datta_zhang,64,64,ar,100,500,0.75,3.0,datta_zhang,1.0,10,3,1.0,2.361111111111111,cocolasso_max,reweighted_frobenius,5.107090988000553,5.089318011696507,6.518761664896864,6.53926662479704,15.400181062053887,1.5896698760334402,0.017772976304045507,-0.02050495990017609,13.810511186020447,9.687659868400205,low,datta_zhang (exactly 3-sparse)
ar_sigma0.75_datta_zhang,65,65,ar,100,500,0.75,3.0,datta_zhang,1.0,10,3,1.0,2.361111111111111,cocolasso_max,reweighted_frobenius,6.684983419346843,6.72871093875648,7.283288841220199,7.347460012414053,15.299251460004598,1.7892104419879615,-0.043727519409636706,-0.06417117119385374,13.510041018016636,8.5508395775993,low,datta_zhang (exactly 3-sparse)
ar_sigma0.75_datta_zhang,66,66,ar,100,500,0.75,3.0,datta_zhang,1.0,10,3,1.0,2.361111111111111,cocolasso_max,reweighted_frobenius,5.778798764940223,5.677111376579382,6.2796918644888216,6.253548133791188,15.452779390034266,1.561857576016337,0.10168738836084135,0.026143730697633316,13.89092181401793,9.89384667803579,low,datta_zhang (exactly 3-sparse)
ar_sigma0.75_datta_zhang,67,67,ar,100,500,0.75,3.0,datta_zhang,1.0,10,3,1.0,2.361111111111111,cocolasso_max,reweighted_frobenius,7.978280852514161,8.168868785277324,8.851512273652528,9.075820701701328,15.485251680016518,1.8531250869855285,-0.19058793276316255,-0.22430842804880058,13.63212659303099,8.3562905649323,low,datta_zhang (exactly 3-sparse)
ar_sigma0.75_datta_zhang,68,68,ar,100,500,0.75,3.0,datta_zhang,1.0,10,3,1.0,2.361111111111111,cocolasso_max,reweighted_frobenius,7.165619598334257,7.35711555182427,10.05568688016739,10.302610164869662,15.483696660026908,1.6645272640162148,-0.19149595349001292,-0.2469232847022731,13.819169396010693,9.302158633717685,low,datta_zhang (exactly 3-sparse)
ar_sigma0.75_datta_zhang,69,69,ar,100,500,0.75,3.0,datta_zhang,1.0,10,3,1.0,2.361111111111111,cocolasso_max,reweighted_frobenius,7.426229370989332,7.359962947214415,8.80238385072814,8.765207664760672,15.5333124010358,1.5397334480076097,0.0662664237749171,0.037176185967467745,13.99357895302819,10.088312636927942,low,datta_zhang (exactly 3-sparse)
ar_sigma0.75_datta_zhang,70,70,ar,100,500,0.75,3.0,datta_zhang,1.0,10,3,1.0,2.361111111111111,cocolasso_max,reweighted_frobenius,3.2072730096748048,3.336205494451077,4.121708085835589,4.3389171004674925,15.489084710017778,1.5824140420299957,-0.12893248477627228,-0.21720901463190323,13.906670667987783,9.788262931582462,low,datta_zhang (exactly 3-sparse)
ar_sigma0.75_datta_zhang,71,71,ar,100,500,0.75,3.0,datta_zhang,1.0,10,3,1.0,2.361111111111111,cocolasso_max,reweighted_frobenius,3.363672125477067,3.39247529668058,3.8869344974086895,3.912897984354837,15.525993586983532,1.5470260110450909,-0.028803171203512612,-0.025963486946147363,13.97896757593844,10.036026205205802,low,datta_zhang (exactly 3-sparse)
ar_sigma0.75_datta_zhang,72,72,ar,100,500,0.75,3.0,datta_zhang,1.0,10,3,1.0,2.361111111111111,cocolasso_max,reweighted_frobenius,6.609279806954181,6.41744454025426,7.373394089601967,7.064236744317728,15.51243688503746,1.7119096330134198,0.19183526669992101,0.3091573452842393,13.80052725202404,9.061481158752178,low,datta_zhang (exactly 3-sparse)
ar_sigma0.75_datta_zhang,73,73,ar,100,500,0.75,3.0,datta_zhang,1.0,10,3,1.0,2.361111111111111,cocolasso_max,reweighted_frobenius,4.122429579460619,4.240066030974542,5.411530539168906,5.542390299596306,15.43859452509787,1.6382017260184512,-0.11763645151392232,-0.13085976042740022,13.800392799079418,9.424110767249909,low,datta_zhang (exactly 3-sparse)
ar_sigma0.75_datta_zhang,74,74,ar,100,500,0.75,3.0,datta_zhang,1.0,10,3,1.0,2.361111111111111,cocolasso_max,reweighted_frobenius,2.899264464834295,2.9796877174078213,3.9151828886669335,4.063927863271493,15.438584632007403,1.4431645449949428,-0.08042325257352623,-0.1487449746045595,13.99542008701246,10.697729988967755,low,datta_zhang (exactly 3-sparse)
ar_sigma0.75_datta_zhang,75,75,ar,100,500,0.75,3.0,datta_zhang,1.0,10,3,1.0,2.361111111111111,cocolasso_max,reweighted_frobenius,5.380159425506994,5.305875948994357,5.457309413358208,5.419592890674437,15.49911907792557,1.6878543620114217,0.07428347651263678,0.03771652268377057,13.811264715914149,9.182734853648876,low,datta_zhang (exactly 3-sparse)
ar_sigma0.75_datta_zhang,76,76,ar,100,500,0.75,3.0,datta_zhang,1.0,10,3,1.0,2.361111111111111,cocolasso_max,reweighted_frobenius,3.5887490168298197,3.7646733875372536,3.306906342047497,3.552182492635958,15.492301362915896,1.5342447709990663,-0.17592437070743383,-0.24527615058846086,13.95805659191683,10.097672585077577,low,datta_zhang (exactly 3-sparse)
ar_sigma0.75_datta_zhang,77,77,ar,100,500,0.75,3.0,datta_zhang,1.0,10,3,1.0,2.361111111111111,cocolasso_max,reweighted_frobenius,5.4295974273014505,5.452391944833371,7.445748258462684,7.531398122007131,15.486388426972551,1.7013902139733543,-0.022794517531920633,-0.0856498635444467,13.784998212999197,9.102196721119196,low,datta_zhang (exactly 3-sparse)
ar_sigma0.75_datta_zhang,78,78,ar,100,500,0.75,3.0,datta_zhang,1.0,10,3,1.0,2.361111111111111,cocolasso_max,reweighted_frobenius,6.889074733380012,6.953624279491339,8.929173268191402,9.033292888749155,15.468196133966558,1.518141074979212,-0.06454954611132724,-0.10411962055775348,13.950055058987346,10.188905622080192,low,datta_zhang (exactly 3-sparse)
ar_sigma0.75_datta_zhang,79,79,ar,100,500,0.75,3.0,datta_zhang,1.0,10,3,1.0,2.361111111111111,cocolasso_max,reweighted_frobenius,4.514618531607171,4.527897052905863,5.622136817224239,5.720149754662593,15.508564605028369,1.4489900330081582,-0.013278521298691892,-0.09801293743835426,14.05957457202021,10.703016757701224,low,datta_zhang (exactly 3-sparse)
ar_sigma0.75_datta_zhang,80,80,ar,100,500,0.75,3.0,datta_zhang,1.0,10,3,1.0,2.361111111111111,cocolasso_max,reweighted_frobenius,1.9772674872425364,1.9363801071898727,2.529498852433411,2.5534295946740757,15.466781545081176,1.4305289970361628,0.04088738005266368,-0.023930742240664493,14.036252548045013,10.811931514234232,low,datta_zhang (exactly 3-sparse)
ar_sigma0.75_datta_zhang,81,81,ar,100,500,0.75,3.0,datta_zhang,1.0,10,3,1.0,2.361111111111111,cocolasso_max,reweighted_frobenius,7.454553985689949,7.451813533139071,8.315995326016061,8.292829147391712,15.49280920100864,1.5504620379651897,0.0027404525508778477,0.023166178624348888,13.94234716304345,9.992382155541998,low,datta_zhang (exactly 3-sparse)
ar_sigma0.75_datta_zhang,82,82,ar,100,500,0.75,3.0,datta_zhang,1.0,10,3,1.0,2.361111111111111,cocolasso_max,reweighted_frobenius,7.282580933462619,7.318664451301155,9.168910998129231,9.261714362318704,15.451490722014569,1.3680341360159218,-0.03608351783853614,-0.09280336418947321,14.083456585998647,11.294667519783832,low,datta_zhang (exactly 3-sparse)
ar_sigma0.75_datta_zhang,83,83,ar,100,500,0.75,3.0,datta_zhang,1.0,10,3,1.0,2.361111111111111,cocolasso_max,reweighted_frobenius,4.534977212102198,4.494487065840626,5.370894664925196,5.279606832407183,15.50928911101073,1.7369922449579462,0.04049014626157188,0.0912878325180122,13.772296866052784,8.928818856866123,low,datta_zhang (exactly 3-sparse)
ar_sigma0.75_datta_zhang,84,84,ar,100,500,0.75,3.0,datta_zhang,1.0,10,3,1.0,2.361111111111111,cocolasso_max,reweighted_frobenius,6.671284801234022,6.657019501715005,7.805404364718965,7.90768792869501,15.464850532938726,1.3843193509965204,0.01426529951901756,-0.10228356397604532,14.080531181942206,11.17144719663577,low,datta_zhang (exactly 3-sparse)
ar_sigma0.75_datta_zhang,85,85,ar,100,500,0.75,3.0,datta_zhang,1.0,10,3,1.0,2.361111111111111,cocolasso_max,reweighted_frobenius,5.060798771090456,5.107590000158671,6.683744876376624,6.778418360060561,15.499783116974868,1.3687250490183942,-0.046791229068215756,-0.09467348368393758,14.131058067956474,11.324248889936527,low,datta_zhang (exactly 3-sparse)
ar_sigma0.75_datta_zhang,86,86,ar,100,500,0.75,3.0,datta_zhang,1.0,10,3,1.0,2.361111111111111,cocolasso_max,reweighted_frobenius,5.508415290308824,5.462623718389874,7.340651846532445,7.179297174136631,15.451538498979062,1.6716225469717756,0.04579157191895078,0.16135467239581391,13.779915952007286,9.24343747753957,low,datta_zhang (exactly 3-sparse)
ar_sigma0.75_datta_zhang,87,87,ar,100,500,0.75,3.0,datta_zhang,1.0,10,3,1.0,2.361111111111111,cocolasso_max,reweighted_frobenius,4.107105812642294,4.236492515646719,5.664170826539635,5.855931883667553,15.46013284404762,1.5257011280045845,-0.12938670300442556,-0.19176105712791802,13.934431716043035,10.133133259373958,low,datta_zhang (exactly 3-sparse)
ar_sigma0.75_datta_zhang,88,88,ar,100,500,0.75,3.0,datta_zhang,1.0,10,3,1.0,2.361111111111111,cocolasso_max,reweighted_frobenius,6.11667283012951,6.39735532398128,8.051004072853377,8.447700077911687,15.427629056968726,1.376082010974642,-0.2806824938517698,-0.3966960050583097,14.051547045994084,11.21127151865153,low,datta_zhang (exactly 3-sparse)
ar_sigma0.75_datta_zhang,89,89,ar,100,500,0.75,3.0,datta_zhang,1.0,10,3,1.0,2.361111111111111,cocolasso_max,reweighted_frobenius,4.994715610747593,4.953485954638334,4.666875596310902,4.629931950298996,15.394378972006962,1.9381976560107432,0.04122965610925888,0.03694364601190614,13.456181315996218,7.942625936145303,low,datta_zhang (exactly 3-sparse)
ar_sigma0.75_datta_zhang,90,90,ar,100,500,0.75,3.0,datta_zhang,1.0,10,3,1.0,2.361111111111111,cocolasso_max,reweighted_frobenius,7.648679135111046,7.5266144106106,8.026951497152528,8.028518846691682,15.468723975936882,1.6220551599981263,0.12206472450044625,-0.0015673495391546055,13.846668815938756,9.53649688211266,low,datta_zhang (exactly 3-sparse)
ar_sigma0.75_datta_zhang,91,91,ar,100,500,0.75,3.0,datta_zhang,1.0,10,3,1.0,2.361111111111111,cocolasso_max,reweighted_frobenius,4.717262625984742,4.704886711101072,6.186403700284876,6.165944905330173,15.418539765989408,1.4038398189586587,0.012375914883669736,0.020458794954702597,14.01469994703075,10.983118983921244,low,datta_zhang (exactly 3-sparse)
ar_sigma0.75_datta_zhang,92,92,ar,100,500,0.75,3.0,datta_zhang,1.0,10,3,1.0,2.361111111111111,cocolasso_max,reweighted_frobenius,5.920799232003433,5.869879404250798,7.264827924634719,7.2565985895699505,15.443884907988831,1.4478894830099307,0.050919827752634816,0.008229335064768861,13.9959954249789,10.666480480183795,low,datta_zhang (exactly 3-sparse)
ar_sigma0.75_datta_zhang,93,93,ar,100,500,0.75,3.0,datta_zhang,1.0,10,3,1.0,2.361111111111111,cocolasso_max,reweighted_frobenius,5.621781384216457,5.579496947903681,6.846882581437431,6.84780526848031,15.463839191943409,1.961224672035314,0.04228443631277656,-0.0009226870428795664,13.502614519908095,7.884787200792958,low,datta_zhang (exactly 3-sparse)
ar_sigma0.75_datta_zhang,94,94,ar,100,500,0.75,3.0,datta_zhang,1.0,10,3,1.0,2.361111111111111,cocolasso_max,reweighted_frobenius,5.149965874918387,5.15388735333352,5.95839504916677,5.939405531126973,15.535276216920463,1.6681079110130668,-0.003921478415132462,0.018989518039796316,13.867168305907397,9.31311224792745,low,datta_zhang (exactly 3-sparse)
ar_sigma0.75_datta_zhang,95,95,ar,100,500,0.75,3.0,datta_zhang,1.0,10,3,1.0,2.361111111111111,cocolasso_max,reweighted_frobenius,3.0049045886944112,2.9437841604166946,3.9465232577753646,3.935781251230965,15.441102745011449,1.4231199269997887,0.06112042827771669,0.010742006544399718,14.01798281801166,10.850176750433304,low,datta_zhang (exactly 3-sparse)
ar_sigma0.75_datta_zhang,96,96,ar,100,500,0.75,3.0,datta_zhang,1.0,10,3,1.0,2.361111111111111,cocolasso_max,reweighted_frobenius,4.723294298702273,4.589572515964296,5.797202851999399,5.614357384614207,15.419360070955008,1.3863714199978858,0.13372178273797708,0.18284546738519225,14.032988650957122,11.122098918469138,low,datta_zhang (exactly 3-sparse)
ar_sigma0.75_datta_zhang,97,97,ar,100,500,0.75,3.0,datta_zhang,1.0,10,3,1.0,2.361111111111111,cocolasso_max,reweighted_frobenius,5.22869571562588,5.446117858341072,6.766909800740163,7.098136320850077,15.456861644983292,1.3060021810233593,-0.21742214271519167,-0.33122652010991427,14.150859463959932,11.835249488535753,low,datta_zhang (exactly 3-sparse)
ar_sigma0.75_datta_zhang,98,98,ar,100,500,0.75,3.0,datta_zhang,1.0,10,3,1.0,2.361111111111111,cocolasso_max,reweighted_frobenius,5.985626790107955,5.95197569848264,5.153233370282145,5.239630132452108,15.48058596404735,1.8728972870158032,0.03365109162531521,-0.08639676216996328,13.607688677031547,8.265581925591592,low,datta_zhang (exactly 3-sparse)
ar_sigma0.75_datta_zhang,99,99,ar,100,500,0.75,3.0,datta_zhang,1.0,10,3,1.0,2.361111111111111,cocolasso_max,reweighted_frobenius,7.534155662800105,7.3425217759390655,7.749418265767731,7.858043131932126,15.46915897994768,1.5173354080179706,0.19163388686103922,-0.10862486616439515,13.95182357192971,10.194950238559562,low,datta_zhang (exactly 3-sparse)
ar_sigma0.75_weak_sparse_a1.0,0,0,ar,100,500,0.75,3.0,weak_sparse,1.0,10,3,1.0,0.9118424939558302,cocolasso_max,reweighted_frobenius,10.989748709381784,11.01918551905358,5.3401541218831845,5.362553285461164,17.574322787928395,1.867540325038135,-0.029436809671796738,-0.022399163577979664,15.70678246289026,9.410411412438727,low,weak α=1.0 (83% in first 3)
ar_sigma0.75_weak_sparse_a1.0,1,1,ar,100,500,0.75,3.0,weak_sparse,1.0,10,3,1.0,0.9118424939558302,cocolasso_max,reweighted_frobenius,9.73121935829128,9.762611521932484,4.35554247009421,4.377378644237254,17.648488802020438,1.7197776569519192,-0.03139216364120401,-0.021836174143044396,15.928711145068519,10.262075873982498,low,weak α=1.0 (83% in first 3)
ar_sigma0.75_weak_sparse_a1.0,2,2,ar,100,500,0.75,3.0,weak_sparse,1.0,10,3,1.0,0.9118424939558302,cocolasso_max,reweighted_frobenius,15.225392899595551,15.22560085818326,8.592341349771399,8.591712416903553,17.637719471938908,2.0115877541247755,-0.00020795858770839004,0.0006289328678459327,15.626131717814133,8.768058681890777,low,weak α=1.0 (83% in first 3)
ar_sigma0.75_weak_sparse_a1.0,3,3,ar,100,500,0.75,3.0,weak_sparse,1.0,10,3,1.0,0.9118424939558302,cocolasso_max,reweighted_frobenius,9.075214734157374,9.037880818812043,4.065469370163136,4.035623158109528,17.627135136979632,1.7064200318418443,0.03733391534533048,0.0298462120536076,15.920715105137788,10.32989229384138,low,weak α=1.0 (83% in first 3)
ar_sigma0.75_weak_sparse_a1.0,4,4,ar,100,500,0.75,3.0,weak_sparse,1.0,10,3,1.0,0.9118424939558302,cocolasso_max,reweighted_frobenius,9.148955902223047,9.02963577729793,3.9756679249515385,3.889442566179377,17.654878555913456,2.27892133500427,0.11932012492511745,0.08622535877216153,15.375957220909186,7.74703289873776,low,weak α=1.0 (83% in first 3)
ar_sigma0.75_weak_sparse_a1.0,5,5,ar,100,500,0.75,3.0,weak_sparse,1.0,10,3,1.0,0.9118424939558302,cocolasso_max,reweighted_frobenius,8.738297058185363,8.678988703812454,3.6885313218198026,3.650235475692513,17.684490257990547,2.361623208038509,0.05930835437290938,0.03829584612728976,15.322867049952038,7.48827763793816,low,weak α=1.0 (83% in first 3)
ar_sigma0.75_weak_sparse_a1.0,6,6,ar,100,500,0.75,3.0,weak_sparse,1.0,10,3,1.0,0.9118424939558302,cocolasso_max,reweighted_frobenius,10.21019682106636,10.226339871299386,4.682300334476709,4.694504137517548,17.68045683996752,1.932913713855669,-0.0161430502330262,-0.012203803040838679,15.74754312611185,9.147049199987062,low,weak α=1.0 (83% in first 3)
ar_sigma0.75_weak_sparse_a1.0,7,7,ar,100,500,0.75,3.0,weak_sparse,1.0,10,3,1.0,0.9118424939558302,cocolasso_max,reweighted_frobenius,11.131761627169016,11.12848811017284,5.335196475915917,5.331921129781475,17.65409353293944,1.8410302610136569,0.0032735169961757293,0.0032753461344423584,15.813063271925785,9.589246796638331,low,weak α=1.0 (83% in first 3)
ar_sigma0.75_weak_sparse_a1.0,8,8,ar,100,500,0.75,3.0,weak_sparse,1.0,10,3,1.0,0.9118424939558302,cocolasso_max,reweighted_frobenius,10.272782037760242,10.248725698300888,4.7155305107978975,4.697670893304433,17.563045868068002,1.744271005038172,0.024056339459354703,0.017859617493464874,15.81877486302983,10.068989175041438,low,weak α=1.0 (83% in first 3)
ar_sigma0.75_weak_sparse_a1.0,9,9,ar,100,500,0.75,3.0,weak_sparse,1.0,10,3,1.0,0.9118424939558302,cocolasso_max,reweighted_frobenius,10.907010744326213,10.79568002860409,5.344560098208442,5.2551735635434085,17.648034394020215,2.0096202129498124,0.11133071572212216,0.08938653466503332,15.638414181070402,8.781775919797116,low,weak α=1.0 (83% in first 3)
ar_sigma0.75_weak_sparse_a1.0,10,10,ar,100,500,0.75,3.0,weak_sparse,1.0,10,3,1.0,0.9118424939558302,cocolasso_max,reweighted_frobenius,9.403406333663265,9.16999858819135,4.222266536865332,4.05031396008581,16.464601429994218,2.213459112914279,0.233407745471915,0.17195257677952203,14.251142317079939,7.438403236785628,low,weak α=1.0 (83% in first 3)
ar_sigma0.75_weak_sparse_a1.0,11,11,ar,100,500,0.75,3.0,weak_sparse,1.0,10,3,1.0,0.9118424939558302,cocolasso_max,reweighted_frobenius,9.79315214402374,9.78762039448512,4.407465016667272,4.400657981521657,16.215630340971984,1.9099341020919385,0.005531749538619124,0.0068070351456155365,14.305696238880046,8.490151740424505,low,weak α=1.0 (83% in first 3)
ar_sigma0.75_weak_sparse_a1.0,12,12,ar,100,500,0.75,3.0,weak_sparse,1.0,10,3,1.0,0.9118424939558302,cocolasso_max,reweighted_frobenius,8.765058421330519,8.715941165532403,3.718138497292233,3.684276191624496,16.77934411598835,2.4978799999225885,0.04911725579811588,0.03386230566773696,14.281464116065763,6.7174340306613445,low,weak α=1.0 (83% in first 3)
ar_sigma0.75_weak_sparse_a1.0,13,13,ar,100,500,0.75,3.0,weak_sparse,1.0,10,3,1.0,0.9118424939558302,cocolasso_max,reweighted_frobenius,11.276673609415283,11.267985810041356,5.462370462010995,5.456489897784243,17.707950667012483,2.3949748009908944,0.008687799373927163,0.005880564226751872,15.312975866021588,7.393794147515044,low,weak α=1.0 (83% in first 3)
ar_sigma0.75_weak_sparse_a1.0,14,14,ar,100,500,0.75,3.0,weak_sparse,1.0,10,3,1.0,0.9118424939558302,cocolasso_max,reweighted_frobenius,11.457437835853032,11.48569675461883,5.8946790430231575,5.90903668106901,17.704340472002514,2.195420278934762,-0.02825891876579867,-0.014357638045852106,15.508920193067752,8.06421469359517,low,weak α=1.0 (83% in first 3)
ar_sigma0.75_weak_sparse_a1.0,15,15,ar,100,500,0.75,3.0,weak_sparse,1.0,10,3,1.0,0.9118424939558302,cocolasso_max,reweighted_frobenius,9.441565722265908,9.298539425356012,4.136911723405537,4.040668810020801,17.617491238983348,2.27069228887558,0.14302629690989654,0.096242913384736,15.346798950107768,7.758643179128125,low,weak α=1.0 (83% in first 3)
ar_sigma0.75_weak_sparse_a1.0,16,16,ar,100,500,0.75,3.0,weak_sparse,1.0,10,3,1.0,0.9118424939558302,cocolasso_max,reweighted_frobenius,10.950062966022635,10.94842253874042,5.449456130715565,5.45705702190659,17.67626954091247,2.153713434934616,0.001640427282215029,-0.007600891191025028,15.522556105977856,8.207345162170611,low,weak α=1.0 (83% in first 3)
ar_sigma0.75_weak_sparse_a1.0,17,17,ar,100,500,0.75,3.0,weak_sparse,1.0,10,3,1.0,0.9118424939558302,cocolasso_max,reweighted_frobenius,9.98685505297396,9.96045718782069,4.593746582689215,4.57631981215434,17.63408619398251,2.01560989394784,0.02639786515326925,0.017426770534875402,15.618476300034672,8.74875949306034,low,weak α=1.0 (83% in first 3)
ar_sigma0.75_weak_sparse_a1.0,18,18,ar,100,500,0.75,3.0,weak_sparse,1.0,10,3,1.0,0.9118424939558302,cocolasso_max,reweighted_frobenius,11.943381246704025,11.972160929185012,6.038883995382869,6.062718396086457,17.627058334997855,1.7639790060929954,-0.02877968248098739,-0.023834400703588443,15.86307932890486,9.992782382393372,low,weak α=1.0 (83% in first 3)
ar_sigma0.75_weak_sparse_a1.0,19,19,ar,100,500,0.75,3.0,weak_sparse,1.0,10,3,1.0,0.9118424939558302,cocolasso_max,reweighted_frobenius,8.739200163491203,8.942372775491037,3.6470528820636794,3.782857481649468,17.72380876506213,2.1907012490555644,-0.20317261199983427,-0.1358045995857884,15.533107516006567,8.090472752824267,low,weak α=1.0 (83% in first 3)
ar_sigma0.75_weak_sparse_a1.0,20,20,ar,100,500,0.75,3.0,weak_sparse,1.0,10,3,1.0,0.9118424939558302,cocolasso_max,reweighted_frobenius,15.034927561599462,15.026115596964232,8.6810757400102,8.67464106987441,17.612596941995434,2.4067786429077387,0.00881196463523004,0.00643467013579091,15.205818299087696,7.317913092629431,low,weak α=1.0 (83% in first 3)
ar_sigma0.75_weak_sparse_a1.0,21,21,ar,100,500,0.75,3.0,weak_sparse,1.0,10,3,1.0,0.9118424939558302,cocolasso_max,reweighted_frobenius,7.559837557351635,7.625289962553194,3.0319947242844,3.065288939731892,17.67644058400765,2.306032909080386,-0.06545240520155904,-0.033294215447492004,15.370407674927264,7.665302829982929,low,weak α=1.0 (83% in first 3)
ar_sigma0.75_weak_sparse_a1.0,22,22,ar,100,500,0.75,3.0,weak_sparse,1.0,10,3,1.0,0.9118424939558302,cocolasso_max,reweighted_frobenius,11.217485491966949,11.243981231826863,5.432670492001191,5.452019611223809,17.62976581195835,2.0293148308992386,-0.02649573985991438,-0.019349119222618505,15.600450981059112,8.687545935958184,low,weak α=1.0 (83% in first 3)
ar_sigma0.75_weak_sparse_a1.0,23,23,ar,100,500,0.75,3.0,weak_sparse,1.0,10,3,1.0,0.9118424939558302,cocolasso_max,reweighted_frobenius,7.208320503362015,7.246125699747524,2.8236731894171685,2.839283854164196,17.618906495976262,2.1881892909295857,-0.037805196385509277,-0.015610664747027325,15.430717205046676,8.05182009116378,low,weak α=1.0 (83% in first 3)
ar_sigma0.75_weak_sparse_a1.0,24,24,ar,100,500,0.75,3.0,weak_sparse,1.0,10,3,1.0,0.9118424939558302,cocolasso_max,reweighted_frobenius,10.2507867230563,10.329670768249358,4.703211858936051,4.761101358424506,17.65474725596141,2.2965824780985717,-0.0788840451930568,-0.05788949948845534,15.35816477786284,7.687399614133802,low,weak α=1.0 (83% in first 3)
ar_sigma0.75_weak_sparse_a1.0,25,25,ar,100,500,0.75,3.0,weak_sparse,1.0,10,3,1.0,0.9118424939558302,cocolasso_max,reweighted_frobenius,8.329840195963852,8.231972099919997,3.3478907750226656,3.2848915952784,17.629995479946956,1.791784591972828,0.0978680960438556,0.06299917974426572,15.838210887974128,9.83934986321967,low,weak α=1.0 (83% in first 3)
ar_sigma0.75_weak_sparse_a1.0,26,26,ar,100,500,0.75,3.0,weak_sparse,1.0,10,3,1.0,0.9118424939558302,cocolasso_max,reweighted_frobenius,8.68736448778851,8.555319302240612,3.690444011726801,3.6104082100115935,17.604466662975028,1.94754480291158,0.13204518554789857,0.08003580171520763,15.656921860063449,9.039312798687016,low,weak α=1.0 (83% in first 3)
ar_sigma0.75_weak_sparse_a1.0,27,27,ar,100,500,0.75,3.0,weak_sparse,1.0,10,3,1.0,0.9118424939558302,cocolasso_max,reweighted_frobenius,10.594736378617707,10.600328374852984,5.093938968396167,5.093870281908056,17.61107856000308,2.029294380918145,-0.0055919962352763974,6.868648811142464e-05,15.581784179084934,8.678424739950753,low,weak α=1.0 (83% in first 3)
ar_sigma0.75_weak_sparse_a1.0,28,28,ar,100,500,0.75,3.0,weak_sparse,1.0,10,3,1.0,0.9118424939558302,cocolasso_max,reweighted_frobenius,10.079475618320505,10.01039321566402,4.592115405748228,4.542047309891681,17.566394870984368,2.1188205739017576,0.06908240265648402,0.05006809585654626,15.44757429708261,8.290647677937292,low,weak α=1.0 (83% in first 3)
ar_sigma0.75_weak_sparse_a1.0,29,29,ar,100,500,0.75,3.0,weak_sparse,1.0,10,3,1.0,0.9118424939558302,cocolasso_max,reweighted_frobenius,10.039805024010334,9.955849127210064,4.643712589604123,4.581276199731266,17.630681886919774,1.4578143160324544,0.08395589680027093,0.0624363898728566,16.17286757088732,12.093914631667861,low,weak α=1.0 (83% in first 3)
ar_sigma0.75_weak_sparse_a1.0,30,30,ar,100,500,0.75,3.0,weak_sparse,1.0,10,3,1.0,0.9118424939558302,cocolasso_max,reweighted_frobenius,11.453097340878202,11.45323357274517,5.781371685489249,5.783886769347014,17.676276862970553,1.955038441112265,-0.00013623186696776202,-0.002515083857764999,15.721238421858288,9.041396062224806,low,weak α=1.0 (83% in first 3)
ar_sigma0.75_weak_sparse_a1.0,31,31,ar,100,500,0.75,3.0,weak_sparse,1.0,10,3,1.0,0.9118424939558302,cocolasso_max,reweighted_frobenius,8.817406367928706,8.775121094576875,3.701704915945962,3.672316183932329,17.63017050398048,2.0643307061400265,0.04228527335183152,0.029388732013633234,15.565839797840454,8.54038088545712,low,weak α=1.0 (83% in first 3)
ar_sigma0.75_weak_sparse_a1.0,32,32,ar,100,500,0.75,3.0,weak_sparse,1.0,10,3,1.0,0.9118424939558302,cocolasso_max,reweighted_frobenius,9.645122163710422,9.641231064019596,4.571274014763239,4.562781798665208,17.684315926977433,2.024695379892364,0.0038910996908256834,0.008492216098031413,15.65962054708507,8.734309418890243,low,weak α=1.0 (83% in first 3)
ar_sigma0.75_weak_sparse_a1.0,33,33,ar,100,500,0.75,3.0,weak_sparse,1.0,10,3,1.0,0.9118424939558302,cocolasso_max,reweighted_frobenius,9.187827892094866,9.065759036038198,3.950027097441736,3.864858747391631,17.67402471904643,2.121816986007616,0.12206885605666784,0.08516835005010481,15.552207733038813,8.329665016162233,low,weak α=1.0 (83% in first 3)
ar_sigma0.75_weak_sparse_a1.0,34,34,ar,100,500,0.75,3.0,weak_sparse,1.0,10,3,1.0,0.9118424939558302,cocolasso_max,reweighted_frobenius,10.05336147763688,10.03117588764275,4.595641738861012,4.577229015166223,17.60691028495785,2.21314706094563,0.02218558999413034,0.01841272369478908,15.393763224012218,7.9555988825409525,low,weak α=1.0 (83% in first 3)
ar_sigma0.75_weak_sparse_a1.0,35,35,ar,100,500,0.75,3.0,weak_sparse,1.0,10,3,1.0,0.9118424939558302,cocolasso_max,reweighted_frobenius,10.191984967311493,10.04461054519113,4.658493520955723,4.550096381035461,17.695470954990014,2.354446195065975,0.14737442212036278,0.10839713992026212,15.34102475992404,7.515767823479254,low,weak α=1.0 (83% in first 3)
ar_sigma0.75_weak_sparse_a1.0,36,36,ar,100,500,0.75,3.0,weak_sparse,1.0,10,3,1.0,0.9118424939558302,cocolasso_max,reweighted_frobenius,11.69896517979578,11.654516601096008,6.07081440990714,6.0256221986939655,17.693921948084608,2.405961259966716,0.0444485786997717,0.04519221121317418,15.287960688117892,7.354200685812116,low,weak α=1.0 (83% in first 3)
ar_sigma0.75_weak_sparse_a1.0,37,37,ar,100,500,0.75,3.0,weak_sparse,1.0,10,3,1.0,0.9118424939558302,cocolasso_max,reweighted_frobenius,10.653022443707547,10.717594545995851,5.008597454905642,5.055540920331943,17.682308321003802,2.0690738658886403,-0.06457210228830412,-0.04694346542630079,15.613234455115162,8.546001480430222,low,weak α=1.0 (83% in first 3)
ar_sigma0.75_weak_sparse_a1.0,38,38,ar,100,500,0.75,3.0,weak_sparse,1.0,10,3,1.0,0.9118424939558302,cocolasso_max,reweighted_frobenius,9.526376646959005,9.633690394840311,4.284830937877639,4.35068095353844,17.70870452595409,2.361244210973382,-0.10731374788130665,-0.06585001566080084,15.347460314980708,7.499734438164693,low,weak α=1.0 (83% in first 3)
ar_sigma0.75_weak_sparse_a1.0,39,39,ar,100,500,0.75,3.0,weak_sparse,1.0,10,3,1.0,0.9118424939558302,cocolasso_max,reweighted_frobenius,10.015333496375083,10.125677192825988,4.575165701128398,4.655623289850657,17.648434615926817,2.055451056919992,-0.11034369645090436,-0.0804575887222585,15.592983559006825,8.586161444472564,low,weak α=1.0 (83% in first 3)
ar_sigma0.75_weak_sparse_a1.0,40,40,ar,100,500,0.75,3.0,weak_sparse,1.0,10,3,1.0,0.9118424939558302,cocolasso_max,reweighted_frobenius,10.172019745234715,10.16790001669504,4.682140752789895,4.67937722260606,17.744015206000768,2.266800215933472,0.004119728539675904,0.0027635301838344617,15.477214990067296,7.82778079924161,low,weak α=1.0 (83% in first 3)
ar_sigma0.75_weak_sparse_a1.0,41,41,ar,100,500,0.75,3.0,weak_sparse,1.0,10,3,1.0,0.9118424939558302,cocolasso_max,reweighted_frobenius,9.311240430566947,9.357430536133162,4.029034082593296,4.060924597221833,17.652830228907987,1.8461308740079403,-0.04619010556621461,-0.03189051462853687,15.806699354900047,9.562068690495266,low,weak α=1.0 (83% in first 3)
ar_sigma0.75_weak_sparse_a1.0,42,42,ar,100,500,0.75,3.0,weak_sparse,1.0,10,3,1.0,0.9118424939558302,cocolasso_max,reweighted_frobenius,13.669659583413932,13.777148584156627,7.441131328406661,7.528240110782675,17.63530655496288,1.9174587440211328,-0.10748900074269585,-0.0871087823760135,15.717847810941748,9.197228680904812,low,weak α=1.0 (83% in first 3)
ar_sigma0.75_weak_sparse_a1.0,43,43,ar,100,500,0.75,3.0,weak_sparse,1.0,10,3,1.0,0.9118424939558302,cocolasso_max,reweighted_frobenius,10.208473630041246,10.17423839086606,4.712278675928074,4.690118420557064,17.613535156007856,2.004216502886265,0.03423523917518523,0.022160255371010074,15.60931865312159,8.788239758849738,low,weak α=1.0 (83% in first 3)
ar_sigma0.75_weak_sparse_a1.0,44,44,ar,100,500,0.75,3.0,weak_sparse,1.0,10,3,1.0,0.9118424939558302,cocolasso_max,reweighted_frobenius,10.81061821348109,10.776403823347517,5.130719054124199,5.099946480758887,17.655517179053277,2.235982219921425,0.03421439013357386,0.03077257336531236,15.419534959131852,7.896090148549442,low,weak α=1.0 (83% in first 3)
ar_sigma0.75_weak_sparse_a1.0,45,45,ar,100,500,0.75,3.0,weak_sparse,1.0,10,3,1.0,0.9118424939558302,cocolasso_max,reweighted_frobenius,11.333590200575468,11.356661572262018,5.539877595418326,5.554923374850341,17.63017115194816,2.000191438011825,-0.023071371686549824,-0.015045779432014683,15.629979713936336,8.814241885502927,low,weak α=1.0 (83% in first 3)
ar_sigma0.75_weak_sparse_a1.0,46,46,ar,100,500,0.75,3.0,weak_sparse,1.0,10,3,1.0,0.9118424939558302,cocolasso_max,reweighted_frobenius,7.191101256535943,7.249737822820088,2.962322208622149,2.983154441863265,17.66075831791386,2.2258564529474825,-0.05863656628414482,-0.02083223324111616,15.434901864966378,7.934365351605427,low,weak α=1.0 (83% in first 3)
ar_sigma0.75_weak_sparse_a1.0,47,47,ar,100,500,0.75,3.0,weak_sparse,1.0,10,3,1.0,0.9118424939558302,cocolasso_max,reweighted_frobenius,9.34170285345801,9.196600058703,4.060805118189147,3.9588751525467343,17.663806910975836,1.7777456569019705,0.14510279475500987,0.10192996564241241,15.886061254073866,9.936070912280037,low,weak α=1.0 (83% in first 3)
ar_sigma0.75_weak_sparse_a1.0,48,48,ar,100,500,0.75,3.0,weak_sparse,1.0,10,3,1.0,0.9118424939558302,cocolasso_max,reweighted_frobenius,11.453868879944515,11.493078970802843,5.625032100021833,5.654510581284,17.683208297006786,2.612404675921425,-0.03921009085832772,-0.029478481262167122,15.07080362108536,6.768939154026632,low,weak α=1.0 (83% in first 3)
ar_sigma0.75_weak_sparse_a1.0,49,49,ar,100,500,0.75,3.0,weak_sparse,1.0,10,3,1.0,0.9118424939558302,cocolasso_max,reweighted_frobenius,9.693438865596946,9.677231056219885,4.43847224312158,4.427131633388802,17.686606711009517,1.6010727030225098,0.01620780937706101,0.011340609732777729,16.085534007987007,11.04672303613739,low,weak α=1.0 (83% in first 3)
ar_sigma0.75_weak_sparse_a1.0,50,50,ar,100,500,0.75,3.0,weak_sparse,1.0,10,3,1.0,0.9118424939558302,cocolasso_max,reweighted_frobenius,11.208694040278122,11.295698967616854,5.401089853067468,5.466136196113635,17.66192326392047,1.755095697008073,-0.08700492733873233,-0.06504634304616719,15.906827566912398,10.063225209901036,low,weak α=1.0 (83% in first 3)
ar_sigma0.75_weak_sparse_a1.0,51,51,ar,100,500,0.75,3.0,weak_sparse,1.0,10,3,1.0,0.9118424939558302,cocolasso_max,reweighted_frobenius,10.190576958242534,10.205687246233762,4.676338232579946,4.687074280998222,17.691472116974182,1.9732918499503285,-0.015110287991227267,-0.010736048418276134,15.718180267023854,8.965461504044377,low,weak α=1.0 (83% in first 3)
ar_sigma0.75_weak_sparse_a1.0,52,52,ar,100,500,0.75,3.0,weak_sparse,1.0,10,3,1.0,0.9118424939558302,cocolasso_max,reweighted_frobenius,12.606151636297067,12.65439647328222,6.615357495411313,6.65587848943574,17.717062972020358,2.2096715038642287,-0.04824483698515358,-0.040520994024427104,15.50739146815613,8.017962371799209,low,weak α=1.0 (83% in first 3)
ar_sigma0.75_weak_sparse_a1.0,53,53,ar,100,500,0.75,3.0,weak_sparse,1.0,10,3,1.0,0.9118424939558302,cocolasso_max,reweighted_frobenius,8.987481788691408,9.038848466863264,3.8133314112482775,3.847469161421576,17.55403300304897,2.0495989250484854,-0.05136667817185625,-0.03413775017329845,15.504434078000486,8.564618564402162,low,weak α=1.0 (83% in first 3)
ar_sigma0.75_weak_sparse_a1.0,54,54,ar,100,500,0.75,3.0,weak_sparse,1.0,10,3,1.0,0.9118424939558302,cocolasso_max,reweighted_frobenius,10.162023965346972,10.135250539272755,4.627047673168685,4.607337397414849,17.614650779985823,1.989060803083703,0.02677342607421629,0.019710275753836548,15.62558997690212,8.855762856860524,low,weak α=1.0 (83% in first 3)
ar_sigma0.75_weak_sparse_a1.0,55,55,ar,100,500,0.75,3.0,weak_sparse,1.0,10,3,1.0,0.9118424939558302,cocolasso_max,reweighted_frobenius,10.143329151141293,10.175869736772402,4.923859793762306,4.938209426335803,17.647647559992038,1.8214139470364896,-0.032540585631108954,-0.014349632573496862,15.826233612955548,9.688982336335702,low,weak α=1.0 (83% in first 3)
ar_sigma0.75_weak_sparse_a1.0,56,56,ar,100,500,0.75,3.0,weak_sparse,1.0,10,3,1.0,0.9118424939558302,cocolasso_max,reweighted_frobenius,9.465899335287297,9.521222023234523,4.1579569539316354,4.195390245751219,17.653204733040184,1.8119739189278332,-0.05532268794722661,-0.03743329181958366,15.84123081411235,9.742526947344693,low,weak α=1.0 (83% in first 3)
ar_sigma0.75_weak_sparse_a1.0,57,57,ar,100,500,0.75,3.0,weak_sparse,1.0,10,3,1.0,0.9118424939558302,cocolasso_max,reweighted_frobenius,10.547250578433705,10.491633401929237,4.920588971130397,4.874290209473694,17.604336527059786,2.1882971490267664,0.055617176504467736,0.04629876165670321,15.41603937803302,8.044765097322008,low,weak α=1.0 (83% in first 3)
ar_sigma0.75_weak_sparse_a1.0,58,58,ar,100,500,0.75,3.0,weak_sparse,1.0,10,3,1.0,0.9118424939558302,cocolasso_max,reweighted_frobenius,10.899343100189206,10.757178359190217,5.296240429184465,5.191984987165748,17.595019611995667,2.120888391975313,0.14216474099898946,0.10425544201871695,15.474131220020354,8.296061065056021,low,weak α=1.0 (83% in first 3)
ar_sigma0.75_weak_sparse_a1.0,59,59,ar,100,500,0.75,3.0,weak_sparse,1.0,10,3,1.0,0.9118424939558302,cocolasso_max,reweighted_frobenius,10.309757461107614,10.174525992024227,4.755764249622563,4.657234946345666,17.589307541958988,2.040527584962547,0.13523146908338646,0.09852930327689702,15.54877995699644,8.619980279404963,low,weak α=1.0 (83% in first 3)
ar_sigma0.75_weak_sparse_a1.0,60,60,ar,100,500,0.75,3.0,weak_sparse,1.0,10,3,1.0,0.9118424939558302,cocolasso_max,reweighted_frobenius,10.124730306866573,10.165376435152693,4.659993915400466,4.681990203919038,17.67485609895084,2.1092363090720028,-0.04064612828612013,-0.02199628851857227,15.565619789878838,8.379742005639576,low,weak α=1.0 (83% in first 3)
ar_sigma0.75_weak_sparse_a1.0,61,61,ar,100,500,0.75,3.0,weak_sparse,1.0,10,3,1.0,0.9118424939558302,cocolasso_max,reweighted_frobenius,10.83575803578212,10.794583933043544,5.204612955300812,5.170589659171613,17.64464684901759,2.3675564059522003,0.04117410273857658,0.034023296129198854,15.27709044306539,7.452682776493827,low,weak α=1.0 (83% in first 3)
ar_sigma0.75_weak_sparse_a1.0,62,62,ar,100,500,0.75,3.0,weak_sparse,1.0,10,3,1.0,0.9118424939558302,cocolasso_max,reweighted_frobenius,7.910009320475834,8.011610184248461,3.1790934578277987,3.235139550501966,17.609953113016672,2.060656307032332,-0.10160086377262711,-0.05604609267416727,15.54929680598434,8.545798274520493,low,weak α=1.0 (83% in first 3)
ar_sigma0.75_weak_sparse_a1.0,63,63,ar,100,500,0.75,3.0,weak_sparse,1.0,10,3,1.0,0.9118424939558302,cocolasso_max,reweighted_frobenius,8.67824742727646,8.790695176821448,3.654640203572072,3.727770679358085,17.64188362902496,2.323334894143045,-0.11244774954498737,-0.07313047578601273,15.318548734881915,7.593345097815575,low,weak α=1.0 (83% in first 3)
ar_sigma0.75_weak_sparse_a1.0,64,64,ar,100,500,0.75,3.0,weak_sparse,1.0,10,3,1.0,0.9118424939558302,cocolasso_max,reweighted_frobenius,12.42371965670424,12.379976564612294,6.417685582489622,6.381507280938815,17.611697180080228,2.242230379022658,0.04374309209194571,0.036178301550807035,15.36946680105757,7.854544004419744,low,weak α=1.0 (83% in first 3)
ar_sigma0.75_weak_sparse_a1.0,65,65,ar,100,500,0.75,3.0,weak_sparse,1.0,10,3,1.0,0.9118424939558302,cocolasso_max,reweighted_frobenius,7.96723173456417,7.97632872187879,3.1360453397409405,3.140179849326129,16.381455030990764,2.0148091670125723,-0.009096987314619831,-0.004134509585188351,14.366645863978192,8.13052436885629,low,weak α=1.0 (83% in first 3)
ar_sigma0.75_weak_sparse_a1.0,66,66,ar,100,500,0.75,3.0,weak_sparse,1.0,10,3,1.0,0.9118424939558302,cocolasso_max,reweighted_frobenius,10.447958076225763,10.411593879580264,4.965251568106115,4.936109559562748,16.16517077793833,2.2265197541564703,0.036364196645498836,0.029142008543367126,13.938651023781858,7.260286259648568,low,weak α=1.0 (83% in first 3)
ar_sigma0.75_weak_sparse_a1.0,67,67,ar,100,500,0.75,3.0,weak_sparse,1.0,10,3,1.0,0.9118424939558302,cocolasso_max,reweighted_frobenius,13.720837555601593,13.745448187070174,7.373809944016774,7.391742609723043,16.767230047960766,1.9036622249986976,-0.024610631468581445,-0.017932665706269724,14.863567822962068,8.80788084554876,low,weak α=1.0 (83% in first 3)
ar_sigma0.75_weak_sparse_a1.0,68,68,ar,100,500,0.75,3.0,weak_sparse,1.0,10,3,1.0,0.9118424939558302,cocolasso_max,reweighted_frobenius,9.643826393967466,9.56109110942976,4.319489929794805,4.259606750338524,17.585450129932724,12.423727978020906,0.08273528453770496,0.05988317945628019,5.1617221519118175,1.4154728887370631,low,weak α=1.0 (83% in first 3)
ar_sigma0.75_weak_sparse_a1.0,69,69,ar,100,500,0.75,3.0,weak_sparse,1.0,10,3,1.0,0.9118424939558302,cocolasso_max,reweighted_frobenius,10.700351283818298,10.609068375883886,5.098148877666761,5.026166702266443,17.64498075307347,1.9894139310345051,0.09128290793441174,0.0719821754003176,15.655566822038963,8.869436610357901,low,weak α=1.0 (83% in first 3)
ar_sigma0.75_weak_sparse_a1.0,70,70,ar,100,500,0.75,3.0,weak_sparse,1.0,10,3,1.0,0.9118424939558302,cocolasso_max,reweighted_frobenius,11.178831670441534,11.131516871416784,5.412019177184186,5.375840181929458,17.623300998006016,2.476514467969537,0.04731479902475044,0.03617899525472801,15.14678653003648,7.116171226108419,low,weak α=1.0 (83% in first 3)
ar_sigma0.75_weak_sparse_a1.0,71,71,ar,100,500,0.75,3.0,weak_sparse,1.0,10,3,1.0,0.9118424939558302,cocolasso_max,reweighted_frobenius,9.773341068959756,9.779766168702208,4.5782300032435215,4.571351039312976,17.621491054072976,2.120182676007971,-0.006425099742452645,0.006878963930545545,15.501308378065005,8.311307913925585,low,weak α=1.0 (83% in first 3)
ar_sigma0.75_weak_sparse_a1.0,72,72,ar,100,500,0.75,3.0,weak_sparse,1.0,10,3,1.0,0.9118424939558302,cocolasso_max,reweighted_frobenius,13.986300751961869,13.890376845546374,7.62993680089756,7.550265030918142,17.642160719027743,2.114955831086263,0.09592390641549464,0.07967176997941738,15.52720488794148,8.341621351953505,low,weak α=1.0 (83% in first 3)
ar_sigma0.75_weak_sparse_a1.0,73,73,ar,100,500,0.75,3.0,weak_sparse,1.0,10,3,1.0,0.9118424939558302,cocolasso_max,reweighted_frobenius,10.990081364012038,11.04263184692624,5.231736808607906,5.271811109930846,17.592243161052465,2.1310601450968534,-0.05255048291420117,-0.04007430132294054,15.461183015955612,8.255160325497489,low,weak α=1.0 (83% in first 3)
ar_sigma0.75_weak_sparse_a1.0,74,74,ar,100,500,0.75,3.0,weak_sparse,1.0,10,3,1.0,0.9118424939558302,cocolasso_max,reweighted_frobenius,7.170265426231621,7.249190467220322,2.6999948566902936,2.7404703836484288,17.547046530991793,2.307271242141724,-0.07892504098870035,-0.040475526958135166,15.239775288850069,7.605107804621944,low,weak α=1.0 (83% in first 3)
ar_sigma0.75_weak_sparse_a1.0,75,75,ar,100,500,0.75,3.0,weak_sparse,1.0,10,3,1.0,0.9118424939558302,cocolasso_max,reweighted_frobenius,8.56273219254963,8.674430622222447,3.66172528941219,3.738570867811975,17.69362085906323,2.5357986569870263,-0.11169842967281696,-0.07684557839978501,15.157822202076204,6.9775338078640505,low,weak α=1.0 (83% in first 3)
ar_sigma0.75_weak_sparse_a1.0,76,76,ar,100,500,0.75,3.0,weak_sparse,1.0,10,3,1.0,0.9118424939558302,cocolasso_max,reweighted_frobenius,7.943949391232673,8.158277469443862,3.1010707142008624,3.234593493714705,17.648280825000256,0.9803664500359446,-0.2143280782111887,-0.1335227795138425,16.66791437496431,18.001718463900097,low,weak α=1.0 (83% in first 3)
ar_sigma0.75_weak_sparse_a1.0,77,77,ar,100,500,0.75,3.0,weak_sparse,1.0,10,3,1.0,0.9118424939558302,cocolasso_max,reweighted_frobenius,9.942624868853043,9.924179188989848,4.5351088492178,4.52039895086312,17.63647907495033,1.911407447885722,0.018445679863194897,0.014709898354680284,15.725071627064608,9.226959481851287,low,weak α=1.0 (83% in first 3)
ar_sigma0.75_weak_sparse_a1.0,78,78,ar,100,500,0.75,3.0,weak_sparse,1.0,10,3,1.0,0.9118424939558302,cocolasso_max,reweighted_frobenius,10.05654180011262,10.09770540216546,4.560372840666272,4.583189250308132,17.594085739925504,2.0093866428360343,-0.041163602052838755,-0.022816409641860602,15.58469909708947,8.755948389849618,low,weak α=1.0 (83% in first 3)
ar_sigma0.75_weak_sparse_a1.0,79,79,ar,100,500,0.75,3.0,weak_sparse,1.0,10,3,1.0,0.9118424939558302,cocolasso_max,reweighted_frobenius,10.437510819735618,10.509903017596724,4.895103976290605,4.946992347962805,17.669128766981885,2.1509471728932112,-0.07239219786110596,-0.051888371672200506,15.518181594088674,8.214580529755814,low,weak α=1.0 (83% in first 3)
ar_sigma0.75_weak_sparse_a1.0,80,80,ar,100,500,0.75,3.0,weak_sparse,1.0,10,3,1.0,0.9118424939558302,cocolasso_max,reweighted_frobenius,8.093998399747965,8.055564898697273,3.3261865726364883,3.3020440599739787,17.745698906015605,2.0413566560018808,0.03843350105069199,0.024142512662509663,15.704342250013724,8.693090868683191,low,weak α=1.0 (83% in first 3)
ar_sigma0.75_weak_sparse_a1.0,81,81,ar,100,500,0.75,3.0,weak_sparse,1.0,10,3,1.0,0.9118424939558302,cocolasso_max,reweighted_frobenius,11.8276692819256,11.797024130675773,6.033668838513754,6.00689870473215,17.697178340982646,2.1768490818794817,0.030645151249826696,0.02677013378160442,15.520329259103164,8.129722215608526,low,weak α=1.0 (83% in first 3)
ar_sigma0.75_weak_sparse_a1.0,82,82,ar,100,500,0.75,3.0,weak_sparse,1.0,10,3,1.0,0.9118424939558302,cocolasso_max,reweighted_frobenius,11.050083638916956,11.065972676332947,5.2713565043536645,5.283228702762938,17.625461492920294,2.2600684801582247,-0.01588903741599168,-0.011872198409273338,15.36539301276207,7.798640460525496,low,weak α=1.0 (83% in first 3)
ar_sigma0.75_weak_sparse_a1.0,83,83,ar,100,500,0.75,3.0,weak_sparse,1.0,10,3,1.0,0.9118424939558302,cocolasso_max,reweighted_frobenius,11.77078955197272,11.765438580102558,5.95498155144209,5.952380999089923,17.708725066040643,2.2025144931394607,0.005350971870162979,0.0026005523521677176,15.506210572901182,8.040230891193207,low,weak α=1.0 (83% in first 3)
ar_sigma0.75_weak_sparse_a1.0,84,84,ar,100,500,0.75,3.0,weak_sparse,1.0,10,3,1.0,0.9118424939558302,cocolasso_max,reweighted_frobenius,10.538024939589008,10.493413283575215,5.121347072558643,5.086199293038263,17.657217751955613,1.7073620120063424,0.044611656013792356,0.03514777952038006,15.949855739949271,10.34181247315348,low,weak α=1.0 (83% in first 3)
ar_sigma0.75_weak_sparse_a1.0,85,85,ar,100,500,0.75,3.0,weak_sparse,1.0,10,3,1.0,0.9118424939558302,cocolasso_max,reweighted_frobenius,12.334742604900969,12.324936799588366,6.469751286926344,6.456652413424029,17.725381504977122,2.073554561007768,0.009805805312602445,0.013098873502314312,15.651826943969354,8.54830725860544,low,weak α=1.0 (83% in first 3)
ar_sigma0.75_weak_sparse_a1.0,86,86,ar,100,500,0.75,3.0,weak_sparse,1.0,10,3,1.0,0.9118424939558302,cocolasso_max,reweighted_frobenius,8.861454215642052,8.751690239358965,3.71403988507732,3.6394863331401415,17.492527847061865,1.796269548824057,0.10976397628308732,0.0745535519371785,15.696258298237808,9.738253291948023,low,weak α=1.0 (83% in first 3)
ar_sigma0.75_weak_sparse_a1.0,87,87,ar,100,500,0.75,3.0,weak_sparse,1.0,10,3,1.0,0.9118424939558302,cocolasso_max,reweighted_frobenius,8.530680662099485,8.656356510495433,3.502562088005067,3.583069008832412,17.603960009058937,2.058404176030308,-0.12567584839594836,-0.08050692082734523,15.54555583302863,8.552236831839645,low,weak α=1.0 (83% in first 3)
ar_sigma0.75_weak_sparse_a1.0,88,88,ar,100,500,0.75,3.0,weak_sparse,1.0,10,3,1.0,0.9118424939558302,cocolasso_max,reweighted_frobenius,12.779975058537506,12.876962427608738,6.6204211443182,6.698274654887431,17.698684032890014,2.2114954499993478,-0.09698736907123262,-0.07785351056923062,15.487188582890667,8.003038863541516,low,weak α=1.0 (83% in first 3)
ar_sigma0.75_weak_sparse_a1.0,89,89,ar,100,500,0.75,3.0,weak_sparse,1.0,10,3,1.0,0.9118424939558302,cocolasso_max,reweighted_frobenius,8.512699604172184,8.488057192446675,3.488535120772141,3.470832592721834,17.6078860219568,2.056042981799692,0.02464241172550885,0.01770252805030692,15.55184304015711,8.563967863426813,low,weak α=1.0 (83% in first 3)
ar_sigma0.75_weak_sparse_a1.0,90,90,ar,100,500,0.75,3.0,weak_sparse,1.0,10,3,1.0,0.9118424939558302,cocolasso_max,reweighted_frobenius,11.483830727988098,11.387802663562717,5.650738769364041,5.575285609458583,17.677616398083046,2.177484998013824,0.09602806442538103,0.0754531599054582,15.500131400069222,8.118364266209664,low,weak α=1.0 (83% in first 3)
ar_sigma0.75_weak_sparse_a1.0,91,91,ar,100,500,0.75,3.0,weak_sparse,1.0,10,3,1.0,0.9118424939558302,cocolasso_max,reweighted_frobenius,12.27573376748069,12.27194326779858,6.272705651850893,6.267876262026845,17.694628278026357,2.12101807910949,0.0037904996821094272,0.004829389824047681,15.573610198916867,8.342516479376476,low,weak α=1.0 (83% in first 3)
ar_sigma0.75_weak_sparse_a1.0,92,92,ar,100,500,0.75,3.0,weak_sparse,1.0,10,3,1.0,0.9118424939558302,cocolasso_max,reweighted_frobenius,10.306928212810012,10.254530419729118,4.936196296624116,4.898779165800868,17.642572245094925,1.891976113896817,0.05239779308089432,0.037417130823247824,15.750596131198108,9.324944493489046,low,weak α=1.0 (83% in first 3)
ar_sigma0.75_weak_sparse_a1.0,93,93,ar,100,500,0.75,3.0,weak_sparse,1.0,10,3,1.0,0.9118424939558302,cocolasso_max,reweighted_frobenius,11.670258968128806,11.595627033706766,5.780705258627222,5.721219969732734,17.6110839539906,2.210441829869524,0.0746319344220403,0.05948528889448834,15.400642124121077,7.967223437420261,low,weak α=1.0 (83% in first 3)
ar_sigma0.75_weak_sparse_a1.0,94,94,ar,100,500,0.75,3.0,weak_sparse,1.0,10,3,1.0,0.9118424939558302,cocolasso_max,reweighted_frobenius,10.90795354002095,10.88643386749047,5.204689408802223,5.189113645823523,17.606246583047323,2.113666511839256,0.021519672530478928,0.015575762978699892,15.492580071208067,8.329718280736177,low,weak α=1.0 (83% in first 3)
ar_sigma0.75_weak_sparse_a1.0,95,95,ar,100,500,0.75,3.0,weak_sparse,1.0,10,3,1.0,0.9118424939558302,cocolasso_max,reweighted_frobenius,9.816655434000772,9.734197389847584,4.391143999161903,4.330767810202931,17.62837932992261,2.215728207025677,0.08245804415318858,0.06037618895897179,15.412651122896932,7.956020631964777,low,weak α=1.0 (83% in first 3)
ar_sigma0.75_weak_sparse_a1.0,96,96,ar,100,500,0.75,3.0,weak_sparse,1.0,10,3,1.0,0.9118424939558302,cocolasso_max,reweighted_frobenius,8.556724211423308,8.28137477427483,3.603467123299286,3.461230694572072,17.58150797302369,1.9786222830880436,0.2753494371484777,0.1422364287272142,15.602885689935647,8.885732321574869,low,weak α=1.0 (83% in first 3)
ar_sigma0.75_weak_sparse_a1.0,97,97,ar,100,500,0.75,3.0,weak_sparse,1.0,10,3,1.0,0.9118424939558302,cocolasso_max,reweighted_frobenius,12.004612732892811,12.078954868742752,6.050904007713447,6.106072305400486,17.638393358909525,1.9227678100578487,-0.07434213584994076,-0.05516829768703957,15.715625548851676,9.173439073945623,low,weak α=1.0 (83% in first 3)
ar_sigma0.75_weak_sparse_a1.0,98,98,ar,100,500,0.75,3.0,weak_sparse,1.0,10,3,1.0,0.9118424939558302,cocolasso_max,reweighted_frobenius,9.48482731115913,9.531488488774862,4.241123310948962,4.258755623227686,17.656899692956358,2.143778905039653,-0.046661177615732186,-0.017632312278724527,15.513120787916705,8.236343613349327,low,weak α=1.0 (83% in first 3)
ar_sigma0.75_weak_sparse_a1.0,99,99,ar,100,500,0.75,3.0,weak_sparse,1.0,10,3,1.0,0.9118424939558302,cocolasso_max,reweighted_frobenius,10.250740454601663,10.14665647012095,4.726291198617357,4.647481642439842,17.719233758049086,2.0443597100675106,0.1040839844807131,0.07880955617751528,15.674874047981575,8.667375741553792,low,weak α=1.0 (83% in first 3)
ar_sigma0.75_weak_sparse_a1.5,0,0,ar,100,500,0.75,3.0,weak_sparse,1.5,10,3,1.0,0.829919708757592,cocolasso_max,reweighted_frobenius,6.81946528238557,6.85422899999612,4.196616000208956,4.224986955265593,22.21367582801031,2.217004291014746,-0.03476371761054953,-0.028370955056637115,19.996671536995564,10.019681025444871,low,weak α=1.5 (97% in first 3)
ar_sigma0.75_weak_sparse_a1.5,1,1,ar,100,500,0.75,3.0,weak_sparse,1.5,10,3,1.0,0.829919708757592,cocolasso_max,reweighted_frobenius,5.652005071597253,5.6785117614401575,3.1982992141731934,3.2190645162889844,22.02609906700673,2.2902574529871345,-0.026506689842904052,-0.020765302115790973,19.735841614019595,9.617302647909105,low,weak α=1.5 (97% in first 3)
ar_sigma0.75_weak_sparse_a1.5,2,2,ar,100,500,0.75,3.0,weak_sparse,1.5,10,3,1.0,0.829919708757592,cocolasso_max,reweighted_frobenius,11.11363940820017,11.114856752222478,7.749017418592456,7.750055858772314,22.35086395201506,1.6069013549713418,-0.0012173440223079979,-0.0010384401798582132,20.74396259704372,13.909294358902121,low,weak α=1.5 (97% in first 3)
ar_sigma0.75_weak_sparse_a1.5,3,3,ar,100,500,0.75,3.0,weak_sparse,1.5,10,3,1.0,0.829919708757592,cocolasso_max,reweighted_frobenius,4.537584758404826,4.500513321642541,2.3875130856047897,2.3579776596704867,22.34438655700069,1.7639209729386494,0.03707143676228508,0.029535425934303028,20.58046558406204,12.667453304200746,low,weak α=1.5 (97% in first 3)
ar_sigma0.75_weak_sparse_a1.5,4,4,ar,100,500,0.75,3.0,weak_sparse,1.5,10,3,1.0,0.829919708757592,cocolasso_max,reweighted_frobenius,5.00984355991067,4.904270568935007,2.701405846597239,2.6204927047355118,19.09339062101208,2.126202131039463,0.10557299097566286,0.08091314186172704,16.967188489972617,8.980044908372685,low,weak α=1.5 (97% in first 3)
ar_sigma0.75_weak_sparse_a1.5,5,5,ar,100,500,0.75,3.0,weak_sparse,1.5,10,3,1.0,0.829919708757592,cocolasso_max,reweighted_frobenius,4.300561447252807,4.279786475489907,2.1695129909395217,2.1543126787893323,14.522350874962283,1.9370980189414693,0.020774971762900662,0.015200312150189355,12.585252856020814,7.4969623286786735,low,weak α=1.5 (97% in first 3)
ar_sigma0.75_weak_sparse_a1.5,6,6,ar,100,500,0.75,3.0,weak_sparse,1.5,10,3,1.0,0.829919708757592,cocolasso_max,reweighted_frobenius,5.528816800551824,5.550125991414125,3.0948015151805133,3.1118502271802364,14.70908329600934,2.4737391410162672,-0.02130919086230154,-0.017048711999723132,12.235344154993072,5.946093123613074,low,weak α=1.5 (97% in first 3)
ar_sigma0.75_weak_sparse_a1.5,7,7,ar,100,500,0.75,3.0,weak_sparse,1.5,10,3,1.0,0.829919708757592,cocolasso_max,reweighted_frobenius,6.258912985845487,6.251284987859288,3.666286064387987,3.6594068872845886,14.76887013099622,1.6667604290414602,0.007627997986198842,0.0068791771033982485,13.10210970195476,8.860823591480194,low,weak α=1.5 (97% in first 3)
ar_sigma0.75_weak_sparse_a1.5,8,8,ar,100,500,0.75,3.0,weak_sparse,1.5,10,3,1.0,0.829919708757592,cocolasso_max,reweighted_frobenius,5.792654956822209,5.763353696028751,3.295909274087968,3.2725608002479096,14.770219513971824,1.771805934025906,0.029301260793458184,0.023348473840058226,12.998413579945918,8.336251296106036,low,weak α=1.5 (97% in first 3)
ar_sigma0.75_weak_sparse_a1.5,9,9,ar,100,500,0.75,3.0,weak_sparse,1.5,10,3,1.0,0.829919708757592,cocolasso_max,reweighted_frobenius,6.1415894590240585,6.023449951549769,3.6194998835262018,3.5218468976278974,14.848370367020834,2.184752744040452,0.11813950747428947,0.0976529858983044,12.663617622980382,6.796361925862814,low,weak α=1.5 (97% in first 3)
ar_sigma0.75_weak_sparse_a1.5,10,10,ar,100,500,0.75,3.0,weak_sparse,1.5,10,3,1.0,0.829919708757592,cocolasso_max,reweighted_frobenius,4.7539213236544695,4.526335088868988,2.5542335685028648,2.3751748651818416,14.651223918015605,1.6217990290606394,0.22758623478548134,0.17905870332102314,13.029424888954965,9.0339330925002,low,weak α=1.5 (97% in first 3)
ar_sigma0.75_weak_sparse_a1.5,11,11,ar,100,500,0.75,3.0,weak_sparse,1.5,10,3,1.0,0.829919708757592,cocolasso_max,reweighted_frobenius,5.130250068527783,5.122279726621358,2.7964982894193904,2.7893310729056804,14.422062916972209,1.8314019769895824,0.007970341906424316,0.007167216513709995,12.590660939982627,7.874875695328709,low,weak α=1.5 (97% in first 3)
ar_sigma0.75_weak_sparse_a1.5,12,12,ar,100,500,0.75,3.0,weak_sparse,1.5,10,3,1.0,0.829919708757592,cocolasso_max,reweighted_frobenius,4.786372421117112,4.724798294660637,2.5913067454393017,2.5432410222054247,14.263954303984065,2.026520929997787,0.061574126456474865,0.048065723233877033,12.237433373986278,7.038641492836515,low,weak α=1.5 (97% in first 3)
ar_sigma0.75_weak_sparse_a1.5,13,13,ar,100,500,0.75,3.0,weak_sparse,1.5,10,3,1.0,0.829919708757592,cocolasso_max,reweighted_frobenius,7.120855105529035,7.108985120753504,4.367883595357525,4.358368915714674,14.437773162033409,1.988128477940336,0.01186998477553125,0.009514679642850687,12.449644684093073,7.261992030309163,low,weak α=1.5 (97% in first 3)
ar_sigma0.75_weak_sparse_a1.5,14,14,ar,100,500,0.75,3.0,weak_sparse,1.5,10,3,1.0,0.829919708757592,cocolasso_max,reweighted_frobenius,6.090979272621947,6.099589396365187,3.639546282097389,3.645237063865516,14.547882368962746,2.133625872898847,-0.008610123743239662,-0.0056907817681266515,12.4142564960639,6.818384869507273,low,weak α=1.5 (97% in first 3)
ar_sigma0.75_weak_sparse_a1.5,15,15,ar,100,500,0.75,3.0,weak_sparse,1.5,10,3,1.0,0.829919708757592,cocolasso_max,reweighted_frobenius,5.351577771879783,5.216702284239583,2.9788507806039406,2.876458166001171,14.61484376201406,1.908397651044652,0.1348754876402003,0.1023926146027696,12.706446110969408,7.658175304299882,low,weak α=1.5 (97% in first 3)
ar_sigma0.75_weak_sparse_a1.5,16,16,ar,100,500,0.75,3.0,weak_sparse,1.5,10,3,1.0,0.829919708757592,cocolasso_max,reweighted_frobenius,6.453329930100167,6.463189335602245,3.885055940265319,3.89634542720032,14.723297782998998,1.900911071919836,-0.009859405502078644,-0.011289486935001314,12.822386711079162,7.745390092409277,low,weak α=1.5 (97% in first 3)
ar_sigma0.75_weak_sparse_a1.5,17,17,ar,100,500,0.75,3.0,weak_sparse,1.5,10,3,1.0,0.829919708757592,cocolasso_max,reweighted_frobenius,5.785566939131007,5.78009117191785,3.3515076483697643,3.34774497314553,14.676131243992131,1.8572309829760345,0.005475767213156679,0.0037626752242343464,12.818900261016097,7.902157232201155,low,weak α=1.5 (97% in first 3)
ar_sigma0.75_weak_sparse_a1.5,18,18,ar,100,500,0.75,3.0,weak_sparse,1.5,10,3,1.0,0.829919708757592,cocolasso_max,reweighted_frobenius,7.389844952994516,7.41546844740026,4.643427582440233,4.66499339547473,14.531278092996216,1.7389432399068028,-0.025623494405743408,-0.02156581303449734,12.792334853089413,8.356384360063993,low,weak α=1.5 (97% in first 3)
ar_sigma0.75_weak_sparse_a1.5,19,19,ar,100,500,0.75,3.0,weak_sparse,1.5,10,3,1.0,0.829919708757592,cocolasso_max,reweighted_frobenius,4.246938744361339,4.443969963591236,2.125917399340058,2.269291057664148,14.9476074189879,2.383729758905247,-0.1970312192298973,-0.14337365832408988,12.563877660082653,6.270680375217007,low,weak α=1.5 (97% in first 3)
ar_sigma0.75_weak_sparse_a1.5,20,20,ar,100,500,0.75,3.0,weak_sparse,1.5,10,3,1.0,0.829919708757592,cocolasso_max,reweighted_frobenius,11.149483023435629,11.140795910549032,7.8377028406968225,7.829308586639263,15.22619798098458,2.0747134110424668,0.008687112886596182,0.008394254057559891,13.151484569942113,7.338940356747383,low,weak α=1.5 (97% in first 3)
ar_sigma0.75_weak_sparse_a1.5,21,21,ar,100,500,0.75,3.0,weak_sparse,1.5,10,3,1.0,0.829919708757592,cocolasso_max,reweighted_frobenius,3.43817600303817,3.5242282180379787,1.6477870638142411,1.701961773346781,16.36678772297455,2.202868837979622,-0.08605221499980864,-0.05417470953253978,14.163918884994928,7.429760429125446,low,weak α=1.5 (97% in first 3)
ar_sigma0.75_weak_sparse_a1.5,22,22,ar,100,500,0.75,3.0,weak_sparse,1.5,10,3,1.0,0.829919708757592,cocolasso_max,reweighted_frobenius,7.344990099714936,7.37482411029797,4.553013830769677,4.577294414664539,18.16540678398451,1.83338701503817,-0.029834010583034143,-0.024280583894862318,16.33201976894634,9.908113581575856,low,weak α=1.5 (97% in first 3)
ar_sigma0.75_weak_sparse_a1.5,23,23,ar,100,500,0.75,3.0,weak_sparse,1.5,10,3,1.0,0.829919708757592,cocolasso_max,reweighted_frobenius,3.188721008349762,3.2258315355058294,1.4499000875819734,1.4728523181533066,18.93322690302739,2.3102027209242806,-0.03711052715606744,-0.02295223057133322,16.62302418210311,8.195482903531714,low,weak α=1.5 (97% in first 3)
ar_sigma0.75_weak_sparse_a1.5,24,24,ar,100,500,0.75,3.0,weak_sparse,1.5,10,3,1.0,0.829919708757592,cocolasso_max,reweighted_frobenius,6.148354663959496,6.2321706758345705,3.581677004261666,3.6486038149347126,18.910579804040022,2.1876620849361643,-0.08381601187507481,-0.06692681067304651,16.722917719103858,8.644195981753658,low,weak α=1.5 (97% in first 3)
ar_sigma0.75_weak_sparse_a1.5,25,25,ar,100,500,0.75,3.0,weak_sparse,1.5,10,3,1.0,0.829919708757592,cocolasso_max,reweighted_frobenius,4.207490577741099,4.111466263757137,2.0852327078010666,2.015487372714555,18.761229100986384,1.4409208270953968,0.09602431398396227,0.0697453350865116,17.320308273890987,13.020305313238621,low,weak α=1.5 (97% in first 3)
ar_sigma0.75_weak_sparse_a1.5,26,26,ar,100,500,0.75,3.0,weak_sparse,1.5,10,3,1.0,0.829919708757592,cocolasso_max,reweighted_frobenius,4.0096830009597815,3.8680498959993423,2.003119347439764,1.9051081890000077,18.739822472969536,2.109170055948198,0.14163310496043913,0.09801115843975627,16.630652417021338,8.884927234824064,low,weak α=1.5 (97% in first 3)
ar_sigma0.75_weak_sparse_a1.5,27,27,ar,100,500,0.75,3.0,weak_sparse,1.5,10,3,1.0,0.829919708757592,cocolasso_max,reweighted_frobenius,6.165276615637451,6.173002744527588,3.653309693572104,3.65695571984594,17.51256965601351,2.310716631007381,-0.0077261288901375735,-0.003646026273836256,15.20185302500613,7.5788478002941995,low,weak α=1.5 (97% in first 3)
ar_sigma0.75_weak_sparse_a1.5,28,28,ar,100,500,0.75,3.0,weak_sparse,1.5,10,3,1.0,0.829919708757592,cocolasso_max,reweighted_frobenius,6.281661958157628,6.220143073265039,3.6967752934385127,3.646456495694872,17.29122010798892,2.241246390040033,0.06151888489258894,0.050318797743640786,15.049973717948887,7.715001877897087,low,weak α=1.5 (97% in first 3)
ar_sigma0.75_weak_sparse_a1.5,29,29,ar,100,500,0.75,3.0,weak_sparse,1.5,10,3,1.0,0.829919708757592,cocolasso_max,reweighted_frobenius,5.9642886949485785,5.877370806528775,3.4656024620829227,3.3958179475128976,16.787914962973446,1.6230011159786957,0.08691788841980319,0.0697845145700251,15.16491384699475,10.343748256050992,low,weak α=1.5 (97% in first 3)
ar_sigma0.75_weak_sparse_a1.5,30,30,ar,100,500,0.75,3.0,weak_sparse,1.5,10,3,1.0,0.829919708757592,cocolasso_max,reweighted_frobenius,6.844847743474405,6.851671410474568,4.246680600263059,4.251928278482849,16.555859340005554,2.120070167002268,-0.006823667000162459,-0.005247678219789442,14.435789173003286,7.809109150106654,low,weak α=1.5 (97% in first 3)
ar_sigma0.75_weak_sparse_a1.5,31,31,ar,100,500,0.75,3.0,weak_sparse,1.5,10,3,1.0,0.829919708757592,cocolasso_max,reweighted_frobenius,4.508031164499093,4.46870267909131,2.324976048340592,2.295383543416034,16.091229132027365,2.044660979998298,0.03932848540778355,0.029592504924557783,14.046568152029067,7.869876370429273,low,weak α=1.5 (97% in first 3)
ar_sigma0.75_weak_sparse_a1.5,32,32,ar,100,500,0.75,3.0,weak_sparse,1.5,10,3,1.0,0.829919708757592,cocolasso_max,reweighted_frobenius,5.975476034296321,5.962116593491576,3.628769484256862,3.614190809019457,16.662500770005863,1.8092598189832645,0.013359440804745049,0.014578675237404859,14.853240951022599,9.20956768905063,low,weak α=1.5 (97% in first 3)
ar_sigma0.75_weak_sparse_a1.5,33,33,ar,100,500,0.75,3.0,weak_sparse,1.5,10,3,1.0,0.829919708757592,cocolasso_max,reweighted_frobenius,4.77762135368026,4.660031362327602,2.5286297489766403,2.4392823999073525,16.86133551801322,1.9187169480137527,0.11758999135265835,0.08934734906928776,14.942618569999468,8.787818096602525,low,weak α=1.5 (97% in first 3)
ar_sigma0.75_weak_sparse_a1.5,34,34,ar,100,500,0.75,3.0,weak_sparse,1.5,10,3,1.0,0.829919708757592,cocolasso_max,reweighted_frobenius,5.490601955143673,5.462141723243625,3.084078908692662,3.061772253087919,17.835062472964637,2.0791454329155385,0.028460231900048427,0.022306655604742875,15.755917040049098,8.578073563596238,low,weak α=1.5 (97% in first 3)
ar_sigma0.75_weak_sparse_a1.5,35,35,ar,100,500,0.75,3.0,weak_sparse,1.5,10,3,1.0,0.829919708757592,cocolasso_max,reweighted_frobenius,5.524692873477159,5.366821792362687,3.098867675124321,2.97481367488071,17.435885347018484,1.839257164974697,0.15787108111447168,0.12405400024361102,15.596628182043787,9.479851800527499,low,weak α=1.5 (97% in first 3)
ar_sigma0.75_weak_sparse_a1.5,36,36,ar,100,500,0.75,3.0,weak_sparse,1.5,10,3,1.0,0.829919708757592,cocolasso_max,reweighted_frobenius,7.768646661792885,7.730600312096708,4.91750657359152,4.8868107685638265,18.793807395966724,2.166502577951178,0.038046349696176485,0.03069580502769398,16.627304818015546,8.674721916896903,low,weak α=1.5 (97% in first 3)
ar_sigma0.75_weak_sparse_a1.5,37,37,ar,100,500,0.75,3.0,weak_sparse,1.5,10,3,1.0,0.829919708757592,cocolasso_max,reweighted_frobenius,5.886620093131603,5.960072328936889,3.396225507245534,3.454451887122542,18.60489844303811,2.0402744699968025,-0.07345223580528604,-0.05822637987700796,16.564623973041307,9.118821372629961,low,weak α=1.5 (97% in first 3)
ar_sigma0.75_weak_sparse_a1.5,38,38,ar,100,500,0.75,3.0,weak_sparse,1.5,10,3,1.0,0.829919708757592,cocolasso_max,reweighted_frobenius,5.319757341585179,5.440344727697747,2.97513423905735,3.05937843814251,18.953862169000782,2.003062098985538,-0.12058738611256814,-0.0842441990851599,16.950800070015244,9.462443615003286,low,weak α=1.5 (97% in first 3)
ar_sigma0.75_weak_sparse_a1.5,39,39,ar,100,500,0.75,3.0,weak_sparse,1.5,10,3,1.0,0.829919708757592,cocolasso_max,reweighted_frobenius,5.717228855281412,5.828593525747966,3.2682262730807587,3.355584949905889,18.568428398983087,1.6654922930756584,-0.1113646704665534,-0.08735867682513021,16.90293610590743,11.148912832669337,low,weak α=1.5 (97% in first 3)
ar_sigma0.75_weak_sparse_a1.5,40,40,ar,100,500,0.75,3.0,weak_sparse,1.5,10,3,1.0,0.829919708757592,cocolasso_max,reweighted_frobenius,5.806565376067916,5.824390217436859,3.3661008100403853,3.3805126674014185,17.983748362981714,1.7728862869553268,-0.01782484136894258,-0.014411857361033231,16.210862076026388,10.14376866429836,low,weak α=1.5 (97% in first 3)
ar_sigma0.75_weak_sparse_a1.5,41,41,ar,100,500,0.75,3.0,weak_sparse,1.5,10,3,1.0,0.829919708757592,cocolasso_max,reweighted_frobenius,5.261100531371776,5.307846364969238,2.892774546977131,2.9281454077000717,16.885554787004367,1.9379283810267225,-0.04674583359746176,-0.03537086072294082,14.947626405977644,8.713198564158667,low,weak α=1.5 (97% in first 3)
ar_sigma0.75_weak_sparse_a1.5,42,42,ar,100,500,0.75,3.0,weak_sparse,1.5,10,3,1.0,0.829919708757592,cocolasso_max,reweighted_frobenius,8.621002614299497,8.702127201838053,5.661181478680206,5.7299359420798925,16.780559355043806,1.9177804570645092,-0.08112458753855556,-0.06875446339968683,14.862778897979297,8.749989756767738,low,weak α=1.5 (97% in first 3)
ar_sigma0.75_weak_sparse_a1.5,43,43,ar,100,500,0.75,3.0,weak_sparse,1.5,10,3,1.0,0.829919708757592,cocolasso_max,reweighted_frobenius,5.407997572707544,5.362982481455653,3.017312525714798,2.9831236524919693,16.842694310995284,1.473542399937287,0.045015091251891626,0.0341888732228286,15.369151911057997,11.430071039497811,low,weak α=1.5 (97% in first 3)
ar_sigma0.75_weak_sparse_a1.5,44,44,ar,100,500,0.75,3.0,weak_sparse,1.5,10,3,1.0,0.829919708757592,cocolasso_max,reweighted_frobenius,5.560438943142737,5.532939949593216,3.1329320621571344,3.108722791491465,16.23403757897904,1.7439043809426948,0.027498993549520456,0.024209270665669358,14.490133198036347,9.309018175757709,low,weak α=1.5 (97% in first 3)
ar_sigma0.75_weak_sparse_a1.5,45,45,ar,100,500,0.75,3.0,weak_sparse,1.5,10,3,1.0,0.829919708757592,cocolasso_max,reweighted_frobenius,6.779895480426557,6.812597066962075,4.10597193368614,4.131315836845127,16.801881505991332,2.386385419056751,-0.032701586535518246,-0.025343903158987047,14.415496086934581,7.040724172976421,low,weak α=1.5 (97% in first 3)
ar_sigma0.75_weak_sparse_a1.5,46,46,ar,100,500,0.75,3.0,weak_sparse,1.5,10,3,1.0,0.829919708757592,cocolasso_max,reweighted_frobenius,3.0280660499009984,3.0875213682340146,1.436421394801468,1.4701845698246765,17.455119493009988,1.77333593997173,-0.059455318333016205,-0.03376317502320858,15.681783553038258,9.843098027601163,low,weak α=1.5 (97% in first 3)
ar_sigma0.75_weak_sparse_a1.5,47,47,ar,100,500,0.75,3.0,weak_sparse,1.5,10,3,1.0,0.829919708757592,cocolasso_max,reweighted_frobenius,4.871913919691357,4.724110678883643,2.5820005792718868,2.469915377005764,18.20600328495493,1.8149967009667307,0.1478032408077139,0.11208520226612295,16.3910065839882,10.030874036992893,low,weak α=1.5 (97% in first 3)
ar_sigma0.75_weak_sparse_a1.5,48,48,ar,100,500,0.75,3.0,weak_sparse,1.5,10,3,1.0,0.829919708757592,cocolasso_max,reweighted_frobenius,6.674828063591622,6.735051772797533,4.011735753650142,4.059673909975113,17.55295321997255,2.3959035660373047,-0.06022370920591058,-0.047938156324971004,15.157049653935246,7.326235274570833,low,weak α=1.5 (97% in first 3)
ar_sigma0.75_weak_sparse_a1.5,49,49,ar,100,500,0.75,3.0,weak_sparse,1.5,10,3,1.0,0.829919708757592,cocolasso_max,reweighted_frobenius,4.728900072253483,4.70446261807902,2.538184705164919,2.520129548153606,18.121372031979263,2.2607418179977685,0.024437454174462303,0.018055157011313216,15.860630213981494,8.015675159239766,low,weak α=1.5 (97% in first 3)
ar_sigma0.75_weak_sparse_a1.5,50,50,ar,100,500,0.75,3.0,weak_sparse,1.5,10,3,1.0,0.829919708757592,cocolasso_max,reweighted_frobenius,6.753761091308325,6.864926766824843,4.086524513749761,4.17627932643249,18.058916245994624,1.9283273390028624,-0.11116567551651801,-0.08975481268272922,16.13058890699176,9.365067787366893,low,weak α=1.5 (97% in first 3)
ar_sigma0.75_weak_sparse_a1.5,51,51,ar,100,500,0.75,3.0,weak_sparse,1.5,10,3,1.0,0.829919708757592,cocolasso_max,reweighted_frobenius,5.7675065268636505,5.782708464277721,3.3133775192434443,3.325405658148206,18.020059837959707,1.9342569269938397,-0.015201937414070166,-0.012028138904761843,16.085802910965867,9.316270029321238,low,weak α=1.5 (97% in first 3)
ar_sigma0.75_weak_sparse_a1.5,52,52,ar,100,500,0.75,3.0,weak_sparse,1.5,10,3,1.0,0.829919708757592,cocolasso_max,reweighted_frobenius,7.99650822930445,8.044011192222339,5.098904318103646,5.137640771468675,17.891197667981032,2.134071648004465,-0.047502962917889135,-0.03873645336502918,15.757126019976567,8.383597469518325,low,weak α=1.5 (97% in first 3)
ar_sigma0.75_weak_sparse_a1.5,53,53,ar,100,500,0.75,3.0,weak_sparse,1.5,10,3,1.0,0.829919708757592,cocolasso_max,reweighted_frobenius,4.590562884695618,4.650912285765817,2.3799300516972983,2.424207138625374,17.695734495995566,1.8818782219896093,-0.060349401070198816,-0.044277086928075526,15.813856274005957,9.40323039462501,low,weak α=1.5 (97% in first 3)
ar_sigma0.75_weak_sparse_a1.5,54,54,ar,100,500,0.75,3.0,weak_sparse,1.5,10,3,1.0,0.829919708757592,cocolasso_max,reweighted_frobenius,5.588314827717683,5.557523676403278,3.1445968499999477,3.1206331845946487,16.517898999038152,1.6111896169604734,0.03079115131440524,0.02396366540529904,14.906709382077679,10.25198947731512,low,weak α=1.5 (97% in first 3)
ar_sigma0.75_weak_sparse_a1.5,55,55,ar,100,500,0.75,3.0,weak_sparse,1.5,10,3,1.0,0.829919708757592,cocolasso_max,reweighted_frobenius,5.828795056146559,5.8538090110856285,3.433897168940088,3.448952332570256,16.7960940709454,2.460230619064532,-0.02501395493906955,-0.0150551636301679,14.335863451880869,6.827040498070005,low,weak α=1.5 (97% in first 3)
ar_sigma0.75_weak_sparse_a1.5,56,56,ar,100,500,0.75,3.0,weak_sparse,1.5,10,3,1.0,0.829919708757592,cocolasso_max,reweighted_frobenius,4.995105338768631,5.051334169441995,2.689923436957348,2.7323384678295333,17.105945623014122,2.127117339987308,-0.056228830673364705,-0.042415030872185344,14.978828283026814,8.041843908393032,low,weak α=1.5 (97% in first 3)
ar_sigma0.75_weak_sparse_a1.5,57,57,ar,100,500,0.75,3.0,weak_sparse,1.5,10,3,1.0,0.829919708757592,cocolasso_max,reweighted_frobenius,5.868544038125721,5.810885594560845,3.3652520832780475,3.317361461419844,16.86843361397041,1.816056735930033,0.05765844356487637,0.047890621858203364,15.052376878040377,9.288494836220965,low,weak α=1.5 (97% in first 3)
ar_sigma0.75_weak_sparse_a1.5,58,58,ar,100,500,0.75,3.0,weak_sparse,1.5,10,3,1.0,0.829919708757592,cocolasso_max,reweighted_frobenius,6.255325098746963,6.101288162850456,3.735036755350211,3.612905507114476,16.99855199601734,2.4765111429151148,0.15403693589650658,0.12213124823573507,14.522040853102226,6.863910967914424,low,weak α=1.5 (97% in first 3)
ar_sigma0.75_weak_sparse_a1.5,59,59,ar,100,500,0.75,3.0,weak_sparse,1.5,10,3,1.0,0.829919708757592,cocolasso_max,reweighted_frobenius,5.858946326538556,5.723214983596024,3.375301156963091,3.2679946509285847,17.067958323052153,13.279020018992014,0.13573134294253197,0.1073065060345062,3.7889383040601388,1.285332675049898,low,weak α=1.5 (97% in first 3)
ar_sigma0.75_weak_sparse_a1.5,60,60,ar,100,500,0.75,3.0,weak_sparse,1.5,10,3,1.0,0.829919708757592,cocolasso_max,reweighted_frobenius,5.668772781332793,5.680577310520139,3.206009580597334,3.2148692786747275,16.770580251002684,2.494012292008847,-0.011804529187346091,-0.008859698077393396,14.276567958993837,6.724337448030186,low,weak α=1.5 (97% in first 3)
ar_sigma0.75_weak_sparse_a1.5,61,61,ar,100,500,0.75,3.0,weak_sparse,1.5,10,3,1.0,0.829919708757592,cocolasso_max,reweighted_frobenius,6.442024617328617,6.446392550533286,3.819749579503243,3.822206579079844,18.06523404194741,2.2072035970631987,-0.0043679332046693276,-0.00245699957660106,15.85803044488421,8.18467044271954,low,weak α=1.5 (97% in first 3)
ar_sigma0.75_weak_sparse_a1.5,62,62,ar,100,500,0.75,3.0,weak_sparse,1.5,10,3,1.0,0.829919708757592,cocolasso_max,reweighted_frobenius,3.6637212741117873,3.7635372158585385,1.797258084720704,1.8606670741443647,16.796272223989945,2.0355657750042155,-0.09981594174675124,-0.06340898942366069,14.76070644898573,8.251402352230627,low,weak α=1.5 (97% in first 3)
ar_sigma0.75_weak_sparse_a1.5,63,63,ar,100,500,0.75,3.0,weak_sparse,1.5,10,3,1.0,0.829919708757592,cocolasso_max,reweighted_frobenius,4.442351963002595,4.55170427831622,2.2760916742047037,2.356569642399241,16.993481351004448,2.283431102987379,-0.10935231531362444,-0.08047796819453712,14.710050248017069,7.442081930465136,low,weak α=1.5 (97% in first 3)
ar_sigma0.75_weak_sparse_a1.5,64,64,ar,100,500,0.75,3.0,weak_sparse,1.5,10,3,1.0,0.829919708757592,cocolasso_max,reweighted_frobenius,7.785440720581725,7.731026412426444,4.965802041764558,4.919635431609525,17.947145561978687,2.065472347079776,0.054414308155281255,0.04616661015503265,15.88167321489891,8.689124106334745,low,weak α=1.5 (97% in first 3)
ar_sigma0.75_weak_sparse_a1.5,65,65,ar,100,500,0.75,3.0,weak_sparse,1.5,10,3,1.0,0.829919708757592,cocolasso_max,reweighted_frobenius,3.823688952920298,3.83436844989138,1.8115688253764397,1.8182027748611056,18.581976681016386,1.933717963984236,-0.01067949697108217,-0.006633949484665891,16.64825871703215,9.609455477535125,low,weak α=1.5 (97% in first 3)
ar_sigma0.75_weak_sparse_a1.5,66,66,ar,100,500,0.75,3.0,weak_sparse,1.5,10,3,1.0,0.829919708757592,cocolasso_max,reweighted_frobenius,5.95878625024832,5.926999871873853,3.482217156529344,3.4555180324732104,18.32468445500126,1.8379151050467044,0.031786378374467184,0.026699124056133616,16.486769349954557,9.970365010159489,low,weak α=1.5 (97% in first 3)
ar_sigma0.75_weak_sparse_a1.5,67,67,ar,100,500,0.75,3.0,weak_sparse,1.5,10,3,1.0,0.829919708757592,cocolasso_max,reweighted_frobenius,8.828912504657215,8.873735405504314,5.78718822092674,5.823985873878728,18.4948903460172,1.825993217993528,-0.044822900847099945,-0.03679765295198845,16.668897128023673,10.128674172371845,low,weak α=1.5 (97% in first 3)
ar_sigma0.75_weak_sparse_a1.5,68,68,ar,100,500,0.75,3.0,weak_sparse,1.5,10,3,1.0,0.829919708757592,cocolasso_max,reweighted_frobenius,5.750466666078538,5.661990692469143,3.279288499842199,3.208650020116686,17.948245136998594,2.218924916000105,0.08847597360939563,0.07063847972551285,15.729320220998488,8.088712244194632,low,weak α=1.5 (97% in first 3)
ar_sigma0.75_weak_sparse_a1.5,69,69,ar,100,500,0.75,3.0,weak_sparse,1.5,10,3,1.0,0.829919708757592,cocolasso_max,reweighted_frobenius,5.940836414781675,5.840725498586725,3.433078332943555,3.3532480201348256,17.169974712014664,1.9555194759741423,0.10011091619495005,0.07983031280872943,15.214455236040521,8.780262698974878,low,weak α=1.5 (97% in first 3)
ar_sigma0.75_weak_sparse_a1.5,70,70,ar,100,500,0.75,3.0,weak_sparse,1.5,10,3,1.0,0.829919708757592,cocolasso_max,reweighted_frobenius,5.98874973159281,5.936108757957539,3.4653111923235573,3.423442024367772,16.944827981002163,2.2885795349720865,0.05264097363527043,0.041869167955785436,14.656248446030077,7.404080881641213,low,weak α=1.5 (97% in first 3)
ar_sigma0.75_weak_sparse_a1.5,71,71,ar,100,500,0.75,3.0,weak_sparse,1.5,10,3,1.0,0.829919708757592,cocolasso_max,reweighted_frobenius,4.978659723967808,4.983230957301027,2.814021748653793,2.8093121835878745,16.909087652980816,1.9184915820369497,-0.004571233333218849,0.004709565065918575,14.990596070943866,8.81374086355264,low,weak α=1.5 (97% in first 3)
ar_sigma0.75_weak_sparse_a1.5,72,72,ar,100,500,0.75,3.0,weak_sparse,1.5,10,3,1.0,0.829919708757592,cocolasso_max,reweighted_frobenius,9.408638795475976,9.295245004417188,6.304346131171552,6.205652138583184,17.26459061098285,2.1522103589959443,0.11339379105878855,0.09869399258836786,15.112380251986906,8.021795146008488,low,weak α=1.5 (97% in first 3)
ar_sigma0.75_weak_sparse_a1.5,73,73,ar,100,500,0.75,3.0,weak_sparse,1.5,10,3,1.0,0.829919708757592,cocolasso_max,reweighted_frobenius,6.739853280023636,6.807039757653154,4.053797579041837,4.108401645859092,17.5861452120007,1.4353566869394854,-0.06718647762951768,-0.05460406681725516,16.150788525061216,12.25210804535175,low,weak α=1.5 (97% in first 3)
ar_sigma0.75_weak_sparse_a1.5,74,74,ar,100,500,0.75,3.0,weak_sparse,1.5,10,3,1.0,0.829919708757592,cocolasso_max,reweighted_frobenius,3.109154703855122,3.1856213532156388,1.348390172545887,1.3959410772643326,17.245736967015546,1.896734562935308,-0.07646664936051684,-0.0475509047184457,15.349002404080238,9.092330210046237,low,weak α=1.5 (97% in first 3)
ar_sigma0.75_weak_sparse_a1.5,75,75,ar,100,500,0.75,3.0,weak_sparse,1.5,10,3,1.0,0.829919708757592,cocolasso_max,reweighted_frobenius,4.837432479861303,4.969549422494389,2.6306763220988665,2.733139530762233,18.618179682991467,1.8521748600760477,-0.13211694263308527,-0.10246320866336633,16.76600482291542,10.0520637032224,low,weak α=1.5 (97% in first 3)
ar_sigma0.75_weak_sparse_a1.5,76,76,ar,100,500,0.75,3.0,weak_sparse,1.5,10,3,1.0,0.829919708757592,cocolasso_max,reweighted_frobenius,3.4535432627783678,3.664743378003629,1.5525540079184612,1.6963810409577524,18.26803979696706,0.9624931489815935,-0.21120011522526116,-0.14382703303929123,17.305546647985466,18.97991670516962,low,weak α=1.5 (97% in first 3)
ar_sigma0.75_weak_sparse_a1.5,77,77,ar,100,500,0.75,3.0,weak_sparse,1.5,10,3,1.0,0.829919708757592,cocolasso_max,reweighted_frobenius,5.69618815962116,5.67991138335322,3.2720534837824475,3.259038551653108,18.43702266999753,1.76730490103364,0.016276776267940107,0.013014932129339574,16.66971776896389,10.432281752409732,low,weak α=1.5 (97% in first 3)
ar_sigma0.75_weak_sparse_a1.5,78,78,ar,100,500,0.75,3.0,weak_sparse,1.5,10,3,1.0,0.829919708757592,cocolasso_max,reweighted_frobenius,6.380551688279215,6.417478510109631,3.7700881752427766,3.799411343785888,18.260268030979205,1.6413871649419889,-0.0369268218304164,-0.029323168543111233,16.618880866037216,11.124899975457389,low,weak α=1.5 (97% in first 3)
ar_sigma0.75_weak_sparse_a1.5,79,79,ar,100,500,0.75,3.0,weak_sparse,1.5,10,3,1.0,0.829919708757592,cocolasso_max,reweighted_frobenius,6.1164420418603065,6.185599354403259,3.591094115781099,3.646688521956719,18.77179186802823,2.0236419149441645,-0.0691573125429521,-0.05559440617561995,16.748149953084067,9.276241873328749,low,weak α=1.5 (97% in first 3)
ar_sigma0.75_weak_sparse_a1.5,80,80,ar,100,500,0.75,3.0,weak_sparse,1.5,10,3,1.0,0.829919708757592,cocolasso_max,reweighted_frobenius,3.543931349316714,3.515959812027107,1.652327693991736,1.633988634414107,18.489251509017777,2.369657931965776,0.027971537289606996,0.018339059577628936,16.119593577052,7.802498098820455,low,weak α=1.5 (97% in first 3)
ar_sigma0.75_weak_sparse_a1.5,81,81,ar,100,500,0.75,3.0,weak_sparse,1.5,10,3,1.0,0.829919708757592,cocolasso_max,reweighted_frobenius,7.415257548585345,7.375725755592628,4.678734602727693,4.6442421964696345,18.92965206800727,2.0857883989810944,0.03953179299271703,0.034492406258058494,16.843863669026177,9.075538092576595,low,weak α=1.5 (97% in first 3)
ar_sigma0.75_weak_sparse_a1.5,82,82,ar,100,500,0.75,3.0,weak_sparse,1.5,10,3,1.0,0.829919708757592,cocolasso_max,reweighted_frobenius,6.773920352852147,6.79202795789656,4.076271256369777,4.090885398646226,21.40627588698408,1.7748991439584645,-0.018107605044413333,-0.014614142276449194,19.631376743025616,12.060559023789253,low,weak α=1.5 (97% in first 3)
ar_sigma0.75_weak_sparse_a1.5,83,83,ar,100,500,0.75,3.0,weak_sparse,1.5,10,3,1.0,0.829919708757592,cocolasso_max,reweighted_frobenius,7.111365617828214,7.09798869230475,4.395899941928361,4.384917168821164,21.35290730901761,2.125529264914803,0.013376925523463257,0.010982773107197197,19.227378044102807,10.045924872209882,low,weak α=1.5 (97% in first 3)
ar_sigma0.75_weak_sparse_a1.5,84,84,ar,100,500,0.75,3.0,weak_sparse,1.5,10,3,1.0,0.829919708757592,cocolasso_max,reweighted_frobenius,6.392042756416726,6.346761282496692,3.850183729893959,3.8102562405233904,21.69774757296545,1.9763277870370075,0.04528147392003401,0.03992748937056856,19.721419785928443,10.97882027226648,low,weak α=1.5 (97% in first 3)
ar_sigma0.75_weak_sparse_a1.5,85,85,ar,100,500,0.75,3.0,weak_sparse,1.5,10,3,1.0,0.829919708757592,cocolasso_max,reweighted_frobenius,7.623792199509253,7.593509634329813,4.837630961352535,4.811031747895121,21.31633000599686,2.0701567629585043,0.030282565179439835,0.02659921345741445,19.246173243038356,10.296964165908502,low,weak α=1.5 (97% in first 3)
ar_sigma0.75_weak_sparse_a1.5,86,86,ar,100,500,0.75,3.0,weak_sparse,1.5,10,3,1.0,0.829919708757592,cocolasso_max,reweighted_frobenius,4.676440226360646,4.564215031125098,2.451412382489054,2.366607529418058,21.298608329030685,1.776867666048929,0.11222519523554819,0.08480485307099617,19.521740662981756,11.986603581115642,low,weak α=1.5 (97% in first 3)
ar_sigma0.75_weak_sparse_a1.5,87,87,ar,100,500,0.75,3.0,weak_sparse,1.5,10,3,1.0,0.829919708757592,cocolasso_max,reweighted_frobenius,4.073009875988971,4.201904400847551,1.9895517117567707,2.082276112816146,21.75553196202964,2.213751101051457,-0.12889452485857955,-0.0927244010593753,19.541780860978182,9.82745167317884,low,weak α=1.5 (97% in first 3)
ar_sigma0.75_weak_sparse_a1.5,88,88,ar,100,500,0.75,3.0,weak_sparse,1.5,10,3,1.0,0.829919708757592,cocolasso_max,reweighted_frobenius,7.738269357451302,7.874993321980513,4.872903562175233,4.985612768102722,23.31456149800215,2.170334758935496,-0.1367239645292111,-0.11270920592748901,21.144226739066653,10.742380364141361,low,weak α=1.5 (97% in first 3)
ar_sigma0.75_weak_sparse_a1.5,89,89,ar,100,500,0.75,3.0,weak_sparse,1.5,10,3,1.0,0.829919708757592,cocolasso_max,reweighted_frobenius,4.620570657451128,4.597084915315758,2.3980015860128407,2.3797558012242024,22.080658514983952,1.270684274029918,0.023485742135370025,0.018245784788638364,20.809974240954034,17.376982596122115,low,weak α=1.5 (97% in first 3)
ar_sigma0.75_weak_sparse_a1.5,90,90,ar,100,500,0.75,3.0,weak_sparse,1.5,10,3,1.0,0.829919708757592,cocolasso_max,reweighted_frobenius,6.658450525129768,6.581654111262039,4.0247813159008885,3.960742744877897,20.29320236097556,1.951084650005214,0.07679641386772929,0.0640385710229916,18.342117710970346,10.40098509355877,low,weak α=1.5 (97% in first 3)
ar_sigma0.75_weak_sparse_a1.5,91,91,ar,100,500,0.75,3.0,weak_sparse,1.5,10,3,1.0,0.829919708757592,cocolasso_max,reweighted_frobenius,7.180399489016392,7.162396479671127,4.433626092196838,4.41778426421737,18.845886803988837,2.178711413987912,0.01800300934526522,0.015841827979468093,16.667175390000924,8.650015180070746,low,weak α=1.5 (97% in first 3)
ar_sigma0.75_weak_sparse_a1.5,92,92,ar,100,500,0.75,3.0,weak_sparse,1.5,10,3,1.0,0.829919708757592,cocolasso_max,reweighted_frobenius,6.305779276151843,6.245488730393754,3.7762252863613055,3.7291437795650846,21.360410563007463,1.996574359945953,0.060290545758088676,0.04708150679622092,19.36383620306151,10.698529937840977,low,weak α=1.5 (97% in first 3)
ar_sigma0.75_weak_sparse_a1.5,93,93,ar,100,500,0.75,3.0,weak_sparse,1.5,10,3,1.0,0.829919708757592,cocolasso_max,reweighted_frobenius,7.0750555549160135,6.9975930332771,4.3312717391523545,4.267782406040638,22.373759476002306,1.909455199027434,0.0774625216389131,0.06348933311171656,20.46430427697487,11.717352408895588,low,weak α=1.5 (97% in first 3)
ar_sigma0.75_weak_sparse_a1.5,94,94,ar,100,500,0.75,3.0,weak_sparse,1.5,10,3,1.0,0.829919708757592,cocolasso_max,reweighted_frobenius,6.464839027237341,6.4547446395337404,3.86003207679079,3.8516606130281392,21.42993268603459,2.0884281520266086,0.010094387703600383,0.008371463762650855,19.34150453400798,10.261273611562363,low,weak α=1.5 (97% in first 3)
ar_sigma0.75_weak_sparse_a1.5,95,95,ar,100,500,0.75,3.0,weak_sparse,1.5,10,3,1.0,0.829919708757592,cocolasso_max,reweighted_frobenius,5.095773768581132,5.0111172156754815,2.759027830845684,2.693241572544871,21.43196512700524,1.8256157180294397,0.08465655290565088,0.06578625830081286,19.6063494089758,11.739581838251695,low,weak α=1.5 (97% in first 3)
ar_sigma0.75_weak_sparse_a1.5,96,96,ar,100,500,0.75,3.0,weak_sparse,1.5,10,3,1.0,0.829919708757592,cocolasso_max,reweighted_frobenius,4.236602842255653,4.072554672358901,2.126743500023104,2.006632478495836,22.30390202498529,2.0309488250641152,0.16404816989675197,0.12011102152726805,20.272953199921176,10.982010846226604,low,weak α=1.5 (97% in first 3)
ar_sigma0.75_weak_sparse_a1.5,97,97,ar,100,500,0.75,3.0,weak_sparse,1.5,10,3,1.0,0.829919708757592,cocolasso_max,reweighted_frobenius,7.15814790898356,7.240737684847573,4.397245176890269,4.464346051119562,22.11162769899238,1.9901401619426904,-0.08258977586401262,-0.06710087422929245,20.12148753704969,11.110588149433628,low,weak α=1.5 (97% in first 3)
ar_sigma0.75_weak_sparse_a1.5,98,98,ar,100,500,0.75,3.0,weak_sparse,1.5,10,3,1.0,0.829919708757592,cocolasso_max,reweighted_frobenius,5.173862711112187,5.189155973236778,2.86874800482342,2.877007092768231,23.289611392014194,2.193639970035292,-0.015293262124591145,-0.008259087944811228,21.095971421978902,10.616879574654861,low,weak α=1.5 (97% in first 3)
ar_sigma0.75_weak_sparse_a1.5,99,99,ar,100,500,0.75,3.0,weak_sparse,1.5,10,3,1.0,0.829919708757592,cocolasso_max,reweighted_frobenius,5.844961477351366,5.742101893715076,3.3524446912315264,3.269120811192478,23.02947863197187,2.3495709500275552,0.10285958363629,0.08332388003904834,20.679907681944314,9.8015676571511,low,weak α=1.5 (97% in first 3)
ar_sigma0.75_weak_sparse_a2.0,0,0,ar,100,500,0.75,3.0,weak_sparse,2.0,10,3,1.0,0.8450879387313912,cocolasso_max,reweighted_frobenius,5.501365012491142,5.535092957926163,3.932991266779679,3.961554997827475,20.374383946997117,1.4319104129681364,-0.03372794543502078,-0.02856373104779575,18.94247353402898,14.228811916217623,low,weak α=2.0 (99% in first 3)
ar_sigma0.75_weak_sparse_a2.0,1,1,ar,100,500,0.75,3.0,weak_sparse,2.0,10,3,1.0,0.8450879387313912,cocolasso_max,reweighted_frobenius,4.31057955722357,4.336823834356169,2.8792348430306305,2.9011393625593334,20.814181986963376,1.392714209971018,-0.026244277132598803,-0.02190451952870287,19.42146777699236,14.945048910929483,low,weak α=2.0 (99% in first 3)
ar_sigma0.75_weak_sparse_a2.0,2,2,ar,100,500,0.75,3.0,weak_sparse,2.0,10,3,1.0,0.8450879387313912,cocolasso_max,reweighted_frobenius,9.984183593751553,9.985584867031164,7.843978236870403,7.845591773976294,21.706125819007863,1.1544427669723518,-0.0014012732796118144,-0.001613537105891183,20.55168305203551,18.80225372794744,low,weak α=2.0 (99% in first 3)
ar_sigma0.75_weak_sparse_a2.0,3,3,ar,100,500,0.75,3.0,weak_sparse,2.0,10,3,1.0,0.8450879387313912,cocolasso_max,reweighted_frobenius,3.21741255733128,3.18027711292787,1.9929889861639245,1.962020508061077,20.077516073011797,1.4733285389957018,0.03713544440341021,0.03096847810284742,18.604187534016095,13.627317697041073,low,weak α=2.0 (99% in first 3)
ar_sigma0.75_weak_sparse_a2.0,4,4,ar,100,500,0.75,3.0,weak_sparse,2.0,10,3,1.0,0.8450879387313912,cocolasso_max,reweighted_frobenius,3.75388807113246,3.650003282067944,2.4173828561735733,2.332030359215985,19.191879378049634,1.106256680970546,0.10388478906451581,0.08535249695758829,18.08562269707909,17.348486755544048,low,weak α=2.0 (99% in first 3)
ar_sigma0.75_weak_sparse_a2.0,5,5,ar,100,500,0.75,3.0,weak_sparse,2.0,10,3,1.0,0.8450879387313912,cocolasso_max,reweighted_frobenius,2.957753713212747,2.9375022895027976,1.7659178607957842,1.7499047579722975,20.90515535697341,1.0721244520391338,0.020251423709949368,0.01601310282348667,19.833030904934276,19.498814076306832,low,weak α=2.0 (99% in first 3)
ar_sigma0.75_weak_sparse_a2.0,6,6,ar,100,500,0.75,3.0,weak_sparse,2.0,10,3,1.0,0.8450879387313912,cocolasso_max,reweighted_frobenius,4.125160608536503,4.144636470433134,2.714208556899509,2.730495764120537,21.584423476015218,1.6283774580224415,-0.019475861896631308,-0.016287207221028055,19.956046017992776,13.255172116069511,low,weak α=2.0 (99% in first 3)
ar_sigma0.75_weak_sparse_a2.0,7,7,ar,100,500,0.75,3.0,weak_sparse,2.0,10,3,1.0,0.8450879387313912,cocolasso_max,reweighted_frobenius,4.651524778671592,4.644105517978677,3.153748208927617,3.1468047971407995,21.616329638054594,1.4662083809962496,0.007419260692914875,0.006943411786817677,20.150121257058345,14.74301328394186,low,weak α=2.0 (99% in first 3)
ar_sigma0.75_weak_sparse_a2.0,8,8,ar,100,500,0.75,3.0,weak_sparse,2.0,10,3,1.0,0.8450879387313912,cocolasso_max,reweighted_frobenius,4.340331661475516,4.305547416283962,2.891063021972636,2.861864317522949,18.38158869999461,1.0893754769931547,0.03478424519155432,0.029198704449687085,17.292213223001454,16.87351063815999,low,weak α=2.0 (99% in first 3)
ar_sigma0.75_weak_sparse_a2.0,9,9,ar,100,500,0.75,3.0,weak_sparse,2.0,10,3,1.0,0.8450879387313912,cocolasso_max,reweighted_frobenius,4.687160241934686,4.556077112334564,3.2065958555471865,3.0949259004300456,20.603876148932613,1.3533196260104887,0.13108312960012203,0.11166995511714095,19.250556522922125,15.224693230579755,low,weak α=2.0 (99% in first 3)
ar_sigma0.75_weak_sparse_a2.0,10,10,ar,100,500,0.75,3.0,weak_sparse,2.0,10,3,1.0,0.8450879387313912,cocolasso_max,reweighted_frobenius,3.210555926938126,2.9834309382942297,1.9955382190249789,1.808513474965029,21.61293108202517,1.4853225690312684,0.2271249886438964,0.18702474405994995,20.127608512993902,14.551001602380005,low,weak α=2.0 (99% in first 3)
ar_sigma0.75_weak_sparse_a2.0,11,11,ar,100,500,0.75,3.0,weak_sparse,2.0,10,3,1.0,0.8450879387313912,cocolasso_max,reweighted_frobenius,3.754183422702042,3.7345747629125134,2.415228541453465,2.3986377386482256,21.96409925399348,1.324538208951708,0.019608659789528637,0.016590802805239502,20.639561045041773,16.582458026165014,low,weak α=2.0 (99% in first 3)
ar_sigma0.75_weak_sparse_a2.0,12,12,ar,100,500,0.75,3.0,weak_sparse,2.0,10,3,1.0,0.8450879387313912,cocolasso_max,reweighted_frobenius,3.656076403917067,3.5896079430694914,2.38941200910232,2.333173416441772,20.28441569895949,1.3398486759979278,0.06646846084757563,0.05623859266054776,18.94456702296156,15.139333316019085,low,weak α=2.0 (99% in first 3)
ar_sigma0.75_weak_sparse_a2.0,13,13,ar,100,500,0.75,3.0,weak_sparse,2.0,10,3,1.0,0.8450879387313912,cocolasso_max,reweighted_frobenius,5.979042921857789,5.965967684561507,4.290113130004755,4.278974521295982,18.70155081502162,1.3425723380059935,0.013075237296281905,0.011138608708773035,17.358978477015626,13.929641096879305,low,weak α=2.0 (99% in first 3)
ar_sigma0.75_weak_sparse_a2.0,14,14,ar,100,500,0.75,3.0,weak_sparse,2.0,10,3,1.0,0.8450879387313912,cocolasso_max,reweighted_frobenius,4.301853104397244,4.306346532246873,2.9226844995854044,2.926252442879782,21.031122670974582,1.4867900909739546,-0.004493427849628695,-0.0035679432943775957,19.544332580000628,14.145320713832362,low,weak α=2.0 (99% in first 3)
ar_sigma0.75_weak_sparse_a2.0,15,15,ar,100,500,0.75,3.0,weak_sparse,2.0,10,3,1.0,0.8450879387313912,cocolasso_max,reweighted_frobenius,4.0965557529493895,3.956349674427389,2.7101647306531387,2.5953190241082007,21.551901386934333,1.1111498060054146,0.1402060785220005,0.11484570654493798,20.440751580928918,19.396035773442154,low,weak α=2.0 (99% in first 3)
ar_sigma0.75_weak_sparse_a2.0,16,16,ar,100,500,0.75,3.0,weak_sparse,2.0,10,3,1.0,0.8450879387313912,cocolasso_max,reweighted_frobenius,5.040958727622543,5.070315741589361,3.5033356801898834,3.5274727254220646,22.11114528600592,1.4882184710004367,-0.029357013966818002,-0.024137045232181187,20.622926815005485,14.857459248669299,low,weak α=2.0 (99% in first 3)
ar_sigma0.75_weak_sparse_a2.0,17,17,ar,100,500,0.75,3.0,weak_sparse,2.0,10,3,1.0,0.8450879387313912,cocolasso_max,reweighted_frobenius,4.390188814616068,4.384817961904775,2.9800168580069624,2.975545725020379,18.382427778909918,1.3093257650034502,0.005370852711292784,0.004471132986583193,17.073102013906468,14.039613570776618,low,weak α=2.0 (99% in first 3)
ar_sigma0.75_weak_sparse_a2.0,18,18,ar,100,500,0.75,3.0,weak_sparse,2.0,10,3,1.0,0.8450879387313912,cocolasso_max,reweighted_frobenius,5.93156682219225,5.957899444420357,4.29916466568226,4.3219468040210325,21.111441596993245,1.319572277017869,-0.026332622228106395,-0.02278213833877274,19.791869319975376,15.998700461261178,low,weak α=2.0 (99% in first 3)
ar_sigma0.75_weak_sparse_a2.0,19,19,ar,100,500,0.75,3.0,weak_sparse,2.0,10,3,1.0,0.8450879387313912,cocolasso_max,reweighted_frobenius,2.8805235671014477,3.0751111067628933,1.7053628630885296,1.8587818638636773,21.84903161705006,1.4158757730037903,-0.1945875396614456,-0.1534190007751477,20.43315584404627,15.43146089059578,low,weak α=2.0 (99% in first 3)
ar_sigma0.75_weak_sparse_a2.0,20,20,ar,100,500,0.75,3.0,weak_sparse,2.0,10,3,1.0,0.8450879387313912,cocolasso_max,reweighted_frobenius,10.072913971919103,10.064668553829303,7.945531798660836,7.937242058133942,22.011659689014778,1.3437410419574007,0.008245418089799728,0.008289740526894462,20.667918647057377,16.38087920344446,low,weak α=2.0 (99% in first 3)
ar_sigma0.75_weak_sparse_a2.0,21,21,ar,100,500,0.75,3.0,weak_sparse,2.0,10,3,1.0,0.8450879387313912,cocolasso_max,reweighted_frobenius,2.2533900691496,2.3374695447275977,1.3022943856272238,1.3617681128587769,20.29227215598803,1.2301456260029229,-0.08407947557799789,-0.059473727231553086,19.062126529985107,16.49582921488989,low,weak α=2.0 (99% in first 3)
ar_sigma0.75_weak_sparse_a2.0,22,22,ar,100,500,0.75,3.0,weak_sparse,2.0,10,3,1.0,0.8450879387313912,cocolasso_max,reweighted_frobenius,6.180490669188508,6.212311416710103,4.464569915829737,4.492103104313152,19.38410602195654,1.169987152039539,-0.03182074752159458,-0.027533188483414683,18.214118869917,16.56779391822028,low,weak α=2.0 (99% in first 3)
ar_sigma0.75_weak_sparse_a2.0,23,23,ar,100,500,0.75,3.0,weak_sparse,2.0,10,3,1.0,0.8450879387313912,cocolasso_max,reweighted_frobenius,2.023301091722653,2.05974948243482,1.092616364075231,1.1180161487445937,21.22496580798179,1.612628341012169,-0.0364483907121671,-0.025399784669362546,19.61233746696962,13.161721934429048,low,weak α=2.0 (99% in first 3)
ar_sigma0.75_weak_sparse_a2.0,24,24,ar,100,500,0.75,3.0,weak_sparse,2.0,10,3,1.0,0.8450879387313912,cocolasso_max,reweighted_frobenius,4.978493592408412,5.0574111348407085,3.4334640325027923,3.50072740690268,22.20605343207717,1.2417213330045342,-0.0789175424322961,-0.06726337439988761,20.964332099072635,17.88328253839872,low,weak α=2.0 (99% in first 3)
ar_sigma0.75_weak_sparse_a2.0,25,25,ar,100,500,0.75,3.0,weak_sparse,2.0,10,3,1.0,0.8450879387313912,cocolasso_max,reweighted_frobenius,2.9807051841050405,2.884439107032794,1.778756758460614,1.702496204177318,19.92528659896925,0.966704046993982,0.09626607707224633,0.07626055428329614,18.95858255197527,20.61156841220226,low,weak α=2.0 (99% in first 3)
ar_sigma0.75_weak_sparse_a2.0,26,26,ar,100,500,0.75,3.0,weak_sparse,2.0,10,3,1.0,0.8450879387313912,cocolasso_max,reweighted_frobenius,2.55547852459166,2.4254320085154384,1.4918121235392836,1.3936591507417226,20.14934821799397,1.3377135150367394,0.13004651607622142,0.09815297279756097,18.81163470295723,15.0625287040182,low,weak α=2.0 (99% in first 3)
ar_sigma0.75_weak_sparse_a2.0,27,27,ar,100,500,0.75,3.0,weak_sparse,2.0,10,3,1.0,0.8450879387313912,cocolasso_max,reweighted_frobenius,4.702741969686938,4.709905861000928,3.238134247989778,3.2422726835853863,20.294382262974977,1.4524858110235073,-0.0071638913139899785,-0.004138435595608225,18.84189645195147,13.972172470775709,low,weak α=2.0 (99% in first 3)
ar_sigma0.75_weak_sparse_a2.0,28,28,ar,100,500,0.75,3.0,weak_sparse,2.0,10,3,1.0,0.8450879387313912,cocolasso_max,reweighted_frobenius,5.064586638713265,5.005068917658053,3.508665805517454,3.4574050493895685,19.764930600998923,1.274997309956234,0.05951772105521158,0.05126075612788572,18.48993329104269,15.501939060308592,low,weak α=2.0 (99% in first 3)
ar_sigma0.75_weak_sparse_a2.0,29,29,ar,100,500,0.75,3.0,weak_sparse,2.0,10,3,1.0,0.8450879387313912,cocolasso_max,reweighted_frobenius,4.717538476306824,4.629125376789932,3.2250599527554806,3.149712447265356,18.517443847027607,1.0611281889723614,0.08841309951689258,0.0753475054901247,17.456315658055246,17.45071334403116,low,weak α=2.0 (99% in first 3)
ar_sigma0.75_weak_sparse_a2.0,30,30,ar,100,500,0.75,3.0,weak_sparse,2.0,10,3,1.0,0.8450879387313912,cocolasso_max,reweighted_frobenius,5.312610876125012,5.317673973750656,3.7824728676769337,3.786700473172272,18.421901139896363,1.3941392940469086,-0.005063097625644275,-0.004227605495338516,17.027761845849454,13.213816738800363,low,weak α=2.0 (99% in first 3)
ar_sigma0.75_weak_sparse_a2.0,31,31,ar,100,500,0.75,3.0,weak_sparse,2.0,10,3,1.0,0.8450879387313912,cocolasso_max,reweighted_frobenius,3.1385025223281278,3.0987750627867183,1.920515303918092,1.8884844890260488,17.839988507097587,1.4419255119864829,0.03972745954140944,0.03203081489204318,16.398062995111104,12.372337099799386,low,weak α=2.0 (99% in first 3)
ar_sigma0.75_weak_sparse_a2.0,32,32,ar,100,500,0.75,3.0,weak_sparse,2.0,10,3,1.0,0.8450879387313912,cocolasso_max,reweighted_frobenius,4.964100365619219,4.952159038064932,3.5422991420246768,3.529892392820841,18.12561375007499,1.3381180319702253,0.011941327554287007,0.012406749203835776,16.787495718104765,13.545601596435484,low,weak α=2.0 (99% in first 3)
ar_sigma0.75_weak_sparse_a2.0,33,33,ar,100,500,0.75,3.0,weak_sparse,2.0,10,3,1.0,0.8450879387313912,cocolasso_max,reweighted_frobenius,3.451853136443157,3.3312921027065063,2.1784109425005997,2.080222132731369,17.908164541935548,1.2372750729555264,0.12056103373665072,0.09818880976923072,16.67088946898002,14.473874834605395,low,weak α=2.0 (99% in first 3)
ar_sigma0.75_weak_sparse_a2.0,34,34,ar,100,500,0.75,3.0,weak_sparse,2.0,10,3,1.0,0.8450879387313912,cocolasso_max,reweighted_frobenius,4.019395162776208,3.9915977215412233,2.6449009575427045,2.6218099695796253,17.86121911497321,1.371674003021326,0.02779744123498462,0.02309098796307918,16.489545111951884,13.021475274468342,low,weak α=2.0 (99% in first 3)
ar_sigma0.75_weak_sparse_a2.0,35,35,ar,100,500,0.75,3.0,weak_sparse,2.0,10,3,1.0,0.8450879387313912,cocolasso_max,reweighted_frobenius,4.114945391303752,3.958107651824558,2.712080737374861,2.580903123195274,17.782596395001747,1.374592938052956,0.15683773947919377,0.13117761417958684,16.40800345694879,12.936627202661123,low,weak α=2.0 (99% in first 3)
ar_sigma0.75_weak_sparse_a2.0,36,36,ar,100,500,0.75,3.0,weak_sparse,2.0,10,3,1.0,0.8450879387313912,cocolasso_max,reweighted_frobenius,6.737520515163778,6.594554172936107,4.682363392511902,4.62541427494848,18.801141525036652,1.6101623220019974,0.14296634222767146,0.05694911756342158,17.190979203034654,11.676550412420674,low,weak α=2.0 (99% in first 3)
ar_sigma0.75_weak_sparse_a2.0,37,37,ar,100,500,0.75,3.0,weak_sparse,2.0,10,3,1.0,0.8450879387313912,cocolasso_max,reweighted_frobenius,4.498919370124345,4.575858647209057,3.048495918250057,3.113986106073245,20.374232326983478,1.4964891800191251,-0.07693927708471193,-0.06549018782318816,18.877743146964352,13.614687362272205,low,weak α=2.0 (99% in first 3)
ar_sigma0.75_weak_sparse_a2.0,38,38,ar,100,500,0.75,3.0,weak_sparse,2.0,10,3,1.0,0.8450879387313912,cocolasso_max,reweighted_frobenius,4.016575131316986,4.143983077992104,2.653714446068302,2.757369564995272,19.78698289196473,1.4863645459990948,-0.12740794667511768,-0.10365511892696988,18.300618345965635,13.312335083089891,low,weak α=2.0 (99% in first 3)
ar_sigma0.75_weak_sparse_a2.0,39,39,ar,100,500,0.75,3.0,weak_sparse,2.0,10,3,1.0,0.8450879387313912,cocolasso_max,reweighted_frobenius,4.314169398985259,4.430172372273329,2.8928191888693098,2.9893185161418234,18.0275813130429,1.32625892595388,-0.11600297328807052,-0.09649932727251365,16.70132238708902,13.592806774195315,low,weak α=2.0 (99% in first 3)
ar_sigma0.75_weak_sparse_a2.0,40,40,ar,100,500,0.75,3.0,weak_sparse,2.0,10,3,1.0,0.8450879387313912,cocolasso_max,reweighted_frobenius,4.500403046700417,4.519550485799704,3.071987583127904,3.0883943546021126,20.15331434109248,1.4840376360225491,-0.019147439099286956,-0.016406771474208437,18.66927670506993,13.580056092853875,low,weak α=2.0 (99% in first 3)
ar_sigma0.75_weak_sparse_a2.0,41,41,ar,100,500,0.75,3.0,weak_sparse,2.0,10,3,1.0,0.8450879387313912,cocolasso_max,reweighted_frobenius,4.009631295678743,4.0577300974063695,2.629004939556909,2.668077629674167,21.40440253599081,1.791551622969564,-0.04809880172762604,-0.039072690117258,19.612850913021244,11.94741042432939,low,weak α=2.0 (99% in first 3)
ar_sigma0.75_weak_sparse_a2.0,42,42,ar,100,500,0.75,3.0,weak_sparse,2.0,10,3,1.0,0.8450879387313912,cocolasso_max,reweighted_frobenius,7.0827485627570095,7.155579531518865,5.280576235729247,5.3446768644779405,21.913695517927408,1.5471771330339834,-0.07283096876185535,-0.06410062874869382,20.366518384893425,14.163663002797287,low,weak α=2.0 (99% in first 3)
ar_sigma0.75_weak_sparse_a2.0,43,43,ar,100,500,0.75,3.0,weak_sparse,2.0,10,3,1.0,0.8450879387313912,cocolasso_max,reweighted_frobenius,3.944706804659565,3.865451175621203,2.522749237399874,2.48204083328271,17.828793026972562,1.5539029440260492,0.0792556290383617,0.04070840411716414,16.274890082946513,11.473556373334013,low,weak α=2.0 (99% in first 3)
ar_sigma0.75_weak_sparse_a2.0,44,44,ar,100,500,0.75,3.0,weak_sparse,2.0,10,3,1.0,0.8450879387313912,cocolasso_max,reweighted_frobenius,3.814889020656859,3.787663199636537,2.4732125330078305,2.4487589151530367,19.9516821319703,1.5628927680081688,0.027225821020322005,0.02445361785479383,18.388789363962132,12.765867588854324,low,weak α=2.0 (99% in first 3)
ar_sigma0.75_weak_sparse_a2.0,45,45,ar,100,500,0.75,3.0,weak_sparse,2.0,10,3,1.0,0.8450879387313912,cocolasso_max,reweighted_frobenius,5.30321701785547,5.340114902880603,3.7305927888510015,3.7619374976803015,21.09674125595484,1.6180166629492303,-0.036897885025132915,-0.03134470882929996,19.47872459300561,13.03864276496441,low,weak α=2.0 (99% in first 3)
ar_sigma0.75_weak_sparse_a2.0,46,46,ar,100,500,0.75,3.0,weak_sparse,2.0,10,3,1.0,0.8450879387313912,cocolasso_max,reweighted_frobenius,1.805804577564452,1.8689337263244103,0.9949247020210996,1.0358762292014332,21.76287063001655,1.4777285529999062,-0.06312914875995834,-0.04095152718033357,20.285142077016644,14.727245126201423,low,weak α=2.0 (99% in first 3)
ar_sigma0.75_weak_sparse_a2.0,47,47,ar,100,500,0.75,3.0,weak_sparse,2.0,10,3,1.0,0.8450879387313912,cocolasso_max,reweighted_frobenius,3.4864751349171788,3.340539802036712,2.187626129157759,2.069265382154745,19.463987358030863,1.3514599399641156,0.1459353328804669,0.11836074700301413,18.112527418066747,14.402193348437452,low,weak α=2.0 (99% in first 3)
ar_sigma0.75_weak_sparse_a2.0,48,48,ar,100,500,0.75,3.0,weak_sparse,2.0,10,3,1.0,0.8450879387313912,cocolasso_max,reweighted_frobenius,5.050373758720648,5.11423719853379,3.4952169385751723,3.549043869794747,18.47784833004698,1.51409821404377,-0.0638634398131428,-0.053826931219574714,16.96375011600321,12.203863764357376,low,weak α=2.0 (99% in first 3)
ar_sigma0.75_weak_sparse_a2.0,49,49,ar,100,500,0.75,3.0,weak_sparse,2.0,10,3,1.0,0.8450879387313912,cocolasso_max,reweighted_frobenius,3.239396033044563,3.215460406847422,2.030649549581278,2.011636932222371,20.636857317993417,1.4687187930103391,0.023935626197140625,0.019012617358907136,19.16813852498308,14.050924803444074,low,weak α=2.0 (99% in first 3)
ar_sigma0.75_weak_sparse_a2.0,50,50,ar,100,500,0.75,3.0,weak_sparse,2.0,10,3,1.0,0.8450879387313912,cocolasso_max,reweighted_frobenius,5.37208721782072,5.484441884247657,3.7896162355026446,3.8855964693717935,21.994030322995968,1.3008899670094252,-0.11235466642693659,-0.09598023386914889,20.693140355986543,16.90691056181896,low,weak α=2.0 (99% in first 3)
ar_sigma0.75_weak_sparse_a2.0,51,51,ar,100,500,0.75,3.0,weak_sparse,2.0,10,3,1.0,0.8450879387313912,cocolasso_max,reweighted_frobenius,4.39144518043112,4.406567267662763,2.9626339978387644,2.975885557894557,21.54270213493146,1.4117803770350292,-0.0151220872316431,-0.013251560055792755,20.13092175789643,15.259244628526906,low,weak α=2.0 (99% in first 3)
ar_sigma0.75_weak_sparse_a2.0,52,52,ar,100,500,0.75,3.0,weak_sparse,2.0,10,3,1.0,0.8450879387313912,cocolasso_max,reweighted_frobenius,6.4012548899489765,6.44929695941156,4.665569125927419,4.706439942782726,18.801635661977343,1.4386453210026957,-0.048042069462583825,-0.04087081685530691,17.362990340974648,13.068986071475301,low,weak α=2.0 (99% in first 3)
ar_sigma0.75_weak_sparse_a2.0,53,53,ar,100,500,0.75,3.0,weak_sparse,2.0,10,3,1.0,0.8450879387313912,cocolasso_max,reweighted_frobenius,3.208120313382227,3.2706515009053567,1.9674639140277683,2.017014071467268,18.59218057699036,1.6258550430065952,-0.0625311875231298,-0.049550157439499865,16.966325533983763,11.435324850737594,low,weak α=2.0 (99% in first 3)
ar_sigma0.75_weak_sparse_a2.0,54,54,ar,100,500,0.75,3.0,weak_sparse,2.0,10,3,1.0,0.8450879387313912,cocolasso_max,reweighted_frobenius,4.298370400189516,4.26715998452375,2.867982566576253,2.84215854256152,20.96315141802188,1.28141770104412,0.031210415665766433,0.025824024014732938,19.68173371697776,16.359342781780494,low,weak α=2.0 (99% in first 3)
ar_sigma0.75_weak_sparse_a2.0,55,55,ar,100,500,0.75,3.0,weak_sparse,2.0,10,3,1.0,0.8450879387313912,cocolasso_max,reweighted_frobenius,4.503792026937559,4.524075694931417,3.017332913285474,3.0304706912131385,21.41663112200331,1.591619982966222,-0.0202836679938585,-0.013137777927664462,19.825011139037088,13.455869712121993,low,weak α=2.0 (99% in first 3)
ar_sigma0.75_weak_sparse_a2.0,56,56,ar,100,500,0.75,3.0,weak_sparse,2.0,10,3,1.0,0.8450879387313912,cocolasso_max,reweighted_frobenius,3.579448108661337,3.6377632064743577,2.2708771537148715,2.3179745447804128,20.78014503896702,1.607435094018001,-0.05831509781302069,-0.04709739106554123,19.17270994494902,12.927517332612318,low,weak α=2.0 (99% in first 3)
ar_sigma0.75_weak_sparse_a2.0,57,57,ar,100,500,0.75,3.0,weak_sparse,2.0,10,3,1.0,0.8450879387313912,cocolasso_max,reweighted_frobenius,4.488076558855224,4.426460500553696,3.0329449358426066,2.9792870553289106,17.969850247958675,1.5224930950207636,0.06161605830152794,0.05365788051369602,16.44735715293791,11.802910835345106,low,weak α=2.0 (99% in first 3)
ar_sigma0.75_weak_sparse_a2.0,58,58,ar,100,500,0.75,3.0,weak_sparse,2.0,10,3,1.0,0.8450879387313912,cocolasso_max,reweighted_frobenius,4.72138868725849,4.566221829577064,3.256914042253632,3.126489799427828,19.88099360000342,1.6368718150188215,0.15516685768142668,0.130424242825804,18.2441217849846,12.145724190244438,low,weak α=2.0 (99% in first 3)
ar_sigma0.75_weak_sparse_a2.0,59,59,ar,100,500,0.75,3.0,weak_sparse,2.0,10,3,1.0,0.8450879387313912,cocolasso_max,reweighted_frobenius,4.478024845409581,4.341531239552445,3.0275926526252124,2.913193603416467,21.34388569998555,1.3470694129937328,0.13649360585713577,0.11439904920874522,19.996816286991816,15.844681420351462,low,weak α=2.0 (99% in first 3)
ar_sigma0.75_weak_sparse_a2.0,60,60,ar,100,500,0.75,3.0,weak_sparse,2.0,10,3,1.0,0.8450879387313912,cocolasso_max,reweighted_frobenius,4.260710406305774,4.275880029242184,2.827367386972941,2.839901342382837,19.15123942203354,1.6035362359834835,-0.015169622936409333,-0.012533955409895992,17.547703186050057,11.943128563158208,low,weak α=2.0 (99% in first 3)
ar_sigma0.75_weak_sparse_a2.0,61,61,ar,100,500,0.75,3.0,weak_sparse,2.0,10,3,1.0,0.8450879387313912,cocolasso_max,reweighted_frobenius,5.091188661987565,5.094782395106808,3.520550276942068,3.5228070292439857,19.893284269957803,1.6679538319585845,-0.0035937331192430477,-0.002256752301917686,18.22533043799922,11.926759535423255,low,weak α=2.0 (99% in first 3)
ar_sigma0.75_weak_sparse_a2.0,62,62,ar,100,500,0.75,3.0,weak_sparse,2.0,10,3,1.0,0.8450879387313912,cocolasso_max,reweighted_frobenius,2.457263446868247,2.549333198604204,1.430003183710347,1.495986607317908,20.202290513087064,1.470502496988047,-0.092069751735957,-0.06598342360756093,18.731788016099017,13.738358523339032,low,weak α=2.0 (99% in first 3)
ar_sigma0.75_weak_sparse_a2.0,63,63,ar,100,500,0.75,3.0,weak_sparse,2.0,10,3,1.0,0.8450879387313912,cocolasso_max,reweighted_frobenius,3.1943063399358294,3.304460331642443,1.956672358312329,2.0445493513819577,18.95781331695616,1.973354046989698,-0.11015399170661366,-0.0878769930696286,16.98445926996646,9.606899150142787,low,weak α=2.0 (99% in first 3)
ar_sigma0.75_weak_sparse_a2.0,64,64,ar,100,500,0.75,3.0,weak_sparse,2.0,10,3,1.0,0.8450879387313912,cocolasso_max,reweighted_frobenius,6.239177215859511,6.180404329031993,4.550115225075964,4.498008720800588,20.050525268074125,1.6055485770339146,0.058772886827518356,0.05210650427537633,18.44497669104021,12.488270710012028,low,weak α=2.0 (99% in first 3)
ar_sigma0.75_weak_sparse_a2.0,65,65,ar,100,500,0.75,3.0,weak_sparse,2.0,10,3,1.0,0.8450879387313912,cocolasso_max,reweighted_frobenius,2.497782456939168,2.509554264758661,1.4017935017323369,1.410257260468252,20.337151761050336,1.2536950929788873,-0.011771807819493052,-0.008463758735915095,19.08345666807145,16.22176865407323,low,weak α=2.0 (99% in first 3)
ar_sigma0.75_weak_sparse_a2.0,66,66,ar,100,500,0.75,3.0,weak_sparse,2.0,10,3,1.0,0.8450879387313912,cocolasso_max,reweighted_frobenius,4.624757439390366,4.589861670947729,3.161906241220391,3.131841530300838,20.563196526025425,1.4571022200398147,0.03489576844263631,0.030064710919552873,19.10609430598561,14.112391185200133,low,weak α=2.0 (99% in first 3)
ar_sigma0.75_weak_sparse_a2.0,67,67,ar,100,500,0.75,3.0,weak_sparse,2.0,10,3,1.0,0.8450879387313912,cocolasso_max,reweighted_frobenius,7.178684598905482,7.2350605629399505,5.339111964068108,5.387778477445987,20.684507137048055,1.4568922870093957,-0.05637596403446832,-0.04866651337787875,19.22761485003866,14.197691429548119,low,weak α=2.0 (99% in first 3)
ar_sigma0.75_weak_sparse_a2.0,68,68,ar,100,500,0.75,3.0,weak_sparse,2.0,10,3,1.0,0.8450879387313912,cocolasso_max,reweighted_frobenius,4.622062447454571,4.531738662762524,3.1393218261076257,3.0624424306561475,20.58167285192758,1.5130946679855697,0.09032378469204705,0.07687939545147815,19.06857818394201,13.60236955915561,low,weak α=2.0 (99% in first 3)
ar_sigma0.75_weak_sparse_a2.0,69,69,ar,100,500,0.75,3.0,weak_sparse,2.0,10,3,1.0,0.8450879387313912,cocolasso_max,reweighted_frobenius,4.517246963780976,4.417272292746275,3.0533945833349034,2.969057956541321,20.160160023951903,1.4132228530361317,0.09997467103470115,0.08433662679358234,18.74693717091577,14.265379292898025,low,weak α=2.0 (99% in first 3)
ar_sigma0.75_weak_sparse_a2.0,70,70,ar,100,500,0.75,3.0,weak_sparse,2.0,10,3,1.0,0.8450879387313912,cocolasso_max,reweighted_frobenius,4.331981680450121,4.275730373237121,2.897775464065725,2.850509722563239,21.00410543999169,1.5654555180226453,0.05625130721300042,0.04726574150248597,19.438649921969045,13.417248333266185,low,weak α=2.0 (99% in first 3)
ar_sigma0.75_weak_sparse_a2.0,71,71,ar,100,500,0.75,3.0,weak_sparse,2.0,10,3,1.0,0.8450879387313912,cocolasso_max,reweighted_frobenius,3.406867230039148,3.4074315509699606,2.228017650735296,2.2224875205159518,21.54261705593672,1.6921118960017338,-0.0005643209308128228,0.005530130219344009,19.850505159934986,12.731201232518636,low,weak α=2.0 (99% in first 3)
ar_sigma0.75_weak_sparse_a2.0,72,72,ar,100,500,0.75,3.0,weak_sparse,2.0,10,3,1.0,0.8450879387313912,cocolasso_max,reweighted_frobenius,7.946583952638621,7.811745758566887,6.039564375844896,5.918198271371447,21.43650301010348,1.701732388988603,0.13483819407173403,0.12136610447344864,19.734770621114876,12.596870782276124,low,weak α=2.0 (99% in first 3)
ar_sigma0.75_weak_sparse_a2.0,73,73,ar,100,500,0.75,3.0,weak_sparse,2.0,10,3,1.0,0.8450879387313912,cocolasso_max,reweighted_frobenius,5.3131635500653,5.383610761330431,3.7174163395145072,3.7778075663577577,18.351005301927216,1.0766647480195388,-0.07044721126513043,-0.06039122684325049,17.274340553907678,17.044307743596885,low,weak α=2.0 (99% in first 3)
ar_sigma0.75_weak_sparse_a2.0,74,74,ar,100,500,0.75,3.0,weak_sparse,2.0,10,3,1.0,0.8450879387313912,cocolasso_max,reweighted_frobenius,1.9136524835645068,1.987962855421936,0.978500048717438,1.0309024974344367,20.340305356075987,1.613267145003192,-0.07431037185742917,-0.05240244871699873,18.727038211072795,12.608144546348983,low,weak α=2.0 (99% in first 3)
ar_sigma0.75_weak_sparse_a2.0,75,75,ar,100,500,0.75,3.0,weak_sparse,2.0,10,3,1.0,0.8450879387313912,cocolasso_max,reweighted_frobenius,3.625347628956497,3.763075547043983,2.3583964448385526,2.472832234740064,21.740064120967872,1.7098796070204116,-0.13772791808748597,-0.1144357899015116,20.03018451394746,12.714382949365366,low,weak α=2.0 (99% in first 3)
ar_sigma0.75_weak_sparse_a2.0,76,76,ar,100,500,0.75,3.0,weak_sparse,2.0,10,3,1.0,0.8450879387313912,cocolasso_max,reweighted_frobenius,2.0759797352675853,2.2816424113072444,1.0826914050758432,1.2352350214190235,22.136979334056377,0.7121175490319729,-0.20566267603965915,-0.15254361634318037,21.424861785024405,31.086130884077487,low,weak α=2.0 (99% in first 3)
ar_sigma0.75_weak_sparse_a2.0,77,77,ar,100,500,0.75,3.0,weak_sparse,2.0,10,3,1.0,0.8450879387313912,cocolasso_max,reweighted_frobenius,4.383608598414446,4.365917294255141,2.972715727315151,2.9579135920285555,17.95117410493549,1.629528610035777,0.017691304159304977,0.014802135286595686,16.321645494899713,11.016176085758545,low,weak α=2.0 (99% in first 3)
ar_sigma0.75_weak_sparse_a2.0,78,78,ar,100,500,0.75,3.0,weak_sparse,2.0,10,3,1.0,0.8450879387313912,cocolasso_max,reweighted_frobenius,5.155810263178397,5.197189609026371,3.614682715469813,3.649499558089132,20.699381627957337,1.6922234250232575,-0.041379345847974314,-0.034816842619318944,19.00715820293408,12.232061867169135,low,weak α=2.0 (99% in first 3)
ar_sigma0.75_weak_sparse_a2.0,79,79,ar,100,500,0.75,3.0,weak_sparse,2.0,10,3,1.0,0.8450879387313912,cocolasso_max,reweighted_frobenius,4.735692512534532,4.803394820995189,3.251474783305119,3.3090686484992613,21.214782060007565,1.6051206879783422,-0.06770230846065672,-0.057593865194142335,19.609661372029223,13.216938899920162,low,weak α=2.0 (99% in first 3)
ar_sigma0.75_weak_sparse_a2.0,80,80,ar,100,500,0.75,3.0,weak_sparse,2.0,10,3,1.0,0.8450879387313912,cocolasso_max,reweighted_frobenius,2.252377466567027,2.228936626966332,1.2353045079424092,1.2178182399172006,21.96744145604316,1.5612325739930384,0.023440839600694652,0.017486268025208584,20.406208882050123,14.07057591673149,low,weak α=2.0 (99% in first 3)
ar_sigma0.75_weak_sparse_a2.0,81,81,ar,100,500,0.75,3.0,weak_sparse,2.0,10,3,1.0,0.8450879387313912,cocolasso_max,reweighted_frobenius,5.868979123943388,5.826526979910744,4.256830673622645,4.219113007397974,19.43329799093772,1.3013253710232675,0.04245214403264441,0.037717666224670765,18.131972619914453,14.93346585232315,low,weak α=2.0 (99% in first 3)
ar_sigma0.75_weak_sparse_a2.0,82,82,ar,100,500,0.75,3.0,weak_sparse,2.0,10,3,1.0,0.8450879387313912,cocolasso_max,reweighted_frobenius,5.345818434861123,5.365181141005492,3.7402015775939104,3.756727643789424,19.403766332077797,1.3253447170136496,-0.019362706144369746,-0.016526066195513778,18.078421615064148,14.640543009670411,low,weak α=2.0 (99% in first 3)
ar_sigma0.75_weak_sparse_a2.0,83,83,ar,100,500,0.75,3.0,weak_sparse,2.0,10,3,1.0,0.8450879387313912,cocolasso_max,reweighted_frobenius,5.64640066369804,5.631543075310032,4.0262578216340765,4.013085500909185,21.162001081975177,1.5573335259687155,0.014857588388008658,0.01317232072489194,19.60466755600646,13.588612027607688,low,weak α=2.0 (99% in first 3)
ar_sigma0.75_weak_sparse_a2.0,84,84,ar,100,500,0.75,3.0,weak_sparse,2.0,10,3,1.0,0.8450879387313912,cocolasso_max,reweighted_frobenius,5.024813047070162,4.974617501810227,3.514587282400264,3.4708105577619865,22.220432917005382,1.3065514390473254,0.050195545259934526,0.04377672463827764,20.913881477958057,17.006933101085906,low,weak α=2.0 (99% in first 3)
ar_sigma0.75_weak_sparse_a2.0,85,85,ar,100,500,0.75,3.0,weak_sparse,2.0,10,3,1.0,0.8450879387313912,cocolasso_max,reweighted_frobenius,6.115701896540078,6.090344780921393,4.434755086986067,4.411815062120504,22.147845347994007,1.4817134219920265,0.025357115618684922,0.022940024865563124,20.66613192600198,14.947455438595055,low,weak α=2.0 (99% in first 3)
ar_sigma0.75_weak_sparse_a2.0,86,86,ar,100,500,0.75,3.0,weak_sparse,2.0,10,3,1.0,0.8450879387313912,cocolasso_max,reweighted_frobenius,3.40686723657147,3.286696442853913,2.1391292071813544,2.041348643441849,18.145169007009827,1.35531476495089,0.1201707937175569,0.0977805637395055,16.789854242058937,13.388158585926213,low,weak α=2.0 (99% in first 3)
ar_sigma0.75_weak_sparse_a2.0,87,87,ar,100,500,0.75,3.0,weak_sparse,2.0,10,3,1.0,0.8450879387313912,cocolasso_max,reweighted_frobenius,2.770822908268539,2.9013855469226115,1.6146251809515428,1.7168665961286556,20.11927212891169,1.4657682679826394,-0.13056263865407258,-0.10224141517711272,18.65350386092905,13.7260933862364,low,weak α=2.0 (99% in first 3)
ar_sigma0.75_weak_sparse_a2.0,88,88,ar,100,500,0.75,3.0,weak_sparse,2.0,10,3,1.0,0.8450879387313912,cocolasso_max,reweighted_frobenius,6.225418927755452,6.378748947186643,4.509278685465105,4.642085422595316,21.342630078084767,1.6672517000115477,-0.1533300194311904,-0.13280673713021063,19.67537837807322,12.80108461004235,low,weak α=2.0 (99% in first 3)
ar_sigma0.75_weak_sparse_a2.0,89,89,ar,100,500,0.75,3.0,weak_sparse,2.0,10,3,1.0,0.8450879387313912,cocolasso_max,reweighted_frobenius,3.436657619673213,3.412643412934804,2.151593718250844,2.131558840629174,21.891628514043987,1.4054170029703528,0.024014206738408816,0.02003487762166989,20.486211511073634,15.57660713352405,low,weak α=2.0 (99% in first 3)
ar_sigma0.75_weak_sparse_a2.0,90,90,ar,100,500,0.75,3.0,weak_sparse,2.0,10,3,1.0,0.8450879387313912,cocolasso_max,reweighted_frobenius,5.19430416317936,5.109901480450984,3.643519221866673,3.570288197898487,20.0729728450533,1.5560181280015968,0.08440268272837592,0.07323102396818593,18.516954717051703,12.900217859822197,low,weak α=2.0 (99% in first 3)
ar_sigma0.75_weak_sparse_a2.0,91,91,ar,100,500,0.75,3.0,weak_sparse,2.0,10,3,1.0,0.8450879387313912,cocolasso_max,reweighted_frobenius,5.575283541010445,5.550001181022005,3.949767355250192,3.92702521795934,18.83480671897996,1.5693438759772107,0.02528235998843975,0.02274213729085206,17.265462843002748,12.001707852112247,low,weak α=2.0 (99% in first 3)
ar_sigma0.75_weak_sparse_a2.0,92,92,ar,100,500,0.75,3.0,weak_sparse,2.0,10,3,1.0,0.8450879387313912,cocolasso_max,reweighted_frobenius,5.02700949489029,4.973359547451874,3.5166351228609387,3.47208059978061,20.972337329993024,1.4067437630146742,0.05364994743841578,0.04455452308032859,19.56559356697835,14.908427448826197,low,weak α=2.0 (99% in first 3)
ar_sigma0.75_weak_sparse_a2.0,93,93,ar,100,500,0.75,3.0,weak_sparse,2.0,10,3,1.0,0.8450879387313912,cocolasso_max,reweighted_frobenius,5.653862420972932,5.570375268169365,4.010450568104463,3.938895867293802,21.686114001087844,1.4911200139904397,0.083487152803567,0.07155470081066051,20.194993987097405,14.543506758421717,low,weak α=2.0 (99% in first 3)
ar_sigma0.75_weak_sparse_a2.0,94,94,ar,100,500,0.75,3.0,weak_sparse,2.0,10,3,1.0,0.8450879387313912,cocolasso_max,reweighted_frobenius,5.007800246120529,4.990266776435356,3.476283464864055,3.460820756641818,19.23010120296385,1.3735969869885594,0.017533469685172776,0.01546270822223672,17.856504215975292,13.999813180373566,low,weak α=2.0 (99% in first 3)
ar_sigma0.75_weak_sparse_a2.0,95,95,ar,100,500,0.75,3.0,weak_sparse,2.0,10,3,1.0,0.8450879387313912,cocolasso_max,reweighted_frobenius,3.5993796530629805,3.5115463627023025,2.284280525595713,2.2118130577496733,20.57514089695178,1.4432239700108769,0.087833290360678,0.07246746784603975,19.131916926940903,14.256374148772428,low,weak α=2.0 (99% in first 3)
ar_sigma0.75_weak_sparse_a2.0,96,96,ar,100,500,0.75,3.0,weak_sparse,2.0,10,3,1.0,0.8450879387313912,cocolasso_max,reweighted_frobenius,2.9223028697579743,2.760260033475554,1.747559771965526,1.6190860184088365,19.996114189969376,1.3800838919705711,0.16204283628242022,0.12847375355668955,18.616030297998805,14.489057010452935,low,weak α=2.0 (99% in first 3)
ar_sigma0.75_weak_sparse_a2.0,97,97,ar,100,500,0.75,3.0,weak_sparse,2.0,10,3,1.0,0.8450879387313912,cocolasso_max,reweighted_frobenius,5.517062853743003,5.607016971357719,3.890167941943007,3.967152936507575,19.47144118102733,1.2227317279903218,-0.08995411761471672,-0.07698499456456798,18.24870945303701,15.92454071101151,low,weak α=2.0 (99% in first 3)
ar_sigma0.75_weak_sparse_a2.0,98,98,ar,100,500,0.75,3.0,weak_sparse,2.0,10,3,1.0,0.8450879387313912,cocolasso_max,reweighted_frobenius,3.885794690448671,3.903471241522572,2.5563119606739124,2.571297634737891,20.06936461199075,1.676918697950896,-0.01767655107390098,-0.01498567406397866,18.392445914039854,11.968000974951515,low,weak α=2.0 (99% in first 3)
ar_sigma0.75_weak_sparse_a2.0,99,99,ar,100,500,0.75,3.0,weak_sparse,2.0,10,3,1.0,0.8450879387313912,cocolasso_max,reweighted_frobenius,4.5277526494547065,4.422342586320434,3.0565604269478053,2.96727142181886,20.34076968592126,1.310238470963668,0.10541006313427204,0.08928900512894522,19.03053121495759,15.524479044613011,low,weak α=2.0 (99% in first 3)
ar_sigma1.0_datta_zhang,0,0,ar,100,500,1.0,3.0,datta_zhang,1.0,10,3,1.0,2.361111111111111,cocolasso_max,reweighted_frobenius,8.804057356219085,8.697062864141163,9.820854077119476,9.650863994035824,15.473775506019592,1.4361372099956498,0.10699449207792178,0.16999008308365227,14.037638296023943,10.774580171254295,medium,datta_zhang (exactly 3-sparse)
ar_sigma1.0_datta_zhang,1,1,ar,100,500,1.0,3.0,datta_zhang,1.0,10,3,1.0,2.361111111111111,cocolasso_max,reweighted_frobenius,5.969581508859283,5.699291889461866,7.678852565578419,7.385957729536855,17.383035251987167,1.303570793999825,0.2702896193974178,0.2928948360415635,16.079464457987342,13.334937643585702,medium,datta_zhang (exactly 3-sparse)
ar_sigma1.0_datta_zhang,2,2,ar,100,500,1.0,3.0,datta_zhang,1.0,10,3,1.0,2.361111111111111,cocolasso_max,reweighted_frobenius,12.140093328084102,12.313879929204116,15.347806560750486,15.349915360517643,16.470521524955984,1.482964593975339,-0.17378660112001398,-0.0021087997671571657,14.987556930980645,11.10648331852883,medium,datta_zhang (exactly 3-sparse)
ar_sigma1.0_datta_zhang,3,3,ar,100,500,1.0,3.0,datta_zhang,1.0,10,3,1.0,2.361111111111111,cocolasso_max,reweighted_frobenius,5.182457283347435,4.798792443079222,5.932886095332459,5.442124766879935,18.306166505033616,1.678292597993277,0.3836648402682128,0.49076132845252385,16.62787390704034,10.907613205779597,medium,datta_zhang (exactly 3-sparse)
ar_sigma1.0_datta_zhang,4,4,ar,100,500,1.0,3.0,datta_zhang,1.0,10,3,1.0,2.361111111111111,cocolasso_max,reweighted_frobenius,8.5286664915608,8.424658060040905,11.208623316118643,11.011187484156968,18.21775345900096,1.5344397249864414,0.1040084315198957,0.19743583196167513,16.68331373401452,11.872576786398003,medium,datta_zhang (exactly 3-sparse)
ar_sigma1.0_datta_zhang,5,5,ar,100,500,1.0,3.0,datta_zhang,1.0,10,3,1.0,2.361111111111111,cocolasso_max,reweighted_frobenius,6.476136427618735,6.258458759632301,7.18806706569122,6.763832940423795,18.18224323500181,1.4630485440138727,0.2176776679864343,0.4242341252674251,16.719194690987937,12.427641795889313,medium,datta_zhang (exactly 3-sparse)
ar_sigma1.0_datta_zhang,6,6,ar,100,500,1.0,3.0,datta_zhang,1.0,10,3,1.0,2.361111111111111,cocolasso_max,reweighted_frobenius,4.808624296511341,4.67933205015499,5.321631760355347,5.002626125223712,17.932462669967208,1.480472378025297,0.12929224635635084,0.31900563513163505,16.45199029194191,12.112662779893347,medium,datta_zhang (exactly 3-sparse)
ar_sigma1.0_datta_zhang,7,7,ar,100,500,1.0,3.0,datta_zhang,1.0,10,3,1.0,2.361111111111111,cocolasso_max,reweighted_frobenius,10.76211706861608,10.809693602616283,10.167641086989132,9.903137447232211,17.317884185991716,1.3973568070214242,-0.04757653400020345,0.2645036397569207,15.920527378970291,12.393315793770775,medium,datta_zhang (exactly 3-sparse)
ar_sigma1.0_datta_zhang,8,8,ar,100,500,1.0,3.0,datta_zhang,1.0,10,3,1.0,2.361111111111111,cocolasso_max,reweighted_frobenius,8.637949366145119,8.494792217753659,9.201154539735567,8.971526261717264,15.496532862016466,1.1480946879601106,0.14315714839145954,0.22962827801830343,14.348438174056355,13.497608711656087,medium,datta_zhang (exactly 3-sparse)
ar_sigma1.0_datta_zhang,9,9,ar,100,500,1.0,3.0,datta_zhang,1.0,10,3,1.0,2.361111111111111,cocolasso_max,reweighted_frobenius,7.327642539622568,7.034954368312089,10.360882668985916,9.96261601467288,15.689719835994763,1.2414994709542952,0.29268817131047875,0.3982666543130353,14.448220365040468,12.637717697885646,medium,datta_zhang (exactly 3-sparse)
ar_sigma1.0_datta_zhang,10,10,ar,100,500,1.0,3.0,datta_zhang,1.0,10,3,1.0,2.361111111111111,cocolasso_max,reweighted_frobenius,4.605069694595235,3.7163424449952713,6.0102827861672194,4.810284896748626,15.861736740043852,1.5441967259976082,0.8887272495999636,1.1999978894185936,14.317540014046244,10.271836789316195,medium,datta_zhang (exactly 3-sparse)
ar_sigma1.0_datta_zhang,11,11,ar,100,500,1.0,3.0,datta_zhang,1.0,10,3,1.0,2.361111111111111,cocolasso_max,reweighted_frobenius,6.692895580078762,6.514607989630411,9.207731652819184,8.960192488462692,15.640061918995343,1.6708694680128249,0.17828759044835074,0.2475391643564926,13.969192450982518,9.360433126829568,medium,datta_zhang (exactly 3-sparse)
ar_sigma1.0_datta_zhang,12,12,ar,100,500,1.0,3.0,datta_zhang,1.0,10,3,1.0,2.361111111111111,cocolasso_max,reweighted_frobenius,5.671027142567058,5.052642427862096,6.658876579899203,6.027457964555531,15.817684089008251,1.6726477770134809,0.6183847147049626,0.631418615343672,14.14503631199477,9.456673608385614,medium,datta_zhang (exactly 3-sparse)
ar_sigma1.0_datta_zhang,13,13,ar,100,500,1.0,3.0,datta_zhang,1.0,10,3,1.0,2.361111111111111,cocolasso_max,reweighted_frobenius,9.141264172603996,8.813227449298024,11.124617264593706,10.608479055086704,16.34762179898098,1.8472403149935417,0.32803672330597244,0.5161382095070017,14.50038148398744,8.849753692733875,medium,datta_zhang (exactly 3-sparse)
ar_sigma1.0_datta_zhang,14,14,ar,100,500,1.0,3.0,datta_zhang,1.0,10,3,1.0,2.361111111111111,cocolasso_max,reweighted_frobenius,7.098118059650001,6.785102312363305,9.622950937139908,9.195354028725507,15.808993685990572,1.5253914219792932,0.3130157472866957,0.4275969084144009,14.283602264011279,10.363893134705968,medium,datta_zhang (exactly 3-sparse)
ar_sigma1.0_datta_zhang,15,15,ar,100,500,1.0,3.0,datta_zhang,1.0,10,3,1.0,2.361111111111111,cocolasso_max,reweighted_frobenius,6.897655298491547,6.535218403926783,8.807804200750612,8.337444199890982,15.966607378039043,1.6850969369988889,0.36243689456476424,0.47036000085963003,14.281510441040155,9.47518628006952,medium,datta_zhang (exactly 3-sparse)
ar_sigma1.0_datta_zhang,16,16,ar,100,500,1.0,3.0,datta_zhang,1.0,10,3,1.0,2.361111111111111,cocolasso_max,reweighted_frobenius,8.107397538390543,7.897201238125112,9.191681672944233,8.835647117961145,15.672813376004342,1.7843612599535843,0.210196300265431,0.3560345549830881,13.888452116050757,8.783430647004762,medium,datta_zhang (exactly 3-sparse)
ar_sigma1.0_datta_zhang,17,17,ar,100,500,1.0,3.0,datta_zhang,1.0,10,3,1.0,2.361111111111111,cocolasso_max,reweighted_frobenius,10.08034618578206,10.047175742836313,11.010380872396135,10.814066228998572,15.890095788054168,1.4129177749855444,0.03317044294574778,0.19631464339756377,14.477178013068624,11.246299019924738,medium,datta_zhang (exactly 3-sparse)
ar_sigma1.0_datta_zhang,18,18,ar,100,500,1.0,3.0,datta_zhang,1.0,10,3,1.0,2.361111111111111,cocolasso_max,reweighted_frobenius,8.8404165846158,8.671943545935886,8.96949440585296,8.638674688624311,17.1586355670006,1.81867951300228,0.16847303867991492,0.330819717228648,15.339956053998321,9.43466699015875,medium,datta_zhang (exactly 3-sparse)
ar_sigma1.0_datta_zhang,19,19,ar,100,500,1.0,3.0,datta_zhang,1.0,10,3,1.0,2.361111111111111,cocolasso_max,reweighted_frobenius,5.366877077714317,5.194557331062056,6.566165062943817,6.290132829363715,15.980720517982263,1.628533570037689,0.17231974665226168,0.27603223358010176,14.352186947944574,9.812951241534691,medium,datta_zhang (exactly 3-sparse)
ar_sigma1.0_datta_zhang,20,20,ar,100,500,1.0,3.0,datta_zhang,1.0,10,3,1.0,2.361111111111111,cocolasso_max,reweighted_frobenius,15.130619309426178,15.168429161369904,16.197557878102607,15.897695504793663,16.908041913004126,1.546575301035773,-0.03780985194372555,0.29986237330894383,15.361466611968353,10.932569466019835,medium,datta_zhang (exactly 3-sparse)
ar_sigma1.0_datta_zhang,21,21,ar,100,500,1.0,3.0,datta_zhang,1.0,10,3,1.0,2.361111111111111,cocolasso_max,reweighted_frobenius,3.457827990930172,3.229027879996865,4.321537723466138,3.956374300407316,17.16580044903094,1.4619807180133648,0.2288001109333071,0.36516342305882166,15.703819731017575,11.741468432194477,medium,datta_zhang (exactly 3-sparse)
ar_sigma1.0_datta_zhang,22,22,ar,100,500,1.0,3.0,datta_zhang,1.0,10,3,1.0,2.361111111111111,cocolasso_max,reweighted_frobenius,7.322962256548125,6.930077292843614,9.53426660982186,8.975210416669809,16.856731016014237,1.4042914870078675,0.3928849637045113,0.5590561931520508,15.45243952900637,12.003726556749964,medium,datta_zhang (exactly 3-sparse)
ar_sigma1.0_datta_zhang,23,23,ar,100,500,1.0,3.0,datta_zhang,1.0,10,3,1.0,2.361111111111111,cocolasso_max,reweighted_frobenius,5.044309253785591,4.718407388480038,5.869235642246728,5.387902475465541,16.8013498299988,1.4409175619948655,0.32590186530555254,0.48133316678118643,15.360432268003933,11.660174234213871,medium,datta_zhang (exactly 3-sparse)
ar_sigma1.0_datta_zhang,24,24,ar,100,500,1.0,3.0,datta_zhang,1.0,10,3,1.0,2.361111111111111,cocolasso_max,reweighted_frobenius,8.767134280144635,8.646258994018455,12.069112407642022,11.980497646960966,16.9662397330394,1.3383693509967998,0.12087528612618037,0.08861476068105567,15.627870382042602,12.676799360657183,medium,datta_zhang (exactly 3-sparse)
ar_sigma1.0_datta_zhang,25,25,ar,100,500,1.0,3.0,datta_zhang,1.0,10,3,1.0,2.361111111111111,cocolasso_max,reweighted_frobenius,5.57243753160064,5.077218943124967,6.899531988399462,6.27251496415782,16.394534754974302,1.7111878240248188,0.495218588475673,0.627017024241642,14.683346930949483,9.580792081849525,medium,datta_zhang (exactly 3-sparse)
ar_sigma1.0_datta_zhang,26,26,ar,100,500,1.0,3.0,datta_zhang,1.0,10,3,1.0,2.361111111111111,cocolasso_max,reweighted_frobenius,5.41379957294342,5.032083443650719,6.252455659891823,5.566128205789344,16.09513639798388,1.506324550951831,0.38171612929270093,0.6863274541024795,14.588811847032048,10.685038883428891,medium,datta_zhang (exactly 3-sparse)
ar_sigma1.0_datta_zhang,27,27,ar,100,500,1.0,3.0,datta_zhang,1.0,10,3,1.0,2.361111111111111,cocolasso_max,reweighted_frobenius,5.34068606872414,5.180725262251045,6.268934376909184,5.901526566846877,16.152841295988765,1.6559316989732906,0.1599608064730953,0.36740781006230705,14.496909597015474,9.754533539036565,medium,datta_zhang (exactly 3-sparse)
ar_sigma1.0_datta_zhang,28,28,ar,100,500,1.0,3.0,datta_zhang,1.0,10,3,1.0,2.361111111111111,cocolasso_max,reweighted_frobenius,5.16039603829948,4.649796483898397,6.092953748825902,5.649412912946756,15.925317672023084,1.413516267959494,0.5105995544010824,0.44354083587914594,14.51180140406359,11.266455174946344,medium,datta_zhang (exactly 3-sparse)
ar_sigma1.0_datta_zhang,29,29,ar,100,500,1.0,3.0,datta_zhang,1.0,10,3,1.0,2.361111111111111,cocolasso_max,reweighted_frobenius,10.107893645863324,9.80569953730411,13.975302436791688,13.45069017764108,16.0079670449486,1.4689545310102403,0.302194108559215,0.5246122591506079,14.53901251393836,10.89752385592186,medium,datta_zhang (exactly 3-sparse)
ar_sigma1.0_datta_zhang,30,30,ar,100,500,1.0,3.0,datta_zhang,1.0,10,3,1.0,2.361111111111111,cocolasso_max,reweighted_frobenius,7.918954414113978,7.570992414724409,9.796455494132488,9.381591493155703,16.089723540004343,1.6307974919909611,0.34796199938956907,0.41486400097678455,14.458926048013382,9.866168925953636,medium,datta_zhang (exactly 3-sparse)
ar_sigma1.0_datta_zhang,31,31,ar,100,500,1.0,3.0,datta_zhang,1.0,10,3,1.0,2.361111111111111,cocolasso_max,reweighted_frobenius,5.672530256483158,5.36421014176911,6.543738002109697,6.080529114990181,16.949296923994552,1.6120666859787889,0.3083201147140482,0.46320888711951547,15.337230238015763,10.514017237260598,medium,datta_zhang (exactly 3-sparse)
ar_sigma1.0_datta_zhang,32,32,ar,100,500,1.0,3.0,datta_zhang,1.0,10,3,1.0,2.361111111111111,cocolasso_max,reweighted_frobenius,10.382439973893106,10.296097729311048,13.104659054716084,12.801468153373056,16.654504514997825,1.4977321470505558,0.08634224458205786,0.3031909013430276,15.15677236794727,11.11981508028328,medium,datta_zhang (exactly 3-sparse)
ar_sigma1.0_datta_zhang,33,33,ar,100,500,1.0,3.0,datta_zhang,1.0,10,3,1.0,2.361111111111111,cocolasso_max,reweighted_frobenius,7.291265545299504,6.839496045265151,8.313087853924724,7.766316214369825,16.609367939003278,1.4407119309762493,0.4517695000343531,0.5467716395548994,15.168656008027028,11.528583599462875,medium,datta_zhang (exactly 3-sparse)
ar_sigma1.0_datta_zhang,34,34,ar,100,500,1.0,3.0,datta_zhang,1.0,10,3,1.0,2.361111111111111,cocolasso_max,reweighted_frobenius,6.544377007667871,6.21884025026892,8.57025794980686,8.131001496270825,16.592175402969588,1.3275638680206612,0.32553675739895027,0.4392564535360357,15.264611534948926,12.498212555082404,medium,datta_zhang (exactly 3-sparse)
ar_sigma1.0_datta_zhang,35,35,ar,100,500,1.0,3.0,datta_zhang,1.0,10,3,1.0,2.361111111111111,cocolasso_max,reweighted_frobenius,5.7961113886503135,5.370652048020708,7.345667019958109,6.7702703219828,16.878609148028772,1.676149169972632,0.42545934062960544,0.5753966979753082,15.20245997805614,10.069872926825697,medium,datta_zhang (exactly 3-sparse)
ar_sigma1.0_datta_zhang,36,36,ar,100,500,1.0,3.0,datta_zhang,1.0,10,3,1.0,2.361111111111111,cocolasso_max,reweighted_frobenius,10.285095102202208,10.145091136439488,9.798725021634134,9.55297258287587,18.490452983009163,1.6254649010370483,0.14000396576271967,0.24575243875826303,16.864988081972115,11.375485850978531,medium,datta_zhang (exactly 3-sparse)
ar_sigma1.0_datta_zhang,37,37,ar,100,500,1.0,3.0,datta_zhang,1.0,10,3,1.0,2.361111111111111,cocolasso_max,reweighted_frobenius,8.312302556161642,8.15425682393127,9.50213351531576,9.108499591483987,18.701520939008333,1.4860865319496952,0.15804573223037188,0.3936339238317732,17.215434407058638,12.584409142361697,medium,datta_zhang (exactly 3-sparse)
ar_sigma1.0_datta_zhang,38,38,ar,100,500,1.0,3.0,datta_zhang,1.0,10,3,1.0,2.361111111111111,cocolasso_max,reweighted_frobenius,6.412991998184024,6.396654440358008,8.872246164501252,8.872057614032006,18.836414402991068,1.594093520019669,0.016337557826016536,0.0001885504692467066,17.2423208829714,11.816379758421357,medium,datta_zhang (exactly 3-sparse)
ar_sigma1.0_datta_zhang,39,39,ar,100,500,1.0,3.0,datta_zhang,1.0,10,3,1.0,2.361111111111111,cocolasso_max,reweighted_frobenius,7.102525411354711,7.036844172014877,8.180990984678006,8.00324876252771,19.7464954740135,1.488476418016944,0.06568123933983383,0.17774222215029667,18.258019055996556,13.266246770856611,medium,datta_zhang (exactly 3-sparse)
ar_sigma1.0_datta_zhang,40,40,ar,100,500,1.0,3.0,datta_zhang,1.0,10,3,1.0,2.361111111111111,cocolasso_max,reweighted_frobenius,6.9835442426619885,6.80251890043364,8.368301161467393,8.01230800459567,20.134683842014056,1.5083961550262757,0.18102534222834876,0.3559931568717225,18.62628768698778,13.348405705570972,medium,datta_zhang (exactly 3-sparse)
ar_sigma1.0_datta_zhang,41,41,ar,100,500,1.0,3.0,datta_zhang,1.0,10,3,1.0,2.361111111111111,cocolasso_max,reweighted_frobenius,6.674262158379815,6.363163321145475,9.34201571834643,8.942736236227308,21.89768881897908,1.5021944079780951,0.31109883723433995,0.39927948211912145,20.395494411000985,14.577133760238569,medium,datta_zhang (exactly 3-sparse)
ar_sigma1.0_datta_zhang,42,42,ar,100,500,1.0,3.0,datta_zhang,1.0,10,3,1.0,2.361111111111111,cocolasso_max,reweighted_frobenius,10.29024152017804,9.837765693479064,12.561837210811982,12.02433965505228,23.25978086097166,1.5763883730396628,0.4524758266989757,0.5374975557597015,21.683392487931997,14.75510810582871,medium,datta_zhang (exactly 3-sparse)
ar_sigma1.0_datta_zhang,43,43,ar,100,500,1.0,3.0,datta_zhang,1.0,10,3,1.0,2.361111111111111,cocolasso_max,reweighted_frobenius,8.467635993658622,8.241075289657608,8.095607655968552,7.737128559595686,21.7442022599862,1.4826982789672911,0.22656070400101314,0.3584790963728661,20.261503981018908,14.665291359973235,medium,datta_zhang (exactly 3-sparse)
ar_sigma1.0_datta_zhang,44,44,ar,100,500,1.0,3.0,datta_zhang,1.0,10,3,1.0,2.361111111111111,cocolasso_max,reweighted_frobenius,6.294828946413204,6.100784819061081,5.570260655314405,5.278158153647674,20.96048338903347,1.487192730011884,0.1940441273521225,0.29210250166673113,19.473290659021586,14.093992638644742,medium,datta_zhang (exactly 3-sparse)
ar_sigma1.0_datta_zhang,45,45,ar,100,500,1.0,3.0,datta_zhang,1.0,10,3,1.0,2.361111111111111,cocolasso_max,reweighted_frobenius,7.095459110494117,6.98610280351561,8.773849758685817,8.615558367973058,20.608637329016343,1.4389852889580652,0.10935630697850662,0.15829139071275833,19.169652040058278,14.321645597877213,medium,datta_zhang (exactly 3-sparse)
ar_sigma1.0_datta_zhang,46,46,ar,100,500,1.0,3.0,datta_zhang,1.0,10,3,1.0,2.361111111111111,cocolasso_max,reweighted_frobenius,2.114735991685301,1.9214878970840237,2.7211937203324825,2.4619955424778963,20.022987756994556,1.7456883960403502,0.19324809460127734,0.2591981778545862,18.277299360954206,11.46996669188591,medium,datta_zhang (exactly 3-sparse)
ar_sigma1.0_datta_zhang,47,47,ar,100,500,1.0,3.0,datta_zhang,1.0,10,3,1.0,2.361111111111111,cocolasso_max,reweighted_frobenius,8.596500948039008,8.132599670738323,10.426936556798374,9.737002642519997,20.41146836197004,1.460933450027369,0.4639012773006854,0.6899339142783774,18.950534911942672,13.971525096908183,medium,datta_zhang (exactly 3-sparse)
ar_sigma1.0_datta_zhang,48,48,ar,100,500,1.0,3.0,datta_zhang,1.0,10,3,1.0,2.361111111111111,cocolasso_max,reweighted_frobenius,6.200053035230828,5.925986397058904,7.820823924639009,7.451798281300126,21.76580788497813,1.7364338700426742,0.27406663817192367,0.3690256433388832,20.029374014935456,12.534775012447332,medium,datta_zhang (exactly 3-sparse)
ar_sigma1.0_datta_zhang,49,49,ar,100,500,1.0,3.0,datta_zhang,1.0,10,3,1.0,2.361111111111111,cocolasso_max,reweighted_frobenius,7.493176278648704,7.356478743691572,7.874383341843027,7.521183687663912,21.856748845952097,1.6444876890163869,0.13669753495713177,0.3531996541791145,20.21226115693571,13.2909166738884,medium,datta_zhang (exactly 3-sparse)
ar_sigma1.0_datta_zhang,50,50,ar,100,500,1.0,3.0,datta_zhang,1.0,10,3,1.0,2.361111111111111,cocolasso_max,reweighted_frobenius,7.550223275919015,7.452246458311342,9.325362021520242,9.226308391734657,21.965064663032532,1.3648113310337069,0.0979768176076723,0.09905362978558507,20.600253331998825,16.093846939559192,medium,datta_zhang (exactly 3-sparse)
ar_sigma1.0_datta_zhang,51,51,ar,100,500,1.0,3.0,datta_zhang,1.0,10,3,1.0,2.361111111111111,cocolasso_max,reweighted_frobenius,6.961115171152618,6.818722745359754,8.102993208493883,7.766316664290628,22.091893344011623,1.7941335890209302,0.14239242579286415,0.33667654420325555,20.297759754990693,12.313404909869229,medium,datta_zhang (exactly 3-sparse)
ar_sigma1.0_datta_zhang,52,52,ar,100,500,1.0,3.0,datta_zhang,1.0,10,3,1.0,2.361111111111111,cocolasso_max,reweighted_frobenius,12.60756859794975,12.65954042589344,16.771223699012946,16.836428950852767,22.85449406300904,1.7031176500022411,-0.05197182794368871,-0.06520525183982073,21.151376413006798,13.419210389240558,medium,datta_zhang (exactly 3-sparse)
ar_sigma1.0_datta_zhang,53,53,ar,100,500,1.0,3.0,datta_zhang,1.0,10,3,1.0,2.361111111111111,cocolasso_max,reweighted_frobenius,4.4549051294429525,4.370550364403707,5.623244927350789,5.405309394669159,22.90582261403324,1.5634749290184118,0.08435476503924555,0.21793553268163013,21.34234768501483,14.650585173383037,medium,datta_zhang (exactly 3-sparse)
ar_sigma1.0_datta_zhang,54,54,ar,100,500,1.0,3.0,datta_zhang,1.0,10,3,1.0,2.361111111111111,cocolasso_max,reweighted_frobenius,6.086475208370064,5.88710015703781,7.227099480041104,6.855749065139369,21.03953833400737,1.5636084179859608,0.19937505133225475,0.3713504149017348,19.47592991602141,13.45575918624677,medium,datta_zhang (exactly 3-sparse)
ar_sigma1.0_datta_zhang,55,55,ar,100,500,1.0,3.0,datta_zhang,1.0,10,3,1.0,2.361111111111111,cocolasso_max,reweighted_frobenius,9.51103294503622,9.842636719278604,8.62859415789225,8.71051805702181,20.815264224016573,1.6368556410307065,-0.3316037742423834,-0.08192389912955989,19.178408582985867,12.716615749272474,medium,datta_zhang (exactly 3-sparse)
ar_sigma1.0_datta_zhang,56,56,ar,100,500,1.0,3.0,datta_zhang,1.0,10,3,1.0,2.361111111111111,cocolasso_max,reweighted_frobenius,7.166591045257927,6.957264948319894,8.309604483794844,7.938050783657008,20.28821503400104,1.6558851919835431,0.2093260969380326,0.3715537001378362,18.632329842017498,12.252187006816758,medium,datta_zhang (exactly 3-sparse)
ar_sigma1.0_datta_zhang,57,57,ar,100,500,1.0,3.0,datta_zhang,1.0,10,3,1.0,2.361111111111111,cocolasso_max,reweighted_frobenius,9.648562280758036,9.697888257067572,10.794103630543372,10.581234038481762,19.94282553199446,1.6932100690319205,-0.049325976309535946,0.21286959206160994,18.249615462962538,11.77811654722595,medium,datta_zhang (exactly 3-sparse)
ar_sigma1.0_datta_zhang,58,58,ar,100,500,1.0,3.0,datta_zhang,1.0,10,3,1.0,2.361111111111111,cocolasso_max,reweighted_frobenius,7.904529420798728,6.990534689239856,9.856815084421262,8.703943608848736,19.88783899502596,1.8805645190295763,0.9139947315588719,1.1528714755725264,18.007274475996383,10.575462204981214,medium,datta_zhang (exactly 3-sparse)
ar_sigma1.0_datta_zhang,59,59,ar,100,500,1.0,3.0,datta_zhang,1.0,10,3,1.0,2.361111111111111,cocolasso_max,reweighted_frobenius,6.792271700590099,6.417185164507529,8.618363448740446,8.162319985358637,19.877231548016425,1.5027206260128878,0.3750865360825699,0.4560434633818087,18.374510922003537,13.227496318298323,medium,datta_zhang (exactly 3-sparse)
ar_sigma1.0_datta_zhang,60,60,ar,100,500,1.0,3.0,datta_zhang,1.0,10,3,1.0,2.361111111111111,cocolasso_max,reweighted_frobenius,5.6903542837228285,5.327227953317519,6.810404352906256,6.398620445570188,20.137287098972596,1.491749597014859,0.3631263304053096,0.4117839073360683,18.645537501957737,13.499106779897465,medium,datta_zhang (exactly 3-sparse)
ar_sigma1.0_datta_zhang,61,61,ar,100,500,1.0,3.0,datta_zhang,1.0,10,3,1.0,2.361111111111111,cocolasso_max,reweighted_frobenius,9.489800670106856,9.244983118662224,9.739369213470818,9.470889123063474,21.796719503006894,1.697991875000298,0.24481755144463158,0.2684800904073441,20.098727628006596,12.836763134101021,medium,datta_zhang (exactly 3-sparse)
ar_sigma1.0_datta_zhang,62,62,ar,100,500,1.0,3.0,datta_zhang,1.0,10,3,1.0,2.361111111111111,cocolasso_max,reweighted_frobenius,6.00348252735052,5.774586887740146,6.2003812226745,5.780375298374031,21.417146706953645,1.4861035029753111,0.22889563961037407,0.4200059243004697,19.931043203978334,14.41161175118329,medium,datta_zhang (exactly 3-sparse)
ar_sigma1.0_datta_zhang,63,63,ar,100,500,1.0,3.0,datta_zhang,1.0,10,3,1.0,2.361111111111111,cocolasso_max,reweighted_frobenius,4.753624115476663,4.344728122017525,5.641233988272651,5.191520908632125,22.733176262001507,1.5340724010020494,0.4088959934591383,0.4497130796405262,21.199103860999458,14.818841827251632,medium,datta_zhang (exactly 3-sparse)
ar_sigma1.0_datta_zhang,64,64,ar,100,500,1.0,3.0,datta_zhang,1.0,10,3,1.0,2.361111111111111,cocolasso_max,reweighted_frobenius,7.452009996303138,7.122775422856542,9.076520405178831,8.696342200992348,22.767473949992564,1.6085571870207789,0.32923457344659646,0.3801782041864836,21.158916762971785,14.153972350936666,medium,datta_zhang (exactly 3-sparse)
ar_sigma1.0_datta_zhang,65,65,ar,100,500,1.0,3.0,datta_zhang,1.0,10,3,1.0,2.361111111111111,cocolasso_max,reweighted_frobenius,7.706331435223751,7.548702012017243,9.064279212251527,8.686620191591684,22.652311214013025,1.5614752490073442,0.15762942320650808,0.37765902065984314,21.09083596500568,14.50699345277069,medium,datta_zhang (exactly 3-sparse)
ar_sigma1.0_datta_zhang,66,66,ar,100,500,1.0,3.0,datta_zhang,1.0,10,3,1.0,2.361111111111111,cocolasso_max,reweighted_frobenius,7.925008664333799,7.664590274784242,9.07846375359966,8.77986894898285,22.565490094013512,1.5548625779920258,0.26041838954955665,0.2985948046168101,21.010627516021486,14.51285175514028,medium,datta_zhang (exactly 3-sparse)
ar_sigma1.0_datta_zhang,67,67,ar,100,500,1.0,3.0,datta_zhang,1.0,10,3,1.0,2.361111111111111,cocolasso_max,reweighted_frobenius,10.685046497451594,10.5938783869953,12.107403037407112,11.889285840203742,21.166713873972185,1.707009089004714,0.09116811045629447,0.21811719720336953,19.45970478496747,12.399883521600705,medium,datta_zhang (exactly 3-sparse)
ar_sigma1.0_datta_zhang,68,68,ar,100,500,1.0,3.0,datta_zhang,1.0,10,3,1.0,2.361111111111111,cocolasso_max,reweighted_frobenius,10.085863861940926,9.909610206290346,13.871975089622248,13.608074243237724,21.01239683298627,1.6588874879525974,0.17625365565058004,0.2639008463845247,19.35350934503367,12.666559357150746,medium,datta_zhang (exactly 3-sparse)
ar_sigma1.0_datta_zhang,69,69,ar,100,500,1.0,3.0,datta_zhang,1.0,10,3,1.0,2.361111111111111,cocolasso_max,reweighted_frobenius,10.1564605785251,9.987855157775307,12.017692424460115,11.737122048267675,19.64421015797416,1.5324662839993834,0.16860542074979357,0.28057037619243985,18.111743873974778,12.81868995297391,medium,datta_zhang (exactly 3-sparse)
ar_sigma1.0_datta_zhang,70,70,ar,100,500,1.0,3.0,datta_zhang,1.0,10,3,1.0,2.361111111111111,cocolasso_max,reweighted_frobenius,5.342341901393003,5.1038118190228845,6.957010115888947,6.7052322785449645,16.98932920995867,1.658538549032528,0.23853008237011863,0.2517778373439823,15.33079066092614,10.243554013181678,medium,datta_zhang (exactly 3-sparse)
ar_sigma1.0_datta_zhang,71,71,ar,100,500,1.0,3.0,datta_zhang,1.0,10,3,1.0,2.361111111111111,cocolasso_max,reweighted_frobenius,6.079258937889569,5.804005487549911,7.211440918806626,6.780444157142723,18.876629491045605,1.6206821730011145,0.2752534503396582,0.430996761663903,17.25594731804449,11.647335798166162,medium,datta_zhang (exactly 3-sparse)
ar_sigma1.0_datta_zhang,72,72,ar,100,500,1.0,3.0,datta_zhang,1.0,10,3,1.0,2.361111111111111,cocolasso_max,reweighted_frobenius,8.252799786574442,7.892349387470542,9.525013419795677,8.74880511692691,17.256173970003147,1.5667141459998677,0.3604503991039003,0.776208302868767,15.68945982400328,11.014245332539817,medium,datta_zhang (exactly 3-sparse)
ar_sigma1.0_datta_zhang,73,73,ar,100,500,1.0,3.0,datta_zhang,1.0,10,3,1.0,2.361111111111111,cocolasso_max,reweighted_frobenius,6.205860455735453,6.0278804947690805,8.206457528123078,7.895767495701856,17.725865771004464,1.5232775089680215,0.1779799609663728,0.3106900324212223,16.202588262036443,11.636662175241627,medium,datta_zhang (exactly 3-sparse)
ar_sigma1.0_datta_zhang,74,74,ar,100,500,1.0,3.0,datta_zhang,1.0,10,3,1.0,2.361111111111111,cocolasso_max,reweighted_frobenius,5.125166250632477,4.782878535015135,6.883292231069895,6.562421397158541,17.811828417994548,1.4500292040174827,0.34228771561734206,0.3208708339113535,16.361799213977065,12.283772194825254,medium,datta_zhang (exactly 3-sparse)
ar_sigma1.0_datta_zhang,75,75,ar,100,500,1.0,3.0,datta_zhang,1.0,10,3,1.0,2.361111111111111,cocolasso_max,reweighted_frobenius,8.878326045645023,8.653671119348223,9.419029206661534,9.014319407233597,18.29773018701235,1.7100299690500833,0.22465492629680028,0.4047097994279376,16.587700217962265,10.700239480116647,medium,datta_zhang (exactly 3-sparse)
ar_sigma1.0_datta_zhang,76,76,ar,100,500,1.0,3.0,datta_zhang,1.0,10,3,1.0,2.361111111111111,cocolasso_max,reweighted_frobenius,5.071701871362654,4.982553657585286,5.159746215678637,5.012866586825451,19.680601679021493,1.7626493879943157,0.08914821377736803,0.14687962885318573,17.917952291027177,11.165352459240726,medium,datta_zhang (exactly 3-sparse)
ar_sigma1.0_datta_zhang,77,77,ar,100,500,1.0,3.0,datta_zhang,1.0,10,3,1.0,2.361111111111111,cocolasso_max,reweighted_frobenius,7.578185739499288,7.475107820737801,10.571131342233375,10.388284045389558,18.60613310500048,1.6966876290389337,0.1030779187614872,0.18284729684381773,16.909445475961547,10.966151215200219,medium,datta_zhang (exactly 3-sparse)
ar_sigma1.0_datta_zhang,78,78,ar,100,500,1.0,3.0,datta_zhang,1.0,10,3,1.0,2.361111111111111,cocolasso_max,reweighted_frobenius,8.67427915129963,8.493635025951916,11.443993500819506,11.157275968865168,19.290149779000785,1.4710237410035916,0.18064412534771357,0.2867175319543378,17.819126037997194,13.113418391086109,medium,datta_zhang (exactly 3-sparse)
ar_sigma1.0_datta_zhang,79,79,ar,100,500,1.0,3.0,datta_zhang,1.0,10,3,1.0,2.361111111111111,cocolasso_max,reweighted_frobenius,7.5702231807099185,7.312517596947648,9.184039648837858,8.829593016987852,19.168348484963644,1.5398512320243751,0.25770558376227015,0.35444663185000636,17.62849725293927,12.448182062213798,medium,datta_zhang (exactly 3-sparse)
ar_sigma1.0_datta_zhang,80,80,ar,100,500,1.0,3.0,datta_zhang,1.0,10,3,1.0,2.361111111111111,cocolasso_max,reweighted_frobenius,4.142637142764987,3.859945384237054,5.036068563257787,4.7521854769591165,19.52819213399198,1.5047018629848026,0.28269175852793316,0.28388308629867076,18.023490271007176,12.978113880483189,medium,datta_zhang (exactly 3-sparse)
ar_sigma1.0_datta_zhang,81,81,ar,100,500,1.0,3.0,datta_zhang,1.0,10,3,1.0,2.361111111111111,cocolasso_max,reweighted_frobenius,9.934645655977558,9.884557398224976,11.05262890607637,10.81445967991677,19.40001170698088,1.461543193028774,0.05008825775258252,0.23816922615960046,17.938468513952106,13.273649249310242,medium,datta_zhang (exactly 3-sparse)
ar_sigma1.0_datta_zhang,82,82,ar,100,500,1.0,3.0,datta_zhang,1.0,10,3,1.0,2.361111111111111,cocolasso_max,reweighted_frobenius,8.605634032267224,8.405370577933352,11.128514263886116,10.807058647425006,18.00839445798192,1.409697683993727,0.2002634543338715,0.32145561646111,16.598696773988195,12.77464995683575,medium,datta_zhang (exactly 3-sparse)
ar_sigma1.0_datta_zhang,83,83,ar,100,500,1.0,3.0,datta_zhang,1.0,10,3,1.0,2.361111111111111,cocolasso_max,reweighted_frobenius,7.0799099432864985,6.64368675365222,8.683250246734886,7.95324976100199,17.72930589102907,1.6062608659849502,0.4362231896342781,0.7300004857328961,16.12304502504412,11.037625498120793,medium,datta_zhang (exactly 3-sparse)
ar_sigma1.0_datta_zhang,84,84,ar,100,500,1.0,3.0,datta_zhang,1.0,10,3,1.0,2.361111111111111,cocolasso_max,reweighted_frobenius,9.00260923535913,8.792217344274746,10.769850035123028,10.518605650463776,17.930043578031473,1.3666952059720645,0.21039189108438272,0.2512443846592518,16.56334837205941,13.119270119396296,medium,datta_zhang (exactly 3-sparse)
ar_sigma1.0_datta_zhang,85,85,ar,100,500,1.0,3.0,datta_zhang,1.0,10,3,1.0,2.361111111111111,cocolasso_max,reweighted_frobenius,6.5447674636651225,6.125256794407348,8.631646702765924,8.134503133931528,17.718648460984696,1.6595346219837666,0.41951066925777436,0.4971435688343959,16.05911383900093,10.67687785856752,medium,datta_zhang (exactly 3-sparse)
ar_sigma1.0_datta_zhang,86,86,ar,100,500,1.0,3.0,datta_zhang,1.0,10,3,1.0,2.361111111111111,cocolasso_max,reweighted_frobenius,7.164885719686136,6.674062709834209,9.625668334915256,8.92183758906837,17.90298186597647,1.3895326809724793,0.49082300985192706,0.7038307458468864,16.513449185003992,12.884174738119063,medium,datta_zhang (exactly 3-sparse)
ar_sigma1.0_datta_zhang,87,87,ar,100,500,1.0,3.0,datta_zhang,1.0,10,3,1.0,2.361111111111111,cocolasso_max,reweighted_frobenius,6.810726254106835,6.506562897129143,9.459785516760691,9.03179509615358,18.05022083700169,1.518745407985989,0.3041633569776918,0.42799042060711123,16.5314754290157,11.884955004366478,medium,datta_zhang (exactly 3-sparse)
ar_sigma1.0_datta_zhang,88,88,ar,100,500,1.0,3.0,datta_zhang,1.0,10,3,1.0,2.361111111111111,cocolasso_max,reweighted_frobenius,8.761534325122101,8.699391495007406,11.274336539666562,11.175441536111864,19.1877107169712,1.4443326970213093,0.0621428301146949,0.09889500355469849,17.74337801994989,13.284827489222248,medium,datta_zhang (exactly 3-sparse)
ar_sigma1.0_datta_zhang,89,89,ar,100,500,1.0,3.0,datta_zhang,1.0,10,3,1.0,2.361111111111111,cocolasso_max,reweighted_frobenius,7.080238141164782,6.770898862366116,7.214565326573384,6.736910045589028,19.053471223975063,1.3282803919864818,0.3093392787986655,0.47765528098435617,17.72519083198858,14.344464722151054,medium,datta_zhang (exactly 3-sparse)
ar_sigma1.0_datta_zhang,90,90,ar,100,500,1.0,3.0,datta_zhang,1.0,10,3,1.0,2.361111111111111,cocolasso_max,reweighted_frobenius,9.663430990878703,9.4211498304257,10.880159571804985,10.557047040863212,20.09986276802374,1.6205897820182145,0.24228116045300396,0.3231125309417724,18.479272986005526,12.402807293399206,medium,datta_zhang (exactly 3-sparse)
ar_sigma1.0_datta_zhang,91,91,ar,100,500,1.0,3.0,datta_zhang,1.0,10,3,1.0,2.361111111111111,cocolasso_max,reweighted_frobenius,6.231203538477327,5.882134853505658,8.120963456297789,7.605443438104656,19.757124300987925,1.3801250190008432,0.34906868497166954,0.5155200181931328,18.376999281987082,14.31545985253663,medium,datta_zhang (exactly 3-sparse)
ar_sigma1.0_datta_zhang,92,92,ar,100,500,1.0,3.0,datta_zhang,1.0,10,3,1.0,2.361111111111111,cocolasso_max,reweighted_frobenius,9.747618714757364,9.98852345709289,11.620457191467422,11.70286270187792,20.665065490989942,1.9157506169867704,-0.24090474233552683,-0.08240551041049926,18.749314874003172,10.786928793212885,medium,datta_zhang (exactly 3-sparse)
ar_sigma1.0_datta_zhang,93,93,ar,100,500,1.0,3.0,datta_zhang,1.0,10,3,1.0,2.361111111111111,cocolasso_max,reweighted_frobenius,7.558970300448234,7.133435651679205,9.131990845968552,8.571147269814494,19.74071607098449,1.468041833024472,0.4255346487690286,0.560843576154058,18.272674237960018,13.446971078688202,medium,datta_zhang (exactly 3-sparse)
ar_sigma1.0_datta_zhang,94,94,ar,100,500,1.0,3.0,datta_zhang,1.0,10,3,1.0,2.361111111111111,cocolasso_max,reweighted_frobenius,7.729589632245077,7.246073240664872,9.597635642503686,8.955050081870414,20.325703276030254,1.666347015008796,0.48351639158020454,0.6425855606332718,18.659356261021458,12.197761386407837,medium,datta_zhang (exactly 3-sparse)
ar_sigma1.0_datta_zhang,95,95,ar,100,500,1.0,3.0,datta_zhang,1.0,10,3,1.0,2.361111111111111,cocolasso_max,reweighted_frobenius,4.486843905260301,3.966813469252017,5.819799598411703,5.287929595749801,19.574113959039096,1.519149028987158,0.5200304360082839,0.5318700026619023,18.054964930051938,12.884920166186383,medium,datta_zhang (exactly 3-sparse)
ar_sigma1.0_datta_zhang,96,96,ar,100,500,1.0,3.0,datta_zhang,1.0,10,3,1.0,2.361111111111111,cocolasso_max,reweighted_frobenius,5.928266352716117,5.550255636733545,7.628137472317324,7.011288682681013,18.7305657180259,1.501820472010877,0.37801071598257163,0.6168487896363111,17.228745246015023,12.471907306568028,medium,datta_zhang (exactly 3-sparse)
ar_sigma1.0_datta_zhang,97,97,ar,100,500,1.0,3.0,datta_zhang,1.0,10,3,1.0,2.361111111111111,cocolasso_max,reweighted_frobenius,7.563868238989051,7.43962993672386,9.948099570833945,9.817770098910492,18.30245672201272,1.450434377999045,0.12423830226519073,0.1303294719234529,16.852022344013676,12.618603778036466,medium,datta_zhang (exactly 3-sparse)
ar_sigma1.0_datta_zhang,98,98,ar,100,500,1.0,3.0,datta_zhang,1.0,10,3,1.0,2.361111111111111,cocolasso_max,reweighted_frobenius,8.956520689187643,8.922193767787434,7.919328338349526,7.756836241840111,18.95384935598122,1.8419907889910971,0.03432692140020954,0.16249209650941498,17.111858566990122,10.289871952271108,medium,datta_zhang (exactly 3-sparse)
ar_sigma1.0_datta_zhang,99,99,ar,100,500,1.0,3.0,datta_zhang,1.0,10,3,1.0,2.361111111111111,cocolasso_max,reweighted_frobenius,9.66613557386675,9.496242296613891,10.008812011207564,9.912590102454503,18.8946176940226,1.8404742679558692,0.16989327725285897,0.09622190875306025,17.05414342606673,10.266167814999115,medium,datta_zhang (exactly 3-sparse)
ar_sigma1.0_weak_sparse_a1.0,0,0,ar,100,500,1.0,3.0,weak_sparse,1.0,10,3,1.0,0.9118424939558304,cocolasso_max,reweighted_frobenius,12.373875258869614,12.300031274518002,6.4069366126411,6.365370198414618,16.109785115986597,1.62025946599897,0.07384398435161188,0.041566414226481996,14.489525649987627,9.94271933233491,medium,weak α=1.0 (83% in first 3)
ar_sigma1.0_weak_sparse_a1.0,1,1,ar,100,500,1.0,3.0,weak_sparse,1.0,10,3,1.0,0.9118424939558304,cocolasso_max,reweighted_frobenius,10.595551420177674,10.4202259906502,5.027107145514832,4.908705909813274,15.91288097098004,1.6340687189949676,0.17532542952747399,0.11840123570155825,14.278812251985073,9.738195698873204,medium,weak α=1.0 (83% in first 3)
ar_sigma1.0_weak_sparse_a1.0,2,2,ar,100,500,1.0,3.0,weak_sparse,1.0,10,3,1.0,0.9118424939558304,cocolasso_max,reweighted_frobenius,15.209298133060456,15.261177673880608,8.592352045172035,8.63789070988048,15.913940622005612,1.4516725220018998,-0.05187954082015267,-0.04553866470844525,14.462268100003712,10.962486635801174,medium,weak α=1.0 (83% in first 3)
ar_sigma1.0_weak_sparse_a1.0,3,3,ar,100,500,1.0,3.0,weak_sparse,1.0,10,3,1.0,0.9118424939558304,cocolasso_max,reweighted_frobenius,10.335964069321872,10.186979097060275,5.000094259085,4.918572807775907,17.168000350007787,1.3517711390159093,0.14898497226159613,0.0815214513090936,15.816229210991878,12.70037497804999,medium,weak α=1.0 (83% in first 3)
ar_sigma1.0_weak_sparse_a1.0,4,4,ar,100,500,1.0,3.0,weak_sparse,1.0,10,3,1.0,0.9118424939558304,cocolasso_max,reweighted_frobenius,10.268533469323277,10.014673493865702,4.794529194604451,4.621141603942137,17.460868950001895,1.682377955992706,0.25385997545757455,0.17338759066231368,15.77849099400919,10.378683866966691,medium,weak α=1.0 (83% in first 3)
ar_sigma1.0_weak_sparse_a1.0,5,5,ar,100,500,1.0,3.0,weak_sparse,1.0,10,3,1.0,0.9118424939558304,cocolasso_max,reweighted_frobenius,9.97694432435782,9.720608705841135,4.60623095884966,4.433337444904842,17.673477770993486,1.3632412310107611,0.25633561851668496,0.17289351394481844,16.310236539982725,12.964306953868808,medium,weak α=1.0 (83% in first 3)
ar_sigma1.0_weak_sparse_a1.0,6,6,ar,100,500,1.0,3.0,weak_sparse,1.0,10,3,1.0,0.9118424939558304,cocolasso_max,reweighted_frobenius,11.329830310996227,11.200609782084817,5.552170568416392,5.4621500548160125,17.672710273996927,1.452067588979844,0.12922052891141078,0.0900205136003791,16.220642685017083,12.170721533983802,medium,weak α=1.0 (83% in first 3)
ar_sigma1.0_weak_sparse_a1.0,7,7,ar,100,500,1.0,3.0,weak_sparse,1.0,10,3,1.0,0.9118424939558304,cocolasso_max,reweighted_frobenius,11.821120009301044,11.60507224002712,6.028856610778237,5.882688029120913,17.52110149199143,1.8294436410069463,0.21604776927392422,0.14616858165732438,15.691657850984484,9.57728409843094,medium,weak α=1.0 (83% in first 3)
ar_sigma1.0_weak_sparse_a1.0,8,8,ar,100,500,1.0,3.0,weak_sparse,1.0,10,3,1.0,0.9118424939558304,cocolasso_max,reweighted_frobenius,11.01433345672164,10.840986238837644,5.280025329778288,5.155653638729299,16.574128304957412,1.3895783279440366,0.17334721788399676,0.1243716910489896,15.184549977013376,11.927451638857823,medium,weak α=1.0 (83% in first 3)
ar_sigma1.0_weak_sparse_a1.0,9,9,ar,100,500,1.0,3.0,weak_sparse,1.0,10,3,1.0,0.9118424939558304,cocolasso_max,reweighted_frobenius,12.418627864344993,12.206758120851656,6.566232186682101,6.420255827828791,16.42819528200198,1.4148666599649005,0.21186974349333632,0.14597635885330984,15.01332862203708,11.611126155456603,medium,weak α=1.0 (83% in first 3)
ar_sigma1.0_weak_sparse_a1.0,10,10,ar,100,500,1.0,3.0,weak_sparse,1.0,10,3,1.0,0.9118424939558304,cocolasso_max,reweighted_frobenius,11.167202436290411,10.846225535695016,5.603634608126318,5.366747720325773,15.883728176995646,1.4316093110246584,0.3209769005953955,0.23688688780054434,14.452118865970988,11.095015975851013,medium,weak α=1.0 (83% in first 3)
ar_sigma1.0_weak_sparse_a1.0,11,11,ar,100,500,1.0,3.0,weak_sparse,1.0,10,3,1.0,0.9118424939558304,cocolasso_max,reweighted_frobenius,10.825903328019455,10.662455060595782,5.2063416472426445,5.090388400173189,15.907956500013825,1.2800653669983149,0.16344826742367324,0.11595324706945576,14.62789113301551,12.42745637069858,medium,weak α=1.0 (83% in first 3)
ar_sigma1.0_weak_sparse_a1.0,12,12,ar,100,500,1.0,3.0,weak_sparse,1.0,10,3,1.0,0.9118424939558304,cocolasso_max,reweighted_frobenius,10.440212975075005,10.219866553454466,5.002592354088151,4.867783314222936,16.332421893021092,1.4111466750036925,0.22034642162053864,0.13480903986521486,14.9212752180174,11.573865553684103,medium,weak α=1.0 (83% in first 3)
ar_sigma1.0_weak_sparse_a1.0,13,13,ar,100,500,1.0,3.0,weak_sparse,1.0,10,3,1.0,0.9118424939558304,cocolasso_max,reweighted_frobenius,11.994697614634294,11.854142370147889,6.049451774138201,5.9433839962676975,16.13417468802072,1.5970151040237397,0.14055524448640533,0.10606777787050348,14.537159583996981,10.102706384786256,medium,weak α=1.0 (83% in first 3)
ar_sigma1.0_weak_sparse_a1.0,14,14,ar,100,500,1.0,3.0,weak_sparse,1.0,10,3,1.0,0.9118424939558304,cocolasso_max,reweighted_frobenius,12.692294245190654,12.680920250783368,6.894073506630903,6.913085741261305,16.544213804998435,1.5510746740037575,0.011373994407286148,-0.019012234630402247,14.993139130994678,10.666290980235782,medium,weak α=1.0 (83% in first 3)
ar_sigma1.0_weak_sparse_a1.0,15,15,ar,100,500,1.0,3.0,weak_sparse,1.0,10,3,1.0,0.9118424939558304,cocolasso_max,reweighted_frobenius,10.51614704241678,10.237092233947996,4.959066588794901,4.773695786295241,16.710750806960277,1.5273432940011844,0.27905480846878383,0.18537080249965943,15.183407512959093,10.941057503308958,medium,weak α=1.0 (83% in first 3)
ar_sigma1.0_weak_sparse_a1.0,16,16,ar,100,500,1.0,3.0,weak_sparse,1.0,10,3,1.0,0.9118424939558304,cocolasso_max,reweighted_frobenius,12.145451820934005,11.902379049394805,6.347801699682945,6.2079227048555765,17.14768085902324,1.718973875977099,0.24307277153920026,0.13987899482736843,15.42870698304614,9.975533135590066,medium,weak α=1.0 (83% in first 3)
ar_sigma1.0_weak_sparse_a1.0,17,17,ar,100,500,1.0,3.0,weak_sparse,1.0,10,3,1.0,0.9118424939558304,cocolasso_max,reweighted_frobenius,11.644026936763591,11.494974692549274,5.844983923615136,5.741611339838887,17.23110497399466,1.524070754006971,0.1490522442143174,0.1033725837762498,15.70703421998769,11.30597442979071,medium,weak α=1.0 (83% in first 3)
ar_sigma1.0_weak_sparse_a1.0,18,18,ar,100,500,1.0,3.0,weak_sparse,1.0,10,3,1.0,0.9118424939558304,cocolasso_max,reweighted_frobenius,12.814407239299031,12.765794546821896,6.739683283075205,6.714381130954514,17.89565198699711,1.6148367670248265,0.04861269247713551,0.02530215212069109,16.280815219972283,11.082019156628467,medium,weak α=1.0 (83% in first 3)
ar_sigma1.0_weak_sparse_a1.0,19,19,ar,100,500,1.0,3.0,weak_sparse,1.0,10,3,1.0,0.9118424939558304,cocolasso_max,reweighted_frobenius,10.045418247006884,10.039161548326009,4.603599824967624,4.6015605365244046,18.552391755976718,1.642725515994243,0.006256698680875417,0.0020392884432194336,16.909666239982474,11.293665055630472,medium,weak α=1.0 (83% in first 3)
ar_sigma1.0_weak_sparse_a1.0,20,20,ar,100,500,1.0,3.0,weak_sparse,1.0,10,3,1.0,0.9118424939558304,cocolasso_max,reweighted_frobenius,15.055799000366797,15.099514856778509,8.729931842819717,8.79031874403119,23.73153849603841,1.5770096309715882,-0.04371585641171194,-0.06038690121147283,22.154528865066823,15.04844233666317,medium,weak α=1.0 (83% in first 3)
ar_sigma1.0_weak_sparse_a1.0,21,21,ar,100,500,1.0,3.0,weak_sparse,1.0,10,3,1.0,0.9118424939558304,cocolasso_max,reweighted_frobenius,9.079079356138775,9.044394721581568,4.063913688038872,4.058822126116369,19.982450690004043,1.703709722030908,0.03468463455720716,0.005091561922503374,18.278740967973135,11.72878832092591,medium,weak α=1.0 (83% in first 3)
ar_sigma1.0_weak_sparse_a1.0,22,22,ar,100,500,1.0,3.0,weak_sparse,1.0,10,3,1.0,0.9118424939558304,cocolasso_max,reweighted_frobenius,12.096403298831866,11.948967050635003,6.123502171870452,6.012662643982131,18.83007315301802,1.772920552000869,0.14743624819686296,0.11083952788832097,17.05715260101715,10.620934554437264,medium,weak α=1.0 (83% in first 3)
ar_sigma1.0_weak_sparse_a1.0,23,23,ar,100,500,1.0,3.0,weak_sparse,1.0,10,3,1.0,0.9118424939558304,cocolasso_max,reweighted_frobenius,8.191534447450252,8.077091541532807,3.4667535013331108,3.4189336879532948,15.90842837805394,1.7634637429728173,0.11444290591744455,0.047819813379816,14.144964635081124,9.021125861785954,medium,weak α=1.0 (83% in first 3)
ar_sigma1.0_weak_sparse_a1.0,24,24,ar,100,500,1.0,3.0,weak_sparse,1.0,10,3,1.0,0.9118424939558304,cocolasso_max,reweighted_frobenius,11.373744311255766,11.32311220506348,5.55191622649,5.5168429223308415,15.282119999988936,1.6350088919862171,0.050632106192287196,0.03507330415915888,13.647111108002719,9.346811552458371,medium,weak α=1.0 (83% in first 3)
ar_sigma1.0_weak_sparse_a1.0,25,25,ar,100,500,1.0,3.0,weak_sparse,1.0,10,3,1.0,0.9118424939558304,cocolasso_max,reweighted_frobenius,9.289421148656167,8.998863398245344,4.02894309936077,3.833280514970277,15.195712296001147,1.86464000295382,0.290557750410823,0.19566258439049333,13.331072293047328,8.14940807444293,medium,weak α=1.0 (83% in first 3)
ar_sigma1.0_weak_sparse_a1.0,26,26,ar,100,500,1.0,3.0,weak_sparse,1.0,10,3,1.0,0.9118424939558304,cocolasso_max,reweighted_frobenius,10.250441942707548,9.9015912202874,4.807426377051492,4.571451616234897,15.178153561020736,1.559845164010767,0.34885072242014736,0.23597476081659519,13.618308397009969,9.730551410624477,medium,weak α=1.0 (83% in first 3)
ar_sigma1.0_weak_sparse_a1.0,27,27,ar,100,500,1.0,3.0,weak_sparse,1.0,10,3,1.0,0.9118424939558304,cocolasso_max,reweighted_frobenius,11.42209030521387,11.282369330851076,5.770439669610084,5.683558587570268,15.568254424026236,1.6530192560167052,0.13972097436279363,0.0868810820398167,13.91523516800953,9.418072032349576,medium,weak α=1.0 (83% in first 3)
ar_sigma1.0_weak_sparse_a1.0,28,28,ar,100,500,1.0,3.0,weak_sparse,1.0,10,3,1.0,0.9118424939558304,cocolasso_max,reweighted_frobenius,11.03412021992832,10.798994692913904,5.306268825185294,5.136291733619207,15.82403225399321,1.7339214309467934,0.23512552701441614,0.16997709156608654,14.090110823046416,9.12615299146088,medium,weak α=1.0 (83% in first 3)
ar_sigma1.0_weak_sparse_a1.0,29,29,ar,100,500,1.0,3.0,weak_sparse,1.0,10,3,1.0,0.9118424939558304,cocolasso_max,reweighted_frobenius,11.050357321059067,10.78948465048376,5.403083701237015,5.219646345057114,17.206220922002103,1.5280455439933576,0.26087267057530816,0.1834373561799012,15.678175378008746,11.26028015960557,medium,weak α=1.0 (83% in first 3)
ar_sigma1.0_weak_sparse_a1.0,30,30,ar,100,500,1.0,3.0,weak_sparse,1.0,10,3,1.0,0.9118424939558304,cocolasso_max,reweighted_frobenius,13.29921069414409,13.271032653134252,7.226735148752491,7.22376048848055,17.180673977010883,1.6727898819954137,0.028178041009837784,0.002974660271941154,15.50788409501547,10.27067066935905,medium,weak α=1.0 (83% in first 3)
ar_sigma1.0_weak_sparse_a1.0,31,31,ar,100,500,1.0,3.0,weak_sparse,1.0,10,3,1.0,0.9118424939558304,cocolasso_max,reweighted_frobenius,10.221111385777789,9.982879703272577,4.71711119431871,4.548628361810175,17.52318041899707,1.7545252600102683,0.2382316825052122,0.16848283250853502,15.768655158986803,9.987419855610696,medium,weak α=1.0 (83% in first 3)
ar_sigma1.0_weak_sparse_a1.0,32,32,ar,100,500,1.0,3.0,weak_sparse,1.0,10,3,1.0,0.9118424939558304,cocolasso_max,reweighted_frobenius,11.190996078013647,11.049041292724096,5.846124917480516,5.778524138538564,16.86209114000667,1.5890980660333298,0.14195478528955086,0.06760077894195238,15.272993073973339,10.611107961447233,medium,weak α=1.0 (83% in first 3)
ar_sigma1.0_weak_sparse_a1.0,33,33,ar,100,500,1.0,3.0,weak_sparse,1.0,10,3,1.0,0.9118424939558304,cocolasso_max,reweighted_frobenius,10.543526174183317,10.21238284928743,4.974434727217665,4.737571940046173,17.874957639956847,1.6787658120156266,0.33114332489588705,0.2368627871714919,16.19619182794122,10.64767790243185,medium,weak α=1.0 (83% in first 3)
ar_sigma1.0_weak_sparse_a1.0,34,34,ar,100,500,1.0,3.0,weak_sparse,1.0,10,3,1.0,0.9118424939558304,cocolasso_max,reweighted_frobenius,11.123444567344134,10.944253165801044,5.454486670647785,5.324767803786944,17.919461550016422,1.6330517629976384,0.17919140154308977,0.12971886686084044,16.286409787018783,10.972990542028725,medium,weak α=1.0 (83% in first 3)
ar_sigma1.0_weak_sparse_a1.0,35,35,ar,100,500,1.0,3.0,weak_sparse,1.0,10,3,1.0,0.9118424939558304,cocolasso_max,reweighted_frobenius,10.838907520835605,10.54199242399703,5.14804848237929,4.932319363597858,17.038677306030877,1.8293812440242616,0.29691509683857475,0.21572911878143142,15.209296062006615,9.313901824285297,medium,weak α=1.0 (83% in first 3)
ar_sigma1.0_weak_sparse_a1.0,36,36,ar,100,500,1.0,3.0,weak_sparse,1.0,10,3,1.0,0.9118424939558304,cocolasso_max,reweighted_frobenius,13.39132926500595,13.348653335644876,7.302523162051988,7.286094660542291,15.984544417995494,1.8432338979910128,0.04267592936107434,0.016428501509696325,14.141310520004481,8.672010880126203,medium,weak α=1.0 (83% in first 3)
ar_sigma1.0_weak_sparse_a1.0,37,37,ar,100,500,1.0,3.0,weak_sparse,1.0,10,3,1.0,0.9118424939558304,cocolasso_max,reweighted_frobenius,12.02078223637912,11.921010997539415,6.089705230370941,6.022556922396426,15.700446414004546,1.5934850640478544,0.09977123883970407,0.06714830797451565,14.106961349956691,9.852898384953448,medium,weak α=1.0 (83% in first 3)
ar_sigma1.0_weak_sparse_a1.0,38,38,ar,100,500,1.0,3.0,weak_sparse,1.0,10,3,1.0,0.9118424939558304,cocolasso_max,reweighted_frobenius,11.047851754877897,10.977246032996431,5.489716776676681,5.447014155234356,15.256190023035742,1.6146415940020231,0.0706057218814653,0.042702621442324507,13.641548429033719,9.448654165548907,medium,weak α=1.0 (83% in first 3)
ar_sigma1.0_weak_sparse_a1.0,39,39,ar,100,500,1.0,3.0,weak_sparse,1.0,10,3,1.0,0.9118424939558304,cocolasso_max,reweighted_frobenius,11.2153609348913,11.111947873345237,5.480710540846316,5.412497616797133,15.726481416961178,1.7405254219775088,0.103413061546064,0.06821292404918378,13.98595599498367,9.035479297448834,medium,weak α=1.0 (83% in first 3)
ar_sigma1.0_weak_sparse_a1.0,40,40,ar,100,500,1.0,3.0,weak_sparse,1.0,10,3,1.0,0.9118424939558304,cocolasso_max,reweighted_frobenius,11.442512761679962,11.261708546114512,5.643548955484026,5.50990119877638,15.619232810975518,1.731401011988055,0.18080421556545012,0.13364775670764573,13.887831798987463,9.021152640450968,medium,weak α=1.0 (83% in first 3)
ar_sigma1.0_weak_sparse_a1.0,41,41,ar,100,500,1.0,3.0,weak_sparse,1.0,10,3,1.0,0.9118424939558304,cocolasso_max,reweighted_frobenius,10.012855603152213,9.870080105957127,4.541491489779726,4.441480275227099,15.942941282992251,2.0325208110152744,0.14277549719508542,0.10001121455262663,13.910420471976977,7.843925236380982,medium,weak α=1.0 (83% in first 3)
ar_sigma1.0_weak_sparse_a1.0,42,42,ar,100,500,1.0,3.0,weak_sparse,1.0,10,3,1.0,0.9118424939558304,cocolasso_max,reweighted_frobenius,14.962109350478553,15.094956021235074,8.485288977592969,8.610439023663696,15.71249472803902,1.6992919559706934,-0.13284667075652123,-0.12515004607072733,14.013202772068327,9.246495090399877,medium,weak α=1.0 (83% in first 3)
ar_sigma1.0_weak_sparse_a1.0,43,43,ar,100,500,1.0,3.0,weak_sparse,1.0,10,3,1.0,0.9118424939558304,cocolasso_max,reweighted_frobenius,11.455790369017452,11.297793526276008,5.653801071943534,5.54727330575456,15.876440961030312,1.715120943961665,0.15799684274144354,0.1065277661889743,14.161320017068647,9.2567471797984,medium,weak α=1.0 (83% in first 3)
ar_sigma1.0_weak_sparse_a1.0,44,44,ar,100,500,1.0,3.0,weak_sparse,1.0,10,3,1.0,0.9118424939558304,cocolasso_max,reweighted_frobenius,11.7303789771786,11.58833992749139,5.857756604243212,5.748207682116035,16.246688641957007,1.5894556819694117,0.14203904968720948,0.10954892212717748,14.657232959987596,10.221542397348621,medium,weak α=1.0 (83% in first 3)
ar_sigma1.0_weak_sparse_a1.0,45,45,ar,100,500,1.0,3.0,weak_sparse,1.0,10,3,1.0,0.9118424939558304,cocolasso_max,reweighted_frobenius,12.413470050451744,12.303005340796242,6.386606489112167,6.304699955382472,15.79340406495612,1.6394283599802293,0.1104647096555027,0.08190653372969514,14.15397570497589,9.633482285951537,medium,weak α=1.0 (83% in first 3)
ar_sigma1.0_weak_sparse_a1.0,46,46,ar,100,500,1.0,3.0,weak_sparse,1.0,10,3,1.0,0.9118424939558304,cocolasso_max,reweighted_frobenius,8.213045678729188,8.127116456831814,3.637406725056236,3.608901304168047,15.895611895015463,1.699955513002351,0.08592922189737351,0.02850542088818875,14.195656382013112,9.350604632553981,medium,weak α=1.0 (83% in first 3)
ar_sigma1.0_weak_sparse_a1.0,47,47,ar,100,500,1.0,3.0,weak_sparse,1.0,10,3,1.0,0.9118424939558304,cocolasso_max,reweighted_frobenius,10.2661092745895,9.923446920719032,4.772531366412604,4.5266450919529255,16.407223507994786,1.6714255780098028,0.34266235387046784,0.2458862744596786,14.735797929984983,9.81630514924342,medium,weak α=1.0 (83% in first 3)
ar_sigma1.0_weak_sparse_a1.0,48,48,ar,100,500,1.0,3.0,weak_sparse,1.0,10,3,1.0,0.9118424939558304,cocolasso_max,reweighted_frobenius,13.201686844836798,13.227345438567417,7.055057415505048,7.090533863254025,16.136323385988362,1.5295288389897903,-0.025658593730618406,-0.03547644774897751,14.606794546998572,10.549865406033101,medium,weak α=1.0 (83% in first 3)
ar_sigma1.0_weak_sparse_a1.0,49,49,ar,100,500,1.0,3.0,weak_sparse,1.0,10,3,1.0,0.9118424939558304,cocolasso_max,reweighted_frobenius,10.811737004464124,10.633537559548364,5.284290782369889,5.178790639592005,15.702273603004867,1.8188343630172312,0.17819944491576045,0.10550014277788389,13.883439239987636,8.633152046323037,medium,weak α=1.0 (83% in first 3)
ar_sigma1.0_weak_sparse_a1.0,50,50,ar,100,500,1.0,3.0,weak_sparse,1.0,10,3,1.0,0.9118424939558304,cocolasso_max,reweighted_frobenius,11.970661198093964,11.93743225049591,5.995927030064263,5.972143858157099,15.728389748022892,1.52586006995989,0.033228947598054503,0.023783171907163947,14.202529678063001,10.30788475147419,medium,weak α=1.0 (83% in first 3)
ar_sigma1.0_weak_sparse_a1.0,51,51,ar,100,500,1.0,3.0,weak_sparse,1.0,10,3,1.0,0.9118424939558304,cocolasso_max,reweighted_frobenius,11.265547495734378,11.127273482353742,5.4950839252428105,5.394510186810155,16.015719635004643,1.5762067739851773,0.13827401338063616,0.10057373843265527,14.439512861019466,10.160925520267593,medium,weak α=1.0 (83% in first 3)
ar_sigma1.0_weak_sparse_a1.0,52,52,ar,100,500,1.0,3.0,weak_sparse,1.0,10,3,1.0,0.9118424939558304,cocolasso_max,reweighted_frobenius,13.720935131894851,13.69164733769778,7.62311833106758,7.61609177175804,15.681854477035811,1.6491853789775632,0.029287794197070838,0.007026559309540659,14.032669098058248,9.508848839514942,medium,weak α=1.0 (83% in first 3)
ar_sigma1.0_weak_sparse_a1.0,53,53,ar,100,500,1.0,3.0,weak_sparse,1.0,10,3,1.0,0.9118424939558304,cocolasso_max,reweighted_frobenius,9.91872777766881,9.731597989622925,4.51281654494297,4.389030447043512,15.78102061903337,1.6704045349615626,0.1871297880458851,0.12378609789945738,14.110616084071808,9.44742443446282,medium,weak α=1.0 (83% in first 3)
ar_sigma1.0_weak_sparse_a1.0,54,54,ar,100,500,1.0,3.0,weak_sparse,1.0,10,3,1.0,0.9118424939558304,cocolasso_max,reweighted_frobenius,11.105942244078824,10.914887712751051,5.35586656110912,5.222677443355721,15.636224952002522,1.646119664015714,0.19105453132777228,0.1331891177533988,13.990105287986808,9.498838567943416,medium,weak α=1.0 (83% in first 3)
ar_sigma1.0_weak_sparse_a1.0,55,55,ar,100,500,1.0,3.0,weak_sparse,1.0,10,3,1.0,0.9118424939558304,cocolasso_max,reweighted_frobenius,11.410306170690037,11.30961519045416,5.872537630435588,5.813916594873382,16.229745781980455,1.4642450590035878,0.10069098023587664,0.058621035562205215,14.765500722976867,11.084036570370758,medium,weak α=1.0 (83% in first 3)
ar_sigma1.0_weak_sparse_a1.0,56,56,ar,100,500,1.0,3.0,weak_sparse,1.0,10,3,1.0,0.9118424939558304,cocolasso_max,reweighted_frobenius,10.548936644698989,10.44050634651104,4.988233073246793,4.915217412180665,15.780320325982755,1.5825335989939049,0.10843029818794925,0.07301566106612789,14.19778672698885,9.971554686747307,medium,weak α=1.0 (83% in first 3)
ar_sigma1.0_weak_sparse_a1.0,57,57,ar,100,500,1.0,3.0,weak_sparse,1.0,10,3,1.0,0.9118424939558304,cocolasso_max,reweighted_frobenius,12.302786719727395,12.148296153944656,6.306083080715249,6.1839769284541015,16.04716640501283,1.5823094709776342,0.1544905657827389,0.1221061522611473,14.464856934035197,10.141610537853916,medium,weak α=1.0 (83% in first 3)
ar_sigma1.0_weak_sparse_a1.0,58,58,ar,100,500,1.0,3.0,weak_sparse,1.0,10,3,1.0,0.9118424939558304,cocolasso_max,reweighted_frobenius,11.643194803410932,11.36220502266217,5.825287671806823,5.628471128748187,15.579827875015326,1.5368067160015926,0.2809897807487616,0.19681654305863638,14.043021159013733,10.137792679322974,medium,weak α=1.0 (83% in first 3)
ar_sigma1.0_weak_sparse_a1.0,59,59,ar,100,500,1.0,3.0,weak_sparse,1.0,10,3,1.0,0.9118424939558304,cocolasso_max,reweighted_frobenius,11.194497890990656,10.907993465137508,5.43895874262343,5.230655761130417,16.148205922043417,1.567018255009316,0.2865044258531473,0.20830298149301285,14.5811876670341,10.305052841868402,medium,weak α=1.0 (83% in first 3)
ar_sigma1.0_weak_sparse_a1.0,60,60,ar,100,500,1.0,3.0,weak_sparse,1.0,10,3,1.0,0.9118424939558304,cocolasso_max,reweighted_frobenius,11.6094188799828,11.58539307980241,5.8031447544614245,5.7842681011246375,15.925061561982147,1.6292028480092997,0.024025800180389467,0.018876653336787008,14.295858713972848,9.774756766133056,medium,weak α=1.0 (83% in first 3)
ar_sigma1.0_weak_sparse_a1.0,61,61,ar,100,500,1.0,3.0,weak_sparse,1.0,10,3,1.0,0.9118424939558304,cocolasso_max,reweighted_frobenius,13.002383652578612,12.998351965439351,6.89931970445372,6.908327512004679,15.600333671958651,1.5741639969637615,0.004031687139260498,-0.009007807550959868,14.02616967499489,9.91023406839979,medium,weak α=1.0 (83% in first 3)
ar_sigma1.0_weak_sparse_a1.0,62,62,ar,100,500,1.0,3.0,weak_sparse,1.0,10,3,1.0,0.9118424939558304,cocolasso_max,reweighted_frobenius,8.878144781572196,8.741181401488046,3.8290791280965415,3.7172990464875193,15.426219401997514,1.5486179850413464,0.13696338008415054,0.1117800816090222,13.877601416956168,9.961281317280873,medium,weak α=1.0 (83% in first 3)
ar_sigma1.0_weak_sparse_a1.0,63,63,ar,100,500,1.0,3.0,weak_sparse,1.0,10,3,1.0,0.9118424939558304,cocolasso_max,reweighted_frobenius,9.706348460414464,9.658236808268745,4.402653797172181,4.382375647336673,15.304331382038072,1.5240698720444923,0.04811165214571922,0.020278149835507797,13.78026150999358,10.041751800727999,medium,weak α=1.0 (83% in first 3)
ar_sigma1.0_weak_sparse_a1.0,64,64,ar,100,500,1.0,3.0,weak_sparse,1.0,10,3,1.0,0.9118424939558304,cocolasso_max,reweighted_frobenius,13.755747440208122,13.724686764337504,7.528787996070021,7.512359962954071,15.30058562301565,1.5719583940226585,0.031060675870618226,0.016428033115949425,13.728627228992991,9.733454575640062,medium,weak α=1.0 (83% in first 3)
ar_sigma1.0_weak_sparse_a1.0,65,65,ar,100,500,1.0,3.0,weak_sparse,1.0,10,3,1.0,0.9118424939558304,cocolasso_max,reweighted_frobenius,8.891199795618585,8.677579752442758,3.755029442649866,3.6091111721607088,15.12675145600224,1.57203112001298,0.21362004317582617,0.1459182704891573,13.55472033598926,9.62242494021196,medium,weak α=1.0 (83% in first 3)
ar_sigma1.0_weak_sparse_a1.0,66,66,ar,100,500,1.0,3.0,weak_sparse,1.0,10,3,1.0,0.9118424939558304,cocolasso_max,reweighted_frobenius,11.59009754972201,11.404349377626543,5.845145716004243,5.722434298056787,15.0697088779998,1.5892044649808668,0.185748172095467,0.12271141794745599,13.480504413018933,9.482548790964561,medium,weak α=1.0 (83% in first 3)
ar_sigma1.0_weak_sparse_a1.0,67,67,ar,100,500,1.0,3.0,weak_sparse,1.0,10,3,1.0,0.9118424939558304,cocolasso_max,reweighted_frobenius,14.233952848140962,14.233126440489954,7.774893634855106,7.774185629196458,15.085576848010533,1.5802071719663218,0.0008264076510080542,0.0007080056586481476,13.50536967604421,9.546581686019612,medium,weak α=1.0 (83% in first 3)
ar_sigma1.0_weak_sparse_a1.0,68,68,ar,100,500,1.0,3.0,weak_sparse,1.0,10,3,1.0,0.9118424939558304,cocolasso_max,reweighted_frobenius,10.80331976801835,10.55289678624273,5.227385020856214,5.052146969851854,15.794736051990183,1.590901488030795,0.2504229817756194,0.17523805100435919,14.203834563959388,9.928167250343565,medium,weak α=1.0 (83% in first 3)
ar_sigma1.0_weak_sparse_a1.0,69,69,ar,100,500,1.0,3.0,weak_sparse,1.0,10,3,1.0,0.9118424939558304,cocolasso_max,reweighted_frobenius,12.644989189054431,12.486556447943464,6.636819381933183,6.525297497957523,16.684141926001757,1.653248292976059,0.1584327411109676,0.11152188397565954,15.030893633025698,10.091733949997408,medium,weak α=1.0 (83% in first 3)
ar_sigma1.0_weak_sparse_a1.0,70,70,ar,100,500,1.0,3.0,weak_sparse,1.0,10,3,1.0,0.9118424939558304,cocolasso_max,reweighted_frobenius,12.07905670917964,11.915313332119917,6.146224325881265,6.024417045269472,16.40499605401419,1.6391417960403487,0.16374337705972408,0.12180728061179291,14.765854257973842,10.008283660171136,medium,weak α=1.0 (83% in first 3)
ar_sigma1.0_weak_sparse_a1.0,71,71,ar,100,500,1.0,3.0,weak_sparse,1.0,10,3,1.0,0.9118424939558304,cocolasso_max,reweighted_frobenius,11.446849422205478,11.482459205614964,5.959382931139928,6.01143448507342,17.366898885986302,1.6414046739810146,-0.03560978340948573,-0.05205155393349248,15.725494212005287,10.580510194274723,medium,weak α=1.0 (83% in first 3)
ar_sigma1.0_weak_sparse_a1.0,72,72,ar,100,500,1.0,3.0,weak_sparse,1.0,10,3,1.0,0.9118424939558304,cocolasso_max,reweighted_frobenius,14.822132109534165,14.90943178196091,8.330254024586596,8.412115800057974,16.621867965033744,1.6480749580077827,-0.08729967242674519,-0.08186177547137774,14.97379300702596,10.085626193317385,medium,weak α=1.0 (83% in first 3)
ar_sigma1.0_weak_sparse_a1.0,73,73,ar,100,500,1.0,3.0,weak_sparse,1.0,10,3,1.0,0.9118424939558304,cocolasso_max,reweighted_frobenius,11.87695136376147,11.800801152425938,5.914253650769758,5.858373027302729,16.62023501895601,1.6906000929884613,0.07615021133553235,0.05588062346702838,14.929634925967548,9.830967765757391,medium,weak α=1.0 (83% in first 3)
ar_sigma1.0_weak_sparse_a1.0,74,74,ar,100,500,1.0,3.0,weak_sparse,1.0,10,3,1.0,0.9118424939558304,cocolasso_max,reweighted_frobenius,8.178776936761405,8.053440640679558,3.3360201831608616,3.259556612827448,16.204551743052434,2.0326613719807938,0.12533629608184782,0.07646357033341378,14.17189037107164,7.972086234541553,medium,weak α=1.0 (83% in first 3)
ar_sigma1.0_weak_sparse_a1.0,75,75,ar,100,500,1.0,3.0,weak_sparse,1.0,10,3,1.0,0.9118424939558304,cocolasso_max,reweighted_frobenius,9.89585429075282,9.823421246442145,4.608881437689669,4.587005607262773,16.2406277260161,1.880744785012212,0.07243304431067621,0.02187583042689578,14.359882941003889,8.63521082468967,medium,weak α=1.0 (83% in first 3)
ar_sigma1.0_weak_sparse_a1.0,76,76,ar,100,500,1.0,3.0,weak_sparse,1.0,10,3,1.0,0.9118424939558304,cocolasso_max,reweighted_frobenius,8.50790481985576,8.50772939197076,3.458919278747361,3.458465880527469,16.600328464002814,1.5743425089749508,0.00017542788500080064,0.00045339821989198725,15.025985955027863,10.544292852011747,medium,weak α=1.0 (83% in first 3)
ar_sigma1.0_weak_sparse_a1.0,77,77,ar,100,500,1.0,3.0,weak_sparse,1.0,10,3,1.0,0.9118424939558304,cocolasso_max,reweighted_frobenius,11.004452234386465,10.84552892790374,5.343649122370201,5.23756096084475,17.256091247021686,1.7821292689768595,0.15892330648272512,0.10608816152545142,15.473961978044827,9.682850479712172,medium,weak α=1.0 (83% in first 3)
ar_sigma1.0_weak_sparse_a1.0,78,78,ar,100,500,1.0,3.0,weak_sparse,1.0,10,3,1.0,0.9118424939558304,cocolasso_max,reweighted_frobenius,11.07836999421111,10.953903817038846,5.438921340601025,5.334781004348338,16.815606181975454,1.8725484749884345,0.12446617717226438,0.10414033625268715,14.94305770698702,8.980064551909297,medium,weak α=1.0 (83% in first 3)
ar_sigma1.0_weak_sparse_a1.0,79,79,ar,100,500,1.0,3.0,weak_sparse,1.0,10,3,1.0,0.9118424939558304,cocolasso_max,reweighted_frobenius,11.548975531567631,11.506173846762014,5.79370034581625,5.756703013484803,17.35031735699158,1.79986013204325,0.04280168480561741,0.03699733233144631,15.550457224948332,9.639814254508227,medium,weak α=1.0 (83% in first 3)
ar_sigma1.0_weak_sparse_a1.0,80,80,ar,100,500,1.0,3.0,weak_sparse,1.0,10,3,1.0,0.9118424939558304,cocolasso_max,reweighted_frobenius,9.156636268378309,8.94100832114953,4.066966354879538,3.939570609620586,15.425222438992932,1.6829050380038098,0.21562794722877854,0.12739574525895225,13.742317400989123,9.165830567177856,medium,weak α=1.0 (83% in first 3)
ar_sigma1.0_weak_sparse_a1.0,81,81,ar,100,500,1.0,3.0,weak_sparse,1.0,10,3,1.0,0.9118424939558304,cocolasso_max,reweighted_frobenius,12.786625230428264,12.683599341077908,6.805617585046529,6.730668309558853,15.932886588037944,1.9027164340368472,0.10302588935035573,0.07494927548767638,14.030170154001096,8.373757803854335,medium,weak α=1.0 (83% in first 3)
ar_sigma1.0_weak_sparse_a1.0,82,82,ar,100,500,1.0,3.0,weak_sparse,1.0,10,3,1.0,0.9118424939558304,cocolasso_max,reweighted_frobenius,12.133999655817645,12.050746713816528,6.118652697367303,6.055874873757492,16.42142241296824,1.9584089840063823,0.08325294200111699,0.0627778236098111,14.463013428961858,8.385083272736214,medium,weak α=1.0 (83% in first 3)
ar_sigma1.0_weak_sparse_a1.0,83,83,ar,100,500,1.0,3.0,weak_sparse,1.0,10,3,1.0,0.9118424939558304,cocolasso_max,reweighted_frobenius,13.09741720293139,13.0080537434506,7.026867892750436,6.97706193446099,16.15105842804769,1.6849887419957668,0.08936345948078994,0.04980595828944612,14.466069686051924,9.5852619222356,medium,weak α=1.0 (83% in first 3)
ar_sigma1.0_weak_sparse_a1.0,84,84,ar,100,500,1.0,3.0,weak_sparse,1.0,10,3,1.0,0.9118424939558304,cocolasso_max,reweighted_frobenius,11.659852712055224,11.501589264625885,6.028875611999617,5.914437302234885,16.949289676966146,1.5452891790191643,0.15826344742933962,0.11443830976473279,15.404000497946981,10.968361072536796,medium,weak α=1.0 (83% in first 3)
ar_sigma1.0_weak_sparse_a1.0,85,85,ar,100,500,1.0,3.0,weak_sparse,1.0,10,3,1.0,0.9118424939558304,cocolasso_max,reweighted_frobenius,13.530792089683942,13.488401215150835,7.460211255076418,7.44561872348183,17.08110550697893,1.7586114279692993,0.042390874533106526,0.014592531594588287,15.32249407900963,9.712836636517705,medium,weak α=1.0 (83% in first 3)
ar_sigma1.0_weak_sparse_a1.0,86,86,ar,100,500,1.0,3.0,weak_sparse,1.0,10,3,1.0,0.9118424939558304,cocolasso_max,reweighted_frobenius,9.79207094974724,9.530037478586951,4.392954870282264,4.213363733954616,16.4237833149964,9.553774882981088,0.2620334711602883,0.17959113632764723,6.870008432015311,1.7190883725189519,medium,weak α=1.0 (83% in first 3)
ar_sigma1.0_weak_sparse_a1.0,87,87,ar,100,500,1.0,3.0,weak_sparse,1.0,10,3,1.0,0.9118424939558304,cocolasso_max,reweighted_frobenius,9.868313859263512,9.755934726315465,4.478060512574456,4.402373732210667,16.416254858020693,1.551753499021288,0.11237913294804791,0.07568678036378884,14.864501358999405,10.579164067214702,medium,weak α=1.0 (83% in first 3)
ar_sigma1.0_weak_sparse_a1.0,88,88,ar,100,500,1.0,3.0,weak_sparse,1.0,10,3,1.0,0.9118424939558304,cocolasso_max,reweighted_frobenius,15.246129038033722,15.332589122312935,8.640010733446344,8.714404622657158,16.524240327009466,1.3246248639770783,-0.08646008427921359,-0.07439388921081402,15.199615463032387,12.474656618928908,medium,weak α=1.0 (83% in first 3)
ar_sigma1.0_weak_sparse_a1.0,89,89,ar,100,500,1.0,3.0,weak_sparse,1.0,10,3,1.0,0.9118424939558304,cocolasso_max,reweighted_frobenius,9.432067245735231,9.238856383067262,4.177037272565412,4.043119181929402,16.09678562299814,1.5822891230345704,0.1932108626679696,0.13391809063601023,14.51449649996357,10.173100091927038,medium,weak α=1.0 (83% in first 3)
ar_sigma1.0_weak_sparse_a1.0,90,90,ar,100,500,1.0,3.0,weak_sparse,1.0,10,3,1.0,0.9118424939558304,cocolasso_max,reweighted_frobenius,13.27210113405013,13.105766232494224,7.103297226327538,6.977273472681639,16.890878061996773,1.5496383659774438,0.16633490155590636,0.12602375364589857,15.34123969601933,10.899883761810937,medium,weak α=1.0 (83% in first 3)
ar_sigma1.0_weak_sparse_a1.0,91,91,ar,100,500,1.0,3.0,weak_sparse,1.0,10,3,1.0,0.9118424939558304,cocolasso_max,reweighted_frobenius,13.28847193440382,13.283910413863648,7.110994236307079,7.105832223818005,17.25020685000345,1.3256873940117655,0.004561520540171671,0.00516201248907322,15.924519455991685,13.012273427298167,medium,weak α=1.0 (83% in first 3)
ar_sigma1.0_weak_sparse_a1.0,92,92,ar,100,500,1.0,3.0,weak_sparse,1.0,10,3,1.0,0.9118424939558304,cocolasso_max,reweighted_frobenius,11.57350896209564,11.380000062725822,5.976009602993843,5.858939639696629,16.887630281038582,1.321348125988152,0.19350889936981908,0.11706996329721342,15.56628215505043,12.780606373819465,medium,weak α=1.0 (83% in first 3)
ar_sigma1.0_weak_sparse_a1.0,93,93,ar,100,500,1.0,3.0,weak_sparse,1.0,10,3,1.0,0.9118424939558304,cocolasso_max,reweighted_frobenius,12.131491212857757,11.924050256110348,6.174750841504284,6.016396135658181,16.452177778002806,1.2513015360455029,0.20744095674740848,0.15835470584610345,15.200876241957303,13.148052091422137,medium,weak α=1.0 (83% in first 3)
ar_sigma1.0_weak_sparse_a1.0,94,94,ar,100,500,1.0,3.0,weak_sparse,1.0,10,3,1.0,0.9118424939558304,cocolasso_max,reweighted_frobenius,12.482483997585692,12.328944398143651,6.457083051457174,6.342484286639762,16.130046118982136,1.2681623679818586,0.1535395994420412,0.11459876481741205,14.861883751000278,12.719227857747693,medium,weak α=1.0 (83% in first 3)
ar_sigma1.0_weak_sparse_a1.0,95,95,ar,100,500,1.0,3.0,weak_sparse,1.0,10,3,1.0,0.9118424939558304,cocolasso_max,reweighted_frobenius,10.811504707930114,10.544535448633166,5.147558591627639,4.951293745436626,15.451445322018117,1.312654489011038,0.2669692592969479,0.19626484619101348,14.138790833007079,11.7711442358753,medium,weak α=1.0 (83% in first 3)
ar_sigma1.0_weak_sparse_a1.0,96,96,ar,100,500,1.0,3.0,weak_sparse,1.0,10,3,1.0,0.9118424939558304,cocolasso_max,reweighted_frobenius,9.326395398947197,8.892508272270032,4.380205338279994,4.114790976468494,15.560361851006746,1.4070866460097022,0.4338871266771651,0.2654143618115006,14.153275204997044,11.058566929857319,medium,weak α=1.0 (83% in first 3)
ar_sigma1.0_weak_sparse_a1.0,97,97,ar,100,500,1.0,3.0,weak_sparse,1.0,10,3,1.0,0.9118424939558304,cocolasso_max,reweighted_frobenius,13.11541273173591,13.093651201126884,6.998847897131311,6.987779779155359,15.266898193978705,1.2789372339611873,0.021761530609026636,0.011068117975952418,13.987960960017517,11.937175483345118,medium,weak α=1.0 (83% in first 3)
ar_sigma1.0_weak_sparse_a1.0,98,98,ar,100,500,1.0,3.0,weak_sparse,1.0,10,3,1.0,0.9118424939558304,cocolasso_max,reweighted_frobenius,10.834640237263622,10.763488522716756,5.285948775064413,5.218837452201282,15.661446832004003,1.3892238370026462,0.07115171454686653,0.0671113228631306,14.272222995001357,11.27352296646071,medium,weak α=1.0 (83% in first 3)
ar_sigma1.0_weak_sparse_a1.0,99,99,ar,100,500,1.0,3.0,weak_sparse,1.0,10,3,1.0,0.9118424939558304,cocolasso_max,reweighted_frobenius,11.247010637002957,11.023396721674354,5.588869359782556,5.416782975017198,16.353970300988294,1.2606385629624128,0.22361391532860253,0.17208638476535754,15.093331738025881,12.972766962290605,medium,weak α=1.0 (83% in first 3)
ar_sigma1.0_weak_sparse_a1.5,0,0,ar,100,500,1.0,3.0,weak_sparse,1.5,10,3,1.0,0.829919708757592,cocolasso_max,reweighted_frobenius,8.471212634681232,8.35868209474265,5.5874113816158255,5.500541449074325,18.45804050104925,1.4103369030053727,0.11253053993858231,0.0868699325415001,17.047703598043878,13.08768171754982,medium,weak α=1.5 (97% in first 3)
ar_sigma1.0_weak_sparse_a1.5,1,1,ar,100,500,1.0,3.0,weak_sparse,1.5,10,3,1.0,0.829919708757592,cocolasso_max,reweighted_frobenius,6.7083051750252825,6.540239810578054,4.070777614301854,3.940385085560357,19.150171581015456,1.444450795999728,0.1680653644472283,0.13039252874149732,17.70572078501573,13.25775279715313,medium,weak α=1.5 (97% in first 3)
ar_sigma1.0_weak_sparse_a1.5,2,2,ar,100,500,1.0,3.0,weak_sparse,1.5,10,3,1.0,0.829919708757592,cocolasso_max,reweighted_frobenius,11.110710896962583,11.151900164892002,7.74312875722469,7.784055268826625,21.412057767040096,1.831280284037348,-0.04118926792941835,-0.04092651160193572,19.58077748300275,11.692397910730419,medium,weak α=1.5 (97% in first 3)
ar_sigma1.0_weak_sparse_a1.5,3,3,ar,100,500,1.0,3.0,weak_sparse,1.5,10,3,1.0,0.829919708757592,cocolasso_max,reweighted_frobenius,6.133012597773112,5.903092383166183,3.421444500026154,3.284187727566356,21.40820025501307,1.3047484950511716,0.22992021460692857,0.13725677245979817,20.1034517599619,16.40791335357965,medium,weak α=1.5 (97% in first 3)
ar_sigma1.0_weak_sparse_a1.5,4,4,ar,100,500,1.0,3.0,weak_sparse,1.5,10,3,1.0,0.829919708757592,cocolasso_max,reweighted_frobenius,6.086148626993574,5.786938806795778,3.5741716684209206,3.337116757971745,19.993003720999692,1.430219431000296,0.2992098201977962,0.2370549104491757,18.562784289999396,13.97897643371869,medium,weak α=1.5 (97% in first 3)
ar_sigma1.0_weak_sparse_a1.5,5,5,ar,100,500,1.0,3.0,weak_sparse,1.5,10,3,1.0,0.829919708757592,cocolasso_max,reweighted_frobenius,5.62699456189401,5.346498120552207,3.1888158882925817,2.974542419745871,19.90363364102086,1.3439085849677213,0.2804964413418034,0.2142734685467107,18.55972505605314,14.81025857238565,medium,weak α=1.5 (97% in first 3)
ar_sigma1.0_weak_sparse_a1.5,6,6,ar,100,500,1.0,3.0,weak_sparse,1.5,10,3,1.0,0.829919708757592,cocolasso_max,reweighted_frobenius,6.690817761608119,6.53785728604887,4.04096143146179,3.9207305448526766,22.984252201975323,1.557960220030509,0.15296047555924908,0.12023088660911352,21.426291981944814,14.752785023949604,medium,weak α=1.5 (97% in first 3)
ar_sigma1.0_weak_sparse_a1.5,7,7,ar,100,500,1.0,3.0,weak_sparse,1.5,10,3,1.0,0.829919708757592,cocolasso_max,reweighted_frobenius,7.310124856498612,7.091105384769825,4.535023737100945,4.3554760824054295,16.995725600980222,1.6269646710134111,0.219019471728787,0.17954765469551592,15.368760929966811,10.44627821598231,medium,weak α=1.5 (97% in first 3)
ar_sigma1.0_weak_sparse_a1.5,8,8,ar,100,500,1.0,3.0,weak_sparse,1.5,10,3,1.0,0.829919708757592,cocolasso_max,reweighted_frobenius,6.520401289211234,6.327333453141449,3.885933912377809,3.732295141574911,15.91984897601651,1.3203726509818807,0.19306783606978506,0.1536387708028979,14.59947632503463,12.057087795765755,medium,weak α=1.5 (97% in first 3)
ar_sigma1.0_weak_sparse_a1.5,9,9,ar,100,500,1.0,3.0,weak_sparse,1.5,10,3,1.0,0.829919708757592,cocolasso_max,reweighted_frobenius,7.508308410932447,7.307027688331578,4.794117917227869,4.637403956497282,16.075715748011135,1.5367264589876868,0.2012807226008686,0.15671396073058652,14.538989289023448,10.4610131842208,medium,weak α=1.5 (97% in first 3)
ar_sigma1.0_weak_sparse_a1.5,10,10,ar,100,500,1.0,3.0,weak_sparse,1.5,10,3,1.0,0.829919708757592,cocolasso_max,reweighted_frobenius,6.481691865805932,6.056331605900654,3.9639662386682737,3.6249680332820007,16.1176664410159,1.4840921619907022,0.42536025990527815,0.338998205386273,14.633574279025197,10.860286748901297,medium,weak α=1.5 (97% in first 3)
ar_sigma1.0_weak_sparse_a1.5,11,11,ar,100,500,1.0,3.0,weak_sparse,1.5,10,3,1.0,0.829919708757592,cocolasso_max,reweighted_frobenius,6.194288259023972,6.006748568939314,3.659218830903959,3.5084645332584703,16.196166418027133,1.5591373100178316,0.18753969008465798,0.15075429764548876,14.637029108009301,10.38790253684706,medium,weak α=1.5 (97% in first 3)
ar_sigma1.0_weak_sparse_a1.5,12,12,ar,100,500,1.0,3.0,weak_sparse,1.5,10,3,1.0,0.829919708757592,cocolasso_max,reweighted_frobenius,6.399878403473886,6.149125775563733,3.9027568386315488,3.7267875834997777,16.23437181900954,1.356083986000158,0.2507526279101526,0.17596925513177109,14.87828783300938,11.971509129676905,medium,weak α=1.5 (97% in first 3)
ar_sigma1.0_weak_sparse_a1.5,13,13,ar,100,500,1.0,3.0,weak_sparse,1.5,10,3,1.0,0.829919708757592,cocolasso_max,reweighted_frobenius,7.91346245349949,7.753695523342113,5.024575369398148,4.893260704438111,16.219318688032217,1.572458312031813,0.1597669301573772,0.13131466496003696,14.646860376000404,10.314625554094867,medium,weak α=1.5 (97% in first 3)
ar_sigma1.0_weak_sparse_a1.5,14,14,ar,100,500,1.0,3.0,weak_sparse,1.5,10,3,1.0,0.829919708757592,cocolasso_max,reweighted_frobenius,7.48912167272189,7.407586319621219,4.810403882768418,4.753404936118109,16.75102748197969,1.5267316850367934,0.08153535310067106,0.05699894665030936,15.224295796942897,10.971821470762231,medium,weak α=1.5 (97% in first 3)
ar_sigma1.0_weak_sparse_a1.5,15,15,ar,100,500,1.0,3.0,weak_sparse,1.5,10,3,1.0,0.829919708757592,cocolasso_max,reweighted_frobenius,6.368052620149795,6.083107355793609,3.808948132105591,3.591980238442877,20.61967965000076,1.5278261519852094,0.2849452643561863,0.21696789366271396,19.09185349801555,13.49609026079845,medium,weak α=1.5 (97% in first 3)
ar_sigma1.0_weak_sparse_a1.5,16,16,ar,100,500,1.0,3.0,weak_sparse,1.5,10,3,1.0,0.829919708757592,cocolasso_max,reweighted_frobenius,7.926182426114109,7.71476705360031,5.083333738235003,4.922222405586748,18.71908339904621,1.742713731015101,0.21141537251379905,0.16111133264825472,16.976369668031108,10.741341544455876,medium,weak α=1.5 (97% in first 3)
ar_sigma1.0_weak_sparse_a1.5,17,17,ar,100,500,1.0,3.0,weak_sparse,1.5,10,3,1.0,0.829919708757592,cocolasso_max,reweighted_frobenius,7.473680920676901,7.33573757449358,4.732844833134164,4.628708459922542,17.798238189017866,1.6338108269846998,0.13794334618332105,0.10413637321162206,16.164427362033166,10.893695827604246,medium,weak α=1.5 (97% in first 3)
ar_sigma1.0_weak_sparse_a1.5,18,18,ar,100,500,1.0,3.0,weak_sparse,1.5,10,3,1.0,0.829919708757592,cocolasso_max,reweighted_frobenius,8.446905983097663,8.387511468619804,5.540508527471767,5.500373013970296,16.70005442004185,1.5210281840409152,0.059394514477858706,0.04013551350147093,15.179026236000936,10.979451002462572,medium,weak α=1.5 (97% in first 3)
ar_sigma1.0_weak_sparse_a1.5,19,19,ar,100,500,1.0,3.0,weak_sparse,1.5,10,3,1.0,0.829919708757592,cocolasso_max,reweighted_frobenius,5.516564836868978,5.50716334297537,3.111439827715595,3.1061049392441693,16.6366446739994,1.445542225963436,0.009401493893608226,0.005334888471425714,15.191102448035963,11.508930265189091,medium,weak α=1.5 (97% in first 3)
ar_sigma1.0_weak_sparse_a1.5,20,20,ar,100,500,1.0,3.0,weak_sparse,1.5,10,3,1.0,0.829919708757592,cocolasso_max,reweighted_frobenius,11.201645114498268,11.236021620040132,7.904119678285818,7.942003812585239,16.57051979599055,1.385437632969115,-0.03437650554186433,-0.0378841342994205,15.185082163021434,11.960494937963007,medium,weak α=1.5 (97% in first 3)
ar_sigma1.0_weak_sparse_a1.5,21,21,ar,100,500,1.0,3.0,weak_sparse,1.5,10,3,1.0,0.829919708757592,cocolasso_max,reweighted_frobenius,4.711325505530059,4.6278438102213055,2.586051740713207,2.539161269095961,16.285339692025445,1.3383373599499464,0.0834816953087536,0.04689047161724602,14.947002332075499,12.168336758255418,medium,weak α=1.5 (97% in first 3)
ar_sigma1.0_weak_sparse_a1.5,22,22,ar,100,500,1.0,3.0,weak_sparse,1.5,10,3,1.0,0.829919708757592,cocolasso_max,reweighted_frobenius,8.228963026504672,8.10011077943873,5.296974071025669,5.191707848256866,16.86019755405141,1.2738945169840008,0.128852247065943,0.10526622276880371,15.58630303706741,13.23515984193781,medium,weak α=1.5 (97% in first 3)
ar_sigma1.0_weak_sparse_a1.5,23,23,ar,100,500,1.0,3.0,weak_sparse,1.5,10,3,1.0,0.829919708757592,cocolasso_max,reweighted_frobenius,4.289911938820339,4.170993976937311,2.264072291076785,2.195719927084281,16.818817925988697,1.3389487080276012,0.11891796188302806,0.0683523639925041,15.479869217961095,12.561211512548837,medium,weak α=1.5 (97% in first 3)
ar_sigma1.0_weak_sparse_a1.5,24,24,ar,100,500,1.0,3.0,weak_sparse,1.5,10,3,1.0,0.829919708757592,cocolasso_max,reweighted_frobenius,7.39132631610315,7.348535328481379,4.6039886592805415,4.570886598178125,16.198686825984623,1.3950631889747456,0.04279098762177114,0.03310206110241687,14.803623637009878,11.611435922045438,medium,weak α=1.5 (97% in first 3)
ar_sigma1.0_weak_sparse_a1.5,25,25,ar,100,500,1.0,3.0,weak_sparse,1.5,10,3,1.0,0.829919708757592,cocolasso_max,reweighted_frobenius,5.296647897186774,4.995837919571836,2.9286504478126,2.700646527046193,16.108835879014805,1.4237272329628468,0.30080997761493755,0.2280039207664073,14.685108646051958,11.31455204764997,medium,weak α=1.5 (97% in first 3)
ar_sigma1.0_weak_sparse_a1.5,26,26,ar,100,500,1.0,3.0,weak_sparse,1.5,10,3,1.0,0.829919708757592,cocolasso_max,reweighted_frobenius,5.535735823732155,5.137252093138956,3.175554187332032,2.8772345542576936,16.45327981101582,1.5879621030180715,0.39848373059319897,0.2983196330743385,14.865317707997747,10.361254704847685,medium,weak α=1.5 (97% in first 3)
ar_sigma1.0_weak_sparse_a1.5,27,27,ar,100,500,1.0,3.0,weak_sparse,1.5,10,3,1.0,0.829919708757592,cocolasso_max,reweighted_frobenius,7.170803160504461,7.041385461165692,4.50667049599792,4.406560493231771,17.187409292033408,1.3242822739994151,0.12941769933876834,0.10011000276614901,15.863127018033992,12.978659934884092,medium,weak α=1.5 (97% in first 3)
ar_sigma1.0_weak_sparse_a1.5,28,28,ar,100,500,1.0,3.0,weak_sparse,1.5,10,3,1.0,0.829919708757592,cocolasso_max,reweighted_frobenius,7.227040510800461,6.990362372642172,4.465411765753535,4.273866319521872,16.483084651990794,1.4578496820176952,0.23667813815828875,0.1915454462316628,15.025234969973098,11.306436359870691,medium,weak α=1.5 (97% in first 3)
ar_sigma1.0_weak_sparse_a1.5,29,29,ar,100,500,1.0,3.0,weak_sparse,1.5,10,3,1.0,0.829919708757592,cocolasso_max,reweighted_frobenius,6.87188796533742,6.611965222110287,4.2087771902983055,4.003565586464923,16.599506651982665,1.8275861919973977,0.2599227432271327,0.20521160383338266,14.771920459985267,9.082748996828874,medium,weak α=1.5 (97% in first 3)
ar_sigma1.0_weak_sparse_a1.5,30,30,ar,100,500,1.0,3.0,weak_sparse,1.5,10,3,1.0,0.829919708757592,cocolasso_max,reweighted_frobenius,8.63468149135626,8.557171486524755,5.73620768495444,5.681198742050533,18.51890302903485,1.353544911951758,0.07751000483150428,0.0550089429039069,17.16535811708309,13.68177950026891,medium,weak α=1.5 (97% in first 3)
ar_sigma1.0_weak_sparse_a1.5,31,31,ar,100,500,1.0,3.0,weak_sparse,1.5,10,3,1.0,0.829919708757592,cocolasso_max,reweighted_frobenius,5.9868811068565,5.723194594241658,3.4854384391344104,3.280677787199384,18.43561684997985,1.423803585988935,0.263686512614842,0.20476065193502624,17.011813263990916,12.948146100625934,medium,weak α=1.5 (97% in first 3)
ar_sigma1.0_weak_sparse_a1.5,32,32,ar,100,500,1.0,3.0,weak_sparse,1.5,10,3,1.0,0.829919708757592,cocolasso_max,reweighted_frobenius,7.564041869160993,7.442664848983506,4.988778716801427,4.906320431071399,19.765471883991268,1.2694460210041143,0.12137702017748708,0.082458285730028,18.496025862987153,15.570155451239314,medium,weak α=1.5 (97% in first 3)
ar_sigma1.0_weak_sparse_a1.5,33,33,ar,100,500,1.0,3.0,weak_sparse,1.5,10,3,1.0,0.829919708757592,cocolasso_max,reweighted_frobenius,6.064193635297403,5.698554411818156,3.571669344150675,3.2900727300314805,18.38647797703743,1.654835158959031,0.3656392234792465,0.28159661411919457,16.7316428180784,11.110761019002876,medium,weak α=1.5 (97% in first 3)
ar_sigma1.0_weak_sparse_a1.5,34,34,ar,100,500,1.0,3.0,weak_sparse,1.5,10,3,1.0,0.829919708757592,cocolasso_max,reweighted_frobenius,6.658278045646326,6.445992343374941,4.047963459181563,3.87587436184446,17.89807793800719,1.426324214960914,0.21228570227138466,0.17208909733710298,16.471753723046277,12.54839380154368,medium,weak α=1.5 (97% in first 3)
ar_sigma1.0_weak_sparse_a1.5,35,35,ar,100,500,1.0,3.0,weak_sparse,1.5,10,3,1.0,0.829919708757592,cocolasso_max,reweighted_frobenius,6.283655893604196,5.9563086492341375,3.709672259159773,3.4513625699704176,17.878270322980825,1.375061970029492,0.3273472443700589,0.2583096891893555,16.503208352951333,13.00179243746911,medium,weak α=1.5 (97% in first 3)
ar_sigma1.0_weak_sparse_a1.5,36,36,ar,100,500,1.0,3.0,weak_sparse,1.5,10,3,1.0,0.829919708757592,cocolasso_max,reweighted_frobenius,9.634133682613443,9.536486222699292,6.149183798148113,6.086938088069516,16.900080811989028,1.6220298809930682,0.09764745991415147,0.062245710078596694,15.27805093099596,10.419093390340107,medium,weak α=1.5 (97% in first 3)
ar_sigma1.0_weak_sparse_a1.5,37,37,ar,100,500,1.0,3.0,weak_sparse,1.5,10,3,1.0,0.829919708757592,cocolasso_max,reweighted_frobenius,7.356076508955965,7.26373817071627,4.603486359387517,4.53324150892574,18.287140315049328,1.5555516189779155,0.09233833823969562,0.0702448504617772,16.731588696071412,11.756048524487412,medium,weak α=1.5 (97% in first 3)
ar_sigma1.0_weak_sparse_a1.5,38,38,ar,100,500,1.0,3.0,weak_sparse,1.5,10,3,1.0,0.829919708757592,cocolasso_max,reweighted_frobenius,6.873537575025047,6.850921869867103,4.274732491081228,4.260455191903968,17.177879315975588,1.6119939709897153,0.022615705157943644,0.014277299177260616,15.565885344985873,10.656292532799544,medium,weak α=1.5 (97% in first 3)
ar_sigma1.0_weak_sparse_a1.5,39,39,ar,100,500,1.0,3.0,weak_sparse,1.5,10,3,1.0,0.829919708757592,cocolasso_max,reweighted_frobenius,6.92669987293975,6.87086185622506,4.252416023069813,4.211063162787791,17.03428201598581,1.289613879052922,0.05583801671468969,0.04135286028202234,15.744668136932887,13.208823425888992,medium,weak α=1.5 (97% in first 3)
ar_sigma1.0_weak_sparse_a1.5,40,40,ar,100,500,1.0,3.0,weak_sparse,1.5,10,3,1.0,0.829919708757592,cocolasso_max,reweighted_frobenius,6.900703313393509,6.7228409936561855,4.243843359085032,4.109638877092933,17.082398564030882,1.471416761982255,0.17786231973732392,0.1342044819920991,15.610981802048627,11.609490258231062,medium,weak α=1.5 (97% in first 3)
ar_sigma1.0_weak_sparse_a1.5,41,41,ar,100,500,1.0,3.0,weak_sparse,1.5,10,3,1.0,0.829919708757592,cocolasso_max,reweighted_frobenius,5.991014564525958,5.854503932291651,3.474120788125579,3.368238483861053,16.65762408298906,1.419877392007038,0.13651063223430704,0.10588230426452627,15.237746690982021,11.731734146032865,medium,weak α=1.5 (97% in first 3)
ar_sigma1.0_weak_sparse_a1.5,42,42,ar,100,500,1.0,3.0,weak_sparse,1.5,10,3,1.0,0.829919708757592,cocolasso_max,reweighted_frobenius,10.051023949697804,10.098784295317168,6.8897997486718925,6.942346580600463,17.578455297043547,1.4149132470483892,-0.047760345619364486,-0.0525468319285709,16.163542049995158,12.423698296495187,medium,weak α=1.5 (97% in first 3)
ar_sigma1.0_weak_sparse_a1.5,43,43,ar,100,500,1.0,3.0,weak_sparse,1.5,10,3,1.0,0.829919708757592,cocolasso_max,reweighted_frobenius,6.775316147923243,6.55129823774454,4.102885899256181,3.9467737347540353,17.159312764997594,1.240848129033111,0.22401791017870298,0.15611216450214593,15.918464635964483,13.828696972262358,medium,weak α=1.5 (97% in first 3)
ar_sigma1.0_weak_sparse_a1.5,44,44,ar,100,500,1.0,3.0,weak_sparse,1.5,10,3,1.0,0.829919708757592,cocolasso_max,reweighted_frobenius,6.466498927451144,6.2993342431632495,3.867564646328877,3.735174468787122,18.2418225450092,1.3082735419739038,0.16716468428789444,0.13239017754175508,16.933549003035296,13.943431522345248,medium,weak α=1.5 (97% in first 3)
ar_sigma1.0_weak_sparse_a1.5,45,45,ar,100,500,1.0,3.0,weak_sparse,1.5,10,3,1.0,0.829919708757592,cocolasso_max,reweighted_frobenius,7.949280526060565,7.843510114066748,5.072456682172012,4.9853350448389975,17.96686971699819,1.5256616050028242,0.10577041199381654,0.08712163733301459,16.441208111995365,11.776444827662115,medium,weak α=1.5 (97% in first 3)
ar_sigma1.0_weak_sparse_a1.5,46,46,ar,100,500,1.0,3.0,weak_sparse,1.5,10,3,1.0,0.829919708757592,cocolasso_max,reweighted_frobenius,3.8457392119171065,3.769221655005975,2.0021293106713367,1.959549393616857,19.22658273403067,1.5255333159584552,0.07651755691113138,0.04257991705447961,17.701049418072216,12.60318770681916,medium,weak α=1.5 (97% in first 3)
ar_sigma1.0_weak_sparse_a1.5,47,47,ar,100,500,1.0,3.0,weak_sparse,1.5,10,3,1.0,0.829919708757592,cocolasso_max,reweighted_frobenius,5.805295367314593,5.455390927547688,3.3292427637658024,3.057368539459469,17.071489316993393,1.5242446890333667,0.3499044397669051,0.27187422430633346,15.547244627960026,11.199966409474357,medium,weak α=1.5 (97% in first 3)
ar_sigma1.0_weak_sparse_a1.5,48,48,ar,100,500,1.0,3.0,weak_sparse,1.5,10,3,1.0,0.829919708757592,cocolasso_max,reweighted_frobenius,8.295841762427276,8.257514783690876,5.384182171960141,5.357207039026764,18.51963009499013,1.68789956899127,0.03832697873640001,0.026975132933377388,16.83173052599886,10.971997644420227,medium,weak α=1.5 (97% in first 3)
ar_sigma1.0_weak_sparse_a1.5,49,49,ar,100,500,1.0,3.0,weak_sparse,1.5,10,3,1.0,0.829919708757592,cocolasso_max,reweighted_frobenius,5.886234594597019,5.696538486212919,3.4633611742680555,3.330335345202012,19.8079553199932,1.3013447130215354,0.18969610838409956,0.13302582906604332,18.506610606971666,15.221144038002025,medium,weak α=1.5 (97% in first 3)
ar_sigma1.0_weak_sparse_a1.5,50,50,ar,100,500,1.0,3.0,weak_sparse,1.5,10,3,1.0,0.829919708757592,cocolasso_max,reweighted_frobenius,7.641077686688322,7.616079168581181,4.823331326219498,4.805561555686869,17.74460899498081,1.504573745012749,0.024998518107141265,0.01776977053262918,16.24003524996806,11.79377817391759,medium,weak α=1.5 (97% in first 3)
ar_sigma1.0_weak_sparse_a1.5,51,51,ar,100,500,1.0,3.0,weak_sparse,1.5,10,3,1.0,0.829919708757592,cocolasso_max,reweighted_frobenius,6.882743909489241,6.733571828465298,4.21532048850167,4.097868572801992,16.99293289502384,1.4115018109441737,0.1491720810239432,0.11745191569967872,15.581431084079668,12.038902651961195,medium,weak α=1.5 (97% in first 3)
ar_sigma1.0_weak_sparse_a1.5,52,52,ar,100,500,1.0,3.0,weak_sparse,1.5,10,3,1.0,0.829919708757592,cocolasso_max,reweighted_frobenius,9.277448562517003,9.218567350694627,6.21835922080403,6.171190583329028,17.48191138304537,1.4795733150094748,0.058881211822376045,0.04716863747500177,16.002338068035897,11.815508704908902,medium,weak α=1.5 (97% in first 3)
ar_sigma1.0_weak_sparse_a1.5,53,53,ar,100,500,1.0,3.0,weak_sparse,1.5,10,3,1.0,0.829919708757592,cocolasso_max,reweighted_frobenius,5.597121357693612,5.43628401034452,3.179982730448051,3.05804941356743,17.083468098018784,1.4348198200459592,0.1608373473490925,0.1219333168806207,15.648648277972825,11.906350790074518,medium,weak α=1.5 (97% in first 3)
ar_sigma1.0_weak_sparse_a1.5,54,54,ar,100,500,1.0,3.0,weak_sparse,1.5,10,3,1.0,0.829919708757592,cocolasso_max,reweighted_frobenius,6.531371727459152,6.31022553727996,3.912207443000591,3.741261258285612,17.08793382300064,1.4430468649952672,0.22114619017919157,0.1709461847149787,15.644886958005372,11.841565397154778,medium,weak α=1.5 (97% in first 3)
ar_sigma1.0_weak_sparse_a1.5,55,55,ar,100,500,1.0,3.0,weak_sparse,1.5,10,3,1.0,0.829919708757592,cocolasso_max,reweighted_frobenius,7.186101733315461,7.06628785835937,4.499878336627573,4.414648461390075,17.64061099605169,1.348127172968816,0.11981387495609042,0.08522987523749759,16.292483823082875,13.085272183338555,medium,weak α=1.5 (97% in first 3)
ar_sigma1.0_weak_sparse_a1.5,56,56,ar,100,500,1.0,3.0,weak_sparse,1.5,10,3,1.0,0.829919708757592,cocolasso_max,reweighted_frobenius,6.190298957537255,6.063781582306562,3.643530153854317,3.545177791166091,17.1529330110061,1.627648443041835,0.1265173752306934,0.09835236268822589,15.525284567964263,10.538475359549876,medium,weak α=1.5 (97% in first 3)
ar_sigma1.0_weak_sparse_a1.5,57,57,ar,100,500,1.0,3.0,weak_sparse,1.5,10,3,1.0,0.829919708757592,cocolasso_max,reweighted_frobenius,7.636393043575577,7.395033847693736,4.832588907399218,4.636037356291724,16.68092479900224,1.4393344779964536,0.24135919588184063,0.19655155110749423,15.241590321005788,11.589331773822305,medium,weak α=1.5 (97% in first 3)
ar_sigma1.0_weak_sparse_a1.5,58,58,ar,100,500,1.0,3.0,weak_sparse,1.5,10,3,1.0,0.829919708757592,cocolasso_max,reweighted_frobenius,7.147487839343137,6.822246276674441,4.445495119327758,4.188020947764654,16.551958916010335,1.5095278900116682,0.32524156266869575,0.2574741715631035,15.042431025998667,10.964990461939987,medium,weak α=1.5 (97% in first 3)
ar_sigma1.0_weak_sparse_a1.5,59,59,ar,100,500,1.0,3.0,weak_sparse,1.5,10,3,1.0,0.829919708757592,cocolasso_max,reweighted_frobenius,6.821676393816303,6.5069474473108375,4.167899056492456,3.920098903936957,16.333118640002795,1.3142047169967557,0.3147289465054657,0.24780015255549914,15.01891392300604,12.42813880422491,medium,weak α=1.5 (97% in first 3)
ar_sigma1.0_weak_sparse_a1.5,60,60,ar,100,500,1.0,3.0,weak_sparse,1.5,10,3,1.0,0.829919708757592,cocolasso_max,reweighted_frobenius,7.08808235192591,6.966316414431741,4.370766916648635,4.272741307146265,16.502991001005284,1.5210565580055118,0.12176593749416842,0.09802560950237016,14.981934442999773,10.849689259842423,medium,weak α=1.5 (97% in first 3)
ar_sigma1.0_weak_sparse_a1.5,61,61,ar,100,500,1.0,3.0,weak_sparse,1.5,10,3,1.0,0.829919708757592,cocolasso_max,reweighted_frobenius,8.306785148860502,8.222661846562872,5.342416752248603,5.269367207320322,16.92015669803368,1.5685637060087174,0.08412330229763043,0.07304954492828131,15.351592992024962,10.787038252394478,medium,weak α=1.5 (97% in first 3)
ar_sigma1.0_weak_sparse_a1.5,62,62,ar,100,500,1.0,3.0,weak_sparse,1.5,10,3,1.0,0.829919708757592,cocolasso_max,reweighted_frobenius,4.593930744242608,4.4397190045827895,2.482134910538755,2.3716830583628323,17.90936515899375,1.2827503910521043,0.15421173965981883,0.11045185217592257,16.626614767941646,13.9616914435743,medium,weak α=1.5 (97% in first 3)
ar_sigma1.0_weak_sparse_a1.5,63,63,ar,100,500,1.0,3.0,weak_sparse,1.5,10,3,1.0,0.829919708757592,cocolasso_max,reweighted_frobenius,5.4348601761987325,5.367853622025368,3.057629404689007,3.00864656899014,16.959175554977264,1.37410415901104,0.06700655417336421,0.04898283569886708,15.585071395966224,12.341986918359227,medium,weak α=1.5 (97% in first 3)
ar_sigma1.0_weak_sparse_a1.5,64,64,ar,100,500,1.0,3.0,weak_sparse,1.5,10,3,1.0,0.829919708757592,cocolasso_max,reweighted_frobenius,9.166718863682403,9.073769493268468,6.148115696514878,6.078367260922482,17.73001746396767,1.3259124560281634,0.09294937041393503,0.06974843559239652,16.404105007939506,13.371936724298388,medium,weak α=1.5 (97% in first 3)
ar_sigma1.0_weak_sparse_a1.5,65,65,ar,100,500,1.0,3.0,weak_sparse,1.5,10,3,1.0,0.829919708757592,cocolasso_max,reweighted_frobenius,4.693637438667992,4.4851072679592,2.4545922028543075,2.2993209504766,17.234514865034726,1.375643492967356,0.20853017070879254,0.15527125237770756,15.85887137206737,12.528329435018598,medium,weak α=1.5 (97% in first 3)
ar_sigma1.0_weak_sparse_a1.5,66,66,ar,100,500,1.0,3.0,weak_sparse,1.5,10,3,1.0,0.829919708757592,cocolasso_max,reweighted_frobenius,7.22916635135897,7.060074398624996,4.529044760352334,4.395501723738592,18.108829443983268,1.4172420389950275,0.16909195273397337,0.13354303661374178,16.69158740498824,12.777513611453635,medium,weak α=1.5 (97% in first 3)
ar_sigma1.0_weak_sparse_a1.5,67,67,ar,100,500,1.0,3.0,weak_sparse,1.5,10,3,1.0,0.829919708757592,cocolasso_max,reweighted_frobenius,9.561173554254824,9.531447515252829,6.4020667716492605,6.376476391650132,17.00677406700561,1.5006860719877295,0.029726039001994664,0.025590379999128388,15.506087995017879,11.332666028198245,medium,weak α=1.5 (97% in first 3)
ar_sigma1.0_weak_sparse_a1.5,68,68,ar,100,500,1.0,3.0,weak_sparse,1.5,10,3,1.0,0.829919708757592,cocolasso_max,reweighted_frobenius,7.00101516502979,6.766817097118308,4.308876320421882,4.122407686601898,17.012803165998776,1.6690455650095828,0.2341980679114819,0.1864686338199837,15.343757600989193,10.193132843500948,medium,weak α=1.5 (97% in first 3)
ar_sigma1.0_weak_sparse_a1.5,69,69,ar,100,500,1.0,3.0,weak_sparse,1.5,10,3,1.0,0.829919708757592,cocolasso_max,reweighted_frobenius,7.665512839904018,7.396530395498658,4.867763646590806,4.652145941453988,17.409651727997698,1.5150679069920443,0.2689824444053599,0.21561770513681822,15.894583821005654,11.491004230009814,medium,weak α=1.5 (97% in first 3)
ar_sigma1.0_weak_sparse_a1.5,70,70,ar,100,500,1.0,3.0,weak_sparse,1.5,10,3,1.0,0.829919708757592,cocolasso_max,reweighted_frobenius,7.002417067753563,6.777649765985508,4.308843581479561,4.131623475593216,17.487691008020192,1.4580210609710775,0.22476730176805493,0.17722010588634518,16.029669947049115,11.994127846392674,medium,weak α=1.5 (97% in first 3)
ar_sigma1.0_weak_sparse_a1.5,71,71,ar,100,500,1.0,3.0,weak_sparse,1.5,10,3,1.0,0.829919708757592,cocolasso_max,reweighted_frobenius,6.638087592349568,6.63663730703695,4.212855145603475,4.234094251781967,17.047040159988683,1.4683407999691551,0.0014502853126181492,-0.02123910617849134,15.578699360019527,11.609729948487969,medium,weak α=1.5 (97% in first 3)
ar_sigma1.0_weak_sparse_a1.5,72,72,ar,100,500,1.0,3.0,weak_sparse,1.5,10,3,1.0,0.829919708757592,cocolasso_max,reweighted_frobenius,10.402047062449093,10.337178602593504,7.154648644958599,7.09967702322934,16.89541666797595,1.502890132018365,0.06486845985558887,0.05497162172925929,15.392526535957586,11.241950631005603,medium,weak α=1.5 (97% in first 3)
ar_sigma1.0_weak_sparse_a1.5,73,73,ar,100,500,1.0,3.0,weak_sparse,1.5,10,3,1.0,0.829919708757592,cocolasso_max,reweighted_frobenius,7.680280974090627,7.599093797299833,4.829351647550118,4.763829607986229,16.617125325952657,1.8103295390028509,0.08118717679079346,0.06552203956388958,14.806795786949806,9.179061031675785,medium,weak α=1.5 (97% in first 3)
ar_sigma1.0_weak_sparse_a1.5,74,74,ar,100,500,1.0,3.0,weak_sparse,1.5,10,3,1.0,0.829919708757592,cocolasso_max,reweighted_frobenius,4.125751676353834,3.971495010422625,2.056945979170269,1.9495410698180269,16.950139280001167,1.5919178620097227,0.15425666593120946,0.10740490935224223,15.358221417991444,10.64762176774774,medium,weak α=1.5 (97% in first 3)
ar_sigma1.0_weak_sparse_a1.5,75,75,ar,100,500,1.0,3.0,weak_sparse,1.5,10,3,1.0,0.829919708757592,cocolasso_max,reweighted_frobenius,6.09201345761834,6.088047244783705,3.6353846846480726,3.651330713415425,16.69709743798012,1.5030133919790387,0.003966212834635385,-0.015946028767352516,15.19408404600108,11.109080948370538,medium,weak α=1.5 (97% in first 3)
ar_sigma1.0_weak_sparse_a1.5,76,76,ar,100,500,1.0,3.0,weak_sparse,1.5,10,3,1.0,0.829919708757592,cocolasso_max,reweighted_frobenius,4.0637821844832045,4.059241475600489,1.9780694955958944,1.974762949796552,17.38226018595742,1.2946108750184069,0.004540708882715627,0.0033065457993424197,16.087649310939014,13.426629206795655,medium,weak α=1.5 (97% in first 3)
ar_sigma1.0_weak_sparse_a1.5,77,77,ar,100,500,1.0,3.0,weak_sparse,1.5,10,3,1.0,0.829919708757592,cocolasso_max,reweighted_frobenius,6.7620743129766,6.599178053059129,4.137133041079207,4.013026275036648,18.953869630000558,1.3017259420012124,0.16289625991747148,0.12410676604255944,17.652143687999345,14.560568410322812,medium,weak α=1.5 (97% in first 3)
ar_sigma1.0_weak_sparse_a1.5,78,78,ar,100,500,1.0,3.0,weak_sparse,1.5,10,3,1.0,0.829919708757592,cocolasso_max,reweighted_frobenius,7.637383939666661,7.54199913905053,4.919462930174741,4.834724282665704,17.648400646983646,1.2266467200242914,0.09538480061613086,0.08473864750903726,16.421753926959354,14.387517089381817,medium,weak α=1.5 (97% in first 3)
ar_sigma1.0_weak_sparse_a1.5,79,79,ar,100,500,1.0,3.0,weak_sparse,1.5,10,3,1.0,0.829919708757592,cocolasso_max,reweighted_frobenius,7.443552868893439,7.367484936327841,4.691112499586287,4.6328414906957285,17.554004006029572,1.3936094149830751,0.07606793256559818,0.05827100889055892,16.160394591046497,12.59607162329824,medium,weak α=1.5 (97% in first 3)
ar_sigma1.0_weak_sparse_a1.5,80,80,ar,100,500,1.0,3.0,weak_sparse,1.5,10,3,1.0,0.829919708757592,cocolasso_max,reweighted_frobenius,4.590854641706246,4.354688312238245,2.440100198784881,2.27908252773878,18.55723948602099,1.494169439014513,0.2361663294680003,0.1610176710461011,17.063070047006477,12.419769138271567,medium,weak α=1.5 (97% in first 3)
ar_sigma1.0_weak_sparse_a1.5,81,81,ar,100,500,1.0,3.0,weak_sparse,1.5,10,3,1.0,0.829919708757592,cocolasso_max,reweighted_frobenius,8.39665251480001,8.269422968270428,5.506804538033164,5.403651203683647,17.77149554603966,1.5637562629999593,0.1272295465295823,0.10315333434951679,16.2077392830397,11.364619900512029,medium,weak α=1.5 (97% in first 3)
ar_sigma1.0_weak_sparse_a1.5,82,82,ar,100,500,1.0,3.0,weak_sparse,1.5,10,3,1.0,0.829919708757592,cocolasso_max,reweighted_frobenius,7.849859483721388,7.746161122557959,4.969985662378587,4.885123046406966,18.048502944991924,1.3792230209801346,0.10369836116342857,0.08486261597162059,16.66927992401179,13.085993106586844,medium,weak α=1.5 (97% in first 3)
ar_sigma1.0_weak_sparse_a1.5,83,83,ar,100,500,1.0,3.0,weak_sparse,1.5,10,3,1.0,0.829919708757592,cocolasso_max,reweighted_frobenius,8.579227879789245,8.471935397986224,5.643406243760836,5.56270769662074,19.415153381007254,1.374263225006871,0.10729248180302164,0.08069854714009583,18.040890156000383,14.12768167532838,medium,weak α=1.5 (97% in first 3)
ar_sigma1.0_weak_sparse_a1.5,84,84,ar,100,500,1.0,3.0,weak_sparse,1.5,10,3,1.0,0.829919708757592,cocolasso_max,reweighted_frobenius,7.513571815578389,7.320889903653056,4.812106099384935,4.666217933641061,19.285218199016526,1.3219468190218322,0.1926819119253329,0.14588816574387398,17.963271379994694,14.58849775309912,medium,weak α=1.5 (97% in first 3)
ar_sigma1.0_weak_sparse_a1.5,85,85,ar,100,500,1.0,3.0,weak_sparse,1.5,10,3,1.0,0.829919708757592,cocolasso_max,reweighted_frobenius,8.925749132044896,8.797724327264069,5.96020018127911,5.858388271784461,19.663955950993117,1.5772422309964895,0.12802480478082678,0.10181190949464902,18.086713719996627,12.467302462837036,medium,weak α=1.5 (97% in first 3)
ar_sigma1.0_weak_sparse_a1.5,86,86,ar,100,500,1.0,3.0,weak_sparse,1.5,10,3,1.0,0.829919708757592,cocolasso_max,reweighted_frobenius,5.727172100407175,5.465933843668088,3.293516694264208,3.0966850743758845,19.914649897022173,1.4378966040094383,0.2612382567390874,0.19683161988832332,18.476753293012735,13.84984834201017,medium,weak α=1.5 (97% in first 3)
ar_sigma1.0_weak_sparse_a1.5,87,87,ar,100,500,1.0,3.0,weak_sparse,1.5,10,3,1.0,0.829919708757592,cocolasso_max,reweighted_frobenius,5.401429881737369,5.258307462871806,3.0098987353115927,2.896964678826484,17.434878535976168,1.6811668439768257,0.14312241886556265,0.11293405648510868,15.753711691999342,10.37070092028088,medium,weak α=1.5 (97% in first 3)
ar_sigma1.0_weak_sparse_a1.5,88,88,ar,100,500,1.0,3.0,weak_sparse,1.5,10,3,1.0,0.829919708757592,cocolasso_max,reweighted_frobenius,9.928619022030484,9.991257810056862,6.722683473101206,6.778562809037807,16.351596124994103,1.342894848959986,-0.06263878802637812,-0.055879335936601215,15.008701276034117,12.176378617922103,medium,weak α=1.5 (97% in first 3)
ar_sigma1.0_weak_sparse_a1.5,89,89,ar,100,500,1.0,3.0,weak_sparse,1.5,10,3,1.0,0.829919708757592,cocolasso_max,reweighted_frobenius,5.605347563561487,5.400494226648806,3.172016079806076,3.0145719059310347,16.63862327201059,1.350699519040063,0.2048533369126817,0.1574441738750414,15.287923752970528,12.318523133728215,medium,weak α=1.5 (97% in first 3)
ar_sigma1.0_weak_sparse_a1.5,90,90,ar,100,500,1.0,3.0,weak_sparse,1.5,10,3,1.0,0.829919708757592,cocolasso_max,reweighted_frobenius,8.484564168403967,8.299382437675833,5.57795188915566,5.428305960792655,16.69207995402394,1.3845658010104671,0.18518173072813404,0.14964592836300472,15.307514153013472,12.05582280151794,medium,weak α=1.5 (97% in first 3)
ar_sigma1.0_weak_sparse_a1.5,91,91,ar,100,500,1.0,3.0,weak_sparse,1.5,10,3,1.0,0.829919708757592,cocolasso_max,reweighted_frobenius,8.31015076015433,8.216694982351369,5.399911098464175,5.323372361141972,16.83899252396077,1.486851766007021,0.0934557778029621,0.07653873732220262,15.352140757953748,11.325266518788434,medium,weak α=1.5 (97% in first 3)
ar_sigma1.0_weak_sparse_a1.5,92,92,ar,100,500,1.0,3.0,weak_sparse,1.5,10,3,1.0,0.829919708757592,cocolasso_max,reweighted_frobenius,7.580492763196763,7.345368921400798,4.845597013782264,4.668751992846292,16.77578809094848,1.544699441990815,0.23512384179596513,0.1768450209359722,15.231088648957666,10.86022797375247,medium,weak α=1.5 (97% in first 3)
ar_sigma1.0_weak_sparse_a1.5,93,93,ar,100,500,1.0,3.0,weak_sparse,1.5,10,3,1.0,0.829919708757592,cocolasso_max,reweighted_frobenius,7.517513807346624,7.267654555371945,4.713446790307969,4.50988771024512,16.609834635979496,1.5552656580111943,0.24985925197467918,0.20355908006284906,15.054568977968302,10.679741142885792,medium,weak α=1.5 (97% in first 3)
ar_sigma1.0_weak_sparse_a1.5,94,94,ar,100,500,1.0,3.0,weak_sparse,1.5,10,3,1.0,0.829919708757592,cocolasso_max,reweighted_frobenius,8.213750977313532,8.033476946228168,5.3220835441247,5.177689972115715,17.287184890010394,1.5057502830168232,0.18027403108536433,0.14439357200898506,15.781434606993571,11.480778111078894,medium,weak α=1.5 (97% in first 3)
ar_sigma1.0_weak_sparse_a1.5,95,95,ar,100,500,1.0,3.0,weak_sparse,1.5,10,3,1.0,0.829919708757592,cocolasso_max,reweighted_frobenius,6.097079240068147,5.805899970080474,3.562985225197051,3.3344779821417867,16.644382538972422,1.573505831009243,0.29117926998767274,0.22850724305526438,15.07087670796318,10.577896955295524,medium,weak α=1.5 (97% in first 3)
ar_sigma1.0_weak_sparse_a1.5,96,96,ar,100,500,1.0,3.0,weak_sparse,1.5,10,3,1.0,0.829919708757592,cocolasso_max,reweighted_frobenius,5.332596032612118,4.957348923981461,2.987028400719717,2.710179680501713,17.112915251986124,1.7259193990030326,0.37524710863065724,0.2768487202180041,15.386995852983091,9.915245904224323,medium,weak α=1.5 (97% in first 3)
ar_sigma1.0_weak_sparse_a1.5,97,97,ar,100,500,1.0,3.0,weak_sparse,1.5,10,3,1.0,0.829919708757592,cocolasso_max,reweighted_frobenius,8.484909714669268,8.436864827194022,5.532468843352905,5.494783480729438,18.235693520051427,1.6232232809998095,0.048044887475246156,0.037685362623467,16.612470239051618,11.234248383142534,medium,weak α=1.5 (97% in first 3)
ar_sigma1.0_weak_sparse_a1.5,98,98,ar,100,500,1.0,3.0,weak_sparse,1.5,10,3,1.0,0.829919708757592,cocolasso_max,reweighted_frobenius,6.509715437969335,6.324570201131999,3.950196337595276,3.812956951157135,18.41632835305063,1.5727299670106731,0.18514523683733675,0.13723938643814115,16.843598386039957,11.709784094757858,medium,weak α=1.5 (97% in first 3)
ar_sigma1.0_weak_sparse_a1.5,99,99,ar,100,500,1.0,3.0,weak_sparse,1.5,10,3,1.0,0.829919708757592,cocolasso_max,reweighted_frobenius,7.026560898595562,6.77946258196647,4.362193292065481,4.159240864115161,17.74308754899539,1.5682071239571087,0.2470983166290921,0.20295242795031943,16.174880425038282,11.314250061703376,medium,weak α=1.5 (97% in first 3)
ar_sigma1.0_weak_sparse_a2.0,0,0,ar,100,500,1.0,3.0,weak_sparse,2.0,10,3,1.0,0.8450879387313909,cocolasso_max,reweighted_frobenius,7.323603822233742,7.189954076420769,5.55267757664222,5.443649504232559,17.963015044981148,1.4323616540059447,0.1336497458129733,0.10902807240966084,16.530653390975203,12.540837710045675,medium,weak α=2.0 (99% in first 3)
ar_sigma1.0_weak_sparse_a2.0,1,1,ar,100,500,1.0,3.0,weak_sparse,2.0,10,3,1.0,0.8450879387313909,cocolasso_max,reweighted_frobenius,5.456521548036688,5.287517483124869,3.8702971985123176,3.729815390082009,18.29782321600942,1.4359072499792092,0.16900406491181919,0.14048180843030877,16.86191596603021,12.743039786361102,medium,weak α=2.0 (99% in first 3)
ar_sigma1.0_weak_sparse_a2.0,2,2,ar,100,500,1.0,3.0,weak_sparse,2.0,10,3,1.0,0.8450879387313909,cocolasso_max,reweighted_frobenius,10.007268044812385,10.033405395323078,7.865482350136777,7.891624694729232,17.294427895976696,1.2411378340329977,-0.02613735051069277,-0.026142344592454236,16.0532900619437,13.93433301423063,medium,weak α=2.0 (99% in first 3)
ar_sigma1.0_weak_sparse_a2.0,3,3,ar,100,500,1.0,3.0,weak_sparse,2.0,10,3,1.0,0.8450879387313909,cocolasso_max,reweighted_frobenius,4.970938932548932,4.744002456707521,3.0838205220231787,2.929961401947955,17.13696636602981,1.2477663829922676,0.22693647584141097,0.15385912007522373,15.889199983037543,13.73411449420016,medium,weak α=2.0 (99% in first 3)
ar_sigma1.0_weak_sparse_a2.0,4,4,ar,100,500,1.0,3.0,weak_sparse,2.0,10,3,1.0,0.8450879387313909,cocolasso_max,reweighted_frobenius,4.838709421055079,4.546766907973769,3.3452406286200502,3.101393259465041,16.899355462985113,1.371350381989032,0.2919425130813105,0.24384736915500937,15.528005080996081,12.323149273108434,medium,weak α=2.0 (99% in first 3)
ar_sigma1.0_weak_sparse_a2.0,5,5,ar,100,500,1.0,3.0,weak_sparse,2.0,10,3,1.0,0.8450879387313909,cocolasso_max,reweighted_frobenius,4.252227912781508,3.961661778903665,2.8348317858521943,2.597159536429036,16.63989968097303,1.35408782097511,0.2905661338778427,0.23767224942315845,15.28581185999792,12.288641418390615,medium,weak α=2.0 (99% in first 3)
ar_sigma1.0_weak_sparse_a2.0,6,6,ar,100,500,1.0,3.0,weak_sparse,2.0,10,3,1.0,0.8450879387313909,cocolasso_max,reweighted_frobenius,5.295221042739746,5.12378289615758,3.716954404036099,3.572562572694217,17.216054446005728,1.1217227739980444,0.17143814658216527,0.14439183134188216,16.094331672007684,15.347869228547678,medium,weak α=2.0 (99% in first 3)
ar_sigma1.0_weak_sparse_a2.0,7,7,ar,100,500,1.0,3.0,weak_sparse,2.0,10,3,1.0,0.8450879387313909,cocolasso_max,reweighted_frobenius,5.8086586726836185,5.567225626240315,4.1554544789283625,3.947338183404776,17.291126494994387,1.3439694399712607,0.2414330464433032,0.20811629552358646,15.947157055023126,12.865714041358068,medium,weak α=2.0 (99% in first 3)
ar_sigma1.0_weak_sparse_a2.0,8,8,ar,100,500,1.0,3.0,weak_sparse,2.0,10,3,1.0,0.8450879387313909,cocolasso_max,reweighted_frobenius,5.108161801439786,4.90136760516512,3.545717586071493,3.3708790125958443,17.665624120971188,1.2069924409734083,0.20679419627466533,0.17483857347564857,16.45863167999778,14.636068562885379,medium,weak α=2.0 (99% in first 3)
ar_sigma1.0_weak_sparse_a2.0,9,9,ar,100,500,1.0,3.0,weak_sparse,2.0,10,3,1.0,0.8450879387313909,cocolasso_max,reweighted_frobenius,6.099908828970201,5.889538732498268,4.447483831257453,4.272955052295705,16.973228470014874,1.2383214489673264,0.21037009647193283,0.174528778961748,15.734907021047547,13.706641748125545,medium,weak α=2.0 (99% in first 3)
ar_sigma1.0_weak_sparse_a2.0,10,10,ar,100,500,1.0,3.0,weak_sparse,2.0,10,3,1.0,0.8450879387313909,cocolasso_max,reweighted_frobenius,4.95072893477181,4.483157664837016,3.484888149375816,3.08963522022058,16.389697593986057,1.1341617950238287,0.46757126993479403,0.395252929155236,15.255535798962228,14.450934307518011,medium,weak α=2.0 (99% in first 3)
ar_sigma1.0_weak_sparse_a2.0,11,11,ar,100,500,1.0,3.0,weak_sparse,2.0,10,3,1.0,0.8450879387313909,cocolasso_max,reweighted_frobenius,4.8231289222487606,4.617910242804209,3.335934275626104,3.163806927147638,16.336327569035348,1.459288807993289,0.20521867944455163,0.17212734847846622,14.877038761042058,11.194718605085384,medium,weak α=2.0 (99% in first 3)
ar_sigma1.0_weak_sparse_a2.0,12,12,ar,100,500,1.0,3.0,weak_sparse,2.0,10,3,1.0,0.8450879387313909,cocolasso_max,reweighted_frobenius,5.300414001922637,5.061392312435962,3.800252134080727,3.608729198414428,15.460875535034576,1.3406817259965464,0.23902168948667502,0.19152293566629908,14.12019380903803,11.53209985281354,medium,weak α=2.0 (99% in first 3)
ar_sigma1.0_weak_sparse_a2.0,13,13,ar,100,500,1.0,3.0,weak_sparse,2.0,10,3,1.0,0.8450879387313909,cocolasso_max,reweighted_frobenius,6.851143021158954,6.691368561188144,5.049249925809424,4.910461544962387,16.097616718965583,1.5657849630224518,0.1597744599708104,0.13878838084703737,14.53183175594313,10.280860462404862,medium,weak α=2.0 (99% in first 3)
ar_sigma1.0_weak_sparse_a2.0,14,14,ar,100,500,1.0,3.0,weak_sparse,2.0,10,3,1.0,0.8450879387313909,cocolasso_max,reweighted_frobenius,5.767488760637858,5.628431545536486,4.195813652500776,4.081319917400017,15.90980187302921,1.4436424439772964,0.1390572151013716,0.11449373510075933,14.466159429051913,11.020597198013261,medium,weak α=2.0 (99% in first 3)
ar_sigma1.0_weak_sparse_a2.0,15,15,ar,100,500,1.0,3.0,weak_sparse,2.0,10,3,1.0,0.8450879387313909,cocolasso_max,reweighted_frobenius,5.105800847385312,4.815104740265238,3.577440450705097,3.338158778277388,15.77861103595933,1.3335314739961175,0.2906961071200733,0.23928167242770915,14.445079561963212,11.832199947014725,medium,weak α=2.0 (99% in first 3)
ar_sigma1.0_weak_sparse_a2.0,16,16,ar,100,500,1.0,3.0,weak_sparse,2.0,10,3,1.0,0.8450879387313909,cocolasso_max,reweighted_frobenius,6.605489607616216,6.429040404162329,4.858197563686475,4.711868283439097,16.377254015998915,1.480615381966345,0.17644920345388737,0.1463292802473779,14.89663863403257,11.061112977395217,medium,weak α=2.0 (99% in first 3)
ar_sigma1.0_weak_sparse_a2.0,17,17,ar,100,500,1.0,3.0,weak_sparse,2.0,10,3,1.0,0.8450879387313909,cocolasso_max,reweighted_frobenius,6.164821950418502,6.038471462003348,4.513411513475748,4.412199626762615,16.043340277974494,1.3758069170289673,0.12635048841515406,0.10121188671313242,14.667533360945527,11.661040571463202,medium,weak α=2.0 (99% in first 3)
ar_sigma1.0_weak_sparse_a2.0,18,18,ar,100,500,1.0,3.0,weak_sparse,2.0,10,3,1.0,0.8450879387313909,cocolasso_max,reweighted_frobenius,7.112861859504093,7.047143052995485,5.339776244348167,5.289353637993844,17.196750483999494,1.3999016560264863,0.06571880650860873,0.050422606354323385,15.796848827973008,12.284256118969925,medium,weak α=2.0 (99% in first 3)
ar_sigma1.0_weak_sparse_a2.0,19,19,ar,100,500,1.0,3.0,weak_sparse,2.0,10,3,1.0,0.8450879387313909,cocolasso_max,reweighted_frobenius,4.156142077840258,4.151167181425687,2.762997891005071,2.7608607688751463,19.014563755015843,1.4351018070010468,0.0049748964145708285,0.0021371221299246734,17.579461948014796,13.24962707332301,medium,weak α=2.0 (99% in first 3)
ar_sigma1.0_weak_sparse_a2.0,20,20,ar,100,500,1.0,3.0,weak_sparse,2.0,10,3,1.0,0.8450879387313909,cocolasso_max,reweighted_frobenius,10.134805644024809,10.166059357752667,8.011601444059178,8.04346228228102,30.816851692972705,1.3167093549855051,-0.03125371372785857,-0.03186083822184216,29.5001423379872,23.404445010046995,medium,weak α=2.0 (99% in first 3)
ar_sigma1.0_weak_sparse_a2.0,21,21,ar,100,500,1.0,3.0,weak_sparse,2.0,10,3,1.0,0.8450879387313909,cocolasso_max,reweighted_frobenius,3.405963753874144,3.3238818404155754,2.216722558387161,2.163986228198409,17.411468359001447,1.3722245420212855,0.08208191345856841,0.05273633018875179,16.03924381698016,12.688498001467288,medium,weak α=2.0 (99% in first 3)
ar_sigma1.0_weak_sparse_a2.0,22,22,ar,100,500,1.0,3.0,weak_sparse,2.0,10,3,1.0,0.8450879387313909,cocolasso_max,reweighted_frobenius,7.054005704312561,6.920914155631677,5.234012201675544,5.118631723757946,19.388981464027893,1.3345884369919077,0.13309154868088413,0.11538047791759798,18.054393027035985,14.528060431671085,medium,weak α=2.0 (99% in first 3)
ar_sigma1.0_weak_sparse_a2.0,23,23,ar,100,500,1.0,3.0,weak_sparse,2.0,10,3,1.0,0.8450879387313909,cocolasso_max,reweighted_frobenius,3.1044024572467586,2.9910404336197822,1.962082686842444,1.885865169760316,16.91504095203709,1.8206007599947045,0.11336202362697634,0.07621751708212798,15.094440192042384,9.290911727448849,medium,weak α=2.0 (99% in first 3)
ar_sigma1.0_weak_sparse_a2.0,24,24,ar,100,500,1.0,3.0,weak_sparse,2.0,10,3,1.0,0.8450879387313909,cocolasso_max,reweighted_frobenius,6.265555829532896,6.2308657203973175,4.552974984599692,4.52485284425833,16.89587568002753,1.5528578310040757,0.03469010913557824,0.02812214034136229,15.343017849023454,10.880503895905706,medium,weak α=2.0 (99% in first 3)
ar_sigma1.0_weak_sparse_a2.0,25,25,ar,100,500,1.0,3.0,weak_sparse,2.0,10,3,1.0,0.8450879387313909,cocolasso_max,reweighted_frobenius,4.120199559712257,3.814559068044236,2.7251110407425663,2.474433313532852,15.641835559974425,1.4886135359993204,0.3056404916680213,0.25067772720971426,14.153222023975104,10.507653720529897,medium,weak α=2.0 (99% in first 3)
ar_sigma1.0_weak_sparse_a2.0,26,26,ar,100,500,1.0,3.0,weak_sparse,2.0,10,3,1.0,0.8450879387313909,cocolasso_max,reweighted_frobenius,4.072118211296265,3.651716157020945,2.737477851504103,2.3971434634348245,15.442812772002071,1.5469237589859404,0.4204020542753195,0.3403343880692784,13.89588901301613,9.98291782791244,medium,weak α=2.0 (99% in first 3)
ar_sigma1.0_weak_sparse_a2.0,27,27,ar,100,500,1.0,3.0,weak_sparse,2.0,10,3,1.0,0.8450879387313909,cocolasso_max,reweighted_frobenius,5.75083976403719,5.604632865986184,4.162433892519412,4.036329898243259,15.633569181023631,1.3457274510292336,0.14620689805100628,0.12610399427615349,14.287841729994398,11.61718828657826,medium,weak α=2.0 (99% in first 3)
ar_sigma1.0_weak_sparse_a2.0,28,28,ar,100,500,1.0,3.0,weak_sparse,2.0,10,3,1.0,0.8450879387313909,cocolasso_max,reweighted_frobenius,6.138902301666231,5.882647928962547,4.4347522758511095,4.213537133871849,16.213389293989167,2.039408901007846,0.2562543727036841,0.2212151419792603,14.17398039298132,7.950043410115915,medium,weak α=2.0 (99% in first 3)
ar_sigma1.0_weak_sparse_a2.0,29,29,ar,100,500,1.0,3.0,weak_sparse,2.0,10,3,1.0,0.8450879387313909,cocolasso_max,reweighted_frobenius,5.641463813443255,5.37530801624822,4.022270835675165,3.796825418816341,16.37913795997156,1.3141870890394785,0.2661557971950348,0.22544541685882447,15.06495087093208,12.463322837802986,medium,weak α=2.0 (99% in first 3)
ar_sigma1.0_weak_sparse_a2.0,30,30,ar,100,500,1.0,3.0,weak_sparse,2.0,10,3,1.0,0.8450879387313909,cocolasso_max,reweighted_frobenius,7.155312099120939,7.03697333824653,5.389896723290649,5.293655039790372,16.241311939025763,1.53134081204189,0.11833876087440931,0.09624168350027684,14.709971126983874,10.605942068094949,medium,weak α=2.0 (99% in first 3)
ar_sigma1.0_weak_sparse_a2.0,31,31,ar,100,500,1.0,3.0,weak_sparse,2.0,10,3,1.0,0.8450879387313909,cocolasso_max,reweighted_frobenius,4.684762168437826,4.397745186822272,3.213436811366567,2.9749980113245607,16.29526097298367,1.5352157020242885,0.28701698161555367,0.23843880004200635,14.760045270959381,10.61431364432844,medium,weak α=2.0 (99% in first 3)
ar_sigma1.0_weak_sparse_a2.0,32,32,ar,100,500,1.0,3.0,weak_sparse,2.0,10,3,1.0,0.8450879387313909,cocolasso_max,reweighted_frobenius,6.585610991056197,6.468546702478089,4.98591782622581,4.888870709622547,16.312093765998725,1.415865512972232,0.11706428857810813,0.09704711660326293,14.896228253026493,11.52093445072748,medium,weak α=2.0 (99% in first 3)
ar_sigma1.0_weak_sparse_a2.0,33,33,ar,100,500,1.0,3.0,weak_sparse,2.0,10,3,1.0,0.8450879387313909,cocolasso_max,reweighted_frobenius,4.78466780051826,4.440452016878724,3.322424119304084,3.0392967466903973,18.711437261954416,1.5984866929939017,0.34421578363953653,0.2831273726136869,17.112950568960514,11.705719756045415,medium,weak α=2.0 (99% in first 3)
ar_sigma1.0_weak_sparse_a2.0,34,34,ar,100,500,1.0,3.0,weak_sparse,2.0,10,3,1.0,0.8450879387313909,cocolasso_max,reweighted_frobenius,5.24907855716491,5.0301113703215785,3.708668220748777,3.5208498652842013,16.71936700597871,1.367877120967023,0.21896718684333116,0.1878183554645756,15.351489885011688,12.222857411460268,medium,weak α=2.0 (99% in first 3)
ar_sigma1.0_weak_sparse_a2.0,35,35,ar,100,500,1.0,3.0,weak_sparse,2.0,10,3,1.0,0.8450879387313909,cocolasso_max,reweighted_frobenius,4.931012292487182,4.591006701097459,3.4079883734546046,3.1222585711888877,16.496220970992,1.3887428650050424,0.34000559138972264,0.28572980226571687,15.107478105986957,11.878527974242447,medium,weak α=2.0 (99% in first 3)
ar_sigma1.0_weak_sparse_a2.0,36,36,ar,100,500,1.0,3.0,weak_sparse,2.0,10,3,1.0,0.8450879387313909,cocolasso_max,reweighted_frobenius,8.853894079345643,8.819805559519354,5.9748028054899605,5.933545101315497,16.58654283103533,1.6225745269912295,0.03408851982628924,0.041257704174463505,14.963968304044101,10.222361164384893,medium,weak α=2.0 (99% in first 3)
ar_sigma1.0_weak_sparse_a2.0,37,37,ar,100,500,1.0,3.0,weak_sparse,2.0,10,3,1.0,0.8450879387313909,cocolasso_max,reweighted_frobenius,6.068024919680281,5.9748825449469765,4.402070219564327,4.326415976300578,17.31162466702517,1.4192909850389697,0.09314237473330422,0.07565424326374881,15.892333681986202,12.197375203189813,medium,weak α=2.0 (99% in first 3)
ar_sigma1.0_weak_sparse_a2.0,38,38,ar,100,500,1.0,3.0,weak_sparse,2.0,10,3,1.0,0.8450879387313909,cocolasso_max,reweighted_frobenius,5.5743519744836,5.532046603079588,4.017633735489903,3.975486473678297,17.01779557997361,1.6368374309968203,0.04230537140401136,0.04214726181160566,15.380958148976788,10.396753677370338,medium,weak α=2.0 (99% in first 3)
ar_sigma1.0_weak_sparse_a2.0,39,39,ar,100,500,1.0,3.0,weak_sparse,2.0,10,3,1.0,0.8450879387313909,cocolasso_max,reweighted_frobenius,5.581156866986586,5.496169678307258,3.977068216620841,3.907210998691741,16.276068117003888,1.3476339689805172,0.0849871886793272,0.06985721792909994,14.92843414802337,12.077513992406043,medium,weak α=2.0 (99% in first 3)
ar_sigma1.0_weak_sparse_a2.0,40,40,ar,100,500,1.0,3.0,weak_sparse,2.0,10,3,1.0,0.8450879387313909,cocolasso_max,reweighted_frobenius,5.578591305594204,5.416513114888034,3.990665132939189,3.8600471812804846,18.949719814991116,1.5315847170422785,0.16207819070616925,0.13061795165870427,17.418135097948838,12.372622685597104,medium,weak α=2.0 (99% in first 3)
ar_sigma1.0_weak_sparse_a2.0,41,41,ar,100,500,1.0,3.0,weak_sparse,2.0,10,3,1.0,0.8450879387313909,cocolasso_max,reweighted_frobenius,4.7630246388766695,4.626544383127413,3.266874017202882,3.153748416516589,16.421574587002397,1.4392884689732457,0.13648025574925615,0.11312560068629285,14.982286118029151,11.409508893458417,medium,weak α=2.0 (99% in first 3)
ar_sigma1.0_weak_sparse_a2.0,42,42,ar,100,500,1.0,3.0,weak_sparse,2.0,10,3,1.0,0.8450879387313909,cocolasso_max,reweighted_frobenius,8.601715550842844,8.602284694156744,6.640727868212357,6.648013043827505,17.21061190101318,1.4195003049680963,-0.0005691433138999002,-0.007285175615147743,15.791111596045084,12.124415782636971,medium,weak α=2.0 (99% in first 3)
ar_sigma1.0_weak_sparse_a2.0,43,43,ar,100,500,1.0,3.0,weak_sparse,2.0,10,3,1.0,0.8450879387313909,cocolasso_max,reweighted_frobenius,5.572951073697584,5.33531324213208,3.714249192921525,3.53646203397717,17.138824121968355,1.4044036759878509,0.2376378315655039,0.17778715894435493,15.734420445980504,12.203630918235092,medium,weak α=2.0 (99% in first 3)
ar_sigma1.0_weak_sparse_a2.0,44,44,ar,100,500,1.0,3.0,weak_sparse,2.0,10,3,1.0,0.8450879387313909,cocolasso_max,reweighted_frobenius,4.74252685363454,4.563867861125606,3.261949304556378,3.112410884716465,17.45517774298787,1.4217663939925842,0.17865899250893413,0.14953841983991278,16.033411348995287,12.277106715098595,medium,weak α=2.0 (99% in first 3)
ar_sigma1.0_weak_sparse_a2.0,45,45,ar,100,500,1.0,3.0,weak_sparse,2.0,10,3,1.0,0.8450879387313909,cocolasso_max,reweighted_frobenius,6.56098697512904,6.466507843782193,4.816848333925799,4.73270199964578,18.294633471989076,1.7619265880202877,0.09447913134684782,0.08414633428001927,16.53270688396879,10.383311992893557,medium,weak α=2.0 (99% in first 3)
ar_sigma1.0_weak_sparse_a2.0,46,46,ar,100,500,1.0,3.0,weak_sparse,2.0,10,3,1.0,0.8450879387313909,cocolasso_max,reweighted_frobenius,2.539083005636584,2.471380955687529,1.5486245919292585,1.5078835048499646,17.33803738298593,1.471361345029436,0.06770204994905482,0.040741087079293914,15.866676037956495,11.783670572532994,medium,weak α=2.0 (99% in first 3)
ar_sigma1.0_weak_sparse_a2.0,47,47,ar,100,500,1.0,3.0,weak_sparse,2.0,10,3,1.0,0.8450879387313909,cocolasso_max,reweighted_frobenius,4.429889655462509,4.069552275198918,2.9856049635235498,2.6877493243978017,17.413423635996878,1.7077936099958606,0.36033738026359163,0.2978556391257481,15.705630026001018,10.196445011899936,medium,weak α=2.0 (99% in first 3)
ar_sigma1.0_weak_sparse_a2.0,48,48,ar,100,500,1.0,3.0,weak_sparse,2.0,10,3,1.0,0.8450879387313909,cocolasso_max,reweighted_frobenius,6.553106114070093,6.481131210643804,4.814010140476482,4.753522364280159,16.929704862996005,1.462005566980224,0.07197490342628843,0.06048777619632251,15.46769929601578,11.579781394378921,medium,weak α=2.0 (99% in first 3)
ar_sigma1.0_weak_sparse_a2.0,49,49,ar,100,500,1.0,3.0,weak_sparse,2.0,10,3,1.0,0.8450879387313909,cocolasso_max,reweighted_frobenius,4.483975826946422,4.281668712653861,3.080993803661668,2.9244683375201004,17.24442815000657,1.5283937929780222,0.20230711429256054,0.15652546614156782,15.716034357028548,11.282712759783196,medium,weak α=2.0 (99% in first 3)
ar_sigma1.0_weak_sparse_a2.0,50,50,ar,100,500,1.0,3.0,weak_sparse,2.0,10,3,1.0,0.8450879387313909,cocolasso_max,reweighted_frobenius,6.339496874802665,6.319737167275819,4.630901123568254,4.616748366314404,17.388025888998527,1.6365924130077474,0.019759707526846526,0.014152757253850012,15.75143347599078,10.624530427244633,medium,weak α=2.0 (99% in first 3)
ar_sigma1.0_weak_sparse_a2.0,51,51,ar,100,500,1.0,3.0,weak_sparse,2.0,10,3,1.0,0.8450879387313909,cocolasso_max,reweighted_frobenius,5.538814383622855,5.382740456883035,3.940545960824286,3.808103119722852,17.84946089697769,1.558246907021385,0.15607392673982012,0.132442841101434,16.291213989956304,11.454834799638546,medium,weak α=2.0 (99% in first 3)
ar_sigma1.0_weak_sparse_a2.0,52,52,ar,100,500,1.0,3.0,weak_sparse,2.0,10,3,1.0,0.8450879387313909,cocolasso_max,reweighted_frobenius,7.732188137895632,7.638705332068842,5.873260838296425,5.791613671673095,16.661924134008586,1.5462584280176088,0.09348280582679003,0.08164716662333049,15.115665705990978,10.77563997848026,medium,weak α=2.0 (99% in first 3)
ar_sigma1.0_weak_sparse_a2.0,53,53,ar,100,500,1.0,3.0,weak_sparse,2.0,10,3,1.0,0.8450879387313909,cocolasso_max,reweighted_frobenius,4.253263342483153,4.093932319023529,2.847197497992787,2.717175864883105,17.235175716981757,1.494586310989689,0.15933102345962435,0.13002163310968218,15.740589405992068,11.531736635249205,medium,weak α=2.0 (99% in first 3)
ar_sigma1.0_weak_sparse_a2.0,54,54,ar,100,500,1.0,3.0,weak_sparse,2.0,10,3,1.0,0.8450879387313909,cocolasso_max,reweighted_frobenius,5.251311026474849,5.039590890265291,3.6868815113622015,3.511156969654836,16.84693719900679,1.948272577021271,0.21172013620955799,0.1757245417073654,14.898664621985517,8.647115089390727,medium,weak α=2.0 (99% in first 3)
ar_sigma1.0_weak_sparse_a2.0,55,55,ar,100,500,1.0,3.0,weak_sparse,2.0,10,3,1.0,0.8450879387313909,cocolasso_max,reweighted_frobenius,5.888693143773266,5.783556738033908,4.146589940015894,4.059589522035893,18.2119539710111,1.47095026797615,0.10513640573935845,0.08700041798000147,16.74100370303495,12.381080698308415,medium,weak α=2.0 (99% in first 3)
ar_sigma1.0_weak_sparse_a2.0,56,56,ar,100,500,1.0,3.0,weak_sparse,2.0,10,3,1.0,0.8450879387313909,cocolasso_max,reweighted_frobenius,4.806089717471888,4.671290931724244,3.302480043158912,3.1900800689182187,16.749914714950137,1.4672404949669726,0.1347987857476438,0.11239997424069337,15.282674219983164,11.415929953137761,medium,weak α=2.0 (99% in first 3)
ar_sigma1.0_weak_sparse_a2.0,57,57,ar,100,500,1.0,3.0,weak_sparse,2.0,10,3,1.0,0.8450879387313909,cocolasso_max,reweighted_frobenius,6.268817740903092,6.031089646439954,4.5916752676196655,4.389765434600495,16.440337912004907,1.5791603199904785,0.23772809446313836,0.20190983301917065,14.861177592014428,10.410809912006929,medium,weak α=2.0 (99% in first 3)
ar_sigma1.0_weak_sparse_a2.0,58,58,ar,100,500,1.0,3.0,weak_sparse,2.0,10,3,1.0,0.8450879387313909,cocolasso_max,reweighted_frobenius,5.6674156909339,5.313734413536785,4.062427032850918,3.764585439885229,16.605753779003862,1.6078546019853093,0.35368127739711497,0.297841592965689,14.997899177018553,10.327895170682595,medium,weak α=2.0 (99% in first 3)
ar_sigma1.0_weak_sparse_a2.0,59,59,ar,100,500,1.0,3.0,weak_sparse,2.0,10,3,1.0,0.8450879387313909,cocolasso_max,reweighted_frobenius,5.49093399124322,5.163739625959245,3.903813086885459,3.628223468779571,16.81441688997438,1.5851812940090897,0.32719436528397505,0.2755896181058879,15.229235595965292,10.60725164592938,medium,weak α=2.0 (99% in first 3)
ar_sigma1.0_weak_sparse_a2.0,60,60,ar,100,500,1.0,3.0,weak_sparse,2.0,10,3,1.0,0.8450879387313909,cocolasso_max,reweighted_frobenius,5.627799025963173,5.492168298332594,4.007819060136281,3.892241271684203,16.92467163898982,1.499067231954541,0.1356307276305797,0.11557778845207833,15.42560440703528,11.290135144187488,medium,weak α=2.0 (99% in first 3)
ar_sigma1.0_weak_sparse_a2.0,61,61,ar,100,500,1.0,3.0,weak_sparse,2.0,10,3,1.0,0.8450879387313909,cocolasso_max,reweighted_frobenius,6.838063396797794,6.7104324037655845,4.999033600287916,4.883565898130143,16.9147072120104,1.577834906987846,0.12763099303220926,0.11546770215777347,15.336872305022553,10.720200913986176,medium,weak α=2.0 (99% in first 3)
ar_sigma1.0_weak_sparse_a2.0,62,62,ar,100,500,1.0,3.0,weak_sparse,2.0,10,3,1.0,0.8450879387313909,cocolasso_max,reweighted_frobenius,3.449327691219405,3.292594896446578,2.21270704064359,2.095447667636432,16.930739026982337,1.34059844102012,0.15673279477282698,0.11725937300715783,15.590140585962217,12.629239680525808,medium,weak α=2.0 (99% in first 3)
ar_sigma1.0_weak_sparse_a2.0,63,63,ar,100,500,1.0,3.0,weak_sparse,2.0,10,3,1.0,0.8450879387313909,cocolasso_max,reweighted_frobenius,4.246199115451794,4.186478139816964,2.838195524285499,2.793135885704148,16.923012853018008,1.312817513011396,0.059720975634829365,0.04505963858135065,15.610195340006612,12.890605651808599,medium,weak α=2.0 (99% in first 3)
ar_sigma1.0_weak_sparse_a2.0,64,64,ar,100,500,1.0,3.0,weak_sparse,2.0,10,3,1.0,0.8450879387313909,cocolasso_max,reweighted_frobenius,7.649429466309661,7.523180754584412,5.805286347999207,5.700887459192089,16.37507117498899,1.4183736229897477,0.12624871172524887,0.10439888880711834,14.956697551999241,11.544963125070291,medium,weak α=2.0 (99% in first 3)
ar_sigma1.0_weak_sparse_a2.0,65,65,ar,100,500,1.0,3.0,weak_sparse,2.0,10,3,1.0,0.8450879387313909,cocolasso_max,reweighted_frobenius,3.340238161449617,3.143576048265983,2.07412842899104,1.916647798538453,17.413315543963108,1.5015035379910842,0.1966621131836339,0.1574806304525871,15.911812005972024,11.597252422902054,medium,weak α=2.0 (99% in first 3)
ar_sigma1.0_weak_sparse_a2.0,66,66,ar,100,500,1.0,3.0,weak_sparse,2.0,10,3,1.0,0.8450879387313909,cocolasso_max,reweighted_frobenius,5.90933950968572,5.733049500968799,4.273461110196749,4.123489986314677,17.328783197968733,1.2808390030404553,0.17629000871692124,0.14997112388207157,16.047944194928277,13.52924384472496,medium,weak α=2.0 (99% in first 3)
ar_sigma1.0_weak_sparse_a2.0,67,67,ar,100,500,1.0,3.0,weak_sparse,2.0,10,3,1.0,0.8450879387313909,cocolasso_max,reweighted_frobenius,8.015547697718134,7.969357928592329,6.074272283750835,6.0330515492197145,16.94382568198489,1.6140382490120828,0.04618976912580486,0.041220734531120407,15.329787432972807,10.497784480854671,medium,weak α=2.0 (99% in first 3)
ar_sigma1.0_weak_sparse_a2.0,68,68,ar,100,500,1.0,3.0,weak_sparse,2.0,10,3,1.0,0.8450879387313909,cocolasso_max,reweighted_frobenius,5.9259722777565065,5.684377696644463,4.267196501956501,4.060916418610642,16.9679403899936,1.451842344016768,0.2415945811120439,0.20628008334585868,15.516098045976833,11.687178335802574,medium,weak α=2.0 (99% in first 3)
ar_sigma1.0_weak_sparse_a2.0,69,69,ar,100,500,1.0,3.0,weak_sparse,2.0,10,3,1.0,0.8450879387313909,cocolasso_max,reweighted_frobenius,6.223135691283252,5.923024729321069,4.535859187864895,4.280513953306384,16.820071207999717,1.3797435220330954,0.3001109619621829,0.25534523455851055,15.440327685966622,12.190723086863866,medium,weak α=2.0 (99% in first 3)
ar_sigma1.0_weak_sparse_a2.0,70,70,ar,100,500,1.0,3.0,weak_sparse,2.0,10,3,1.0,0.8450879387313909,cocolasso_max,reweighted_frobenius,5.356263107801193,5.114670805260065,3.7827763920542368,3.5813401900176807,17.541881559009198,1.2717648219550028,0.24159230254112796,0.2014362020365561,16.270116737054195,13.793337617283031,medium,weak α=2.0 (99% in first 3)
ar_sigma1.0_weak_sparse_a2.0,71,71,ar,100,500,1.0,3.0,weak_sparse,2.0,10,3,1.0,0.8450879387313909,cocolasso_max,reweighted_frobenius,5.067581822953132,4.9972889527797335,3.688078392036488,3.641233744341074,16.576746354985517,1.524101654009428,0.07029287017339847,0.0468446476954143,15.052644700976089,10.876404675093262,medium,weak α=2.0 (99% in first 3)
ar_sigma1.0_weak_sparse_a2.0,72,72,ar,100,500,1.0,3.0,weak_sparse,2.0,10,3,1.0,0.8450879387313909,cocolasso_max,reweighted_frobenius,8.949513655407378,8.857846415016521,6.927298777722556,6.843221227224326,17.062869840010535,1.4205438030185178,0.09166724039085672,0.08407755049822985,15.642326036992017,12.011505596486073,medium,weak α=2.0 (99% in first 3)
ar_sigma1.0_weak_sparse_a2.0,73,73,ar,100,500,1.0,3.0,weak_sparse,2.0,10,3,1.0,0.8450879387313909,cocolasso_max,reweighted_frobenius,6.398911105498131,6.3161660836024,4.659154241750284,4.588345858532192,16.952854959992692,1.626829106011428,0.08274502189573152,0.07080838321809146,15.326025853981264,10.420796442200858,medium,weak α=2.0 (99% in first 3)
ar_sigma1.0_weak_sparse_a2.0,74,74,ar,100,500,1.0,3.0,weak_sparse,2.0,10,3,1.0,0.8450879387313909,cocolasso_max,reweighted_frobenius,2.910620715859379,2.7659048778225426,1.7440820726205482,1.631773957564099,16.84345485002268,1.4507505660294555,0.14471583803683652,0.11230811505644911,15.392704283993226,11.610165968172849,medium,weak α=2.0 (99% in first 3)
ar_sigma1.0_weak_sparse_a2.0,75,75,ar,100,500,1.0,3.0,weak_sparse,2.0,10,3,1.0,0.8450879387313909,cocolasso_max,reweighted_frobenius,4.98334414628753,4.91498129085214,3.415864154888066,3.427149402519301,16.62684168998385,1.3652671609888785,0.06836285543539056,-0.011285247631235062,15.26157452899497,12.178452807684057,medium,weak α=2.0 (99% in first 3)
ar_sigma1.0_weak_sparse_a2.0,76,76,ar,100,500,1.0,3.0,weak_sparse,2.0,10,3,1.0,0.8450879387313909,cocolasso_max,reweighted_frobenius,2.6989995790318395,2.6956285136763016,1.5547950026631514,1.5521458893385949,16.871527824026998,1.3115341879893094,0.0033710653555378833,0.002649113324556529,15.559993636037689,12.86396342431031,medium,weak α=2.0 (99% in first 3)
ar_sigma1.0_weak_sparse_a2.0,77,77,ar,100,500,1.0,3.0,weak_sparse,2.0,10,3,1.0,0.8450879387313909,cocolasso_max,reweighted_frobenius,5.44375327381823,5.280341155546256,3.881406085318937,3.748057179914284,16.320388656982686,1.2199908850016072,0.16341211827197455,0.13334890540465283,15.10039777198108,13.37746769883546,medium,weak α=2.0 (99% in first 3)
ar_sigma1.0_weak_sparse_a2.0,78,78,ar,100,500,1.0,3.0,weak_sparse,2.0,10,3,1.0,0.8450879387313909,cocolasso_max,reweighted_frobenius,6.5691496137706125,6.475817229162542,4.921517240804827,4.835092028775313,16.75897648301907,1.141452006995678,0.09333238460807003,0.08642521202951414,15.617524476023391,14.68215604362464,medium,weak α=2.0 (99% in first 3)
ar_sigma1.0_weak_sparse_a2.0,79,79,ar,100,500,1.0,3.0,weak_sparse,2.0,10,3,1.0,0.8450879387313909,cocolasso_max,reweighted_frobenius,6.097556150175673,6.0071740359625005,4.435134018064903,4.362119434236756,18.061363244021777,1.4581299760029651,0.09038211421317222,0.0730145838281473,16.603233268018812,12.386662054319531,medium,weak α=2.0 (99% in first 3)
ar_sigma1.0_weak_sparse_a2.0,80,80,ar,100,500,1.0,3.0,weak_sparse,2.0,10,3,1.0,0.8450879387313909,cocolasso_max,reweighted_frobenius,3.301927190172804,3.052649494341911,2.079666056477315,1.8898908369713665,16.46024128800491,1.3446733739692718,0.24927769583089265,0.18977521950594833,15.115567914035637,12.241070290115713,medium,weak α=2.0 (99% in first 3)
ar_sigma1.0_weak_sparse_a2.0,81,81,ar,100,500,1.0,3.0,weak_sparse,2.0,10,3,1.0,0.8450879387313909,cocolasso_max,reweighted_frobenius,6.942906462821022,6.804599321204633,5.193646082895696,5.078631932103856,17.004638282989617,1.3872529750224205,0.13830714161638902,0.11501415079183985,15.617385307967197,12.257777484827374,medium,weak α=2.0 (99% in first 3)
ar_sigma1.0_weak_sparse_a2.0,82,82,ar,100,500,1.0,3.0,weak_sparse,2.0,10,3,1.0,0.8450879387313909,cocolasso_max,reweighted_frobenius,6.425409211001951,6.311594550507196,4.681191679863297,4.583130358959653,16.955119351972826,1.8039946149801835,0.11381466049475542,0.0980613209036445,15.151124736992642,9.398652973339987,medium,weak α=2.0 (99% in first 3)
ar_sigma1.0_weak_sparse_a2.0,83,83,ar,100,500,1.0,3.0,weak_sparse,2.0,10,3,1.0,0.8450879387313909,cocolasso_max,reweighted_frobenius,7.189397284544156,7.09575082179433,5.3913639557159305,5.315170734819263,17.26943390996894,1.2276111649698578,0.09364646274982569,0.07619322089666714,16.04182274499908,14.067511279431027,medium,weak α=2.0 (99% in first 3)
ar_sigma1.0_weak_sparse_a2.0,84,84,ar,100,500,1.0,3.0,weak_sparse,2.0,10,3,1.0,0.8450879387313909,cocolasso_max,reweighted_frobenius,6.188832446436275,5.991233647729432,4.527211337135766,4.361164979936325,16.863108591001946,1.0953721649711952,0.19759879870684305,0.16604635719944127,15.767736426030751,15.394866813550436,medium,weak α=2.0 (99% in first 3)
ar_sigma1.0_weak_sparse_a2.0,85,85,ar,100,500,1.0,3.0,weak_sparse,2.0,10,3,1.0,0.8450879387313909,cocolasso_max,reweighted_frobenius,7.530334406827548,7.335730700846275,5.69773955846969,5.529121079662713,17.24958894099109,1.3368289369973354,0.1946037059812733,0.16861847880697756,15.912760003993753,12.903362923707771,medium,weak α=2.0 (99% in first 3)
ar_sigma1.0_weak_sparse_a2.0,86,86,ar,100,500,1.0,3.0,weak_sparse,2.0,10,3,1.0,0.8450879387313909,cocolasso_max,reweighted_frobenius,4.489120761770581,4.221380084252061,3.060336956533397,2.8431118442296066,17.400267171964515,1.3047772709978744,0.2677406775185194,0.21722511230379027,16.09548990096664,13.335814133746403,medium,weak α=2.0 (99% in first 3)
ar_sigma1.0_weak_sparse_a2.0,87,87,ar,100,500,1.0,3.0,weak_sparse,2.0,10,3,1.0,0.8450879387313909,cocolasso_max,reweighted_frobenius,4.136705014280588,4.007243882634075,2.7353354333261284,2.626642909825431,17.420821028004866,1.3920398260233924,0.1294611316465133,0.10869252350069747,16.028781201981474,12.514599584245028,medium,weak α=2.0 (99% in first 3)
ar_sigma1.0_weak_sparse_a2.0,88,88,ar,100,500,1.0,3.0,weak_sparse,2.0,10,3,1.0,0.8450879387313909,cocolasso_max,reweighted_frobenius,8.31976894880099,8.355845343389857,6.357247730576559,6.390999204423149,16.584024315001443,1.213272279012017,-0.0360763945888678,-0.03375147384659005,15.370752035989426,13.668839717088092,medium,weak α=2.0 (99% in first 3)
ar_sigma1.0_weak_sparse_a2.0,89,89,ar,100,500,1.0,3.0,weak_sparse,2.0,10,3,1.0,0.8450879387313909,cocolasso_max,reweighted_frobenius,4.459747682955885,4.254289957560997,3.0104402363270304,2.840412740809686,17.312340478994884,8.301618084020447,0.20545772539488816,0.1700274955173442,9.010722394974437,2.0854176021803417,medium,weak α=2.0 (99% in first 3)
ar_sigma1.0_weak_sparse_a2.0,90,90,ar,100,500,1.0,3.0,weak_sparse,2.0,10,3,1.0,0.8450879387313909,cocolasso_max,reweighted_frobenius,7.002875168042912,6.800082844622897,5.244230606959928,5.072091912651039,16.653549994982313,1.1129585710004903,0.20279232342001574,0.17213869430888895,15.540591423981823,14.963315283166075,medium,weak α=2.0 (99% in first 3)
ar_sigma1.0_weak_sparse_a2.0,91,91,ar,100,500,1.0,3.0,weak_sparse,2.0,10,3,1.0,0.8450879387313909,cocolasso_max,reweighted_frobenius,6.78608452929566,6.636526674118287,5.0247736116149735,4.89414494175117,16.814538116042968,1.2938482080353424,0.14955785517737308,0.13062866986380328,15.520689908007625,12.995757934831616,medium,weak α=2.0 (99% in first 3)
ar_sigma1.0_weak_sparse_a2.0,92,92,ar,100,500,1.0,3.0,weak_sparse,2.0,10,3,1.0,0.8450879387313909,cocolasso_max,reweighted_frobenius,6.341330353723008,6.102095916126986,4.655590585258783,4.457128579470257,17.257481112959795,1.4042160969693214,0.23923443759602225,0.19846200578852624,15.853265015990473,12.289761632989476,medium,weak α=2.0 (99% in first 3)
ar_sigma1.0_weak_sparse_a2.0,93,93,ar,100,500,1.0,3.0,weak_sparse,2.0,10,3,1.0,0.8450879387313909,cocolasso_max,reweighted_frobenius,6.164764182723588,5.898816234095877,4.462935930506895,4.234131419373433,16.64685876801377,1.3662954390165396,0.2659479486277112,0.228804511133462,15.280563328997232,12.183937889740884,medium,weak α=2.0 (99% in first 3)
ar_sigma1.0_weak_sparse_a2.0,94,94,ar,100,500,1.0,3.0,weak_sparse,2.0,10,3,1.0,0.8450879387313909,cocolasso_max,reweighted_frobenius,6.884336184792992,6.668219783885516,5.0377567990515,4.8753113700274895,16.181914640998002,1.3794505660189316,0.21611640090747564,0.16244542902401093,14.80246407497907,11.730695567945363,medium,weak α=2.0 (99% in first 3)
ar_sigma1.0_weak_sparse_a2.0,95,95,ar,100,500,1.0,3.0,weak_sparse,2.0,10,3,1.0,0.8450879387313909,cocolasso_max,reweighted_frobenius,4.610274284184593,4.319651633429804,3.140039925135182,2.897868874150691,17.088718849990983,1.217618749011308,0.29062265075478866,0.2421710509844912,15.871100100979675,14.034539845798877,medium,weak α=2.0 (99% in first 3)
ar_sigma1.0_weak_sparse_a2.0,96,96,ar,100,500,1.0,3.0,weak_sparse,2.0,10,3,1.0,0.8450879387313909,cocolasso_max,reweighted_frobenius,4.0240257902026295,3.646652495255295,2.6666444395114595,2.3621548863564783,16.937768364034127,1.401725418982096,0.3773732949473345,0.30448955315498116,15.536042945052031,12.083513742894086,medium,weak α=2.0 (99% in first 3)
ar_sigma1.0_weak_sparse_a2.0,97,97,ar,100,500,1.0,3.0,weak_sparse,2.0,10,3,1.0,0.8450879387313909,cocolasso_max,reweighted_frobenius,6.956658794147726,6.895875471358805,5.161828464626649,5.110192537785013,17.35996105900267,1.4222710159956478,0.06078332278892162,0.051635926841636426,15.937690043007024,12.205803861404002,medium,weak α=2.0 (99% in first 3)
ar_sigma1.0_weak_sparse_a2.0,98,98,ar,100,500,1.0,3.0,weak_sparse,2.0,10,3,1.0,0.8450879387313909,cocolasso_max,reweighted_frobenius,5.2602147712144935,5.075078097435813,3.702379762148741,3.550840502916378,16.933456100989133,1.2406425200169906,0.18513667377868082,0.15153925923236322,15.692813580972143,13.64894063179233,medium,weak α=2.0 (99% in first 3)
ar_sigma1.0_weak_sparse_a2.0,99,99,ar,100,500,1.0,3.0,weak_sparse,2.0,10,3,1.0,0.8450879387313909,cocolasso_max,reweighted_frobenius,5.728960619413868,5.473007480769743,4.132117922173102,3.9098039082391502,17.027938030019868,1.4373453430016525,0.2559531386441245,0.22231401393395211,15.590592687018216,11.846796674806,medium,weak α=2.0 (99% in first 3)
ar_sigma1.25_datta_zhang,0,0,ar,100,500,1.25,3.0,datta_zhang,1.0,10,3,1.0,2.361111111111111,cocolasso_max,reweighted_frobenius,10.902467997509124,10.323327831775748,12.454829558022867,11.865607202863556,17.90496279898798,3.3526213889708742,0.5791401657333761,0.5892223551593112,14.552341410017107,5.340585983818506,high,datta_zhang (exactly 3-sparse)
ar_sigma1.25_datta_zhang,1,1,ar,100,500,1.25,3.0,datta_zhang,1.0,10,3,1.0,2.361111111111111,cocolasso_max,reweighted_frobenius,8.896748827331711,8.487710453125082,11.1607770907453,10.649078280656743,17.536733957007527,2.709967619040981,0.40903837420662903,0.5116988100885571,14.826766337966546,6.47119686367822,high,datta_zhang (exactly 3-sparse)
ar_sigma1.25_datta_zhang,2,2,ar,100,500,1.25,3.0,datta_zhang,1.0,10,3,1.0,2.361111111111111,cocolasso_max,reweighted_frobenius,13.782668914704804,13.61344065366537,17.520793006720698,17.070711845110896,17.42585264396621,3.0109903620323166,0.169228261039434,0.45008116160980194,14.414862281933893,5.7874156170345055,high,datta_zhang (exactly 3-sparse)
ar_sigma1.25_datta_zhang,3,3,ar,100,500,1.25,3.0,datta_zhang,1.0,10,3,1.0,2.361111111111111,cocolasso_max,reweighted_frobenius,7.71649239111024,7.193001197175374,9.108435932275764,8.28784307958782,17.292296649015043,2.615414656000212,0.5234911939348663,0.8205928526879447,14.676881993014831,6.611684540859911,high,datta_zhang (exactly 3-sparse)
ar_sigma1.25_datta_zhang,4,4,ar,100,500,1.25,3.0,datta_zhang,1.0,10,3,1.0,2.361111111111111,cocolasso_max,reweighted_frobenius,10.202202186240566,10.33021319197445,13.659966816970428,13.68335309701428,17.179045286029577,3.1070154290646315,-0.12801100573388347,-0.02338628004385157,14.072029856964946,5.529114894418576,high,datta_zhang (exactly 3-sparse)
ar_sigma1.25_datta_zhang,5,5,ar,100,500,1.25,3.0,datta_zhang,1.0,10,3,1.0,2.361111111111111,cocolasso_max,reweighted_frobenius,7.998551622607475,7.43734973382421,9.17954457984447,8.28042084543775,16.92405193799641,2.955904453061521,0.5612018887832653,0.8991237344067198,13.968147484934889,5.725507101715568,high,datta_zhang (exactly 3-sparse)
ar_sigma1.25_datta_zhang,6,6,ar,100,500,1.25,3.0,datta_zhang,1.0,10,3,1.0,2.361111111111111,cocolasso_max,reweighted_frobenius,6.738467981884478,6.173858163028104,7.815761078456989,6.813700397290791,16.61789338401286,3.07090585201513,0.5646098188563737,1.0020606811661974,13.546987531997729,5.4113978691688605,high,datta_zhang (exactly 3-sparse)
ar_sigma1.25_datta_zhang,7,7,ar,100,500,1.25,3.0,datta_zhang,1.0,10,3,1.0,2.361111111111111,cocolasso_max,reweighted_frobenius,12.50859799429027,12.475307314529228,12.614614494522442,11.936030957271797,16.575947550998535,2.4221922049764544,0.033290679761041275,0.6785835372506455,14.15375534602208,6.8433659050437186,high,datta_zhang (exactly 3-sparse)
ar_sigma1.25_datta_zhang,8,8,ar,100,500,1.25,3.0,datta_zhang,1.0,10,3,1.0,2.361111111111111,cocolasso_max,reweighted_frobenius,10.362147152410586,10.464290074874004,11.380088979206365,11.21037383293791,16.408795891038608,2.4385752989910543,-0.10214292246341827,0.16971514626845519,13.970220592047554,6.7288452802042436,high,datta_zhang (exactly 3-sparse)
ar_sigma1.25_datta_zhang,9,9,ar,100,500,1.25,3.0,datta_zhang,1.0,10,3,1.0,2.361111111111111,cocolasso_max,reweighted_frobenius,8.633485891342083,8.166872394093687,11.98439550927602,11.380669110549077,16.708181764988694,2.730479949968867,0.46661349724839596,0.603726398726943,13.977701815019827,6.119137320594206,high,datta_zhang (exactly 3-sparse)
ar_sigma1.25_datta_zhang,10,10,ar,100,500,1.25,3.0,datta_zhang,1.0,10,3,1.0,2.361111111111111,cocolasso_max,reweighted_frobenius,6.941314581116844,5.582839157172209,9.069317886075826,7.28979704434576,17.221278095967136,2.6321222669212148,1.3584754239446344,1.7795208417300659,14.589155829045922,6.542734854073026,high,datta_zhang (exactly 3-sparse)
ar_sigma1.25_datta_zhang,11,11,ar,100,500,1.25,3.0,datta_zhang,1.0,10,3,1.0,2.361111111111111,cocolasso_max,reweighted_frobenius,9.437671452107976,9.7505227585467,12.825972151187706,13.089007696371432,17.018432077020407,3.06879480893258,-0.3128513064387235,-0.26303554518372607,13.949637268087827,5.545640271380651,high,datta_zhang (exactly 3-sparse)
ar_sigma1.25_datta_zhang,12,12,ar,100,500,1.25,3.0,datta_zhang,1.0,10,3,1.0,2.361111111111111,cocolasso_max,reweighted_frobenius,8.40282787445321,7.635285273976589,10.20564716515982,9.38559424975794,16.091237770044245,3.0417892310069874,0.7675426004766219,0.820052915401881,13.049448539037257,5.290056788292732,high,datta_zhang (exactly 3-sparse)
ar_sigma1.25_datta_zhang,13,13,ar,100,500,1.25,3.0,datta_zhang,1.0,10,3,1.0,2.361111111111111,cocolasso_max,reweighted_frobenius,11.971683093552876,11.29377190124946,14.88898672071616,13.826414132287605,16.80891010101186,3.222720837919041,0.6779111923034158,1.062572588428555,13.58618926309282,5.215751207251828,high,datta_zhang (exactly 3-sparse)
ar_sigma1.25_datta_zhang,14,14,ar,100,500,1.25,3.0,datta_zhang,1.0,10,3,1.0,2.361111111111111,cocolasso_max,reweighted_frobenius,9.473550691730397,8.960662458745947,12.661672874268229,11.948616763918531,16.476938649022486,3.1582521370146424,0.5128882329844497,0.7130561103496973,13.318686512007844,5.2171067838166385,high,datta_zhang (exactly 3-sparse)
ar_sigma1.25_datta_zhang,15,15,ar,100,500,1.25,3.0,datta_zhang,1.0,10,3,1.0,2.361111111111111,cocolasso_max,reweighted_frobenius,9.192746690085151,8.539888372248432,11.484626153013966,10.772622161352674,16.654461975966115,3.1517472410341725,0.6528583178367189,0.7120039916612928,13.502714734931942,5.284199747725119,high,datta_zhang (exactly 3-sparse)
ar_sigma1.25_datta_zhang,16,16,ar,100,500,1.25,3.0,datta_zhang,1.0,10,3,1.0,2.361111111111111,cocolasso_max,reweighted_frobenius,10.380470429133116,9.924410183484712,12.439134929874646,11.746902005897192,16.83774888503831,3.144430594984442,0.45606024564840375,0.6922329239774534,13.693318290053867,5.354784714248597,high,datta_zhang (exactly 3-sparse)
ar_sigma1.25_datta_zhang,17,17,ar,100,500,1.25,3.0,datta_zhang,1.0,10,3,1.0,2.361111111111111,cocolasso_max,reweighted_frobenius,12.19558730002423,12.36878706547867,14.18169047073787,14.059446141693332,16.153940649994183,2.5502970890374854,-0.1731997654544415,0.12224432904453764,13.603643560956698,6.334140724009094,high,datta_zhang (exactly 3-sparse)
ar_sigma1.25_datta_zhang,18,18,ar,100,500,1.25,3.0,datta_zhang,1.0,10,3,1.0,2.361111111111111,cocolasso_max,reweighted_frobenius,9.803297825387284,9.105316389007283,10.99204853779482,9.84000570640262,16.14214540401008,3.121725426986813,0.697981436380001,1.152042831392201,13.020419977023266,5.17090493112041,high,datta_zhang (exactly 3-sparse)
ar_sigma1.25_datta_zhang,19,19,ar,100,500,1.25,3.0,datta_zhang,1.0,10,3,1.0,2.361111111111111,cocolasso_max,reweighted_frobenius,7.580816462589971,7.169203793024699,9.49985732968424,8.772511763816203,16.429791404982097,2.9290749130304903,0.4116126695652724,0.7273455658680366,13.500716491951607,5.609208331235013,high,datta_zhang (exactly 3-sparse)
ar_sigma1.25_datta_zhang,20,20,ar,100,500,1.25,3.0,datta_zhang,1.0,10,3,1.0,2.361111111111111,cocolasso_max,reweighted_frobenius,15.858071649790697,16.10010089482221,18.16687403459123,18.012438218710315,15.862265578994991,2.76530280103907,-0.24202924503151202,0.15443581588091604,13.096962777955921,5.736176730097949,high,datta_zhang (exactly 3-sparse)
ar_sigma1.25_datta_zhang,21,21,ar,100,500,1.25,3.0,datta_zhang,1.0,10,3,1.0,2.361111111111111,cocolasso_max,reweighted_frobenius,5.361201925937851,4.934588777108137,6.765437901130483,6.023735902514473,16.400138339027762,2.366431485977955,0.42661314882971446,0.7417019986160094,14.033706853049807,6.930324598960538,high,datta_zhang (exactly 3-sparse)
ar_sigma1.25_datta_zhang,22,22,ar,100,500,1.25,3.0,datta_zhang,1.0,10,3,1.0,2.361111111111111,cocolasso_max,reweighted_frobenius,8.71130021436189,7.937797660080442,11.616147198079377,10.514670256471888,16.06968626700109,2.6875039429869503,0.773502554281448,1.1014769416074888,13.382182324014138,5.979409373122962,high,datta_zhang (exactly 3-sparse)
ar_sigma1.25_datta_zhang,23,23,ar,100,500,1.25,3.0,datta_zhang,1.0,10,3,1.0,2.361111111111111,cocolasso_max,reweighted_frobenius,7.651717576110968,7.364385949520336,8.760366441251614,8.006702965966491,16.41611746599665,3.1666606731014326,0.2873316265906327,0.7536634752851228,13.249456792895216,5.184046906395777,high,datta_zhang (exactly 3-sparse)
ar_sigma1.25_datta_zhang,24,24,ar,100,500,1.25,3.0,datta_zhang,1.0,10,3,1.0,2.361111111111111,cocolasso_max,reweighted_frobenius,12.907353203962922,13.353075106706576,17.52079328005537,18.131095188158035,16.20546344399918,2.727687082020566,-0.44572190274365475,-0.6103019081026666,13.477776361978613,5.941100630939966,high,datta_zhang (exactly 3-sparse)
ar_sigma1.25_datta_zhang,25,25,ar,100,500,1.25,3.0,datta_zhang,1.0,10,3,1.0,2.361111111111111,cocolasso_max,reweighted_frobenius,8.072682593375472,7.745240900335222,10.098348776547216,9.594606593202933,16.185313039983157,3.090768195921555,0.3274416930402495,0.5037421833442828,13.094544844061602,5.236663513407637,high,datta_zhang (exactly 3-sparse)
ar_sigma1.25_datta_zhang,26,26,ar,100,500,1.25,3.0,datta_zhang,1.0,10,3,1.0,2.361111111111111,cocolasso_max,reweighted_frobenius,6.870227330963272,6.198793045057188,8.246498164970783,7.135111331429595,16.12393704900751,3.4957177920732647,0.6714342859060833,1.1113868335411876,12.628219256934244,4.612482473719543,high,datta_zhang (exactly 3-sparse)
ar_sigma1.25_datta_zhang,27,27,ar,100,500,1.25,3.0,datta_zhang,1.0,10,3,1.0,2.361111111111111,cocolasso_max,reweighted_frobenius,6.977989137303233,6.406457575293337,8.661873958952466,7.588085627843845,15.785009676008483,3.506655719014816,0.5715315620098957,1.073788331108621,12.278353956993667,4.501442668128035,high,datta_zhang (exactly 3-sparse)
ar_sigma1.25_datta_zhang,28,28,ar,100,500,1.25,3.0,datta_zhang,1.0,10,3,1.0,2.361111111111111,cocolasso_max,reweighted_frobenius,6.870577372719984,6.102448062686752,8.216732879711154,7.251448431212163,16.13740941102151,2.5792948519811034,0.768129310033232,0.9652844484989913,13.558114559040405,6.256519838601118,high,datta_zhang (exactly 3-sparse)
ar_sigma1.25_datta_zhang,29,29,ar,100,500,1.25,3.0,datta_zhang,1.0,10,3,1.0,2.361111111111111,cocolasso_max,reweighted_frobenius,11.555339215958549,11.046948730791357,15.924123332119384,15.08087415139732,15.8906831049826,3.378114696010016,0.5083904851671921,0.843249180722065,12.512568408972584,4.704009346915166,high,datta_zhang (exactly 3-sparse)
ar_sigma1.25_datta_zhang,30,30,ar,100,500,1.25,3.0,datta_zhang,1.0,10,3,1.0,2.361111111111111,cocolasso_max,reweighted_frobenius,10.909853138696857,10.4416522585851,13.464082700306529,12.786301436462674,16.094564698985778,3.4044968460220844,0.4682008801117572,0.6777812638438547,12.690067852963693,4.727442975249382,high,datta_zhang (exactly 3-sparse)
ar_sigma1.25_datta_zhang,31,31,ar,100,500,1.25,3.0,datta_zhang,1.0,10,3,1.0,2.361111111111111,cocolasso_max,reweighted_frobenius,8.274112023539594,7.903952661201368,9.820545700811293,9.153175944037969,15.9366239150404,2.664667066070251,0.3701593623382262,0.6673697567733239,13.271956848970149,5.980718611328477,high,datta_zhang (exactly 3-sparse)
ar_sigma1.25_datta_zhang,32,32,ar,100,500,1.25,3.0,datta_zhang,1.0,10,3,1.0,2.361111111111111,cocolasso_max,reweighted_frobenius,13.30245632507761,13.128278982374542,17.02376807163592,16.360821466328577,15.958615130046384,2.895091112935916,0.17417734270306795,0.6629466053073436,13.063524017110469,5.512301515741496,high,datta_zhang (exactly 3-sparse)
ar_sigma1.25_datta_zhang,33,33,ar,100,500,1.25,3.0,datta_zhang,1.0,10,3,1.0,2.361111111111111,cocolasso_max,reweighted_frobenius,9.56823092802205,9.341820039048237,10.987064868568412,10.407362732451656,16.06701256998349,2.975672911037691,0.22641088897381323,0.5797021361167563,13.091339658945799,5.39945519898574,high,datta_zhang (exactly 3-sparse)
ar_sigma1.25_datta_zhang,34,34,ar,100,500,1.25,3.0,datta_zhang,1.0,10,3,1.0,2.361111111111111,cocolasso_max,reweighted_frobenius,8.605052577990323,8.153200437822083,11.305515549586293,10.613908664670085,16.093256792984903,2.63782084104605,0.45185214016824027,0.691606884916208,13.455435951938853,6.10096657914151,high,datta_zhang (exactly 3-sparse)
ar_sigma1.25_datta_zhang,35,35,ar,100,500,1.25,3.0,datta_zhang,1.0,10,3,1.0,2.361111111111111,cocolasso_max,reweighted_frobenius,7.960331307394165,7.305063712011866,10.165718498782674,9.167827724365456,16.06881283497205,2.8506668290356174,0.6552675953822993,0.9978907744172183,13.218146005936433,5.6368610569647455,high,datta_zhang (exactly 3-sparse)
ar_sigma1.25_datta_zhang,36,36,ar,100,500,1.25,3.0,datta_zhang,1.0,10,3,1.0,2.361111111111111,cocolasso_max,reweighted_frobenius,12.222849172369491,12.446643136169442,12.417706898727005,12.32523042257438,16.336754315008875,2.7668590280227363,-0.22379396379995065,0.09247647615262444,13.569895286986139,5.9044404321110315,high,datta_zhang (exactly 3-sparse)
ar_sigma1.25_datta_zhang,37,37,ar,100,500,1.25,3.0,datta_zhang,1.0,10,3,1.0,2.361111111111111,cocolasso_max,reweighted_frobenius,11.212932874679286,11.097382132550928,12.999775748433343,12.344257210737869,16.270544408995192,2.795098236994818,0.1155507421283577,0.6555185376954746,13.475446172000375,5.821099306509047,high,datta_zhang (exactly 3-sparse)
ar_sigma1.25_datta_zhang,38,38,ar,100,500,1.25,3.0,datta_zhang,1.0,10,3,1.0,2.361111111111111,cocolasso_max,reweighted_frobenius,9.135907671133316,8.874398786501171,12.41269681749558,12.086750326778578,16.278408348967787,3.211241196957417,0.2615088846321445,0.3259464907170013,13.06716715201037,5.069195164907337,high,datta_zhang (exactly 3-sparse)
ar_sigma1.25_datta_zhang,39,39,ar,100,500,1.25,3.0,datta_zhang,1.0,10,3,1.0,2.361111111111111,cocolasso_max,reweighted_frobenius,8.429668489957466,8.274793473789378,9.993276513974475,9.510456841898849,16.455100470979232,2.564848101930693,0.15487501616808785,0.48281967207562637,13.89025236904854,6.415623778496915,high,datta_zhang (exactly 3-sparse)
ar_sigma1.25_datta_zhang,40,40,ar,100,500,1.25,3.0,datta_zhang,1.0,10,3,1.0,2.361111111111111,cocolasso_max,reweighted_frobenius,8.218774356820889,7.68870089286041,10.265333954623454,9.324570805965504,16.33313545101555,3.2190131300594658,0.5300734639604787,0.9407631486579504,13.114122320956085,5.073957387279692,high,datta_zhang (exactly 3-sparse)
ar_sigma1.25_datta_zhang,41,41,ar,100,500,1.25,3.0,datta_zhang,1.0,10,3,1.0,2.361111111111111,cocolasso_max,reweighted_frobenius,9.162927830030611,8.73076702675546,12.651705226114617,12.090159503631778,16.157499262015335,2.4894206379540265,0.43216080327515094,0.5615457224828386,13.668078624061309,6.490465699398498,high,datta_zhang (exactly 3-sparse)
ar_sigma1.25_datta_zhang,42,42,ar,100,500,1.25,3.0,datta_zhang,1.0,10,3,1.0,2.361111111111111,cocolasso_max,reweighted_frobenius,12.715588091351265,12.58224789531288,15.940402904080166,15.814230753493243,16.16692318598507,2.7737041050568223,0.1333401960383842,0.12617215058692288,13.393219080928247,5.828640177050851,high,datta_zhang (exactly 3-sparse)
ar_sigma1.25_datta_zhang,43,43,ar,100,500,1.25,3.0,datta_zhang,1.0,10,3,1.0,2.361111111111111,cocolasso_max,reweighted_frobenius,9.939063909997696,9.714184756862268,10.212827482996047,9.609835897417527,15.953583265014458,2.8411217919783667,0.2248791531354275,0.6029915855785202,13.112461473036092,5.615240891839928,high,datta_zhang (exactly 3-sparse)
ar_sigma1.25_datta_zhang,44,44,ar,100,500,1.25,3.0,datta_zhang,1.0,10,3,1.0,2.361111111111111,cocolasso_max,reweighted_frobenius,8.030569625126045,8.242147142233007,7.383764977300496,7.030592154330903,15.851401311985684,2.7070234990678728,-0.21157751710696182,0.35317282296959274,13.144377812917812,5.85565707776231,high,datta_zhang (exactly 3-sparse)
ar_sigma1.25_datta_zhang,45,45,ar,100,500,1.25,3.0,datta_zhang,1.0,10,3,1.0,2.361111111111111,cocolasso_max,reweighted_frobenius,9.243868656153262,8.706722606210432,11.511852280625895,10.76822386246032,15.913053016993215,2.8166914300527424,0.5371460499428302,0.7436284181655743,13.096361586940473,5.649554952029391,high,datta_zhang (exactly 3-sparse)
ar_sigma1.25_datta_zhang,46,46,ar,100,500,1.25,3.0,datta_zhang,1.0,10,3,1.0,2.361111111111111,cocolasso_max,reweighted_frobenius,3.0649699761561084,2.7012887473951928,4.077594992362624,3.547903922608251,16.251384806993883,3.187794461962767,0.3636812287609157,0.5296910697543726,13.063590345031116,5.098002710308899,high,datta_zhang (exactly 3-sparse)
ar_sigma1.25_datta_zhang,47,47,ar,100,500,1.25,3.0,datta_zhang,1.0,10,3,1.0,2.361111111111111,cocolasso_max,reweighted_frobenius,10.326822799943884,10.03218035429892,13.336456190793433,12.75286452160084,15.658694515004754,2.78296663297806,0.2946424456449641,0.5835916691925931,12.875727882026695,5.6266195682872215,high,datta_zhang (exactly 3-sparse)
ar_sigma1.25_datta_zhang,48,48,ar,100,500,1.25,3.0,datta_zhang,1.0,10,3,1.0,2.361111111111111,cocolasso_max,reweighted_frobenius,8.364949683488677,7.904602541509977,10.401390522725857,9.80549348451216,15.96224397199694,2.7501875680172816,0.4603471419786995,0.5958970382136961,13.212056403979659,5.8040564787749185,high,datta_zhang (exactly 3-sparse)
ar_sigma1.25_datta_zhang,49,49,ar,100,500,1.25,3.0,datta_zhang,1.0,10,3,1.0,2.361111111111111,cocolasso_max,reweighted_frobenius,9.382822788727628,9.034684418278468,10.599800736214094,9.745051470374827,16.138387960963883,2.8556848540902138,0.34813837044915985,0.854749265839267,13.282703106873669,5.6513196607982765,high,datta_zhang (exactly 3-sparse)
ar_sigma1.25_datta_zhang,50,50,ar,100,500,1.25,3.0,datta_zhang,1.0,10,3,1.0,2.361111111111111,cocolasso_max,reweighted_frobenius,9.674273765317022,9.7145950377003,12.228011364006257,12.246595960455451,16.47935206099646,2.523637050995603,-0.040321272383279094,-0.018584596449194635,13.955715010000858,6.530000839262988,high,datta_zhang (exactly 3-sparse)
ar_sigma1.25_datta_zhang,51,51,ar,100,500,1.25,3.0,datta_zhang,1.0,10,3,1.0,2.361111111111111,cocolasso_max,reweighted_frobenius,8.887772993893684,8.510806551286707,10.684854754085231,10.035755786165732,16.272322422999423,2.641317631001584,0.3769664426069763,0.6490989679194996,13.631004791997839,6.160683679996859,high,datta_zhang (exactly 3-sparse)
ar_sigma1.25_datta_zhang,52,52,ar,100,500,1.25,3.0,datta_zhang,1.0,10,3,1.0,2.361111111111111,cocolasso_max,reweighted_frobenius,14.858947737617797,14.978028368712934,19.915282809895302,20.168989698842992,16.772788123984355,3.0017985809827223,-0.11908063109513733,-0.2537068889476899,13.770989543001633,5.58757946993676,high,datta_zhang (exactly 3-sparse)
ar_sigma1.25_datta_zhang,53,53,ar,100,500,1.25,3.0,datta_zhang,1.0,10,3,1.0,2.361111111111111,cocolasso_max,reweighted_frobenius,6.372350150953766,6.129375004151849,8.27003748146404,7.974725977814389,16.577678857021965,3.009786849026568,0.24297514680191679,0.29531150364965164,13.567892007995397,5.507924543687722,high,datta_zhang (exactly 3-sparse)
ar_sigma1.25_datta_zhang,54,54,ar,100,500,1.25,3.0,datta_zhang,1.0,10,3,1.0,2.361111111111111,cocolasso_max,reweighted_frobenius,8.418579784893124,8.0032747504815,9.79156399724587,8.979254649461886,16.768509026034735,2.9475834670010954,0.4153050344116238,0.8123093477839838,13.82092555903364,5.688900488743481,high,datta_zhang (exactly 3-sparse)
ar_sigma1.25_datta_zhang,55,55,ar,100,500,1.25,3.0,datta_zhang,1.0,10,3,1.0,2.361111111111111,cocolasso_max,reweighted_frobenius,11.161750009946786,11.233273286965728,10.520327004303075,10.062543373521132,16.08727406099206,3.028707665973343,-0.07152327701894201,0.4577836307819432,13.058566395018715,5.311596837729815,high,datta_zhang (exactly 3-sparse)
ar_sigma1.25_datta_zhang,56,56,ar,100,500,1.25,3.0,datta_zhang,1.0,10,3,1.0,2.361111111111111,cocolasso_max,reweighted_frobenius,10.282508918264163,10.284560729786552,11.76826474887352,11.411796702671417,16.305997035000473,2.681932640029117,-0.002051811522388647,0.35646804620210304,13.624064394971356,6.079942796334901,high,datta_zhang (exactly 3-sparse)
ar_sigma1.25_datta_zhang,57,57,ar,100,500,1.25,3.0,datta_zhang,1.0,10,3,1.0,2.361111111111111,cocolasso_max,reweighted_frobenius,11.877832939476995,11.639776697065365,14.015164877731827,13.40543265085346,16.086681102984585,2.74032423098106,0.2380562424116306,0.6097322268783678,13.346356872003525,5.870356843586138,high,datta_zhang (exactly 3-sparse)
ar_sigma1.25_datta_zhang,58,58,ar,100,500,1.25,3.0,datta_zhang,1.0,10,3,1.0,2.361111111111111,cocolasso_max,reweighted_frobenius,10.12300258458723,9.345767856353504,12.877605763312856,11.80895917158982,16.20598704298027,2.886944498051889,0.7772347282337257,1.068646591723036,13.31904254492838,5.613542987721473,high,datta_zhang (exactly 3-sparse)
ar_sigma1.25_datta_zhang,59,59,ar,100,500,1.25,3.0,datta_zhang,1.0,10,3,1.0,2.361111111111111,cocolasso_max,reweighted_frobenius,9.110742934643588,8.61783702901762,11.341610474893798,10.675734605814329,15.8183648220147,2.5319433819968253,0.4929059056259675,0.6658758690794695,13.286421440017875,6.247519172225524,high,datta_zhang (exactly 3-sparse)
ar_sigma1.25_datta_zhang,60,60,ar,100,500,1.25,3.0,datta_zhang,1.0,10,3,1.0,2.361111111111111,cocolasso_max,reweighted_frobenius,7.543324671357221,6.80712033248099,9.361368542684604,8.37683988778803,15.780329008994158,2.865139235975221,0.7362043388762309,0.9845286548965735,12.915189773018938,5.507700572053677,high,datta_zhang (exactly 3-sparse)
ar_sigma1.25_datta_zhang,61,61,ar,100,500,1.25,3.0,datta_zhang,1.0,10,3,1.0,2.361111111111111,cocolasso_max,reweighted_frobenius,11.880675555427176,11.703802070867855,12.934984856085505,12.605154712011784,15.871339198027272,3.0736359589500357,0.17687348455932117,0.32983014407372124,12.797703239077237,5.163701690765283,high,datta_zhang (exactly 3-sparse)
ar_sigma1.25_datta_zhang,62,62,ar,100,500,1.25,3.0,datta_zhang,1.0,10,3,1.0,2.361111111111111,cocolasso_max,reweighted_frobenius,7.446902439770074,6.986150781755527,8.434322877696623,7.733253527504626,15.948628131998705,2.632111266022548,0.460751658014547,0.7010693501919967,13.316516865976157,6.059253017863144,high,datta_zhang (exactly 3-sparse)
ar_sigma1.25_datta_zhang,63,63,ar,100,500,1.25,3.0,datta_zhang,1.0,10,3,1.0,2.361111111111111,cocolasso_max,reweighted_frobenius,6.602626860789183,5.879675527773641,8.212789757819321,7.177878788926052,16.108649324974976,2.95315693190787,0.7229513330155415,1.0349109688932687,13.155492393067107,5.4547217423247725,high,datta_zhang (exactly 3-sparse)
ar_sigma1.25_datta_zhang,64,64,ar,100,500,1.25,3.0,datta_zhang,1.0,10,3,1.0,2.361111111111111,cocolasso_max,reweighted_frobenius,9.210607210193183,9.004354148098603,11.330250967602248,10.902326795337954,16.204840289021377,2.8192267280537635,0.20625306209458039,0.42792417226429436,13.385613560967613,5.747973416883818,high,datta_zhang (exactly 3-sparse)
ar_sigma1.25_datta_zhang,65,65,ar,100,500,1.25,3.0,datta_zhang,1.0,10,3,1.0,2.361111111111111,cocolasso_max,reweighted_frobenius,9.01092249177453,8.789887192713557,11.035984566237644,10.425008936119315,15.879422407015229,2.339126170030795,0.22103529906097208,0.6109756301183289,13.540296236984434,6.788613034416255,high,datta_zhang (exactly 3-sparse)
ar_sigma1.25_datta_zhang,66,66,ar,100,500,1.25,3.0,datta_zhang,1.0,10,3,1.0,2.361111111111111,cocolasso_max,reweighted_frobenius,10.088243849362163,9.550530882880276,12.376475229225376,11.86080431623914,16.35667043097783,2.8399263500468805,0.5377129664818874,0.515670912986236,13.516744080930948,5.759540359456089,high,datta_zhang (exactly 3-sparse)
ar_sigma1.25_datta_zhang,67,67,ar,100,500,1.25,3.0,datta_zhang,1.0,10,3,1.0,2.361111111111111,cocolasso_max,reweighted_frobenius,12.849982870267134,12.703311200761728,14.991005429256404,14.440046511022707,16.46737560495967,2.990095525979996,0.14667166950540533,0.5509589182336967,13.477280078979675,5.507307529769482,high,datta_zhang (exactly 3-sparse)
ar_sigma1.25_datta_zhang,68,68,ar,100,500,1.25,3.0,datta_zhang,1.0,10,3,1.0,2.361111111111111,cocolasso_max,reweighted_frobenius,12.15677576423634,12.102786762684968,16.468106107597237,16.29358312756949,16.729692041000817,2.6689583531115204,0.053989001551371985,0.1745229800277457,14.060733687889297,6.268247693523219,high,datta_zhang (exactly 3-sparse)
ar_sigma1.25_datta_zhang,69,69,ar,100,500,1.25,3.0,datta_zhang,1.0,10,3,1.0,2.361111111111111,cocolasso_max,reweighted_frobenius,11.906639857262212,11.60112503935997,14.173947057009109,13.566924708889193,16.517427308950573,2.886529327952303,0.30551481790224244,0.6070223481199157,13.63089798099827,5.722244755665794,high,datta_zhang (exactly 3-sparse)
ar_sigma1.25_datta_zhang,70,70,ar,100,500,1.25,3.0,datta_zhang,1.0,10,3,1.0,2.361111111111111,cocolasso_max,reweighted_frobenius,7.356509831146639,6.947105353462472,9.788889995923569,9.227849892086622,16.064938533003442,2.8714363239705563,0.4094044776841663,0.5610401038369464,13.193502209032886,5.594739607803391,high,datta_zhang (exactly 3-sparse)
ar_sigma1.25_datta_zhang,71,71,ar,100,500,1.25,3.0,datta_zhang,1.0,10,3,1.0,2.361111111111111,cocolasso_max,reweighted_frobenius,8.633305488482227,8.188805434130298,10.479481128059165,9.737079016818454,16.00132882699836,3.126149596995674,0.44450005435192885,0.7424021112407111,12.875179230002686,5.1185422611816564,high,datta_zhang (exactly 3-sparse)
ar_sigma1.25_datta_zhang,72,72,ar,100,500,1.25,3.0,datta_zhang,1.0,10,3,1.0,2.361111111111111,cocolasso_max,reweighted_frobenius,9.467609968473086,9.117914164471678,11.225755325720774,10.217823597042836,15.98889416496968,2.5674937339499597,0.3496958040014082,1.0079317286779386,13.421400431019721,6.227432594498127,high,datta_zhang (exactly 3-sparse)
ar_sigma1.25_datta_zhang,73,73,ar,100,500,1.25,3.0,datta_zhang,1.0,10,3,1.0,2.361111111111111,cocolasso_max,reweighted_frobenius,8.48883417590317,7.809501289660374,11.19964466226488,10.227581687184664,15.901432677987032,2.8319667209871118,0.6793328862427961,0.9720629750802168,13.06946595699992,5.6149786507535016,high,datta_zhang (exactly 3-sparse)
ar_sigma1.25_datta_zhang,74,74,ar,100,500,1.25,3.0,datta_zhang,1.0,10,3,1.0,2.361111111111111,cocolasso_max,reweighted_frobenius,7.72561728943054,7.438600334270025,10.28734907494677,9.949578465622832,15.69548787700478,3.047238472965546,0.2870169551605146,0.3377706093239379,12.648249404039234,5.1507251618971805,high,datta_zhang (exactly 3-sparse)
ar_sigma1.25_datta_zhang,75,75,ar,100,500,1.25,3.0,datta_zhang,1.0,10,3,1.0,2.361111111111111,cocolasso_max,reweighted_frobenius,10.44273790050492,10.53134532724049,11.745066125398552,11.45260767009472,15.764467561035415,2.790940486011096,-0.08860742673557098,0.29245845530383185,12.97352707502432,5.648442752559913,high,datta_zhang (exactly 3-sparse)
ar_sigma1.25_datta_zhang,76,76,ar,100,500,1.25,3.0,datta_zhang,1.0,10,3,1.0,2.361111111111111,cocolasso_max,reweighted_frobenius,7.084971573321737,6.928909259054625,7.885257142769286,7.612923890963117,15.957389048009643,2.702625363948755,0.15606231426711226,0.2723332518061694,13.254763684060888,5.904402904254034,high,datta_zhang (exactly 3-sparse)
ar_sigma1.25_datta_zhang,77,77,ar,100,500,1.25,3.0,datta_zhang,1.0,10,3,1.0,2.361111111111111,cocolasso_max,reweighted_frobenius,9.315643739152772,9.13390837372723,13.05059258753838,12.775158299556743,15.818755581974983,2.7460447209887207,0.18173536542554203,0.2754342879816374,13.072710860986263,5.760560074301848,high,datta_zhang (exactly 3-sparse)
ar_sigma1.25_datta_zhang,78,78,ar,100,500,1.25,3.0,datta_zhang,1.0,10,3,1.0,2.361111111111111,cocolasso_max,reweighted_frobenius,10.42464838302358,10.23823958136341,13.860456918425866,13.523255194638608,16.02905092400033,2.481129415915348,0.1864088016601695,0.337201723787258,13.547921508084983,6.46038486391764,high,datta_zhang (exactly 3-sparse)
ar_sigma1.25_datta_zhang,79,79,ar,100,500,1.25,3.0,datta_zhang,1.0,10,3,1.0,2.361111111111111,cocolasso_max,reweighted_frobenius,10.084790300642789,9.872312882372098,12.178410664620278,11.653755921649267,16.077919465955347,2.328349018003792,0.21247741827069078,0.5246547429710109,13.749570447951555,6.90528754135827,high,datta_zhang (exactly 3-sparse)
ar_sigma1.25_datta_zhang,80,80,ar,100,500,1.25,3.0,datta_zhang,1.0,10,3,1.0,2.361111111111111,cocolasso_max,reweighted_frobenius,6.208386313072485,5.623840680406904,7.541961428351184,6.753134771570115,16.22991967597045,2.6847890539793298,0.5845456326655816,0.7888266567810698,13.54513062199112,6.045137755577055,high,datta_zhang (exactly 3-sparse)
ar_sigma1.25_datta_zhang,81,81,ar,100,500,1.25,3.0,datta_zhang,1.0,10,3,1.0,2.361111111111111,cocolasso_max,reweighted_frobenius,11.405923867926688,11.436247847263347,12.975723925714322,12.524463947640712,16.857080388988834,2.600888322922401,-0.03032397933665898,0.45125997807360996,14.256192066066433,6.481278046589844,high,datta_zhang (exactly 3-sparse)
ar_sigma1.25_datta_zhang,82,82,ar,100,500,1.25,3.0,datta_zhang,1.0,10,3,1.0,2.361111111111111,cocolasso_max,reweighted_frobenius,10.033928000859198,9.678972233813,13.094807469663552,12.524782138427048,16.764660763030406,2.4976443379418924,0.3549557670461976,0.5700253312365042,14.267016425088514,6.7121889647606165,high,datta_zhang (exactly 3-sparse)
ar_sigma1.25_datta_zhang,83,83,ar,100,500,1.25,3.0,datta_zhang,1.0,10,3,1.0,2.361111111111111,cocolasso_max,reweighted_frobenius,9.497773421334683,8.915581532003085,12.066731218925431,11.058895629792008,16.871306087996345,2.0608511060709134,0.5821918893315985,1.007835589133423,14.810454981925432,8.186572061560573,high,datta_zhang (exactly 3-sparse)
ar_sigma1.25_datta_zhang,84,84,ar,100,500,1.25,3.0,datta_zhang,1.0,10,3,1.0,2.361111111111111,cocolasso_max,reweighted_frobenius,10.479527467348902,10.477322306970168,12.880891519042589,12.719932754348871,16.920984463999048,2.2393825800390914,0.0022051603787343055,0.16095876469371717,14.681601883959956,7.55609363707012,high,datta_zhang (exactly 3-sparse)
ar_sigma1.25_datta_zhang,85,85,ar,100,500,1.25,3.0,datta_zhang,1.0,10,3,1.0,2.361111111111111,cocolasso_max,reweighted_frobenius,7.716793718818193,7.0346429271493305,10.113095057459352,9.255583302208567,16.670411096944008,2.475463142967783,0.6821507916688629,0.8575117552507852,14.194947953976225,6.73425946344658,high,datta_zhang (exactly 3-sparse)
ar_sigma1.25_datta_zhang,86,86,ar,100,500,1.25,3.0,datta_zhang,1.0,10,3,1.0,2.361111111111111,cocolasso_max,reweighted_frobenius,8.869610558283313,8.272827122274881,11.763428460764864,10.907763315701123,16.30657064798288,2.6360426479950547,0.5967834360084314,0.8556651450637407,13.670527999987826,6.186004107477351,high,datta_zhang (exactly 3-sparse)
ar_sigma1.25_datta_zhang,87,87,ar,100,500,1.25,3.0,datta_zhang,1.0,10,3,1.0,2.361111111111111,cocolasso_max,reweighted_frobenius,9.953786621021663,9.498592879009813,13.813148166671969,13.069678614572824,16.316339908982627,2.465349051053636,0.4551937420118506,0.7434695520991443,13.850990857928991,6.61826766559055,high,datta_zhang (exactly 3-sparse)
ar_sigma1.25_datta_zhang,88,88,ar,100,500,1.25,3.0,datta_zhang,1.0,10,3,1.0,2.361111111111111,cocolasso_max,reweighted_frobenius,11.062433044942226,10.942667759907712,14.22224744551189,13.947603071323115,15.81790532299783,2.2524547029752284,0.11976528503451433,0.2746443741887745,13.565450620022602,7.022518722398384,high,datta_zhang (exactly 3-sparse)
ar_sigma1.25_datta_zhang,89,89,ar,100,500,1.25,3.0,datta_zhang,1.0,10,3,1.0,2.361111111111111,cocolasso_max,reweighted_frobenius,8.7892497113784,8.52364761978673,9.428816343035963,8.788988485020685,15.969193652970716,2.8602985619800165,0.2656020915916688,0.6398278580152787,13.1088950909907,5.583051316823438,high,datta_zhang (exactly 3-sparse)
ar_sigma1.25_datta_zhang,90,90,ar,100,500,1.25,3.0,datta_zhang,1.0,10,3,1.0,2.361111111111111,cocolasso_max,reweighted_frobenius,11.4229122384948,11.080381254598016,13.48197431827056,12.86892711758042,16.183676761982497,2.9764705129200597,0.3425309838967827,0.61304720069014,13.207206249062438,5.437203792791999,high,datta_zhang (exactly 3-sparse)
ar_sigma1.25_datta_zhang,91,91,ar,100,500,1.25,3.0,datta_zhang,1.0,10,3,1.0,2.361111111111111,cocolasso_max,reweighted_frobenius,7.664179390422397,7.02307957347659,10.033238647952109,9.055339049262844,16.13835827499861,2.3800857710884884,0.6410998169458075,0.9778995986892642,13.75827250391012,6.780578444287757,high,datta_zhang (exactly 3-sparse)
ar_sigma1.25_datta_zhang,92,92,ar,100,500,1.25,3.0,datta_zhang,1.0,10,3,1.0,2.361111111111111,cocolasso_max,reweighted_frobenius,12.541625603349033,12.164383567993122,15.106143884298636,14.335769920589906,15.991735647025052,3.1201070559909567,0.37724203535591094,0.7703739637087299,12.871628591034096,5.125380430879486,high,datta_zhang (exactly 3-sparse)
ar_sigma1.25_datta_zhang,93,93,ar,100,500,1.25,3.0,datta_zhang,1.0,10,3,1.0,2.361111111111111,cocolasso_max,reweighted_frobenius,9.4303999961558,8.761122303502376,11.531611175320236,10.631977621920608,16.39375091000693,2.6281072810525075,0.6692776926534236,0.899633553399628,13.765643628954422,6.237854530596461,high,datta_zhang (exactly 3-sparse)
ar_sigma1.25_datta_zhang,94,94,ar,100,500,1.25,3.0,datta_zhang,1.0,10,3,1.0,2.361111111111111,cocolasso_max,reweighted_frobenius,10.237345297334883,9.543613669355675,13.048872129261497,12.017922179130064,15.664007406041492,3.123267835006118,0.6937316279792078,1.0309499501314328,12.540739571035374,5.01526229370297,high,datta_zhang (exactly 3-sparse)
ar_sigma1.25_datta_zhang,95,95,ar,100,500,1.25,3.0,datta_zhang,1.0,10,3,1.0,2.361111111111111,cocolasso_max,reweighted_frobenius,6.230833232699204,5.48792780051161,7.884767942699092,7.254545210023829,16.08998696296476,2.980335655040108,0.7429054321875945,0.6302227326752634,13.10965130792465,5.398716394831114,high,datta_zhang (exactly 3-sparse)
ar_sigma1.25_datta_zhang,96,96,ar,100,500,1.25,3.0,datta_zhang,1.0,10,3,1.0,2.361111111111111,cocolasso_max,reweighted_frobenius,7.234716706301212,6.571608433109638,9.661615554421342,8.594426133620392,15.993256999994628,2.658795534982346,0.6631082731915736,1.0671894208009505,13.334461465012282,6.015226364557898,high,datta_zhang (exactly 3-sparse)
ar_sigma1.25_datta_zhang,97,97,ar,100,500,1.25,3.0,datta_zhang,1.0,10,3,1.0,2.361111111111111,cocolasso_max,reweighted_frobenius,10.118777658112004,9.741854240781606,13.583158854494966,13.060191199674495,16.460341255995445,2.435699608991854,0.37692341733039747,0.5229676548204711,14.024641647003591,6.757952087042642,high,datta_zhang (exactly 3-sparse)
ar_sigma1.25_datta_zhang,98,98,ar,100,500,1.25,3.0,datta_zhang,1.0,10,3,1.0,2.361111111111111,cocolasso_max,reweighted_frobenius,10.83692551158336,10.841368797130713,10.158500670449248,9.774737293412796,16.759208100964315,3.553917694021948,-0.004443285547353071,0.3837633770364519,13.205290406942368,4.71569955858995,high,datta_zhang (exactly 3-sparse)
ar_sigma1.25_datta_zhang,99,99,ar,100,500,1.25,3.0,datta_zhang,1.0,10,3,1.0,2.361111111111111,cocolasso_max,reweighted_frobenius,11.353445210857345,11.042939028949112,12.23122627643382,11.600236498849045,16.980122761975508,2.912156395963393,0.31050618190823265,0.6309897775847748,14.067966366012115,5.830772957631,high,datta_zhang (exactly 3-sparse)
ar_sigma1.25_weak_sparse_a1.0,0,0,ar,100,500,1.25,3.0,weak_sparse,1.0,10,3,1.0,0.9118424939558304,cocolasso_max,reweighted_frobenius,13.454338227339925,13.388270451072197,7.300121115918901,7.283372357982824,16.15492441999959,1.4889167539658956,0.06606777626772775,0.01674875793607722,14.666007666033693,10.850119307858648,high,weak α=1.0 (83% in first 3)
ar_sigma1.25_weak_sparse_a1.0,1,1,ar,100,500,1.25,3.0,weak_sparse,1.0,10,3,1.0,0.9118424939558304,cocolasso_max,reweighted_frobenius,12.067135255400787,11.806035386699866,6.221405411727521,6.048790574786395,16.229564852954354,1.3107218500226736,0.2610998687009207,0.17261483694112645,14.91884300293168,12.382157856507547,high,weak α=1.0 (83% in first 3)
ar_sigma1.25_weak_sparse_a1.0,2,2,ar,100,500,1.25,3.0,weak_sparse,1.0,10,3,1.0,0.9118424939558304,cocolasso_max,reweighted_frobenius,15.192909419855308,15.247289100053706,8.610066526683575,8.658481006730433,17.46231275302125,1.3892154300119728,-0.054379680198398006,-0.048414480046858444,16.07309732300928,12.56990987558406,high,weak α=1.0 (83% in first 3)
ar_sigma1.25_weak_sparse_a1.0,3,3,ar,100,500,1.25,3.0,weak_sparse,1.0,10,3,1.0,0.9118424939558304,cocolasso_max,reweighted_frobenius,12.058016347614794,11.92500634188011,5.915942712172775,5.873203418459117,17.414283209014684,1.3178942779777572,0.13301000573468436,0.04273929371365792,16.096388931036927,13.213717898324917,high,weak α=1.0 (83% in first 3)
ar_sigma1.25_weak_sparse_a1.0,4,4,ar,100,500,1.25,3.0,weak_sparse,1.0,10,3,1.0,0.9118424939558304,cocolasso_max,reweighted_frobenius,11.27180548957238,10.982791943800988,5.57673922886246,5.391823368101698,17.355351448000874,1.6006719180149958,0.2890135457713914,0.18491586076076238,15.754679529985879,10.84254134321502,high,weak α=1.0 (83% in first 3)
ar_sigma1.25_weak_sparse_a1.0,5,5,ar,100,500,1.25,3.0,weak_sparse,1.0,10,3,1.0,0.9118424939558304,cocolasso_max,reweighted_frobenius,11.08259137389865,10.674383022076425,5.428457379573974,5.160481325890083,17.424607797001954,1.4318551380420104,0.4082083518222248,0.2679760536838911,15.992752658959944,12.169253253390721,high,weak α=1.0 (83% in first 3)
ar_sigma1.25_weak_sparse_a1.0,6,6,ar,100,500,1.25,3.0,weak_sparse,1.0,10,3,1.0,0.9118424939558304,cocolasso_max,reweighted_frobenius,12.231638800154837,12.096107728958756,6.271166748813054,6.188243954171199,16.91184286697535,1.5260263059753925,0.13553107119608043,0.08292279464185537,15.385816560999956,11.08227479484096,high,weak α=1.0 (83% in first 3)
ar_sigma1.25_weak_sparse_a1.0,7,7,ar,100,500,1.25,3.0,weak_sparse,1.0,10,3,1.0,0.9118424939558304,cocolasso_max,reweighted_frobenius,12.477953853391265,12.222892639832878,6.694651915680486,6.508851376461342,15.065347655967344,1.6057060139719397,0.2550612135583865,0.18580053921914352,13.459641641995404,9.382382282234273,high,weak α=1.0 (83% in first 3)
ar_sigma1.25_weak_sparse_a1.0,8,8,ar,100,500,1.25,3.0,weak_sparse,1.0,10,3,1.0,0.9118424939558304,cocolasso_max,reweighted_frobenius,11.803225214918513,11.547606137559214,5.895759714635876,5.70958329022937,15.1174662829726,1.3621424350421876,0.2556190773592988,0.18617642440650606,13.755323847930413,11.098300657892938,high,weak α=1.0 (83% in first 3)
ar_sigma1.25_weak_sparse_a1.0,9,9,ar,100,500,1.25,3.0,weak_sparse,1.0,10,3,1.0,0.9118424939558304,cocolasso_max,reweighted_frobenius,13.283872654869812,13.112635614704748,7.310119459797587,7.215001145820615,15.178394857037349,1.5494549139984883,0.1712370401650638,0.09511831397697179,13.62893994303886,9.795957739659766,high,weak α=1.0 (83% in first 3)
ar_sigma1.25_weak_sparse_a1.0,10,10,ar,100,500,1.25,3.0,weak_sparse,1.0,10,3,1.0,0.9118424939558304,cocolasso_max,reweighted_frobenius,12.553440406806589,12.269192367906792,6.706687256136642,6.528457435927769,15.005740783002691,1.6023286170093345,0.284248038899797,0.17822982020887324,13.403412165993357,9.364958363541025,high,weak α=1.0 (83% in first 3)
ar_sigma1.25_weak_sparse_a1.0,11,11,ar,100,500,1.25,3.0,weak_sparse,1.0,10,3,1.0,0.9118424939558304,cocolasso_max,reweighted_frobenius,11.84528741767096,11.57842859435877,6.020070719137436,5.84250085573445,14.955479166994335,1.4104662749450654,0.26685882331218913,0.17756986340298653,13.54501289204927,10.603216420454164,high,weak α=1.0 (83% in first 3)
ar_sigma1.25_weak_sparse_a1.0,12,12,ar,100,500,1.25,3.0,weak_sparse,1.0,10,3,1.0,0.9118424939558304,cocolasso_max,reweighted_frobenius,11.93203628980564,11.735026132770816,6.181403522370617,6.075654857103539,15.12762331799604,1.4032162619987505,0.19701015703482305,0.10574866526707805,13.72440705599729,10.780678451123531,high,weak α=1.0 (83% in first 3)
ar_sigma1.25_weak_sparse_a1.0,13,13,ar,100,500,1.25,3.0,weak_sparse,1.0,10,3,1.0,0.9118424939558304,cocolasso_max,reweighted_frobenius,12.78228789789273,12.636569774128326,6.72124112658841,6.61782138276099,14.692648698983248,1.649503497988917,0.14571812376440363,0.10341974382741981,13.043145200994331,8.907315878321326,high,weak α=1.0 (83% in first 3)
ar_sigma1.25_weak_sparse_a1.0,14,14,ar,100,500,1.25,3.0,weak_sparse,1.0,10,3,1.0,0.9118424939558304,cocolasso_max,reweighted_frobenius,13.451377385573949,13.405812433534424,7.499236754966449,7.519394890067999,14.88559671601979,1.4540035109966991,0.04556495203952515,-0.020158135101549846,13.431593205023091,10.237662153797636,high,weak α=1.0 (83% in first 3)
ar_sigma1.25_weak_sparse_a1.0,15,15,ar,100,500,1.25,3.0,weak_sparse,1.0,10,3,1.0,0.9118424939558304,cocolasso_max,reweighted_frobenius,11.42552316105663,11.095086546940855,5.667638842780344,5.455414701985411,14.86567837599432,1.458279351005331,0.33043661411577396,0.212224140794933,13.407399024988989,10.19398537443871,high,weak α=1.0 (83% in first 3)
ar_sigma1.25_weak_sparse_a1.0,16,16,ar,100,500,1.25,3.0,weak_sparse,1.0,10,3,1.0,0.9118424939558304,cocolasso_max,reweighted_frobenius,13.566220433648954,13.411045698877436,7.45715406900917,7.378907601840481,14.969159897009376,1.5492721920018084,0.15517473477151889,0.07824646716868866,13.419887705007568,9.662059368449507,high,weak α=1.0 (83% in first 3)
ar_sigma1.25_weak_sparse_a1.0,17,17,ar,100,500,1.25,3.0,weak_sparse,1.0,10,3,1.0,0.9118424939558304,cocolasso_max,reweighted_frobenius,13.027342031806675,12.8793482793142,6.926138600159474,6.83169459036509,16.00317137100501,1.4461132700089363,0.14799375249247504,0.09444400979438416,14.557058100996073,11.06633325542066,high,weak α=1.0 (83% in first 3)
ar_sigma1.25_weak_sparse_a1.0,18,18,ar,100,500,1.25,3.0,weak_sparse,1.0,10,3,1.0,0.9118424939558304,cocolasso_max,reweighted_frobenius,13.46341232671755,13.42992596910718,7.258855820087634,7.257668885717067,16.222844130999874,1.5531271639629267,0.03348635761037144,0.001186934370567272,14.669716967036948,10.445277442451014,high,weak α=1.0 (83% in first 3)
ar_sigma1.25_weak_sparse_a1.0,19,19,ar,100,500,1.25,3.0,weak_sparse,1.0,10,3,1.0,0.9118424939558304,cocolasso_max,reweighted_frobenius,11.477944398822332,11.425526057077892,5.734324918494012,5.720841916109595,15.992350485990755,1.6820520880282857,0.052418341744440156,0.01348300238441702,14.31029839796247,9.507642836873805,high,weak α=1.0 (83% in first 3)
ar_sigma1.25_weak_sparse_a1.0,20,20,ar,100,500,1.25,3.0,weak_sparse,1.0,10,3,1.0,0.9118424939558304,cocolasso_max,reweighted_frobenius,15.044637509350231,15.118863454350862,8.720033976639444,8.820138270848425,16.91600844397908,1.5312161450274289,-0.07422594500063084,-0.1001042942089807,15.384792298951652,11.047433439696434,high,weak α=1.0 (83% in first 3)
ar_sigma1.25_weak_sparse_a1.0,21,21,ar,100,500,1.25,3.0,weak_sparse,1.0,10,3,1.0,0.9118424939558304,cocolasso_max,reweighted_frobenius,10.78154846790814,10.602602705664635,5.318803833870371,5.238325989681944,16.71135514701018,1.6320873069926165,0.17894576224350445,0.08047784418842685,15.079267840017565,10.239253179294398,high,weak α=1.0 (83% in first 3)
ar_sigma1.25_weak_sparse_a1.0,22,22,ar,100,500,1.25,3.0,weak_sparse,1.0,10,3,1.0,0.9118424939558304,cocolasso_max,reweighted_frobenius,12.960567729179322,12.719262987600072,6.815717739395274,6.635362062334669,16.705799593008123,1.502817859989591,0.24130474157925086,0.1803556770606054,15.202981733018532,11.11631691223302,high,weak α=1.0 (83% in first 3)
ar_sigma1.25_weak_sparse_a1.0,23,23,ar,100,500,1.25,3.0,weak_sparse,1.0,10,3,1.0,0.9118424939558304,cocolasso_max,reweighted_frobenius,9.321025463406576,9.03950901577076,4.240660751011027,4.1155744060218185,16.62943566800095,1.4373447769903578,0.2815164476358163,0.12508634498920834,15.192090891010594,11.56955236781892,high,weak α=1.0 (83% in first 3)
ar_sigma1.25_weak_sparse_a1.0,24,24,ar,100,500,1.25,3.0,weak_sparse,1.0,10,3,1.0,0.9118424939558304,cocolasso_max,reweighted_frobenius,12.33004569064688,12.235517694351635,6.313173223678466,6.245864416157963,16.66756253200583,1.5374589629936963,0.09452799629524478,0.06730880752050261,15.130103569012135,10.840980431471959,high,weak α=1.0 (83% in first 3)
ar_sigma1.25_weak_sparse_a1.0,25,25,ar,100,500,1.25,3.0,weak_sparse,1.0,10,3,1.0,0.9118424939558304,cocolasso_max,reweighted_frobenius,10.20138402078356,9.816330849627589,4.71253435051328,4.452422940153291,15.252613142016344,1.5346239699865691,0.38505317115597215,0.26011141035998975,13.717989172029775,9.93899055424622,high,weak α=1.0 (83% in first 3)
ar_sigma1.25_weak_sparse_a1.0,26,26,ar,100,500,1.25,3.0,weak_sparse,1.0,10,3,1.0,0.9118424939558304,cocolasso_max,reweighted_frobenius,11.642117412525394,11.249835823384403,5.884264901123288,5.629693402472292,15.49178448697785,1.449182512005791,0.39228158914099076,0.2545714986509955,14.042601974972058,10.690016170244775,high,weak α=1.0 (83% in first 3)
ar_sigma1.25_weak_sparse_a1.0,27,27,ar,100,500,1.25,3.0,weak_sparse,1.0,10,3,1.0,0.9118424939558304,cocolasso_max,reweighted_frobenius,12.4623177257789,12.404346978433637,6.571688913367199,6.568991347498551,15.417370597016998,1.3298504750127904,0.05797074734526397,0.0026975658686474446,14.087520122004207,11.593311343419051,high,weak α=1.0 (83% in first 3)
ar_sigma1.25_weak_sparse_a1.0,28,28,ar,100,500,1.25,3.0,weak_sparse,1.0,10,3,1.0,0.9118424939558304,cocolasso_max,reweighted_frobenius,11.958384225985156,11.642878866472184,6.046515202246556,5.81788872071906,15.285054980020504,1.4926218450418671,0.3155053595129722,0.22862648152749543,13.792433134978637,10.240406859107551,high,weak α=1.0 (83% in first 3)
ar_sigma1.25_weak_sparse_a1.0,29,29,ar,100,500,1.25,3.0,weak_sparse,1.0,10,3,1.0,0.9118424939558304,cocolasso_max,reweighted_frobenius,11.986058132718064,11.631536758285762,6.1338846607060935,5.893568521506262,15.24370389903197,1.511789623007644,0.35452137443230214,0.2403161391998312,13.731914276024327,10.083217709025705,high,weak α=1.0 (83% in first 3)
ar_sigma1.25_weak_sparse_a1.0,30,30,ar,100,500,1.25,3.0,weak_sparse,1.0,10,3,1.0,0.9118424939558304,cocolasso_max,reweighted_frobenius,14.552005596571334,14.607257123517403,8.213190132980117,8.290129644056433,15.32186259899754,1.4704378150054254,-0.05525152694606916,-0.07693951107631669,13.851424783992115,10.419932378399157,high,weak α=1.0 (83% in first 3)
ar_sigma1.25_weak_sparse_a1.0,31,31,ar,100,500,1.25,3.0,weak_sparse,1.0,10,3,1.0,0.9118424939558304,cocolasso_max,reweighted_frobenius,11.765353864962512,11.478922551224796,5.920601979495294,5.717643698555572,15.700165871006902,1.58630559197627,0.28643131373771524,0.2029582809397219,14.113860279030632,9.897314836699993,high,weak α=1.0 (83% in first 3)
ar_sigma1.25_weak_sparse_a1.0,32,32,ar,100,500,1.25,3.0,weak_sparse,1.0,10,3,1.0,0.9118424939558304,cocolasso_max,reweighted_frobenius,12.796298047670533,12.668080494906295,7.119756143141005,7.095478171722718,15.240673114021774,1.5876507179928012,0.1282175527642373,0.024277971418286803,13.653022396028973,9.59951262661217,high,weak α=1.0 (83% in first 3)
ar_sigma1.25_weak_sparse_a1.0,33,33,ar,100,500,1.25,3.0,weak_sparse,1.0,10,3,1.0,0.9118424939558304,cocolasso_max,reweighted_frobenius,11.66366283757788,11.303460541117268,5.863713139281755,5.61205364984059,15.29248382599326,1.456322539015673,0.36020229646061175,0.251659489441165,13.836161286977587,10.500753381410572,high,weak α=1.0 (83% in first 3)
ar_sigma1.25_weak_sparse_a1.0,34,34,ar,100,500,1.25,3.0,weak_sparse,1.0,10,3,1.0,0.9118424939558304,cocolasso_max,reweighted_frobenius,12.06681184439184,11.80206633182749,6.214934955466534,6.018728737930227,15.314634779002516,1.574116198986303,0.26474551256434964,0.1962062175363073,13.740518580016213,9.729037023356224,high,weak α=1.0 (83% in first 3)
ar_sigma1.25_weak_sparse_a1.0,35,35,ar,100,500,1.25,3.0,weak_sparse,1.0,10,3,1.0,0.9118424939558304,cocolasso_max,reweighted_frobenius,11.342155680645424,10.958475918475648,5.549495574688158,5.264749329268902,15.150318618980236,1.499682785011828,0.38367976216977695,0.28474624541925575,13.650635833968408,10.102348823628557,high,weak α=1.0 (83% in first 3)
ar_sigma1.25_weak_sparse_a1.0,36,36,ar,100,500,1.25,3.0,weak_sparse,1.0,10,3,1.0,0.9118424939558304,cocolasso_max,reweighted_frobenius,15.192515644583647,15.572782792414174,8.59886046550821,8.934776380568762,16.286212335980963,1.5054269699612632,-0.3802671478305264,-0.33591591506055174,14.7807853660197,10.818334373536585,high,weak α=1.0 (83% in first 3)
ar_sigma1.25_weak_sparse_a1.0,37,37,ar,100,500,1.25,3.0,weak_sparse,1.0,10,3,1.0,0.9118424939558304,cocolasso_max,reweighted_frobenius,13.007019159633614,12.926670619784966,6.896098423206369,6.858182687253293,17.337621637969278,1.4240014350507408,0.08034853984864831,0.03791573595307618,15.913620202918537,12.17528382431124,high,weak α=1.0 (83% in first 3)
ar_sigma1.25_weak_sparse_a1.0,38,38,ar,100,500,1.25,3.0,weak_sparse,1.0,10,3,1.0,0.9118424939558304,cocolasso_max,reweighted_frobenius,12.397683755602898,12.20498665792302,6.579982422155484,6.46729946013238,17.196738917962648,1.4606832370045597,0.19269709767987742,0.11268296202310424,15.736055680958088,11.773078845779187,high,weak α=1.0 (83% in first 3)
ar_sigma1.25_weak_sparse_a1.0,39,39,ar,100,500,1.25,3.0,weak_sparse,1.0,10,3,1.0,0.9118424939558304,cocolasso_max,reweighted_frobenius,12.569062962434987,12.392381131606406,6.528297913286338,6.4114524749774615,18.151623462035783,1.5457470080000348,0.17668183082858135,0.11684543830887684,16.605876454035748,11.742945881888696,high,weak α=1.0 (83% in first 3)
ar_sigma1.25_weak_sparse_a1.0,40,40,ar,100,500,1.25,3.0,weak_sparse,1.0,10,3,1.0,0.9118424939558304,cocolasso_max,reweighted_frobenius,12.566415243903412,12.436883969899013,6.543513438423038,6.460138271787273,18.79505242203595,1.504812059982214,0.12953127400439968,0.08337516663576494,17.290240362053737,12.489966635606375,high,weak α=1.0 (83% in first 3)
ar_sigma1.25_weak_sparse_a1.0,41,41,ar,100,500,1.25,3.0,weak_sparse,1.0,10,3,1.0,0.9118424939558304,cocolasso_max,reweighted_frobenius,10.83873575482899,10.562447000065472,5.171541264534697,4.974575585400564,18.60505086195189,1.45776375598507,0.27628875476351844,0.19696567913413254,17.14728710596682,12.762733869302235,high,weak α=1.0 (83% in first 3)
ar_sigma1.25_weak_sparse_a1.0,42,42,ar,100,500,1.25,3.0,weak_sparse,1.0,10,3,1.0,0.9118424939558304,cocolasso_max,reweighted_frobenius,15.547526198151273,15.736888515828568,8.950666692180741,9.138831782670476,18.953003856004216,1.523602711968124,-0.18936231767729517,-0.1881650904897345,17.429401144036092,12.439597085989396,high,weak α=1.0 (83% in first 3)
ar_sigma1.25_weak_sparse_a1.0,43,43,ar,100,500,1.25,3.0,weak_sparse,1.0,10,3,1.0,0.9118424939558304,cocolasso_max,reweighted_frobenius,12.573016751030718,12.293220866537483,6.520858804878409,6.329801325620948,18.40087000001222,1.4397866849903949,0.2797958844932342,0.19105747925746108,16.961083315021824,12.780275155923515,high,weak α=1.0 (83% in first 3)
ar_sigma1.25_weak_sparse_a1.0,44,44,ar,100,500,1.25,3.0,weak_sparse,1.0,10,3,1.0,0.9118424939558304,cocolasso_max,reweighted_frobenius,12.877977651389005,12.838389609256998,6.702512784154013,6.683239500618468,17.05422880698461,1.4560791340190915,0.03958804213200651,0.01927328353554536,15.59814967296552,11.712432661479925,high,weak α=1.0 (83% in first 3)
ar_sigma1.25_weak_sparse_a1.0,45,45,ar,100,500,1.25,3.0,weak_sparse,1.0,10,3,1.0,0.9118424939558304,cocolasso_max,reweighted_frobenius,13.048996007071732,12.854913820958334,6.888364615186957,6.754414128629788,16.73386840702733,1.4052303800126538,0.19408218611339834,0.13395048655716835,15.328638027014676,11.908274006200068,high,weak α=1.0 (83% in first 3)
ar_sigma1.25_weak_sparse_a1.0,46,46,ar,100,500,1.25,3.0,weak_sparse,1.0,10,3,1.0,0.9118424939558304,cocolasso_max,reweighted_frobenius,9.280393155566212,9.069663271547787,4.465338583399147,4.383408658323176,16.667977106990293,1.5211100690066814,0.2107298840184253,0.08192992507597108,15.146867037983611,10.957771857939807,high,weak α=1.0 (83% in first 3)
ar_sigma1.25_weak_sparse_a1.0,47,47,ar,100,500,1.25,3.0,weak_sparse,1.0,10,3,1.0,0.9118424939558304,cocolasso_max,reweighted_frobenius,11.165558754165255,10.716500611982491,5.5134870894856896,5.196880644456279,16.113920867966954,1.3095984190003946,0.4490581421827642,0.3166064450294108,14.804322448966559,12.304474894117979,high,weak α=1.0 (83% in first 3)
ar_sigma1.25_weak_sparse_a1.0,48,48,ar,100,500,1.25,3.0,weak_sparse,1.0,10,3,1.0,0.9118424939558304,cocolasso_max,reweighted_frobenius,14.495138385230378,14.653152303289756,8.141369336249388,8.309444942964667,16.247271881031338,1.3819667199859396,-0.15801391805937826,-0.16807560671527888,14.865305161045399,11.756630348664721,high,weak α=1.0 (83% in first 3)
ar_sigma1.25_weak_sparse_a1.0,49,49,ar,100,500,1.25,3.0,weak_sparse,1.0,10,3,1.0,0.9118424939558304,cocolasso_max,reweighted_frobenius,11.73261672262684,11.508342408138716,5.979102999220354,5.845564765632701,16.06790781294694,1.3795403609983623,0.22427431448812385,0.13353823358765293,14.68836745194858,11.647290842087958,high,weak α=1.0 (83% in first 3)
ar_sigma1.25_weak_sparse_a1.0,50,50,ar,100,500,1.25,3.0,weak_sparse,1.0,10,3,1.0,0.9118424939558304,cocolasso_max,reweighted_frobenius,12.623655093052363,12.513627093750612,6.523309804437533,6.44434727965187,16.67009903298458,1.4008716859971173,0.11002799930175122,0.07896252478566268,15.269227346987464,11.899804385809311,high,weak α=1.0 (83% in first 3)
ar_sigma1.25_weak_sparse_a1.0,51,51,ar,100,500,1.25,3.0,weak_sparse,1.0,10,3,1.0,0.9118424939558304,cocolasso_max,reweighted_frobenius,12.157113143126807,11.928803541313949,6.2154194803099045,6.062699203682605,17.577938454051036,1.6451476700021883,0.22830960181285853,0.15272027662729926,15.932790784048848,10.684717715357221,high,weak α=1.0 (83% in first 3)
ar_sigma1.25_weak_sparse_a1.0,52,52,ar,100,500,1.25,3.0,weak_sparse,1.0,10,3,1.0,0.9118424939558304,cocolasso_max,reweighted_frobenius,14.832712457742817,14.984981436443222,8.617694869874732,8.789133802069161,17.33954467298463,1.4596715240040794,-0.15226897870040546,-0.17143893219442852,15.87987314898055,11.879073057080594,high,weak α=1.0 (83% in first 3)
ar_sigma1.25_weak_sparse_a1.0,53,53,ar,100,500,1.25,3.0,weak_sparse,1.0,10,3,1.0,0.9118424939558304,cocolasso_max,reweighted_frobenius,10.80789829637801,10.48763389229618,5.189353043397937,4.982194435514563,18.18654507503379,1.7354185809963385,0.3202644040818292,0.20715860788337448,16.451126494037453,10.479630259918348,high,weak α=1.0 (83% in first 3)
ar_sigma1.25_weak_sparse_a1.0,54,54,ar,100,500,1.25,3.0,weak_sparse,1.0,10,3,1.0,0.9118424939558304,cocolasso_max,reweighted_frobenius,12.018820616773777,11.663433424797358,6.080609913884883,5.823260262480648,18.82777035696199,1.5297964780475013,0.3553871919764191,0.25734965140423505,17.29797387891449,12.307369396608962,high,weak α=1.0 (83% in first 3)
ar_sigma1.25_weak_sparse_a1.0,55,55,ar,100,500,1.25,3.0,weak_sparse,1.0,10,3,1.0,0.9118424939558304,cocolasso_max,reweighted_frobenius,12.65615057522549,12.625380444243737,6.819972790903065,6.843433813939538,18.624923156981826,1.2743440280319192,0.03077013098175385,-0.02346102303647335,17.350579128949907,14.61530226319334,high,weak α=1.0 (83% in first 3)
ar_sigma1.25_weak_sparse_a1.0,56,56,ar,100,500,1.25,3.0,weak_sparse,1.0,10,3,1.0,0.9118424939558304,cocolasso_max,reweighted_frobenius,11.666555560890844,11.494845475613996,5.856975906439743,5.742943836347735,18.39548242901219,1.37902931595454,0.17171008527684783,0.11403207009200766,17.01645311305765,13.339442618215234,high,weak α=1.0 (83% in first 3)
ar_sigma1.25_weak_sparse_a1.0,57,57,ar,100,500,1.25,3.0,weak_sparse,1.0,10,3,1.0,0.9118424939558304,cocolasso_max,reweighted_frobenius,13.718434517063898,13.634438043478536,7.488253884346938,7.440349590734391,18.02443215396488,1.5013201169786043,0.083996473585362,0.047904293612547555,16.523112036986277,12.00572213089299,high,weak α=1.0 (83% in first 3)
ar_sigma1.25_weak_sparse_a1.0,58,58,ar,100,500,1.25,3.0,weak_sparse,1.0,10,3,1.0,0.9118424939558304,cocolasso_max,reweighted_frobenius,12.489214971633835,12.191409316665254,6.486531659081855,6.289437453554442,17.42588741896907,1.482668755983468,0.297805654968581,0.19709420552741275,15.9432186629856,11.753054988610936,high,weak α=1.0 (83% in first 3)
ar_sigma1.25_weak_sparse_a1.0,59,59,ar,100,500,1.25,3.0,weak_sparse,1.0,10,3,1.0,0.9118424939558304,cocolasso_max,reweighted_frobenius,11.908711558969417,11.557577621798853,6.008617204138887,5.754794543827445,16.367650735017378,1.4627554939943366,0.3511339371705642,0.2538226603114424,14.904895241023041,11.189601271175091,high,weak α=1.0 (83% in first 3)
ar_sigma1.25_weak_sparse_a1.0,60,60,ar,100,500,1.25,3.0,weak_sparse,1.0,10,3,1.0,0.9118424939558304,cocolasso_max,reweighted_frobenius,12.700657214166933,12.608648512488124,6.663641510889233,6.618280100787223,16.42491204396356,1.5913888219511136,0.09200870167880915,0.04536141010200989,14.833523222012445,10.32111814372674,high,weak α=1.0 (83% in first 3)
ar_sigma1.25_weak_sparse_a1.0,61,61,ar,100,500,1.25,3.0,weak_sparse,1.0,10,3,1.0,0.9118424939558304,cocolasso_max,reweighted_frobenius,14.79969374742246,15.294124192349406,8.352372438449502,8.78726091841584,16.500365637999494,1.5802314289612696,-0.4944304449269463,-0.4348884799663377,14.920134209038224,10.44173994744912,high,weak α=1.0 (83% in first 3)
ar_sigma1.25_weak_sparse_a1.0,62,62,ar,100,500,1.25,3.0,weak_sparse,1.0,10,3,1.0,0.9118424939558304,cocolasso_max,reweighted_frobenius,9.983151370637884,9.62008784737938,4.617960739918727,4.340495764410151,16.45776331797242,1.4089985499740578,0.36306352325850355,0.2774649755085763,15.048764767998364,11.68046859826466,high,weak α=1.0 (83% in first 3)
ar_sigma1.25_weak_sparse_a1.0,63,63,ar,100,500,1.25,3.0,weak_sparse,1.0,10,3,1.0,0.9118424939558304,cocolasso_max,reweighted_frobenius,10.864006864318643,10.74654340947738,5.276394659226816,5.225997757971438,16.12712170201121,1.4380567889893427,0.1174634548412623,0.05039690125537799,14.689064913021866,11.214523533069405,high,weak α=1.0 (83% in first 3)
ar_sigma1.25_weak_sparse_a1.0,64,64,ar,100,500,1.25,3.0,weak_sparse,1.0,10,3,1.0,0.9118424939558304,cocolasso_max,reweighted_frobenius,14.46000688534521,14.562023667641602,8.236470865943012,8.340291136231958,16.361763480002992,1.4754264170187523,-0.102016782296392,-0.10382027028894569,14.88633706298424,11.089515065796085,high,weak α=1.0 (83% in first 3)
ar_sigma1.25_weak_sparse_a1.0,65,65,ar,100,500,1.25,3.0,weak_sparse,1.0,10,3,1.0,0.9118424939558304,cocolasso_max,reweighted_frobenius,10.26034840150436,9.820635809678038,4.766273380883386,4.450561470271304,16.361159833031707,1.584225840982981,0.4397125918263214,0.31571191061208204,14.776933992048725,10.32754258248933,high,weak α=1.0 (83% in first 3)
ar_sigma1.25_weak_sparse_a1.0,66,66,ar,100,500,1.25,3.0,weak_sparse,1.0,10,3,1.0,0.9118424939558304,cocolasso_max,reweighted_frobenius,12.524850002138333,12.240567011129723,6.572520242443273,6.383989057747373,17.16359602898592,1.4617668749997392,0.28428299100860954,0.18853118469590058,15.701829153986182,11.741678049031576,high,weak α=1.0 (83% in first 3)
ar_sigma1.25_weak_sparse_a1.0,67,67,ar,100,500,1.25,3.0,weak_sparse,1.0,10,3,1.0,0.9118424939558304,cocolasso_max,reweighted_frobenius,14.558082644816588,14.557856304610343,8.046875094193211,8.044456068376645,17.990236988000106,1.451859559980221,0.0002263402062450126,0.002419025816566389,16.538377428019885,12.391168873279444,high,weak α=1.0 (83% in first 3)
ar_sigma1.25_weak_sparse_a1.0,68,68,ar,100,500,1.25,3.0,weak_sparse,1.0,10,3,1.0,0.9118424939558304,cocolasso_max,reweighted_frobenius,11.87247556864748,11.610475726452195,6.062557467736802,5.886014738642494,17.235196880996227,1.269238357024733,0.2619998421952854,0.17654272909430802,15.965958523971494,13.579164847647583,high,weak α=1.0 (83% in first 3)
ar_sigma1.25_weak_sparse_a1.0,69,69,ar,100,500,1.25,3.0,weak_sparse,1.0,10,3,1.0,0.9118424939558304,cocolasso_max,reweighted_frobenius,14.069647606747866,14.087062761945427,7.808475943488612,7.852166309474071,18.232571294996887,1.7206137549947016,-0.017415155197561205,-0.04369036598545861,16.511957540002186,10.596550935426546,high,weak α=1.0 (83% in first 3)
ar_sigma1.25_weak_sparse_a1.0,70,70,ar,100,500,1.25,3.0,weak_sparse,1.0,10,3,1.0,0.9118424939558304,cocolasso_max,reweighted_frobenius,13.1145544115259,12.933269430704994,6.961323596230984,6.845147822649122,18.34587046696106,1.3667075039702468,0.18128498082090516,0.11617577358186182,16.979162962990813,13.423406554560374,high,weak α=1.0 (83% in first 3)
ar_sigma1.25_weak_sparse_a1.0,71,71,ar,100,500,1.25,3.0,weak_sparse,1.0,10,3,1.0,0.9118424939558304,cocolasso_max,reweighted_frobenius,12.75933244642372,12.905254480025771,7.061878402699231,7.268073529522696,18.161079406971112,1.2068637810298242,-0.14592203360205147,-0.20619512682346475,16.954215625941288,15.048160109233,high,weak α=1.0 (83% in first 3)
ar_sigma1.25_weak_sparse_a1.0,72,72,ar,100,500,1.25,3.0,weak_sparse,1.0,10,3,1.0,0.9118424939558304,cocolasso_max,reweighted_frobenius,15.2283786262313,15.37421084990818,8.673187530943345,8.813590689816863,18.370425043976866,1.4015829670242963,-0.1458322236768801,-0.14040315887351795,16.96884207695257,13.106912309999853,high,weak α=1.0 (83% in first 3)
ar_sigma1.25_weak_sparse_a1.0,73,73,ar,100,500,1.25,3.0,weak_sparse,1.0,10,3,1.0,0.9118424939558304,cocolasso_max,reweighted_frobenius,12.625616845855111,12.480266461918916,6.516353250731554,6.411366919006991,17.902321222005412,1.2874268619925715,0.14535038393619537,0.10498633172456362,16.61489436001284,13.90550543142909,high,weak α=1.0 (83% in first 3)
ar_sigma1.25_weak_sparse_a1.0,74,74,ar,100,500,1.25,3.0,weak_sparse,1.0,10,3,1.0,0.9118424939558304,cocolasso_max,reweighted_frobenius,9.323451608058702,9.050818117329731,4.139336020486156,3.960439892146812,17.191730146005284,1.3324807760072872,0.27263349072897114,0.17889612833934398,15.859249369997997,12.902047410784757,high,weak α=1.0 (83% in first 3)
ar_sigma1.25_weak_sparse_a1.0,75,75,ar,100,500,1.25,3.0,weak_sparse,1.0,10,3,1.0,0.9118424939558304,cocolasso_max,reweighted_frobenius,11.106974613295094,11.073923371774576,5.484929127832368,5.49103294576194,16.695755769032985,1.3599426390137523,0.03305124152051775,-0.006103817929571598,15.335813130019233,12.276808808010431,high,weak α=1.0 (83% in first 3)
ar_sigma1.25_weak_sparse_a1.0,76,76,ar,100,500,1.25,3.0,weak_sparse,1.0,10,3,1.0,0.9118424939558304,cocolasso_max,reweighted_frobenius,9.321469662091328,9.166378855300144,4.02696416262088,3.921439399441041,16.95507379202172,1.2634290590067394,0.15509080679118448,0.10552476317983883,15.691644733014982,13.419885882117644,high,weak α=1.0 (83% in first 3)
ar_sigma1.25_weak_sparse_a1.0,77,77,ar,100,500,1.25,3.0,weak_sparse,1.0,10,3,1.0,0.9118424939558304,cocolasso_max,reweighted_frobenius,11.759590812554531,11.466531496946038,5.966975993931807,5.78003990126092,16.179581377014983,1.3486347849830054,0.2930593156084935,0.18693609267088718,14.830946592031978,11.997007312264207,high,weak α=1.0 (83% in first 3)
ar_sigma1.25_weak_sparse_a1.0,78,78,ar,100,500,1.25,3.0,weak_sparse,1.0,10,3,1.0,0.9118424939558304,cocolasso_max,reweighted_frobenius,11.956770493051854,11.776898733546588,6.209984346556723,6.0682963556080844,16.12664938904345,1.3811083440086804,0.17987175950526613,0.14168799094863882,14.74554104503477,11.676599782342704,high,weak α=1.0 (83% in first 3)
ar_sigma1.25_weak_sparse_a1.0,79,79,ar,100,500,1.25,3.0,weak_sparse,1.0,10,3,1.0,0.9118424939558304,cocolasso_max,reweighted_frobenius,12.55133453808374,12.541825091600066,6.6179253557967135,6.620764729845893,16.180499011999927,1.3663802120136097,0.009509446483674466,-0.002839374049179888,14.814118799986318,11.841871588695668,high,weak α=1.0 (83% in first 3)
ar_sigma1.25_weak_sparse_a1.0,80,80,ar,100,500,1.25,3.0,weak_sparse,1.0,10,3,1.0,0.9118424939558304,cocolasso_max,reweighted_frobenius,10.191104445158402,9.842053540911612,4.816996302706335,4.600065664822048,15.869272856041787,1.439388200000394,0.34905090424678953,0.21693063788428724,14.429884656041393,11.025012471296794,high,weak α=1.0 (83% in first 3)
ar_sigma1.25_weak_sparse_a1.0,81,81,ar,100,500,1.25,3.0,weak_sparse,1.0,10,3,1.0,0.9118424939558304,cocolasso_max,reweighted_frobenius,13.693254067598811,13.560638466117885,7.534198229589258,7.454885156759661,16.078963318024762,1.4412046679644843,0.13261560148092677,0.07931307282959654,14.637758650060277,11.156613405044146,high,weak α=1.0 (83% in first 3)
ar_sigma1.25_weak_sparse_a1.0,82,82,ar,100,500,1.25,3.0,weak_sparse,1.0,10,3,1.0,0.9118424939558304,cocolasso_max,reweighted_frobenius,13.058205641312224,12.9624806183836,6.874808229700643,6.808679382528259,15.769521045964211,1.2336373470025137,0.09572502292862417,0.06612884717238376,14.535883698961698,12.782947179964129,high,weak α=1.0 (83% in first 3)
ar_sigma1.25_weak_sparse_a1.0,83,83,ar,100,500,1.25,3.0,weak_sparse,1.0,10,3,1.0,0.9118424939558304,cocolasso_max,reweighted_frobenius,14.059310359189318,14.071159805957627,7.826668377728216,7.863855434832338,16.199609753035475,1.2621954809874296,-0.011849446768309235,-0.037187057104121735,14.937414272048045,12.834469776711876,high,weak α=1.0 (83% in first 3)
ar_sigma1.25_weak_sparse_a1.0,84,84,ar,100,500,1.25,3.0,weak_sparse,1.0,10,3,1.0,0.9118424939558304,cocolasso_max,reweighted_frobenius,12.67220378552625,12.45504052508554,6.829608405085859,6.696261507029822,17.710598114004824,1.3005909379571676,0.2171632604407101,0.13334689805603706,16.410007176047657,13.617347005218091,high,weak α=1.0 (83% in first 3)
ar_sigma1.25_weak_sparse_a1.0,85,85,ar,100,500,1.25,3.0,weak_sparse,1.0,10,3,1.0,0.9118424939558304,cocolasso_max,reweighted_frobenius,14.421023344815309,14.727097398397191,8.211268894492639,8.50117866896533,16.74154100898886,1.359312238986604,-0.30607405358188267,-0.28990977447269195,15.382228770002257,12.316185000636818,high,weak α=1.0 (83% in first 3)
ar_sigma1.25_weak_sparse_a1.0,86,86,ar,100,500,1.25,3.0,weak_sparse,1.0,10,3,1.0,0.9118424939558304,cocolasso_max,reweighted_frobenius,10.661036394656367,10.33223021939572,5.040012558708957,4.814924013127959,17.34188099898165,1.3006994910538197,0.32880617526064704,0.22508854558099856,16.04118150792783,13.332734515742258,high,weak α=1.0 (83% in first 3)
ar_sigma1.25_weak_sparse_a1.0,87,87,ar,100,500,1.25,3.0,weak_sparse,1.0,10,3,1.0,0.9118424939558304,cocolasso_max,reweighted_frobenius,11.823794236039603,11.758448522740425,5.9401896290857366,5.8946459777057925,17.68614218197763,1.375658449018374,0.0653457132991786,0.045543651379944095,16.310483732959256,12.856492245293804,high,weak α=1.0 (83% in first 3)
ar_sigma1.25_weak_sparse_a1.0,88,88,ar,100,500,1.25,3.0,weak_sparse,1.0,10,3,1.0,0.9118424939558304,cocolasso_max,reweighted_frobenius,15.457332707018717,15.559539348236932,8.812039020819421,8.901034742126695,17.691425877972506,1.2817293929983862,-0.10220664121821521,-0.08899572130727407,16.40969648497412,13.802777695989672,high,weak α=1.0 (83% in first 3)
ar_sigma1.25_weak_sparse_a1.0,89,89,ar,100,500,1.25,3.0,weak_sparse,1.0,10,3,1.0,0.9118424939558304,cocolasso_max,reweighted_frobenius,10.148283480762714,9.82318707706728,4.724611993161016,4.5052298013230505,17.8035813930328,1.471244283951819,0.3250964036954347,0.21938219183796548,16.33233710908098,12.101036916324794,high,weak α=1.0 (83% in first 3)
ar_sigma1.25_weak_sparse_a1.0,90,90,ar,100,500,1.25,3.0,weak_sparse,1.0,10,3,1.0,0.9118424939558304,cocolasso_max,reweighted_frobenius,14.65429541804354,14.746488759338964,8.255907143578822,8.354099821466267,17.52772815397475,1.4624638780369423,-0.09219334129542389,-0.0981926778874449,16.065264275937807,11.985067403854192,high,weak α=1.0 (83% in first 3)
ar_sigma1.25_weak_sparse_a1.0,91,91,ar,100,500,1.25,3.0,weak_sparse,1.0,10,3,1.0,0.9118424939558304,cocolasso_max,reweighted_frobenius,13.919911697717776,14.016737123641402,7.639960811045657,7.72190451348576,16.431087376957294,1.3352034090203233,-0.09682542592362609,-0.0819437024401033,15.09588396793697,12.30605559119509,high,weak α=1.0 (83% in first 3)
ar_sigma1.25_weak_sparse_a1.0,92,92,ar,100,500,1.25,3.0,weak_sparse,1.0,10,3,1.0,0.9118424939558304,cocolasso_max,reweighted_frobenius,12.591024520781597,12.375384510645716,6.801474202580994,6.686121986696653,16.52999276504852,1.2508507079910487,0.2156400101358802,0.11535221588434119,15.27914205705747,13.215000526798926,high,weak α=1.0 (83% in first 3)
ar_sigma1.25_weak_sparse_a1.0,93,93,ar,100,500,1.25,3.0,weak_sparse,1.0,10,3,1.0,0.9118424939558304,cocolasso_max,reweighted_frobenius,12.534925886902682,12.24562617646718,6.5311938904921325,6.312488454379496,16.486316106980667,1.316814689023886,0.2892997104355022,0.2187054361126366,15.16950141795678,12.51984523289413,high,weak α=1.0 (83% in first 3)
ar_sigma1.25_weak_sparse_a1.0,94,94,ar,100,500,1.25,3.0,weak_sparse,1.0,10,3,1.0,0.9118424939558304,cocolasso_max,reweighted_frobenius,13.857660258641104,13.763168727915264,7.577891871529932,7.514280824611213,16.304045036958996,1.264320936985314,0.09449153072583982,0.06361104691871855,15.039724099973682,12.895495566050553,high,weak α=1.0 (83% in first 3)
ar_sigma1.25_weak_sparse_a1.0,95,95,ar,100,500,1.25,3.0,weak_sparse,1.0,10,3,1.0,0.9118424939558304,cocolasso_max,reweighted_frobenius,11.7675514807256,11.426625468135358,5.899391304943038,5.650048366436434,16.474572526989505,1.351515173970256,0.34092601259024313,0.24934293850660438,15.123057353019249,12.189705927306203,high,weak α=1.0 (83% in first 3)
ar_sigma1.25_weak_sparse_a1.0,96,96,ar,100,500,1.25,3.0,weak_sparse,1.0,10,3,1.0,0.9118424939558304,cocolasso_max,reweighted_frobenius,10.203612953829202,9.711021585035656,5.170327124676378,4.809771767626472,16.492223860055674,1.5244662369950674,0.4925913687935459,0.3605553570499058,14.967757623060606,10.81835954108378,high,weak α=1.0 (83% in first 3)
ar_sigma1.25_weak_sparse_a1.0,97,97,ar,100,500,1.25,3.0,weak_sparse,1.0,10,3,1.0,0.9118424939558304,cocolasso_max,reweighted_frobenius,13.938994430021264,13.926379504726825,7.712811277577072,7.729780396681233,17.255695246043615,1.254650216025766,0.012614925294439416,-0.016969119104160768,16.00104503001785,13.753391204683972,high,weak α=1.0 (83% in first 3)
ar_sigma1.25_weak_sparse_a1.0,98,98,ar,100,500,1.25,3.0,weak_sparse,1.0,10,3,1.0,0.9118424939558304,cocolasso_max,reweighted_frobenius,11.863530264563623,11.80458088077518,6.063903815089547,6.01098426770613,17.811386892048176,1.3414806720102206,0.058949383788442944,0.052919547383416976,16.469906220037956,13.277408511117537,high,weak α=1.0 (83% in first 3)
ar_sigma1.25_weak_sparse_a1.0,99,99,ar,100,500,1.25,3.0,weak_sparse,1.0,10,3,1.0,0.9118424939558304,cocolasso_max,reweighted_frobenius,12.27856393860195,12.039099388256638,6.419292575127899,6.273339739156222,17.799778475018684,1.33618981402833,0.23946455034531233,0.14595283597167708,16.463588660990354,13.32129484010667,high,weak α=1.0 (83% in first 3)
ar_sigma1.25_weak_sparse_a2.0,0,0,ar,100,500,1.25,3.0,weak_sparse,2.0,10,3,1.0,0.8450879387313912,cocolasso_max,reweighted_frobenius,8.702843913059775,8.671243602691506,6.807967750333843,6.809328690079606,14.041157562984154,1.4885702999890782,0.031600310368268936,-0.0013609397457630124,12.552587262995075,9.43264658920521,high,weak α=2.0 (99% in first 3)
ar_sigma1.25_weak_sparse_a2.0,1,1,ar,100,500,1.25,3.0,weak_sparse,2.0,10,3,1.0,0.8450879387313912,cocolasso_max,reweighted_frobenius,7.061794570966254,6.862531191427528,5.299305298320494,5.147706456525307,13.9278504709946,1.6385949940304272,0.19926337953872597,0.15159884179518723,12.289255476964172,8.49987368552645,high,weak α=2.0 (99% in first 3)
ar_sigma1.25_weak_sparse_a2.0,2,2,ar,100,500,1.25,3.0,weak_sparse,2.0,10,3,1.0,0.8450879387313912,cocolasso_max,reweighted_frobenius,10.046671933593062,10.08752298550048,7.8995914368662685,7.941678881988729,14.082137485966086,1.6657272219890729,-0.040851051907417,-0.04208744512246021,12.416410263977014,8.454047757681698,high,weak α=2.0 (99% in first 3)
ar_sigma1.25_weak_sparse_a2.0,3,3,ar,100,500,1.25,3.0,weak_sparse,2.0,10,3,1.0,0.8450879387313912,cocolasso_max,reweighted_frobenius,6.404913724991922,6.171560942162138,4.043000189794737,3.8346590513391554,14.074436860973949,1.71079689997714,0.2333527828297841,0.208341138455582,12.363639960996808,8.226830935432496,high,weak α=2.0 (99% in first 3)
ar_sigma1.25_weak_sparse_a2.0,4,4,ar,100,500,1.25,3.0,weak_sparse,2.0,10,3,1.0,0.8450879387313912,cocolasso_max,reweighted_frobenius,5.953902604569117,5.606010450415617,4.346894056746411,4.055262122171116,13.924436329049058,1.566160863963887,0.3478921541534996,0.2916319345752951,12.358275465085171,8.890808504694018,high,weak α=2.0 (99% in first 3)
ar_sigma1.25_weak_sparse_a2.0,5,5,ar,100,500,1.25,3.0,weak_sparse,2.0,10,3,1.0,0.8450879387313912,cocolasso_max,reweighted_frobenius,5.750847181326041,5.281512769103743,4.13022794556037,3.74032662929994,13.97393604903482,1.6043668339843862,0.469334412222298,0.3899013162604299,12.369569215050435,8.709938246685805,high,weak α=2.0 (99% in first 3)
ar_sigma1.25_weak_sparse_a2.0,6,6,ar,100,500,1.25,3.0,weak_sparse,2.0,10,3,1.0,0.8450879387313912,cocolasso_max,reweighted_frobenius,6.305431461955634,6.0393469877395605,4.600843149456442,4.377438555639583,14.02515939809382,1.5350043899961747,0.26608447421607373,0.22340459381685918,12.490155008097645,9.136885529121367,high,weak α=2.0 (99% in first 3)
ar_sigma1.25_weak_sparse_a2.0,7,7,ar,100,500,1.25,3.0,weak_sparse,2.0,10,3,1.0,0.8450879387313912,cocolasso_max,reweighted_frobenius,6.910305151321605,6.5859935828376965,5.11130104362859,4.832588975644283,14.06492363801226,1.77512555901194,0.32431156848390863,0.2787120679843067,12.28979807900032,7.923340164084504,high,weak α=2.0 (99% in first 3)
ar_sigma1.25_weak_sparse_a2.0,8,8,ar,100,500,1.25,3.0,weak_sparse,2.0,10,3,1.0,0.8450879387313912,cocolasso_max,reweighted_frobenius,5.9256393721765095,5.593418161106831,4.254842605904057,3.972839443664024,13.988197154016234,1.4332155560259707,0.3322212110696787,0.2820031622400325,12.554981597990263,9.760009298812522,high,weak α=2.0 (99% in first 3)
ar_sigma1.25_weak_sparse_a2.0,9,9,ar,100,500,1.25,3.0,weak_sparse,2.0,10,3,1.0,0.8450879387313912,cocolasso_max,reweighted_frobenius,7.043965890736048,6.8443761024849605,5.283676985622861,5.126035292473424,13.93446436105296,1.57339920301456,0.19958978825108709,0.15764169314943732,12.3610651580384,8.856280297050597,high,weak α=2.0 (99% in first 3)
ar_sigma1.25_weak_sparse_a2.0,10,10,ar,100,500,1.25,3.0,weak_sparse,2.0,10,3,1.0,0.8450879387313912,cocolasso_max,reweighted_frobenius,6.471249363284246,5.96079757643596,4.824609509932456,4.389388660460007,14.159991304972207,1.7761667360318825,0.5104517868482858,0.435220849472449,12.383824568940325,7.972219622019784,high,weak α=2.0 (99% in first 3)
ar_sigma1.25_weak_sparse_a2.0,11,11,ar,100,500,1.25,3.0,weak_sparse,2.0,10,3,1.0,0.8450879387313912,cocolasso_max,reweighted_frobenius,5.950718595607326,5.7097703323721145,4.336111242595234,4.142569176602244,14.166334478999488,1.8150164899998344,0.2409482632352118,0.1935420659929905,12.351317988999654,7.805072051439478,high,weak α=2.0 (99% in first 3)
ar_sigma1.25_weak_sparse_a2.0,12,12,ar,100,500,1.25,3.0,weak_sparse,2.0,10,3,1.0,0.8450879387313912,cocolasso_max,reweighted_frobenius,6.8370685214188525,6.507860854770989,5.155977229695464,4.899875622287539,14.210690164938567,1.7648926799884066,0.3292076666478634,0.256101607407925,12.44579748495016,8.051872120083765,high,weak α=2.0 (99% in first 3)
ar_sigma1.25_weak_sparse_a2.0,13,13,ar,100,500,1.25,3.0,weak_sparse,2.0,10,3,1.0,0.8450879387313912,cocolasso_max,reweighted_frobenius,7.7924223374463155,7.624943869939784,5.884176216364587,5.7373132516634175,14.283487778971905,1.6378783640102483,0.16747846750653128,0.14686296470116922,12.645609414961656,8.720725600159726,high,weak α=2.0 (99% in first 3)
ar_sigma1.25_weak_sparse_a2.0,14,14,ar,100,500,1.25,3.0,weak_sparse,2.0,10,3,1.0,0.8450879387313912,cocolasso_max,reweighted_frobenius,6.938863563583444,6.729771234560116,5.2224132179263245,5.052579358121913,14.546308128978126,1.6693004650296643,0.20909232902332864,0.16983385980441135,12.877007663948461,8.71401430342238,high,weak α=2.0 (99% in first 3)
ar_sigma1.25_weak_sparse_a2.0,15,15,ar,100,500,1.25,3.0,weak_sparse,2.0,10,3,1.0,0.8450879387313912,cocolasso_max,reweighted_frobenius,5.93903340415352,5.5846133114339,4.299986227809282,4.009225281296668,14.330823772936128,1.7467212619958443,0.3544200927196197,0.29076094651261375,12.584102510940284,8.204413654735843,high,weak α=2.0 (99% in first 3)
ar_sigma1.25_weak_sparse_a2.0,16,16,ar,100,500,1.25,3.0,weak_sparse,2.0,10,3,1.0,0.8450879387313912,cocolasso_max,reweighted_frobenius,8.150131003897403,8.036779428729451,6.263472007977895,6.18388330854944,14.374913931940682,2.200211253017187,0.11335157516795213,0.07958869942845492,12.174702678923495,6.5334244210541685,high,weak α=2.0 (99% in first 3)
ar_sigma1.25_weak_sparse_a2.0,17,17,ar,100,500,1.25,3.0,weak_sparse,2.0,10,3,1.0,0.8450879387313912,cocolasso_max,reweighted_frobenius,7.745300099468069,7.707976382734778,5.919213961201581,5.901703933102621,14.300581777933983,1.6454094700166024,0.03732371673329116,0.017510028098959296,12.65517230791738,8.69119938746292,high,weak α=2.0 (99% in first 3)
ar_sigma1.25_weak_sparse_a2.0,18,18,ar,100,500,1.25,3.0,weak_sparse,2.0,10,3,1.0,0.8450879387313912,cocolasso_max,reweighted_frobenius,7.879970261710189,7.813200492049989,6.012606714185686,5.969820290042715,14.303154277964495,1.6724731189897284,0.06676976966019943,0.04278642414297096,12.630681158974767,8.552098156653445,high,weak α=2.0 (99% in first 3)
ar_sigma1.25_weak_sparse_a2.0,19,19,ar,100,500,1.25,3.0,weak_sparse,2.0,10,3,1.0,0.8450879387313912,cocolasso_max,reweighted_frobenius,5.634945170164919,5.573654624217337,4.044775513990161,3.998576418394263,14.352059566997925,1.6025236569694243,0.061290545947581876,0.046199095595897965,12.7495359100285,8.95591119955102,high,weak α=2.0 (99% in first 3)
ar_sigma1.25_weak_sparse_a2.0,20,20,ar,100,500,1.25,3.0,weak_sparse,2.0,10,3,1.0,0.8450879387313912,cocolasso_max,reweighted_frobenius,10.182654167329586,10.258803542198413,8.057413218210105,8.134427802700568,14.409892529947683,1.7728911699960008,-0.07614937486882667,-0.07701458449046328,12.637001359951682,8.127905860109951,high,weak α=2.0 (99% in first 3)
ar_sigma1.25_weak_sparse_a2.0,21,21,ar,100,500,1.25,3.0,weak_sparse,2.0,10,3,1.0,0.8450879387313912,cocolasso_max,reweighted_frobenius,4.819624036605374,4.551607300295422,3.397183373823605,3.19407711336213,14.465280644013546,1.926297650032211,0.26801673630995193,0.20310626046147506,12.538982993981335,7.509369408082734,high,weak α=2.0 (99% in first 3)
ar_sigma1.25_weak_sparse_a2.0,22,22,ar,100,500,1.25,3.0,weak_sparse,2.0,10,3,1.0,0.8450879387313912,cocolasso_max,reweighted_frobenius,7.859622074232102,7.683740327281757,5.9535642945995,5.8017453272778265,14.373968553030863,1.5889707979513332,0.17588174695034553,0.15181896732167388,12.78499775507953,9.046087298497419,high,weak α=2.0 (99% in first 3)
ar_sigma1.25_weak_sparse_a2.0,23,23,ar,100,500,1.25,3.0,weak_sparse,2.0,10,3,1.0,0.8450879387313912,cocolasso_max,reweighted_frobenius,4.369886420816006,4.033711850212892,3.0124508919292694,2.760729452681347,14.4138036291115,1.7807256740052253,0.33617457060311384,0.25172143924792234,12.633077955106275,8.09434257029149,high,weak α=2.0 (99% in first 3)
ar_sigma1.25_weak_sparse_a2.0,24,24,ar,100,500,1.25,3.0,weak_sparse,2.0,10,3,1.0,0.8450879387313912,cocolasso_max,reweighted_frobenius,7.67890135416995,7.571168201785417,5.802080888411752,5.713343174371532,14.394476367975583,1.7754825370502658,0.10773315238453307,0.0887377140402199,12.618993830925318,8.107360150041318,high,weak α=2.0 (99% in first 3)
ar_sigma1.25_weak_sparse_a2.0,25,25,ar,100,500,1.25,3.0,weak_sparse,2.0,10,3,1.0,0.8450879387313912,cocolasso_max,reweighted_frobenius,5.262930044342169,4.879444914615765,3.710745186800575,3.394587618103138,14.413029251038097,1.6563114209566263,0.38348512972640414,0.31615756869743716,12.75671783008147,8.701883636540794,high,weak α=2.0 (99% in first 3)
ar_sigma1.25_weak_sparse_a2.0,26,26,ar,100,500,1.25,3.0,weak_sparse,2.0,10,3,1.0,0.8450879387313912,cocolasso_max,reweighted_frobenius,5.718968607879838,5.2074727148301845,4.161308639297848,3.745697759484268,14.477938176016323,1.8802950969547965,0.5114958930496538,0.41561087981358025,12.597643079061527,7.699822330794698,high,weak α=2.0 (99% in first 3)
ar_sigma1.25_weak_sparse_a2.0,27,27,ar,100,500,1.25,3.0,weak_sparse,2.0,10,3,1.0,0.8450879387313912,cocolasso_max,reweighted_frobenius,6.63691737816635,6.4690718931965305,4.943815695375023,4.809794696865768,14.43403563008178,1.8249209659988992,0.16784548496981966,0.1340209985092553,12.609114664082881,7.90940314622397,high,weak α=2.0 (99% in first 3)
ar_sigma1.25_weak_sparse_a2.0,28,28,ar,100,500,1.25,3.0,weak_sparse,2.0,10,3,1.0,0.8450879387313912,cocolasso_max,reweighted_frobenius,7.193186769533307,6.919154708733299,5.3630302689702125,5.12565071911378,14.41913613595534,1.8199573419988155,0.27403206080000775,0.23737954985643217,12.599178793956524,7.922787970469213,high,weak α=2.0 (99% in first 3)
ar_sigma1.25_weak_sparse_a2.0,29,29,ar,100,500,1.25,3.0,weak_sparse,2.0,10,3,1.0,0.8450879387313912,cocolasso_max,reweighted_frobenius,6.487669844862743,6.090317541195165,4.765923868478154,4.431826277715023,14.432210959028453,1.525199000025168,0.3973523036675779,0.3340975907631316,12.907011959003285,9.462510111002105,high,weak α=2.0 (99% in first 3)
ar_sigma1.25_weak_sparse_a2.0,30,30,ar,100,500,1.25,3.0,weak_sparse,2.0,10,3,1.0,0.8450879387313912,cocolasso_max,reweighted_frobenius,8.514794351845309,8.35747557652457,6.581448464621543,6.449987600691713,14.379853082937188,1.9123181920149364,0.15731877532073923,0.13146086392982959,12.467534890922252,7.519592263976576,high,weak α=2.0 (99% in first 3)
ar_sigma1.25_weak_sparse_a2.0,31,31,ar,100,500,1.25,3.0,weak_sparse,2.0,10,3,1.0,0.8450879387313912,cocolasso_max,reweighted_frobenius,6.181622730506961,5.833036404072796,4.535492041239438,4.238746254138195,14.446815919014623,1.7208392930333505,0.3485863264341642,0.29674578710124333,12.725976625981273,8.395215042741727,high,weak α=2.0 (99% in first 3)
ar_sigma1.25_weak_sparse_a2.0,32,32,ar,100,500,1.25,3.0,weak_sparse,2.0,10,3,1.0,0.8450879387313912,cocolasso_max,reweighted_frobenius,8.200137791712725,7.963531660700984,6.433385594501577,6.2515471059225005,14.427330820006318,1.951885337999556,0.2366061310117411,0.1818384885790767,12.475445482006762,7.391484806578121,high,weak α=2.0 (99% in first 3)
ar_sigma1.25_weak_sparse_a2.0,33,33,ar,100,500,1.25,3.0,weak_sparse,2.0,10,3,1.0,0.8450879387313912,cocolasso_max,reweighted_frobenius,5.997198955425486,5.607789519203566,4.374890898905696,4.057423868860934,14.46549084992148,1.787630247999914,0.3894094362219205,0.31746703004476196,12.677860601921566,8.091992662412242,high,weak α=2.0 (99% in first 3)
ar_sigma1.25_weak_sparse_a2.0,34,34,ar,100,500,1.25,3.0,weak_sparse,2.0,10,3,1.0,0.8450879387313912,cocolasso_max,reweighted_frobenius,6.271369091533769,5.958105558684543,4.61807618481113,4.350576424160508,13.821793652954511,1.682909609982744,0.31326353284922615,0.2674997606506224,12.138884042971767,8.213033885459977,high,weak α=2.0 (99% in first 3)
ar_sigma1.25_weak_sparse_a2.0,35,35,ar,100,500,1.25,3.0,weak_sparse,2.0,10,3,1.0,0.8450879387313912,cocolasso_max,reweighted_frobenius,5.604690994634654,5.198534804677029,3.990746880316852,3.6441748979796458,14.025148309068754,1.7884499200154096,0.4061561899576249,0.3465719823372062,12.236698389053345,7.842069354085079,high,weak α=2.0 (99% in first 3)
ar_sigma1.25_weak_sparse_a2.0,36,36,ar,100,500,1.25,3.0,weak_sparse,2.0,10,3,1.0,0.8450879387313912,cocolasso_max,reweighted_frobenius,10.468368292728826,10.784114739943783,7.185950424947717,7.370633172546582,14.204323788988404,1.7180602049920708,-0.31574644721495737,-0.18468274759886505,12.486263583996333,8.267651941250778,high,weak α=2.0 (99% in first 3)
ar_sigma1.25_weak_sparse_a2.0,37,37,ar,100,500,1.25,3.0,weak_sparse,2.0,10,3,1.0,0.8450879387313912,cocolasso_max,reweighted_frobenius,7.321280225339425,7.151629024474102,5.5058022300452585,5.3689076471674735,14.829189536976628,1.7727901809848845,0.16965120086532348,0.136894582877785,13.056399355991744,8.364886999057148,high,weak α=2.0 (99% in first 3)
ar_sigma1.25_weak_sparse_a2.0,38,38,ar,100,500,1.25,3.0,weak_sparse,2.0,10,3,1.0,0.8450879387313912,cocolasso_max,reweighted_frobenius,7.172841739995017,6.989006794898681,5.437842320107948,5.295277387563014,14.888630398898384,1.9903684160090047,0.18383494509633636,0.14256493254493385,12.898261982889379,7.480338955916705,high,weak α=2.0 (99% in first 3)
ar_sigma1.25_weak_sparse_a2.0,39,39,ar,100,500,1.25,3.0,weak_sparse,2.0,10,3,1.0,0.8450879387313912,cocolasso_max,reweighted_frobenius,7.0324169901489055,6.922266190608976,5.248518169512795,5.157792316907135,14.867817560909316,1.7748916209675372,0.11015079953992934,0.0907258526056598,13.092925939941779,8.376746718092287,high,weak α=2.0 (99% in first 3)
ar_sigma1.25_weak_sparse_a2.0,40,40,ar,100,500,1.25,3.0,weak_sparse,2.0,10,3,1.0,0.8450879387313912,cocolasso_max,reweighted_frobenius,6.650166999247276,6.374380897505232,4.926991991689174,4.696153715813997,14.87597060704138,1.7045838190242648,0.2757861017420433,0.23083827587517636,13.171386788017115,8.727039668578257,high,weak α=2.0 (99% in first 3)
ar_sigma1.25_weak_sparse_a2.0,41,41,ar,100,500,1.25,3.0,weak_sparse,2.0,10,3,1.0,0.8450879387313912,cocolasso_max,reweighted_frobenius,5.683182173787764,5.436375509833241,4.060644334018797,3.854552063359986,14.896550879930146,1.8073517049779184,0.24680666395452278,0.2060922706588113,13.089199174952228,8.242198150421501,high,weak α=2.0 (99% in first 3)
ar_sigma1.25_weak_sparse_a2.0,42,42,ar,100,500,1.25,3.0,weak_sparse,2.0,10,3,1.0,0.8450879387313912,cocolasso_max,reweighted_frobenius,9.653380648013362,9.941700405468678,7.586313279775372,7.859113707337436,14.835190370911732,1.7956927880295552,-0.2883197574553158,-0.27280042756206413,13.039497582882177,8.26154143392793,high,weak α=2.0 (99% in first 3)
ar_sigma1.25_weak_sparse_a2.0,43,43,ar,100,500,1.25,3.0,weak_sparse,2.0,10,3,1.0,0.8450879387313912,cocolasso_max,reweighted_frobenius,6.969264899047862,6.716913043158442,4.916446791305162,4.702032504061164,14.81468128808774,1.699899137020111,0.2523518558894198,0.21441428724399803,13.11478215106763,8.715035477962285,high,weak α=2.0 (99% in first 3)
ar_sigma1.25_weak_sparse_a2.0,44,44,ar,100,500,1.25,3.0,weak_sparse,2.0,10,3,1.0,0.8450879387313912,cocolasso_max,reweighted_frobenius,5.698431110682389,5.42607237684964,4.088388240125044,3.861442228952424,14.857728100963868,1.6624499220051805,0.2723587338327489,0.22694601117262048,13.195278178958688,8.937248517563207,high,weak α=2.0 (99% in first 3)
ar_sigma1.25_weak_sparse_a2.0,45,45,ar,100,500,1.25,3.0,weak_sparse,2.0,10,3,1.0,0.8450879387313912,cocolasso_max,reweighted_frobenius,7.580572918296584,7.395395334675546,5.706281165591913,5.535416577026949,14.885582876042465,2.0559028509887867,0.1851775836210381,0.17086458856496467,12.829680025053678,7.240411612291526,high,weak α=2.0 (99% in first 3)
ar_sigma1.25_weak_sparse_a2.0,46,46,ar,100,500,1.25,3.0,weak_sparse,2.0,10,3,1.0,0.8450879387313912,cocolasso_max,reweighted_frobenius,3.448358299907375,3.2329351180687853,2.3138051481623214,2.1672775089174734,14.870405494002624,1.863125242991373,0.21542318183858988,0.14652763924484802,13.00728025101125,7.981430958515267,high,weak α=2.0 (99% in first 3)
ar_sigma1.25_weak_sparse_a2.0,47,47,ar,100,500,1.25,3.0,weak_sparse,2.0,10,3,1.0,0.8450879387313912,cocolasso_max,reweighted_frobenius,5.366103432184412,4.840443363998211,3.800942362078364,3.364558905381593,14.754167289007457,1.715054041997064,0.5256600681862009,0.4363834566967708,13.039113247010393,8.602741912334862,high,weak α=2.0 (99% in first 3)
ar_sigma1.25_weak_sparse_a2.0,48,48,ar,100,500,1.25,3.0,weak_sparse,2.0,10,3,1.0,0.8450879387313912,cocolasso_max,reweighted_frobenius,7.83254392333937,7.751665008786153,5.95832428024477,5.897174913015353,14.831168244942091,1.861062083975412,0.0808789145532165,0.061149367229416995,12.97010616096668,7.969195854692421,high,weak α=2.0 (99% in first 3)
ar_sigma1.25_weak_sparse_a2.0,49,49,ar,100,500,1.25,3.0,weak_sparse,2.0,10,3,1.0,0.8450879387313912,cocolasso_max,reweighted_frobenius,5.66590281688814,5.26146047987574,4.090377391098847,3.770388304506832,14.909336528042331,1.87350146000972,0.4044423370124006,0.31998908659201497,13.035835068032611,7.958006356699065,high,weak α=2.0 (99% in first 3)
ar_sigma1.25_weak_sparse_a2.0,50,50,ar,100,500,1.25,3.0,weak_sparse,2.0,10,3,1.0,0.8450879387313912,cocolasso_max,reweighted_frobenius,7.229343936682075,7.142481119860453,5.416729333227575,5.346495358040138,14.854424081975594,1.6908919399720617,0.08686281682162189,0.07023397518743746,13.163532142003532,8.784963563207375,high,weak α=2.0 (99% in first 3)
ar_sigma1.25_weak_sparse_a2.0,51,51,ar,100,500,1.25,3.0,weak_sparse,2.0,10,3,1.0,0.8450879387313912,cocolasso_max,reweighted_frobenius,6.562726892734033,6.315788062510514,4.823846835725647,4.612443015845318,14.836671789060349,1.8451497319620105,0.24693883022351937,0.21140381988032964,12.991522057098338,8.040903961373374,high,weak α=2.0 (99% in first 3)
ar_sigma1.25_weak_sparse_a2.0,52,52,ar,100,500,1.25,3.0,weak_sparse,2.0,10,3,1.0,0.8450879387313912,cocolasso_max,reweighted_frobenius,9.207419170481444,9.20115377711616,7.195092072425521,7.195075984600934,14.847353901015596,1.7317623529816046,0.006265393365284311,1.6087824587174282e-05,13.115591548033992,8.573551605075982,high,weak α=2.0 (99% in first 3)
ar_sigma1.25_weak_sparse_a2.0,53,53,ar,100,500,1.25,3.0,weak_sparse,2.0,10,3,1.0,0.8450879387313912,cocolasso_max,reweighted_frobenius,5.227545749356832,4.949029300903447,3.694057214825735,3.46835108264136,14.842027106904425,1.9018527980078943,0.2785164484533844,0.22570613218437474,12.94017430889653,7.803983106605719,high,weak α=2.0 (99% in first 3)
ar_sigma1.25_weak_sparse_a2.0,54,54,ar,100,500,1.25,3.0,weak_sparse,2.0,10,3,1.0,0.8450879387313912,cocolasso_max,reweighted_frobenius,6.178246218656724,5.8464287326851005,4.489823168650277,4.212947869852359,14.785051566082984,1.9760437139775604,0.33181748597162386,0.2768752987979184,12.809007852105424,7.482148022081095,high,weak α=2.0 (99% in first 3)
ar_sigma1.25_weak_sparse_a2.0,55,55,ar,100,500,1.25,3.0,weak_sparse,2.0,10,3,1.0,0.8450879387313912,cocolasso_max,reweighted_frobenius,7.0787254382907525,6.906721786078552,5.136627963208371,4.991672580356217,14.78811287402641,1.834532662993297,0.17200365221220082,0.14495538285215392,12.953580211033113,8.060970061932576,high,weak α=2.0 (99% in first 3)
ar_sigma1.25_weak_sparse_a2.0,56,56,ar,100,500,1.25,3.0,weak_sparse,2.0,10,3,1.0,0.8450879387313912,cocolasso_max,reweighted_frobenius,6.082760175902775,5.880598466014578,4.414105772410792,4.245465619632961,14.802764934953302,1.9213597030029632,0.20216170988819737,0.16864015277783118,12.881405231950339,7.704317370567063,high,weak α=2.0 (99% in first 3)
ar_sigma1.25_weak_sparse_a2.0,57,57,ar,100,500,1.25,3.0,weak_sparse,2.0,10,3,1.0,0.8450879387313912,cocolasso_max,reweighted_frobenius,7.8957309849189725,7.632127162859528,6.032550041842873,5.809363682499139,14.80159247200936,1.737775480025448,0.2636038220594443,0.22318635934373354,13.063816991983913,8.51755168728276,high,weak α=2.0 (99% in first 3)
ar_sigma1.25_weak_sparse_a2.0,58,58,ar,100,500,1.25,3.0,weak_sparse,2.0,10,3,1.0,0.8450879387313912,cocolasso_max,reweighted_frobenius,6.546486284234788,6.080025371094174,4.844360366719704,4.453135988266478,14.803219596040435,1.6948718440253288,0.46646091314061433,0.39122437845322633,13.108347752015106,8.73412326024764,high,weak α=2.0 (99% in first 3)
ar_sigma1.25_weak_sparse_a2.0,59,59,ar,100,500,1.25,3.0,weak_sparse,2.0,10,3,1.0,0.8450879387313912,cocolasso_max,reweighted_frobenius,6.3822393606017815,5.994566897451817,4.686850606401202,4.360472408808705,14.739022609894164,1.596392019011546,0.38767246314996484,0.3263781975924971,13.142630590882618,9.232708779777209,high,weak α=2.0 (99% in first 3)
ar_sigma1.25_weak_sparse_a2.0,60,60,ar,100,500,1.25,3.0,weak_sparse,2.0,10,3,1.0,0.8450879387313912,cocolasso_max,reweighted_frobenius,6.867389742633203,6.653893690957408,5.109160080794925,4.927168145068416,14.84898676094599,1.8072468689642849,0.21349605167579533,0.18199193572650874,13.041739891981706,8.216357718442637,high,weak α=2.0 (99% in first 3)
ar_sigma1.25_weak_sparse_a2.0,61,61,ar,100,500,1.25,3.0,weak_sparse,2.0,10,3,1.0,0.8450879387313912,cocolasso_max,reweighted_frobenius,8.468790091218462,8.378797738483676,6.406146779699097,6.3046717223000535,14.97645720897708,1.9515592479729091,0.0899923527347859,0.1014750573990435,13.024897961004172,7.674098147178045,high,weak α=2.0 (99% in first 3)
ar_sigma1.25_weak_sparse_a2.0,62,62,ar,100,500,1.25,3.0,weak_sparse,2.0,10,3,1.0,0.8450879387313912,cocolasso_max,reweighted_frobenius,4.456679139436526,4.045515404197815,3.04874400445028,2.7356557006732367,15.006515556015074,1.9608470399980436,0.41116373523871097,0.3130883037770431,13.045668516017031,7.6530781085454,high,weak α=2.0 (99% in first 3)
ar_sigma1.25_weak_sparse_a2.0,63,63,ar,100,500,1.25,3.0,weak_sparse,2.0,10,3,1.0,0.8450879387313912,cocolasso_max,reweighted_frobenius,5.294869718598241,5.153063371603936,3.744209733813657,3.638663969205697,14.835975976078773,1.593563708011061,0.14180634699430517,0.10554576460796028,13.242412268067712,9.309935901210794,high,weak α=2.0 (99% in first 3)
ar_sigma1.25_weak_sparse_a2.0,64,64,ar,100,500,1.25,3.0,weak_sparse,2.0,10,3,1.0,0.8450879387313912,cocolasso_max,reweighted_frobenius,8.493965318778649,8.43922086445295,6.604549785399337,6.5653919762465565,14.941756309941413,1.6504555979627185,0.0547444543256983,0.039157809152780665,13.291300711978694,9.053110140245607,high,weak α=2.0 (99% in first 3)
ar_sigma1.25_weak_sparse_a2.0,65,65,ar,100,500,1.25,3.0,weak_sparse,2.0,10,3,1.0,0.8450879387313912,cocolasso_max,reweighted_frobenius,4.4926062059749095,4.129111458507752,3.0437869098636394,2.7451941260246637,14.915121436002664,1.9017287860042416,0.3634947474671577,0.2985927838389757,13.013392649998423,7.842927732792597,high,weak α=2.0 (99% in first 3)
ar_sigma1.25_weak_sparse_a2.0,66,66,ar,100,500,1.25,3.0,weak_sparse,2.0,10,3,1.0,0.8450879387313912,cocolasso_max,reweighted_frobenius,6.972906500815893,6.701695756670362,5.21842900372166,4.990709413033319,14.89972809900064,1.81260350800585,0.2712107441455309,0.22771959068834047,13.08712459099479,8.220070210165648,high,weak α=2.0 (99% in first 3)
ar_sigma1.25_weak_sparse_a2.0,67,67,ar,100,500,1.25,3.0,weak_sparse,2.0,10,3,1.0,0.8450879387313912,cocolasso_max,reweighted_frobenius,8.70772386252637,8.654216565060048,6.688195175644236,6.640160723131076,14.877522942959333,1.5973756280145608,0.053507297466321546,0.04803445251316063,13.280147314944772,9.31372851947865,high,weak α=2.0 (99% in first 3)
ar_sigma1.25_weak_sparse_a2.0,68,68,ar,100,500,1.25,3.0,weak_sparse,2.0,10,3,1.0,0.8450879387313912,cocolasso_max,reweighted_frobenius,6.940940136032946,6.667837847852065,5.163280765577389,4.933426648694138,14.889818317024035,1.7075854830327444,0.27310228818088156,0.22985411688325108,13.182232833991291,8.719808445887631,high,weak α=2.0 (99% in first 3)
ar_sigma1.25_weak_sparse_a2.0,69,69,ar,100,500,1.25,3.0,weak_sparse,2.0,10,3,1.0,0.8450879387313912,cocolasso_max,reweighted_frobenius,7.665985981486076,7.490588586059034,5.812602325692475,5.671485731256767,14.879240561975166,1.7395458709797822,0.17539739542704158,0.141116594435708,13.139694690995384,8.553520094066034,high,weak α=2.0 (99% in first 3)
ar_sigma1.25_weak_sparse_a2.0,70,70,ar,100,500,1.25,3.0,weak_sparse,2.0,10,3,1.0,0.8450879387313912,cocolasso_max,reweighted_frobenius,6.186324870222637,5.843547046575056,4.490112615616794,4.203255509599368,14.87096009904053,1.6714085079729557,0.34277782364758114,0.2868571060174263,13.199551591067575,8.897262415563311,high,weak α=2.0 (99% in first 3)
ar_sigma1.25_weak_sparse_a2.0,71,71,ar,100,500,1.25,3.0,weak_sparse,2.0,10,3,1.0,0.8450879387313912,cocolasso_max,reweighted_frobenius,6.74162292082329,6.749401358967702,5.063841278723986,5.166036998446918,14.87193333695177,1.621063032944221,-0.00777843814441237,-0.10219571972293195,13.250870304007549,9.174185725487146,high,weak α=2.0 (99% in first 3)
ar_sigma1.25_weak_sparse_a2.0,72,72,ar,100,500,1.25,3.0,weak_sparse,2.0,10,3,1.0,0.8450879387313912,cocolasso_max,reweighted_frobenius,9.568474154604964,9.80738806607263,7.484194277817579,7.707996749099264,14.924957633018494,1.9722861350164749,-0.23891391146766594,-0.22380247128168484,12.952671498002019,7.567338921080953,high,weak α=2.0 (99% in first 3)
ar_sigma1.25_weak_sparse_a2.0,73,73,ar,100,500,1.25,3.0,weak_sparse,2.0,10,3,1.0,0.8450879387313912,cocolasso_max,reweighted_frobenius,7.449570447809254,7.261139103466751,5.5843710264486734,5.4213699010652485,14.96712801407557,1.6489741679979488,0.18843134434250342,0.16300112538342493,13.318153846077621,9.076629764459833,high,weak α=2.0 (99% in first 3)
ar_sigma1.25_weak_sparse_a2.0,74,74,ar,100,500,1.25,3.0,weak_sparse,2.0,10,3,1.0,0.8450879387313912,cocolasso_max,reweighted_frobenius,4.074291822836753,3.7328390330573806,2.711583794670381,2.437372124051377,14.82510988798458,1.600089885003399,0.34145278977937243,0.2742116706190041,13.22502000298118,9.265173179913631,high,weak α=2.0 (99% in first 3)
ar_sigma1.25_weak_sparse_a2.0,75,75,ar,100,500,1.25,3.0,weak_sparse,2.0,10,3,1.0,0.8450879387313912,cocolasso_max,reweighted_frobenius,6.138625175409407,5.990068617724981,4.239530825240834,4.230155526914942,14.815897600958124,1.7740432839491405,0.14855655768442588,0.009375298325892345,13.041854317008983,8.351485972753117,high,weak α=2.0 (99% in first 3)
ar_sigma1.25_weak_sparse_a2.0,76,76,ar,100,500,1.25,3.0,weak_sparse,2.0,10,3,1.0,0.8450879387313912,cocolasso_max,reweighted_frobenius,3.527144978646575,3.352230529166337,2.224538736221384,2.083838775439377,14.85302113497164,1.766123311012052,0.17491444948023815,0.14069996078200742,13.086897823959587,8.409957018493984,high,weak α=2.0 (99% in first 3)
ar_sigma1.25_weak_sparse_a2.0,77,77,ar,100,500,1.25,3.0,weak_sparse,2.0,10,3,1.0,0.8450879387313912,cocolasso_max,reweighted_frobenius,6.148420691247739,5.900872111928953,4.50901495801543,4.313805060781704,14.802108315983787,1.7069663860020228,0.24754857931878593,0.19520989723372661,13.095141929981764,8.671587464972053,high,weak α=2.0 (99% in first 3)
ar_sigma1.25_weak_sparse_a2.0,78,78,ar,100,500,1.25,3.0,weak_sparse,2.0,10,3,1.0,0.8450879387313912,cocolasso_max,reweighted_frobenius,7.655488986752732,7.506159516993992,5.958577561873812,5.827429633380236,14.86534419003874,1.7311927779810503,0.14932946975874017,0.1311479284935766,13.13415141205769,8.586764211998958,high,weak α=2.0 (99% in first 3)
ar_sigma1.25_weak_sparse_a2.0,79,79,ar,100,500,1.25,3.0,weak_sparse,2.0,10,3,1.0,0.8450879387313912,cocolasso_max,reweighted_frobenius,7.1824493682041854,7.041777924351736,5.375258379945849,5.253985050113981,14.854568936978469,1.79452744795708,0.14067144385244923,0.121273329831868,13.060041489021389,8.277705060398578,high,weak α=2.0 (99% in first 3)
ar_sigma1.25_weak_sparse_a2.0,80,80,ar,100,500,1.25,3.0,weak_sparse,2.0,10,3,1.0,0.8450879387313912,cocolasso_max,reweighted_frobenius,4.406831850353869,4.016319203795608,3.00657523738653,2.702390305593875,14.818807997973636,1.861204390006605,0.39051264655826046,0.30418493179265527,12.95760360796703,7.961945543187251,high,weak α=2.0 (99% in first 3)
ar_sigma1.25_weak_sparse_a2.0,81,81,ar,100,500,1.25,3.0,weak_sparse,2.0,10,3,1.0,0.8450879387313912,cocolasso_max,reweighted_frobenius,7.902348547302759,7.711835703747248,6.040600442033526,5.8835885993262185,14.90133474394679,1.8130171810043976,0.1905128435555108,0.15701184270730728,13.088317562942393,8.219080822880876,high,weak α=2.0 (99% in first 3)
ar_sigma1.25_weak_sparse_a2.0,82,82,ar,100,500,1.25,3.0,weak_sparse,2.0,10,3,1.0,0.8450879387313912,cocolasso_max,reweighted_frobenius,7.389952221601081,7.241355417158261,5.535770616756838,5.409347170877593,14.835776229039766,1.585921433987096,0.14859680444281942,0.1264234458792446,13.24985479505267,9.35467288044767,high,weak α=2.0 (99% in first 3)
ar_sigma1.25_weak_sparse_a2.0,83,83,ar,100,500,1.25,3.0,weak_sparse,2.0,10,3,1.0,0.8450879387313912,cocolasso_max,reweighted_frobenius,8.130247041828193,8.033346687723414,6.230936795889249,6.159986534619959,14.785753189004026,1.5401578490273096,0.09690035410477904,0.0709502612692905,13.245595339976717,9.600154424653294,high,weak α=2.0 (99% in first 3)
ar_sigma1.25_weak_sparse_a2.0,84,84,ar,100,500,1.25,3.0,weak_sparse,2.0,10,3,1.0,0.8450879387313912,cocolasso_max,reweighted_frobenius,7.167559031616673,6.872550140837945,5.424876025340611,5.179731120804453,14.865441243047826,1.467634812986944,0.2950088907787274,0.24514490453615778,13.397806430060882,10.128842073999008,high,weak α=2.0 (99% in first 3)
ar_sigma1.25_weak_sparse_a2.0,85,85,ar,100,500,1.25,3.0,weak_sparse,2.0,10,3,1.0,0.8450879387313912,cocolasso_max,reweighted_frobenius,8.610866907750264,8.357617296677986,6.674846348531571,6.45497561831032,14.881101234001108,1.5388260980253108,0.2532496110722775,0.2198707302212508,13.342275135975797,9.670424262427828,high,weak α=2.0 (99% in first 3)
ar_sigma1.25_weak_sparse_a2.0,86,86,ar,100,500,1.25,3.0,weak_sparse,2.0,10,3,1.0,0.8450879387313912,cocolasso_max,reweighted_frobenius,5.331000253542626,5.017432773005036,3.787754146045828,3.5354966407853934,14.700326542020775,1.648123795981519,0.3135674805375901,0.25225750526043456,13.052202746039256,8.919431039017422,high,weak α=2.0 (99% in first 3)
ar_sigma1.25_weak_sparse_a2.0,87,87,ar,100,500,1.25,3.0,weak_sparse,2.0,10,3,1.0,0.8450879387313912,cocolasso_max,reweighted_frobenius,5.881298415025113,5.663074331570143,4.229993267458016,4.048583444350157,14.786067929002456,1.774744737020228,0.21822408345497024,0.1814098231078587,13.011323191982228,8.33137725137197,high,weak α=2.0 (99% in first 3)
ar_sigma1.25_weak_sparse_a2.0,88,88,ar,100,500,1.25,3.0,weak_sparse,2.0,10,3,1.0,0.8450879387313912,cocolasso_max,reweighted_frobenius,10.123492137630498,10.290860522837876,7.953006022116845,8.10617572894214,14.805499279987998,1.4912168909795582,-0.16736838520737862,-0.15316970682529618,13.31428238900844,9.928468064938887,high,weak α=2.0 (99% in first 3)
ar_sigma1.25_weak_sparse_a2.0,89,89,ar,100,500,1.25,3.0,weak_sparse,2.0,10,3,1.0,0.8450879387313912,cocolasso_max,reweighted_frobenius,5.306980992015043,4.975490863934206,3.733291426695849,3.463283831373412,14.696839337004349,1.454374631983228,0.3314901280808371,0.2700075953224368,13.24246470502112,10.10526381154167,high,weak α=2.0 (99% in first 3)
ar_sigma1.25_weak_sparse_a2.0,90,90,ar,100,500,1.25,3.0,weak_sparse,2.0,10,3,1.0,0.8450879387313912,cocolasso_max,reweighted_frobenius,8.373619702023522,8.189455891164016,6.476475763629517,6.328696010420639,14.784018197911792,1.6057217890047468,0.18416381085950562,0.14777975320887737,13.178296408907045,9.207085747447678,high,weak α=2.0 (99% in first 3)
ar_sigma1.25_weak_sparse_a2.0,91,91,ar,100,500,1.25,3.0,weak_sparse,2.0,10,3,1.0,0.8450879387313912,cocolasso_max,reweighted_frobenius,7.7425012735877585,7.596359220478353,5.88914314038002,5.760652267583095,14.751745283952914,1.6219705499825068,0.1461420531094051,0.12849087279692561,13.129774733970407,9.094952608178993,high,weak α=2.0 (99% in first 3)
ar_sigma1.25_weak_sparse_a2.0,92,92,ar,100,500,1.25,3.0,weak_sparse,2.0,10,3,1.0,0.8450879387313912,cocolasso_max,reweighted_frobenius,7.4820515566067645,7.196139935683128,5.657166212391116,5.420086632269365,14.762496011098849,1.7394181829877198,0.28591162092363653,0.23707958012175112,13.023077828111129,8.48703098282092,high,weak α=2.0 (99% in first 3)
ar_sigma1.25_weak_sparse_a2.0,93,93,ar,100,500,1.25,3.0,weak_sparse,2.0,10,3,1.0,0.8450879387313912,cocolasso_max,reweighted_frobenius,6.665260624164738,6.308291248663166,4.915390285987256,4.61006182168377,14.721778537961654,1.3971754970261827,0.3569693755015715,0.3053284643034857,13.324603040935472,10.5368141434603,high,weak α=2.0 (99% in first 3)
ar_sigma1.25_weak_sparse_a2.0,94,94,ar,100,500,1.25,3.0,weak_sparse,2.0,10,3,1.0,0.8450879387313912,cocolasso_max,reweighted_frobenius,8.401697058368757,8.192081818518202,6.388892983747276,6.248796632791493,14.739319114014506,1.5980548079824075,0.20961523985055486,0.14009635095578243,13.141264306032099,9.223287612158522,high,weak α=2.0 (99% in first 3)
ar_sigma1.25_weak_sparse_a2.0,95,95,ar,100,500,1.25,3.0,weak_sparse,2.0,10,3,1.0,0.8450879387313912,cocolasso_max,reweighted_frobenius,5.618879159975747,5.179763748626707,4.01247581375526,3.6419087897324833,14.769439173978752,1.8112174649722876,0.4391154113490403,0.3705670240227765,12.958221709006464,8.154426213091275,high,weak α=2.0 (99% in first 3)
ar_sigma1.25_weak_sparse_a2.0,96,96,ar,100,500,1.25,3.0,weak_sparse,2.0,10,3,1.0,0.8450879387313912,cocolasso_max,reweighted_frobenius,4.998767239488552,4.517420916051214,3.4798721578315863,3.08700532318559,14.686988344066776,1.7526751279947348,0.48134632343733763,0.3928668346459965,12.934313216072042,8.37975510091845,high,weak α=2.0 (99% in first 3)
ar_sigma1.25_weak_sparse_a2.0,97,97,ar,100,500,1.25,3.0,weak_sparse,2.0,10,3,1.0,0.8450879387313912,cocolasso_max,reweighted_frobenius,7.950254093988582,7.860920644791544,6.058718727460981,5.987545266509653,14.699941940023564,1.648798909969628,0.08933344919703856,0.0711734609513277,13.051143030053936,8.915545644249818,high,weak α=2.0 (99% in first 3)
ar_sigma1.25_weak_sparse_a2.0,98,98,ar,100,500,1.25,3.0,weak_sparse,2.0,10,3,1.0,0.8450879387313912,cocolasso_max,reweighted_frobenius,6.505224164512433,6.214350326205806,4.755178970773861,4.511397638403674,14.805868645082228,1.7757340670214037,0.29087383830662716,0.24378133237018762,13.030134578060824,8.337886240994084,high,weak α=2.0 (99% in first 3)
ar_sigma1.25_weak_sparse_a2.0,99,99,ar,100,500,1.25,3.0,weak_sparse,2.0,10,3,1.0,0.8450879387313912,cocolasso_max,reweighted_frobenius,6.886344945111258,6.586528627814665,5.134206631235235,4.927720530501927,14.867360336938871,1.5337316590012051,0.2998163172965933,0.20648610073330786,13.333628677937666,9.693586390868905,high,weak α=2.0 (99% in first 3)
cs_sigma0.75_datta_zhang,0,0,cs,100,500,0.75,3.0,datta_zhang,1.0,10,3,1.0,3.1944444444444446,cocolasso_max,reweighted_frobenius,10.51885311386977,10.583594999474911,6.041629315169413,6.127205079511715,17.112053247983567,9.806192834977992,-0.06474188560514094,-0.08557576434230185,7.3058604130055755,1.7450251627671538,low,datta_zhang (exactly 3-sparse)
cs_sigma0.75_datta_zhang,1,1,cs,100,500,0.75,3.0,datta_zhang,1.0,10,3,1.0,3.1944444444444446,cocolasso_max,reweighted_frobenius,6.751150609196195,7.015121017244668,4.577273017906812,4.749148258308789,17.189683050033636,10.167995448980946,-0.2639704080484728,-0.17187524040197744,7.02168760105269,1.6905675397166327,low,datta_zhang (exactly 3-sparse)
cs_sigma0.75_datta_zhang,2,2,cs,100,500,0.75,3.0,datta_zhang,1.0,10,3,1.0,3.1944444444444446,cocolasso_max,reweighted_frobenius,16.764430259812322,16.689428566286853,11.320132521132178,11.411570570370126,16.491596651962027,8.107711592048872,0.07500169352546848,-0.09143804923794718,8.383885059913155,2.034063060177809,low,datta_zhang (exactly 3-sparse)
cs_sigma0.75_datta_zhang,3,3,cs,100,500,0.75,3.0,datta_zhang,1.0,10,3,1.0,3.1944444444444446,cocolasso_max,reweighted_frobenius,7.780974548542519,7.441815682987937,4.283137742784273,4.162495387315132,16.533525931008626,9.689456387946848,0.3391588655545812,0.12064235546914137,6.844069543061778,1.7063419524314516,low,datta_zhang (exactly 3-sparse)
cs_sigma0.75_datta_zhang,4,4,cs,100,500,0.75,3.0,datta_zhang,1.0,10,3,1.0,3.1944444444444446,cocolasso_max,reweighted_frobenius,11.838371090445223,11.995683756315875,6.678779583686909,6.801182388545287,16.469283600978088,8.690055780985858,-0.15731266587065207,-0.12240280485837829,7.779227819992229,1.895187328603051,low,datta_zhang (exactly 3-sparse)
cs_sigma0.75_datta_zhang,5,5,cs,100,500,0.75,3.0,datta_zhang,1.0,10,3,1.0,3.1944444444444446,cocolasso_max,reweighted_frobenius,9.241243758562671,9.2812944146967,4.926240041343062,4.962113858787026,16.566881011007354,9.8896598329884,-0.04005065613402792,-0.035873817443963674,6.677221178018954,1.675171976668612,low,datta_zhang (exactly 3-sparse)
cs_sigma0.75_datta_zhang,6,6,cs,100,500,0.75,3.0,datta_zhang,1.0,10,3,1.0,3.1944444444444446,cocolasso_max,reweighted_frobenius,5.392017643163945,5.474061891084808,3.14242668353055,3.229484061939824,16.546610025980044,7.991692564974073,-0.08204424792086229,-0.0870573784092743,8.55491746100597,2.0704762966609094,low,datta_zhang (exactly 3-sparse)
cs_sigma0.75_datta_zhang,7,7,cs,100,500,0.75,3.0,datta_zhang,1.0,10,3,1.0,3.1944444444444446,cocolasso_max,reweighted_frobenius,11.632313287360745,11.454301123541445,7.087034098183865,7.006554964032977,17.543279881007038,9.928032958996482,0.17801216381930018,0.08047913415088725,7.615246922010556,1.7670448872865445,low,datta_zhang (exactly 3-sparse)
cs_sigma0.75_datta_zhang,8,8,cs,100,500,0.75,3.0,datta_zhang,1.0,10,3,1.0,3.1944444444444446,cocolasso_max,reweighted_frobenius,11.581268956580905,11.574683210073117,6.972761300250095,7.063705040908429,17.515457689994946,9.997940112021752,0.006585746507788315,-0.090943740658334,7.517517577973194,1.7519066421426108,low,datta_zhang (exactly 3-sparse)
cs_sigma0.75_datta_zhang,9,9,cs,100,500,0.75,3.0,datta_zhang,1.0,10,3,1.0,3.1944444444444446,cocolasso_max,reweighted_frobenius,8.273472938544414,8.062332773336815,5.127727565503679,5.058502194451041,17.37892563600326,6.230519309989177,0.21114016520759904,0.06922537105263782,11.148406326014083,2.7893221690429923,low,datta_zhang (exactly 3-sparse)
cs_sigma0.75_datta_zhang,10,10,cs,100,500,0.75,3.0,datta_zhang,1.0,10,3,1.0,3.1944444444444446,cocolasso_max,reweighted_frobenius,9.594306138040269,9.195413839904123,4.92675850110235,4.727571014590319,17.739684280997608,7.749212020018604,0.39889229813614513,0.1991874865120309,9.990472260979004,2.2892242766323254,low,datta_zhang (exactly 3-sparse)
cs_sigma0.75_datta_zhang,11,11,cs,100,500,0.75,3.0,datta_zhang,1.0,10,3,1.0,3.1944444444444446,cocolasso_max,reweighted_frobenius,11.160000737821177,11.30870865105502,6.139701830976595,6.2865522904092535,18.105139296967536,8.651695710024796,-0.14870791323384402,-0.14685045943265873,9.45344358694274,2.0926694492952347,low,datta_zhang (exactly 3-sparse)
cs_sigma0.75_datta_zhang,12,12,cs,100,500,0.75,3.0,datta_zhang,1.0,10,3,1.0,3.1944444444444446,cocolasso_max,reweighted_frobenius,11.164073046010826,11.015153044654594,5.906776151906927,5.876321219201005,18.382639320974704,9.19774753099773,0.14892000135623107,0.030454932705922033,9.184891789976973,1.9986022946403528,low,datta_zhang (exactly 3-sparse)
cs_sigma0.75_datta_zhang,13,13,cs,100,500,0.75,3.0,datta_zhang,1.0,10,3,1.0,3.1944444444444446,cocolasso_max,reweighted_frobenius,13.250748689303812,13.461474111941968,8.274503577963786,8.477299117475042,17.908260994998273,8.534417980001308,-0.21072542263815564,-0.20279553951125528,9.373843014996964,2.0983576193435427,low,datta_zhang (exactly 3-sparse)
cs_sigma0.75_datta_zhang,14,14,cs,100,500,0.75,3.0,datta_zhang,1.0,10,3,1.0,3.1944444444444446,cocolasso_max,reweighted_frobenius,10.867906916312984,11.00861349661937,6.167283019370736,6.250514867782048,16.45275130297523,7.757639896008186,-0.14070658030638583,-0.08323184841131148,8.695111406967044,2.1208449378323486,low,datta_zhang (exactly 3-sparse)
cs_sigma0.75_datta_zhang,15,15,cs,100,500,0.75,3.0,datta_zhang,1.0,10,3,1.0,3.1944444444444446,cocolasso_max,reweighted_frobenius,10.57450368995938,10.454193164933708,6.614501032957127,6.641328466881566,16.50075837795157,8.25986789696617,0.12031052502567263,-0.026827433924438537,8.2408904809854,1.9977024552671427,low,datta_zhang (exactly 3-sparse)
cs_sigma0.75_datta_zhang,16,16,cs,100,500,0.75,3.0,datta_zhang,1.0,10,3,1.0,3.1944444444444446,cocolasso_max,reweighted_frobenius,8.234282070486412,7.923448264100832,4.653803942876824,4.525487520583821,16.529847208003048,9.416158905019984,0.31083380638557934,0.12831642229300222,7.113688302983064,1.7554766624839544,low,datta_zhang (exactly 3-sparse)
cs_sigma0.75_datta_zhang,17,17,cs,100,500,0.75,3.0,datta_zhang,1.0,10,3,1.0,3.1944444444444446,cocolasso_max,reweighted_frobenius,10.586789124665035,10.322692658341577,5.532136121169994,5.418300854015103,16.29467744199792,7.2900514749926515,0.2640964663234584,0.113835267154891,9.004625967005268,2.2351937428554773,low,datta_zhang (exactly 3-sparse)
cs_sigma0.75_datta_zhang,18,18,cs,100,500,0.75,3.0,datta_zhang,1.0,10,3,1.0,3.1944444444444446,cocolasso_max,reweighted_frobenius,12.783049431228791,12.9121828660984,6.52022609735707,6.6029306523807865,16.557585995004047,8.177596263005398,-0.12913343486960827,-0.08270455502371643,8.379989731998648,2.0247497507193963,low,datta_zhang (exactly 3-sparse)
cs_sigma0.75_datta_zhang,19,19,cs,100,500,0.75,3.0,datta_zhang,1.0,10,3,1.0,3.1944444444444446,cocolasso_max,reweighted_frobenius,7.400896493050973,7.526100773971921,4.257143364300613,4.398960938411309,16.739905504975468,9.073218142031692,-0.12520428092094793,-0.1418175741106964,7.666687362943776,1.8449799445940618,low,datta_zhang (exactly 3-sparse)
cs_sigma0.75_datta_zhang,20,20,cs,100,500,0.75,3.0,datta_zhang,1.0,10,3,1.0,3.1944444444444446,cocolasso_max,reweighted_frobenius,17.534080861702986,17.65882343724652,9.720663342062432,9.81365124987651,16.831385694036726,6.517957022006158,-0.12474257554353585,-0.09298790781407895,10.313428672030568,2.58231001481139,low,datta_zhang (exactly 3-sparse)
cs_sigma0.75_datta_zhang,21,21,cs,100,500,0.75,3.0,datta_zhang,1.0,10,3,1.0,3.1944444444444446,cocolasso_max,reweighted_frobenius,9.355550431889178,9.486712053823084,4.818484741800988,4.908158096806049,17.658119385014288,8.392259895976167,-0.1311616219339058,-0.08967335500506035,9.265859489038121,2.1040958697526535,low,datta_zhang (exactly 3-sparse)
cs_sigma0.75_datta_zhang,22,22,cs,100,500,0.75,3.0,datta_zhang,1.0,10,3,1.0,3.1944444444444446,cocolasso_max,reweighted_frobenius,8.178875783022296,8.131401657709361,6.876890193540816,6.863219951784182,17.104509152006358,6.421710435999557,0.04747412531293449,0.013670241756633672,10.6827987160068,2.663544132435488,low,datta_zhang (exactly 3-sparse)
cs_sigma0.75_datta_zhang,23,23,cs,100,500,0.75,3.0,datta_zhang,1.0,10,3,1.0,3.1944444444444446,cocolasso_max,reweighted_frobenius,7.522944718061377,7.666913920266947,3.7978968451847055,3.892789043807577,17.64049567701295,9.359973729995543,-0.14396920220556986,-0.09489219862287168,8.280521947017407,1.8846736311322265,low,datta_zhang (exactly 3-sparse)
cs_sigma0.75_datta_zhang,24,24,cs,100,500,0.75,3.0,datta_zhang,1.0,10,3,1.0,3.1944444444444446,cocolasso_max,reweighted_frobenius,11.01596001745939,11.079478639969428,6.695527450113202,6.794036457487667,17.530936310009565,8.381369247974362,-0.06351862251003837,-0.09850900737446455,9.149567062035203,2.0916554075274156,low,datta_zhang (exactly 3-sparse)
cs_sigma0.75_datta_zhang,25,25,cs,100,500,0.75,3.0,datta_zhang,1.0,10,3,1.0,3.1944444444444446,cocolasso_max,reweighted_frobenius,7.682815040741205,7.501783099670504,4.399156471571789,4.336891537853102,18.03376181703061,10.15209217602387,0.18103194107070042,0.06226493371868713,7.881669641006738,1.7763591488679373,low,datta_zhang (exactly 3-sparse)
cs_sigma0.75_datta_zhang,26,26,cs,100,500,0.75,3.0,datta_zhang,1.0,10,3,1.0,3.1944444444444446,cocolasso_max,reweighted_frobenius,8.130347688727635,8.070665996981504,4.203621121736632,4.1867342202309565,20.236646306992043,10.390927219996229,0.059681691746131804,0.016886901505675844,9.845719086995814,1.9475303674583322,low,datta_zhang (exactly 3-sparse)
cs_sigma0.75_datta_zhang,27,27,cs,100,500,0.75,3.0,datta_zhang,1.0,10,3,1.0,3.1944444444444446,cocolasso_max,reweighted_frobenius,6.158303009841253,6.253867919948621,3.3151686879708904,3.384472167037795,19.133336937986314,5.995797269977629,-0.09556491010736767,-0.06930347906690448,13.137539668008685,3.1911247289482993,low,datta_zhang (exactly 3-sparse)
cs_sigma0.75_datta_zhang,28,28,cs,100,500,0.75,3.0,datta_zhang,1.0,10,3,1.0,3.1944444444444446,cocolasso_max,reweighted_frobenius,8.06125625195435,7.876999836032205,4.86978152032667,4.789029716567848,17.246378718002234,8.338103019981645,0.18425641592214426,0.0807518037588224,8.908275698020589,2.0683815823182523,low,datta_zhang (exactly 3-sparse)
cs_sigma0.75_datta_zhang,29,29,cs,100,500,0.75,3.0,datta_zhang,1.0,10,3,1.0,3.1944444444444446,cocolasso_max,reweighted_frobenius,11.38634407042258,11.255811765356656,7.419292573381545,7.413190031738888,16.40186676196754,5.787648670026101,0.13053230506592328,0.006102541642657222,10.614218091941439,2.833943056514792,low,datta_zhang (exactly 3-sparse)
cs_sigma0.75_datta_zhang,30,30,cs,100,500,0.75,3.0,datta_zhang,1.0,10,3,1.0,3.1944444444444446,cocolasso_max,reweighted_frobenius,17.311263407741997,17.604204504998627,9.147368839848694,9.319973498488013,16.700074647029396,8.326349742012098,-0.2929410972566302,-0.17260465863931884,8.373724905017298,2.0056897877789304,low,datta_zhang (exactly 3-sparse)
cs_sigma0.75_datta_zhang,31,31,cs,100,500,0.75,3.0,datta_zhang,1.0,10,3,1.0,3.1944444444444446,cocolasso_max,reweighted_frobenius,10.827811138998577,10.655968774559092,5.418473501546259,5.327986182279812,16.787427164032124,8.900934921985026,0.17184236443948464,0.09048731926644749,7.8864922420470975,1.8860296487021506,low,datta_zhang (exactly 3-sparse)
cs_sigma0.75_datta_zhang,32,32,cs,100,500,0.75,3.0,datta_zhang,1.0,10,3,1.0,3.1944444444444446,cocolasso_max,reweighted_frobenius,12.897288060402904,12.783681100636528,7.029264680880916,6.999690340451628,16.964805604016874,8.520160873013083,0.11360695976637558,0.029574340429287638,8.444644731003791,1.9911367704043614,low,datta_zhang (exactly 3-sparse)
cs_sigma0.75_datta_zhang,33,33,cs,100,500,0.75,3.0,datta_zhang,1.0,10,3,1.0,3.1944444444444446,cocolasso_max,reweighted_frobenius,11.277178299928082,11.257841184995984,5.904100515112315,5.916054820415219,16.78525381302461,8.60228977096267,0.019337114932097776,-0.011954305302904089,8.18296404206194,1.9512541730091237,low,datta_zhang (exactly 3-sparse)
cs_sigma0.75_datta_zhang,34,34,cs,100,500,0.75,3.0,datta_zhang,1.0,10,3,1.0,3.1944444444444446,cocolasso_max,reweighted_frobenius,9.311948878945955,9.199673604300797,5.174586168020818,5.167063410768339,17.411693740985356,10.71875351300696,0.11227527464515852,0.007522757252479195,6.692940227978395,1.6244140440263568,low,datta_zhang (exactly 3-sparse)
cs_sigma0.75_datta_zhang,35,35,cs,100,500,0.75,3.0,datta_zhang,1.0,10,3,1.0,3.1944444444444446,cocolasso_max,reweighted_frobenius,11.639544723999483,11.703564763273016,6.894004977377391,6.969740205565154,17.445190001977608,8.503324004996102,-0.06402003927353306,-0.0757352281877628,8.941865996981505,2.0515730074177743,low,datta_zhang (exactly 3-sparse)
cs_sigma0.75_datta_zhang,36,36,cs,100,500,0.75,3.0,datta_zhang,1.0,10,3,1.0,3.1944444444444446,cocolasso_max,reweighted_frobenius,13.68421738208887,13.665400612119065,7.243856659328312,7.260617234569321,16.266754450974986,6.691494955972303,0.018816769969804525,-0.016760575241009157,9.575259495002683,2.4309596821046036,low,datta_zhang (exactly 3-sparse)
cs_sigma0.75_datta_zhang,37,37,cs,100,500,0.75,3.0,datta_zhang,1.0,10,3,1.0,3.1944444444444446,cocolasso_max,reweighted_frobenius,9.349206141408716,8.920231937392723,5.578755085616602,5.421437721660146,16.726368762960192,7.795614356989972,0.4289742040159936,0.157317363956456,8.93075440597022,2.1456126479579405,low,datta_zhang (exactly 3-sparse)
cs_sigma0.75_datta_zhang,38,38,cs,100,500,0.75,3.0,datta_zhang,1.0,10,3,1.0,3.1944444444444446,cocolasso_max,reweighted_frobenius,9.92057129510298,10.10417483884147,5.736796652237596,5.924960985635411,17.111314216977917,9.37273375102086,-0.18360354373849042,-0.1881643333978147,7.738580465957057,1.8256481696297182,low,datta_zhang (exactly 3-sparse)
cs_sigma0.75_datta_zhang,39,39,cs,100,500,0.75,3.0,datta_zhang,1.0,10,3,1.0,3.1944444444444446,cocolasso_max,reweighted_frobenius,7.654023891209952,7.985197029476652,5.346422395838493,5.607814528568252,17.50215766998008,8.240624703990761,-0.33117313826670003,-0.2613921327297586,9.261532965989318,2.1238872414010252,low,datta_zhang (exactly 3-sparse)
cs_sigma0.75_datta_zhang,40,40,cs,100,500,0.75,3.0,datta_zhang,1.0,10,3,1.0,3.1944444444444446,cocolasso_max,reweighted_frobenius,8.30948208183018,8.260608175648631,5.373629660652682,5.380407418981591,17.609647160978056,6.657509789045434,0.048873906181547966,-0.00677775832890859,10.952137371932622,2.645080175466473,low,datta_zhang (exactly 3-sparse)
cs_sigma0.75_datta_zhang,41,41,cs,100,500,0.75,3.0,datta_zhang,1.0,10,3,1.0,3.1944444444444446,cocolasso_max,reweighted_frobenius,9.698733478479236,9.764334656361951,7.077060338750735,7.153707125671721,17.09500561602181,8.193562725035008,-0.06560117788271569,-0.07664678692098548,8.9014428909868,2.086394672221023,low,datta_zhang (exactly 3-sparse)
cs_sigma0.75_datta_zhang,42,42,cs,100,500,0.75,3.0,datta_zhang,1.0,10,3,1.0,3.1944444444444446,cocolasso_max,reweighted_frobenius,15.490110355026763,15.704739386646242,8.799605731374362,8.927604066231012,17.935686004988384,8.287503211002331,-0.214629031619479,-0.1279983348566507,9.648182793986052,2.1641845014524166,low,datta_zhang (exactly 3-sparse)
cs_sigma0.75_datta_zhang,43,43,cs,100,500,0.75,3.0,datta_zhang,1.0,10,3,1.0,3.1944444444444446,cocolasso_max,reweighted_frobenius,6.601321622447833,6.435832339922941,3.551551801827436,3.4844453644792783,17.702797081961762,10.234676544961983,0.16548928252489237,0.06710643734815758,7.468120536999779,1.7296879881051013,low,datta_zhang (exactly 3-sparse)
cs_sigma0.75_datta_zhang,44,44,cs,100,500,0.75,3.0,datta_zhang,1.0,10,3,1.0,3.1944444444444446,cocolasso_max,reweighted_frobenius,6.113318960139665,6.263220538998064,4.24746582411159,4.355787890073577,17.395640125032514,9.419866682961583,-0.14990157885839928,-0.10832206596198724,7.975773442070931,1.8466970617001734,low,datta_zhang (exactly 3-sparse)
cs_sigma0.75_datta_zhang,45,45,cs,100,500,0.75,3.0,datta_zhang,1.0,10,3,1.0,3.1944444444444446,cocolasso_max,reweighted_frobenius,14.76603321324973,14.899530821546657,8.397831336079625,8.537871746298787,17.445376351010054,9.108563141024206,-0.1334976082969277,-0.14004041021916258,8.336813209985849,1.9152720446584532,low,datta_zhang (exactly 3-sparse)
cs_sigma0.75_datta_zhang,46,46,cs,100,500,0.75,3.0,datta_zhang,1.0,10,3,1.0,3.1944444444444446,cocolasso_max,reweighted_frobenius,3.5115873131514075,3.856655057663073,1.9123244534138395,2.111469441314283,16.728393666970078,8.249695923994295,-0.34506774451166544,-0.19914498790044344,8.478697742975783,2.027758819366352,low,datta_zhang (exactly 3-sparse)
cs_sigma0.75_datta_zhang,47,47,cs,100,500,0.75,3.0,datta_zhang,1.0,10,3,1.0,3.1944444444444446,cocolasso_max,reweighted_frobenius,11.639433269211274,11.456250517909496,6.867193548598022,6.838021951508172,17.445047375978902,9.086716652964242,0.18318275130177852,0.0291715970898494,8.35833072301466,1.919840580732539,low,datta_zhang (exactly 3-sparse)
cs_sigma0.75_datta_zhang,48,48,cs,100,500,0.75,3.0,datta_zhang,1.0,10,3,1.0,3.1944444444444446,cocolasso_max,reweighted_frobenius,10.599938139989044,10.5985077542808,6.453634438854294,6.481352205172074,17.134519182960503,7.4293293379596435,0.0014303857082449412,-0.02771776631777989,9.70518984500086,2.3063345833133098,low,datta_zhang (exactly 3-sparse)
cs_sigma0.75_datta_zhang,49,49,cs,100,500,0.75,3.0,datta_zhang,1.0,10,3,1.0,3.1944444444444446,cocolasso_max,reweighted_frobenius,9.67513977188394,9.72337680810146,5.212432291243737,5.244092473459473,17.046861845999956,11.906794822018128,-0.04823703621751996,-0.03166018221573541,5.140067023981828,1.4316919121237213,low,datta_zhang (exactly 3-sparse)
cs_sigma0.75_datta_zhang,50,50,cs,100,500,0.75,3.0,datta_zhang,1.0,10,3,1.0,3.1944444444444446,cocolasso_max,reweighted_frobenius,10.471420550043618,10.755935051122767,6.297211120027886,6.506991402403634,16.98726452497067,7.620361117995344,-0.28451450107914944,-0.20978028237574797,9.366903406975325,2.2291941631027896,low,datta_zhang (exactly 3-sparse)
cs_sigma0.75_datta_zhang,51,51,cs,100,500,0.75,3.0,datta_zhang,1.0,10,3,1.0,3.1944444444444446,cocolasso_max,reweighted_frobenius,9.500038502374366,9.490593207343146,5.524563318249244,5.586324874632303,17.3615145169897,8.627302012988366,0.009445295031220269,-0.06176155638305847,8.734212504001334,2.012392111792541,low,datta_zhang (exactly 3-sparse)
cs_sigma0.75_datta_zhang,52,52,cs,100,500,0.75,3.0,datta_zhang,1.0,10,3,1.0,3.1944444444444446,cocolasso_max,reweighted_frobenius,14.307048139507836,14.392389614792766,9.309439012531652,9.420131917354269,16.91036371595692,18.77588415198261,-0.0853414752849293,-0.11069290482261707,-1.8655204360256903,0.9006427382633427,low,datta_zhang (exactly 3-sparse)
cs_sigma0.75_datta_zhang,53,53,cs,100,500,0.75,3.0,datta_zhang,1.0,10,3,1.0,3.1944444444444446,cocolasso_max,reweighted_frobenius,9.20945364399733,9.619523689032045,4.953106396828241,5.220833154208193,17.448425628012046,10.358628073008733,-0.4100700450347148,-0.26772675737995133,7.089797555003313,1.6844340297801652,low,datta_zhang (exactly 3-sparse)
cs_sigma0.75_datta_zhang,54,54,cs,100,500,0.75,3.0,datta_zhang,1.0,10,3,1.0,3.1944444444444446,cocolasso_max,reweighted_frobenius,8.891845909413703,8.983521457689001,5.683265649274967,5.786535165638494,16.95387629402103,7.4613275729934685,-0.09167554827529756,-0.1032695163635271,9.49254872102756,2.2722332089246646,low,datta_zhang (exactly 3-sparse)
cs_sigma0.75_datta_zhang,55,55,cs,100,500,0.75,3.0,datta_zhang,1.0,10,3,1.0,3.1944444444444446,cocolasso_max,reweighted_frobenius,14.723103675450666,15.062281311512304,7.426554615005008,7.612697611979027,17.400498441944364,11.201156354043633,-0.3391776360616383,-0.18614299697401915,6.199342087900732,1.5534555444057132,low,datta_zhang (exactly 3-sparse)
cs_sigma0.75_datta_zhang,56,56,cs,100,500,0.75,3.0,datta_zhang,1.0,10,3,1.0,3.1944444444444446,cocolasso_max,reweighted_frobenius,8.151331429520667,8.185474648455562,4.9318441652041685,4.984397883070942,17.766620545997284,7.451059298007749,-0.03414321893489536,-0.05255371786677365,10.315561247989535,2.3844422430979297,low,datta_zhang (exactly 3-sparse)
cs_sigma0.75_datta_zhang,57,57,cs,100,500,0.75,3.0,datta_zhang,1.0,10,3,1.0,3.1944444444444446,cocolasso_max,reweighted_frobenius,14.7296476765977,14.25670023240469,8.053830513141891,7.834677797577694,16.721598340955097,7.371767010015901,0.4729474441930108,0.21915271556419746,9.349831330939196,2.2683297394282445,low,datta_zhang (exactly 3-sparse)
cs_sigma0.75_datta_zhang,58,58,cs,100,500,0.75,3.0,datta_zhang,1.0,10,3,1.0,3.1944444444444446,cocolasso_max,reweighted_frobenius,11.43271325715321,11.360285306481812,6.56125279260835,6.614451118514326,17.093177640985232,7.934860009991098,0.07242795067139873,-0.05319832590597606,9.158317630994134,2.1541876755812366,low,datta_zhang (exactly 3-sparse)
cs_sigma0.75_datta_zhang,59,59,cs,100,500,0.75,3.0,datta_zhang,1.0,10,3,1.0,3.1944444444444446,cocolasso_max,reweighted_frobenius,8.079148064055024,7.902955128145525,5.818806549263663,5.801103201536231,17.044996079988778,6.784555197984446,0.17619293590949958,0.01770334772743265,10.260440882004332,2.5123232964561186,low,datta_zhang (exactly 3-sparse)
cs_sigma0.75_datta_zhang,60,60,cs,100,500,0.75,3.0,datta_zhang,1.0,10,3,1.0,3.1944444444444446,cocolasso_max,reweighted_frobenius,12.713610878874771,12.547095629028597,7.04508132600425,7.0175677332034905,17.731685624981765,9.96866587700788,0.16651524984617438,0.02751359280075949,7.763019747973885,1.7787420948553223,low,datta_zhang (exactly 3-sparse)
cs_sigma0.75_datta_zhang,61,61,cs,100,500,0.75,3.0,datta_zhang,1.0,10,3,1.0,3.1944444444444446,cocolasso_max,reweighted_frobenius,14.893152716157946,15.016810163916858,7.881382801002817,7.973442840118734,17.96573899500072,8.60081856296165,-0.1236574477589123,-0.09206003911591676,9.36492043203907,2.0888405985411587,low,datta_zhang (exactly 3-sparse)
cs_sigma0.75_datta_zhang,62,62,cs,100,500,0.75,3.0,datta_zhang,1.0,10,3,1.0,3.1944444444444446,cocolasso_max,reweighted_frobenius,8.43363261254297,8.644756401576448,4.734139952975041,4.8819021512824206,18.07017589197494,8.228672913974151,-0.2111237890334774,-0.14776219830737958,9.84150297800079,2.196001236273189,low,datta_zhang (exactly 3-sparse)
cs_sigma0.75_datta_zhang,63,63,cs,100,500,0.75,3.0,datta_zhang,1.0,10,3,1.0,3.1944444444444446,cocolasso_max,reweighted_frobenius,12.076479182524247,12.11397413412579,6.216163010026889,6.264061155391741,19.19610554300016,10.081827324000187,-0.037494951601543036,-0.04789814536485171,9.114278218999974,1.904030383192844,low,datta_zhang (exactly 3-sparse)
cs_sigma0.75_datta_zhang,64,64,cs,100,500,0.75,3.0,datta_zhang,1.0,10,3,1.0,3.1944444444444446,cocolasso_max,reweighted_frobenius,12.776463804068062,12.698958310288486,7.155499543008689,7.1305636506821735,17.733916282013524,7.963044859992806,0.07750549377957583,0.02493589232651594,9.770871422020718,2.227027047293257,low,datta_zhang (exactly 3-sparse)
cs_sigma0.75_datta_zhang,65,65,cs,100,500,0.75,3.0,datta_zhang,1.0,10,3,1.0,3.1944444444444446,cocolasso_max,reweighted_frobenius,8.56557966959918,8.540381016242709,5.694482965933819,5.730022986352656,17.183220866019838,8.638477362983394,0.025198653356470757,-0.035540020418837415,8.544743503036443,1.9891492613792554,low,datta_zhang (exactly 3-sparse)
cs_sigma0.75_datta_zhang,66,66,cs,100,500,0.75,3.0,datta_zhang,1.0,10,3,1.0,3.1944444444444446,cocolasso_max,reweighted_frobenius,11.213924063397222,11.25491845503226,6.6368339876526194,6.696009552989889,16.897305708029307,7.867076956026722,-0.040994391635038596,-0.0591755653372692,9.030228752002586,2.1478505679399524,low,datta_zhang (exactly 3-sparse)
cs_sigma0.75_datta_zhang,67,67,cs,100,500,0.75,3.0,datta_zhang,1.0,10,3,1.0,3.1944444444444446,cocolasso_max,reweighted_frobenius,16.113946694111288,16.061311972192108,10.0489817002275,10.061142876741467,16.61705287999939,8.474501765042078,0.05263472191917984,-0.012161176513966865,8.142551114957314,1.960829478913547,low,datta_zhang (exactly 3-sparse)
cs_sigma0.75_datta_zhang,68,68,cs,100,500,0.75,3.0,datta_zhang,1.0,10,3,1.0,3.1944444444444446,cocolasso_max,reweighted_frobenius,10.43100202072966,10.51140593802845,7.002223770973812,7.110773898472833,17.18103813700145,6.786503677954897,-0.08040391729879026,-0.10855012749902127,10.394534459046554,2.5316479519213835,low,datta_zhang (exactly 3-sparse)
cs_sigma0.75_datta_zhang,69,69,cs,100,500,0.75,3.0,datta_zhang,1.0,10,3,1.0,3.1944444444444446,cocolasso_max,reweighted_frobenius,9.47093554719216,9.213391253211231,5.525655116422481,5.4012554831278745,16.506755512964446,6.478487757965922,0.2575442939809296,0.12439963329460646,10.028267754998524,2.5479334266963467,low,datta_zhang (exactly 3-sparse)
cs_sigma0.75_datta_zhang,70,70,cs,100,500,0.75,3.0,datta_zhang,1.0,10,3,1.0,3.1944444444444446,cocolasso_max,reweighted_frobenius,9.678675321370896,10.091740975277135,5.5513913921595535,5.809714965572871,16.966767148987856,7.128847885993309,-0.41306565390623895,-0.2583235734133176,9.837919262994546,2.3800153152831323,low,datta_zhang (exactly 3-sparse)
cs_sigma0.75_datta_zhang,71,71,cs,100,500,0.75,3.0,datta_zhang,1.0,10,3,1.0,3.1944444444444446,cocolasso_max,reweighted_frobenius,6.684636921111746,6.546553640866768,3.515346952301432,3.4620446861479337,17.412143699999433,7.721012302965391,0.1380832802449783,0.05330226615349831,9.691131397034042,2.255163314959619,low,datta_zhang (exactly 3-sparse)
cs_sigma0.75_datta_zhang,72,72,cs,100,500,0.75,3.0,datta_zhang,1.0,10,3,1.0,3.1944444444444446,cocolasso_max,reweighted_frobenius,10.208286382143584,10.07196127344099,6.565358588910217,6.54497543757033,17.541542555962224,8.051216227991972,0.13632510870259296,0.020383151339887107,9.490326327970251,2.178744435527004,low,datta_zhang (exactly 3-sparse)
cs_sigma0.75_datta_zhang,73,73,cs,100,500,0.75,3.0,datta_zhang,1.0,10,3,1.0,3.1944444444444446,cocolasso_max,reweighted_frobenius,10.564426111854736,10.555184649710828,6.764831753793889,6.846052254461655,18.5451515459572,10.386092216009274,0.009241462143908308,-0.08122050066776598,8.159059329947926,1.7855754753815332,low,datta_zhang (exactly 3-sparse)
cs_sigma0.75_datta_zhang,74,74,cs,100,500,0.75,3.0,datta_zhang,1.0,10,3,1.0,3.1944444444444446,cocolasso_max,reweighted_frobenius,4.7072515734789135,4.72018236587258,3.212584416423522,3.2609654119371765,18.18873124901438,7.00138779199915,-0.012930792393666124,-0.04838099551365449,11.187343457015231,2.5978751340983557,low,datta_zhang (exactly 3-sparse)
cs_sigma0.75_datta_zhang,75,75,cs,100,500,0.75,3.0,datta_zhang,1.0,10,3,1.0,3.1944444444444446,cocolasso_max,reweighted_frobenius,10.04329363917349,9.957623818649347,5.177966894199435,5.158156018743372,17.940834787033964,7.597350135038141,0.08566982052414218,0.01981087545606286,10.343484651995823,2.361459517877531,low,datta_zhang (exactly 3-sparse)
cs_sigma0.75_datta_zhang,76,76,cs,100,500,0.75,3.0,datta_zhang,1.0,10,3,1.0,3.1944444444444446,cocolasso_max,reweighted_frobenius,6.614276045497077,6.9646075796182725,3.979004896516334,4.216330955269006,17.724680295039434,9.05339116801042,-0.3503315341211959,-0.23732605875267243,8.671289127029015,1.9577945949876177,low,datta_zhang (exactly 3-sparse)
cs_sigma0.75_datta_zhang,77,77,cs,100,500,0.75,3.0,datta_zhang,1.0,10,3,1.0,3.1944444444444446,cocolasso_max,reweighted_frobenius,11.867978320261264,12.094066682801644,6.989849905021537,7.140901367070072,17.20087846700335,9.253160993976053,-0.22608836254038067,-0.15105146204853437,7.947717473027296,1.8589191821261275,low,datta_zhang (exactly 3-sparse)
cs_sigma0.75_datta_zhang,78,78,cs,100,500,0.75,3.0,datta_zhang,1.0,10,3,1.0,3.1944444444444446,cocolasso_max,reweighted_frobenius,9.64011650055651,9.622503829287124,6.6328393955368,6.724127441366008,16.972864599956665,9.315120308019686,0.017612671269386482,-0.09128804582920758,7.657744291936979,1.822076799732171,low,datta_zhang (exactly 3-sparse)
cs_sigma0.75_datta_zhang,79,79,cs,100,500,0.75,3.0,datta_zhang,1.0,10,3,1.0,3.1944444444444446,cocolasso_max,reweighted_frobenius,9.938298221026049,9.837448814879902,6.058772063908283,6.075921081113493,17.13124705903465,8.112723006051965,0.10084940614614624,-0.01714901720520956,9.018524052982684,2.111651913451871,low,datta_zhang (exactly 3-sparse)
cs_sigma0.75_datta_zhang,80,80,cs,100,500,0.75,3.0,datta_zhang,1.0,10,3,1.0,3.1944444444444446,cocolasso_max,reweighted_frobenius,7.644078302975954,7.742308400334353,4.0786974579540045,4.160004103167063,17.047114708984736,10.975311119982509,-0.09823009735839872,-0.08130664521305864,6.0718035890022275,1.5532238241472196,low,datta_zhang (exactly 3-sparse)
cs_sigma0.75_datta_zhang,81,81,cs,100,500,0.75,3.0,datta_zhang,1.0,10,3,1.0,3.1944444444444446,cocolasso_max,reweighted_frobenius,9.50359178269308,9.300018410928615,5.822092476543619,5.756889928765909,16.76114974700613,8.79303176898975,0.203573371764465,0.0652025477777105,7.96811797801638,1.9061855099986582,low,datta_zhang (exactly 3-sparse)
cs_sigma0.75_datta_zhang,82,82,cs,100,500,0.75,3.0,datta_zhang,1.0,10,3,1.0,3.1944444444444446,cocolasso_max,reweighted_frobenius,9.959437165059246,10.010018243137,7.638612731293698,7.688546882277151,17.14937453798484,7.905710939026903,-0.05058107807775514,-0.04993415098345366,9.243663598957937,2.169238752877514,low,datta_zhang (exactly 3-sparse)
cs_sigma0.75_datta_zhang,83,83,cs,100,500,0.75,3.0,datta_zhang,1.0,10,3,1.0,3.1944444444444446,cocolasso_max,reweighted_frobenius,8.205201273644853,7.947760500769005,4.584416620743815,4.5041390320269485,16.967549421999138,7.295007114007603,0.25744077287584854,0.08027758871686608,9.672542307991534,2.3259126628428746,low,datta_zhang (exactly 3-sparse)
cs_sigma0.75_datta_zhang,84,84,cs,100,500,0.75,3.0,datta_zhang,1.0,10,3,1.0,3.1944444444444446,cocolasso_max,reweighted_frobenius,8.9957767133774,9.043053134120209,5.727870682696833,5.796539234164669,17.52101785800187,6.089757042005658,-0.04727642074280958,-0.06866855146783646,11.431260815996211,2.8771292084636815,low,datta_zhang (exactly 3-sparse)
cs_sigma0.75_datta_zhang,85,85,cs,100,500,0.75,3.0,datta_zhang,1.0,10,3,1.0,3.1944444444444446,cocolasso_max,reweighted_frobenius,13.253166097963774,13.408330071412612,7.630081400050936,7.769630524447571,17.99526496999897,8.523577636980917,-0.15516397344883792,-0.13954912439663492,9.471687333018053,2.111233772532746,low,datta_zhang (exactly 3-sparse)
cs_sigma0.75_datta_zhang,86,86,cs,100,500,0.75,3.0,datta_zhang,1.0,10,3,1.0,3.1944444444444446,cocolasso_max,reweighted_frobenius,9.244101924301836,9.486844148137404,5.783401889637927,5.952085653649567,18.75261801102897,10.09675247000996,-0.24274222383556854,-0.16868376401163943,8.655865541019011,1.857292041845062,low,datta_zhang (exactly 3-sparse)
cs_sigma0.75_datta_zhang,87,87,cs,100,500,0.75,3.0,datta_zhang,1.0,10,3,1.0,3.1944444444444446,cocolasso_max,reweighted_frobenius,8.510078511117397,8.752267987036937,5.392993689017377,5.572632176782037,18.12668870901689,7.85527480597375,-0.24218947591954,-0.17963848776465952,10.27141390304314,2.3075817405181005,low,datta_zhang (exactly 3-sparse)
cs_sigma0.75_datta_zhang,88,88,cs,100,500,0.75,3.0,datta_zhang,1.0,10,3,1.0,3.1944444444444446,cocolasso_max,reweighted_frobenius,16.864426611693506,16.7881624745924,11.411764117421058,11.424263065086215,17.788955236028414,7.282679131021723,0.07626413710110569,-0.0124989476651578,10.506276105006691,2.442638885496623,low,datta_zhang (exactly 3-sparse)
cs_sigma0.75_datta_zhang,89,89,cs,100,500,0.75,3.0,datta_zhang,1.0,10,3,1.0,3.1944444444444446,cocolasso_max,reweighted_frobenius,9.744735571150054,9.801103093249663,5.684446347572084,5.76778297373275,17.53146695002215,10.35604823299218,-0.0563675220996096,-0.08333662616066562,7.17541871702997,1.6928722767214046,low,datta_zhang (exactly 3-sparse)
cs_sigma0.75_datta_zhang,90,90,cs,100,500,0.75,3.0,datta_zhang,1.0,10,3,1.0,3.1944444444444446,cocolasso_max,reweighted_frobenius,10.616764456005622,10.54277258429756,6.635414556647321,6.687768463505076,17.40358985803323,9.447421576012855,0.07399187170806165,-0.052353906857755206,7.956168282020373,1.8421523500360355,low,datta_zhang (exactly 3-sparse)
cs_sigma0.75_datta_zhang,91,91,cs,100,500,0.75,3.0,datta_zhang,1.0,10,3,1.0,3.1944444444444446,cocolasso_max,reweighted_frobenius,6.573826917624842,6.304241350999895,5.262085995555866,5.175868372716411,16.79679724999005,7.075367695011664,0.26958556662494715,0.08621762283945511,9.721429554978386,2.3739822400795183,low,datta_zhang (exactly 3-sparse)
cs_sigma0.75_datta_zhang,92,92,cs,100,500,0.75,3.0,datta_zhang,1.0,10,3,1.0,3.1944444444444446,cocolasso_max,reweighted_frobenius,11.082523207146815,10.863379376564012,5.700535299049758,5.598461299128627,17.08350591000635,9.955671187024564,0.2191438305828033,0.10207399992113064,7.127834722981788,1.715957225693798,low,datta_zhang (exactly 3-sparse)
cs_sigma0.75_datta_zhang,93,93,cs,100,500,0.75,3.0,datta_zhang,1.0,10,3,1.0,3.1944444444444446,cocolasso_max,reweighted_frobenius,9.872389482225069,9.500984944021091,7.95232731584592,7.81744387990494,16.320827749965247,8.861625187040772,0.37140453820397745,0.13488343594097962,7.4592025629244745,1.8417420513150118,low,datta_zhang (exactly 3-sparse)
cs_sigma0.75_datta_zhang,94,94,cs,100,500,0.75,3.0,datta_zhang,1.0,10,3,1.0,3.1944444444444446,cocolasso_max,reweighted_frobenius,14.971065136475255,14.978118793052731,8.006965229346896,8.078675499681623,16.76756149699213,8.900227781035937,-0.00705365657747592,-0.07171027033472654,7.8673337159561925,1.8839474572459176,low,datta_zhang (exactly 3-sparse)
cs_sigma0.75_datta_zhang,95,95,cs,100,500,0.75,3.0,datta_zhang,1.0,10,3,1.0,3.1944444444444446,cocolasso_max,reweighted_frobenius,10.863376267124464,10.802247414848017,6.191389143044225,6.212715580686256,16.659477184992284,9.139479183999356,0.06112885227644682,-0.02132643764203035,7.519998000992928,1.8228037779393729,low,datta_zhang (exactly 3-sparse)
cs_sigma0.75_datta_zhang,96,96,cs,100,500,0.75,3.0,datta_zhang,1.0,10,3,1.0,3.1944444444444446,cocolasso_max,reweighted_frobenius,8.712430300510746,8.31336979396705,5.33014731902352,5.169146321411607,16.630821554979775,9.315535633009858,0.3990605065436963,0.16100099761191267,7.315285921969917,1.785278078487296,low,datta_zhang (exactly 3-sparse)
cs_sigma0.75_datta_zhang,97,97,cs,100,500,0.75,3.0,datta_zhang,1.0,10,3,1.0,3.1944444444444446,cocolasso_max,reweighted_frobenius,12.301313213552564,12.399859883731311,7.386371629530551,7.526706563060943,17.323497114004567,7.424480528978165,-0.09854667017874696,-0.14033493353039184,9.899016585026402,2.333294167368341,low,datta_zhang (exactly 3-sparse)
cs_sigma0.75_datta_zhang,98,98,cs,100,500,0.75,3.0,datta_zhang,1.0,10,3,1.0,3.1944444444444446,cocolasso_max,reweighted_frobenius,11.783208496643455,11.934088265913052,6.117235236735902,6.229588918276563,17.232020351977553,9.563625679002143,-0.15087976926959712,-0.11235368154066094,7.66839467297541,1.8018292361454615,low,datta_zhang (exactly 3-sparse)
cs_sigma0.75_datta_zhang,99,99,cs,100,500,0.75,3.0,datta_zhang,1.0,10,3,1.0,3.1944444444444446,cocolasso_max,reweighted_frobenius,12.26985746982542,12.153555412180827,6.90230379663805,6.913105666176707,18.42245496402029,9.843759413983207,0.11630205764459234,-0.010801869538657805,8.578695550037082,1.8714856986296229,low,datta_zhang (exactly 3-sparse)
cs_sigma0.75_weak_sparse_a1.5,0,0,cs,100,500,0.75,3.0,weak_sparse,1.5,10,3,1.0,0.8937182721336322,cocolasso_max,reweighted_frobenius,7.558467460085875,7.577174210532979,4.146502218897665,4.156153424942845,21.325048804981638,13.014800816075876,-0.018706750447104348,-0.009651206045179883,8.310247988905761,1.6385228714865114,low,weak α=1.5 (97% in first 3)
cs_sigma0.75_weak_sparse_a1.5,1,1,cs,100,500,0.75,3.0,weak_sparse,1.5,10,3,1.0,0.8937182721336322,cocolasso_max,reweighted_frobenius,5.809453294360466,5.821035187149271,3.366552843858112,3.382210006011222,20.916591732995585,10.25284961098805,-0.01158189278880517,-0.015657162153110082,10.663742122007534,2.0400759327025657,low,weak α=1.5 (97% in first 3)
cs_sigma0.75_weak_sparse_a1.5,2,2,cs,100,500,0.75,3.0,weak_sparse,1.5,10,3,1.0,0.8937182721336322,cocolasso_max,reweighted_frobenius,10.883796887890709,10.883834293664146,7.828665262020018,7.835909546429134,17.53021484403871,7.073572354041971,-3.740577343691598e-05,-0.007244284409115842,10.456642489996739,2.4782689660368877,low,weak α=1.5 (97% in first 3)
cs_sigma0.75_weak_sparse_a1.5,3,3,cs,100,500,0.75,3.0,weak_sparse,1.5,10,3,1.0,0.8937182721336322,cocolasso_max,reweighted_frobenius,4.969405272083094,4.990591102663892,2.525879629993629,2.5355442794437075,20.714001176063903,10.584687056019902,-0.021185830580797926,-0.0096646494500785,10.129314120044,1.956978138931664,low,weak α=1.5 (97% in first 3)
cs_sigma0.75_weak_sparse_a1.5,4,4,cs,100,500,0.75,3.0,weak_sparse,1.5,10,3,1.0,0.8937182721336322,cocolasso_max,reweighted_frobenius,6.088109370215763,6.23876687331898,3.158722803548191,3.237798191691581,22.52677615301218,9.69463679601904,-0.15065750310321668,-0.07907538814338988,12.832139356993139,2.323632811315063,low,weak α=1.5 (97% in first 3)
cs_sigma0.75_weak_sparse_a1.5,5,5,cs,100,500,0.75,3.0,weak_sparse,1.5,10,3,1.0,0.8937182721336322,cocolasso_max,reweighted_frobenius,6.012914369638352,6.029951382215874,3.039214909794253,3.0519170005518075,22.223522620042782,11.207067582989112,-0.017037012577521438,-0.012702090757554352,11.016455037053671,1.98299175546824,low,weak α=1.5 (97% in first 3)
cs_sigma0.75_weak_sparse_a1.5,6,6,cs,100,500,0.75,3.0,weak_sparse,1.5,10,3,1.0,0.8937182721336322,cocolasso_max,reweighted_frobenius,5.926125434801524,5.937852489038396,3.196111378589072,3.203594068384223,18.653061263030395,13.593994756927714,-0.011727054236871481,-0.0074826897951512095,5.059066506102681,1.372154513560078,low,weak α=1.5 (97% in first 3)
cs_sigma0.75_weak_sparse_a1.5,7,7,cs,100,500,0.75,3.0,weak_sparse,1.5,10,3,1.0,0.8937182721336322,cocolasso_max,reweighted_frobenius,6.670911284599489,6.561483821673773,3.853003652503366,3.793770013625239,21.389962245011706,8.650966958026402,0.1094274629257157,0.05923363887812716,12.738995286985304,2.4725516059411152,low,weak α=1.5 (97% in first 3)
cs_sigma0.75_weak_sparse_a1.5,8,8,cs,100,500,0.75,3.0,weak_sparse,1.5,10,3,1.0,0.8937182721336322,cocolasso_max,reweighted_frobenius,6.163584153472977,6.1787437370360045,3.558953659243353,3.5728666985261577,22.74661625607405,7.811239804024808,-0.015159583563027823,-0.013913039282804629,14.93537645204924,2.912036607089397,low,weak α=1.5 (97% in first 3)
cs_sigma0.75_weak_sparse_a1.5,9,9,cs,100,500,0.75,3.0,weak_sparse,1.5,10,3,1.0,0.8937182721336322,cocolasso_max,reweighted_frobenius,8.121264547027042,8.048852331089618,4.080564365334723,4.046193664206688,22.83691141696181,8.911199326976202,0.0724122159374243,0.03437070112803564,13.925712089985609,2.5627203004907937,low,weak α=1.5 (97% in first 3)
cs_sigma0.75_weak_sparse_a1.5,10,10,cs,100,500,0.75,3.0,weak_sparse,1.5,10,3,1.0,0.8937182721336322,cocolasso_max,reweighted_frobenius,5.930072576383075,5.662052470154943,2.9667844438145177,2.833435221355151,19.348092198953964,10.27660634694621,0.268020106228132,0.13334922245936687,9.071485852007754,1.882731667025801,low,weak α=1.5 (97% in first 3)
cs_sigma0.75_weak_sparse_a1.5,11,11,cs,100,500,0.75,3.0,weak_sparse,1.5,10,3,1.0,0.8937182721336322,cocolasso_max,reweighted_frobenius,6.529080426900001,6.611490612647042,3.3906147091704315,3.438485040094384,21.459613261045888,8.225215578917414,-0.08241018574704118,-0.04787033092395232,13.234397682128474,2.6090031385986308,low,weak α=1.5 (97% in first 3)
cs_sigma0.75_weak_sparse_a1.5,12,12,cs,100,500,0.75,3.0,weak_sparse,1.5,10,3,1.0,0.8937182721336322,cocolasso_max,reweighted_frobenius,5.984014597509408,5.986959188021505,3.007444791957686,3.009665849841892,23.5485110480804,12.049310002010316,-0.00294459051209639,-0.0022210578842059014,11.499201046070084,1.9543451902350881,low,weak α=1.5 (97% in first 3)
cs_sigma0.75_weak_sparse_a1.5,13,13,cs,100,500,0.75,3.0,weak_sparse,1.5,10,3,1.0,0.8937182721336322,cocolasso_max,reweighted_frobenius,7.439411230056024,7.424668605667914,4.298843388559349,4.286339049168475,22.785181914106943,9.025562562979758,0.014742624388110137,0.012504339390873476,13.759619351127185,2.524516533469632,low,weak α=1.5 (97% in first 3)
cs_sigma0.75_weak_sparse_a1.5,14,14,cs,100,500,0.75,3.0,weak_sparse,1.5,10,3,1.0,0.8937182721336322,cocolasso_max,reweighted_frobenius,8.468304244691856,8.541112365925336,4.28714659664464,4.326624089319216,19.869863686035387,12.288676057010887,-0.07280812123348035,-0.039477492674575565,7.5811876290245,1.6169246869111917,low,weak α=1.5 (97% in first 3)
cs_sigma0.75_weak_sparse_a1.5,15,15,cs,100,500,0.75,3.0,weak_sparse,1.5,10,3,1.0,0.8937182721336322,cocolasso_max,reweighted_frobenius,5.899505805183917,5.829937514086241,3.1742793549932515,3.1496056673031285,21.39227306598332,6.669589448953047,0.06956829109767604,0.024673687690123014,14.722683617030274,3.2074347648701758,low,weak α=1.5 (97% in first 3)
cs_sigma0.75_weak_sparse_a1.5,16,16,cs,100,500,0.75,3.0,weak_sparse,1.5,10,3,1.0,0.8937182721336322,cocolasso_max,reweighted_frobenius,6.668812557426675,6.598172972352867,3.661160208680165,3.6225815778442887,23.012590618920512,9.352121706004256,0.07063958507380796,0.038578630835876204,13.660468912916256,2.460681259541987,low,weak α=1.5 (97% in first 3)
cs_sigma0.75_weak_sparse_a1.5,17,17,cs,100,500,0.75,3.0,weak_sparse,1.5,10,3,1.0,0.8937182721336322,cocolasso_max,reweighted_frobenius,7.9704923453066225,7.957373943870312,3.9853926006753273,3.978796243174224,22.99847739294637,8.813397533027455,0.013118401436310378,0.006596357501103434,14.185079859918915,2.6094905292495363,low,weak α=1.5 (97% in first 3)
cs_sigma0.75_weak_sparse_a1.5,18,18,cs,100,500,0.75,3.0,weak_sparse,1.5,10,3,1.0,0.8937182721336322,cocolasso_max,reweighted_frobenius,10.740483767648286,10.805158692474448,5.429782954169365,5.466664289840672,20.880499382968992,9.285632726969196,-0.06467492482616244,-0.036881335671306914,11.594866655999796,2.248688915115462,low,weak α=1.5 (97% in first 3)
cs_sigma0.75_weak_sparse_a1.5,19,19,cs,100,500,0.75,3.0,weak_sparse,1.5,10,3,1.0,0.8937182721336322,cocolasso_max,reweighted_frobenius,4.777349895373777,4.971288309713547,2.427445657636891,2.53831861036516,20.600970510975458,11.184032554039732,-0.19393841433976977,-0.11087295272826925,9.416937956935726,1.8419984394210547,low,weak α=1.5 (97% in first 3)
cs_sigma0.75_weak_sparse_a1.5,20,20,cs,100,500,0.75,3.0,weak_sparse,1.5,10,3,1.0,0.8937182721336322,cocolasso_max,reweighted_frobenius,11.250592359707886,11.237506341099978,5.939221226322844,5.938467668618901,22.019124554935843,6.034316095057875,0.01308601860790759,0.0007535577039430308,15.984808459877968,3.648984277268733,low,weak α=1.5 (97% in first 3)
cs_sigma0.75_weak_sparse_a1.5,21,21,cs,100,500,0.75,3.0,weak_sparse,1.5,10,3,1.0,0.8937182721336322,cocolasso_max,reweighted_frobenius,5.133353060818139,5.297540769766707,2.5868633132273366,2.665641632338286,23.42541429703124,11.693511766963638,-0.16418770894856838,-0.07877831911094946,11.7319025300676,2.0032830824365715,low,weak α=1.5 (97% in first 3)
cs_sigma0.75_weak_sparse_a1.5,22,22,cs,100,500,0.75,3.0,weak_sparse,1.5,10,3,1.0,0.8937182721336322,cocolasso_max,reweighted_frobenius,7.197379760559919,7.142444521064181,4.508451694989364,4.473379488172343,21.09812395100016,5.228017320041545,0.05493523949573742,0.035072206817020835,15.870106630958617,4.0355879981729865,low,weak α=1.5 (97% in first 3)
cs_sigma0.75_weak_sparse_a1.5,23,23,cs,100,500,0.75,3.0,weak_sparse,1.5,10,3,1.0,0.8937182721336322,cocolasso_max,reweighted_frobenius,3.75636528933328,3.763541926867294,1.9071466947486384,1.908322718090946,20.365796932950616,11.282913145027123,-0.007176637534013874,-0.0011760233423074862,9.082883787923492,1.805012293471985,low,weak α=1.5 (97% in first 3)
cs_sigma0.75_weak_sparse_a1.5,24,24,cs,100,500,0.75,3.0,weak_sparse,1.5,10,3,1.0,0.8937182721336322,cocolasso_max,reweighted_frobenius,6.709256408323952,6.759079357249571,3.6509528134224167,3.683600709064164,22.487327644019388,10.649889132007957,-0.04982294892561878,-0.032647895641747304,11.837438512011431,2.111508144853295,low,weak α=1.5 (97% in first 3)
cs_sigma0.75_weak_sparse_a1.5,25,25,cs,100,500,0.75,3.0,weak_sparse,1.5,10,3,1.0,0.8937182721336322,cocolasso_max,reweighted_frobenius,4.960379847960997,4.941258695097824,2.5744673346308438,2.5667683486007298,23.21573064988479,11.910253799054772,0.019121152863172952,0.007698986030113986,11.305476850830019,1.949222161137091,low,weak α=1.5 (97% in first 3)
cs_sigma0.75_weak_sparse_a1.5,26,26,cs,100,500,0.75,3.0,weak_sparse,1.5,10,3,1.0,0.8937182721336322,cocolasso_max,reweighted_frobenius,4.522955021055186,4.609863233242637,2.322698418237533,2.3699267025787782,23.195430892985318,10.851980058010668,-0.08690821218745093,-0.047228284341245264,12.34345083497465,2.1374376628957235,low,weak α=1.5 (97% in first 3)
cs_sigma0.75_weak_sparse_a1.5,27,27,cs,100,500,0.75,3.0,weak_sparse,1.5,10,3,1.0,0.8937182721336322,cocolasso_max,reweighted_frobenius,7.617188446842854,7.739856275723573,4.025421025603111,4.092264456106542,19.439727859920826,8.399843415012583,-0.12266782888071948,-0.06684343050343067,11.039884444908243,2.314296457619348,low,weak α=1.5 (97% in first 3)
cs_sigma0.75_weak_sparse_a1.5,28,28,cs,100,500,0.75,3.0,weak_sparse,1.5,10,3,1.0,0.8937182721336322,cocolasso_max,reweighted_frobenius,7.508361976815554,7.43530646406375,4.104300765643732,4.067834516255831,22.145942213013768,10.064167908974923,0.07305551275180378,0.03646624938790044,12.081774304038845,2.2004742382392766,low,weak α=1.5 (97% in first 3)
cs_sigma0.75_weak_sparse_a1.5,29,29,cs,100,500,0.75,3.0,weak_sparse,1.5,10,3,1.0,0.8937182721336322,cocolasso_max,reweighted_frobenius,6.93107206539362,6.828404641739782,3.712136841014036,3.664968843932054,23.236320917028934,6.110219488968141,0.10266742365383763,0.04716799708198183,17.126101428060792,3.802861903566896,low,weak α=1.5 (97% in first 3)
cs_sigma0.75_weak_sparse_a1.5,30,30,cs,100,500,0.75,3.0,weak_sparse,1.5,10,3,1.0,0.8937182721336322,cocolasso_max,reweighted_frobenius,11.211575311494236,11.209490719437127,5.6803507639242605,5.681279641791741,23.21133937407285,9.5887880459195,0.0020845920571090915,-0.0009288778674800824,13.62255132815335,2.4206749865485255,low,weak α=1.5 (97% in first 3)
cs_sigma0.75_weak_sparse_a1.5,31,31,cs,100,500,0.75,3.0,weak_sparse,1.5,10,3,1.0,0.8937182721336322,cocolasso_max,reweighted_frobenius,8.046943133336075,7.994876402054403,4.057697775090392,4.02367437446795,20.45835893799085,10.155657788040116,0.052066731281672496,0.034023400622442246,10.302701149950735,2.0144789599038857,low,weak α=1.5 (97% in first 3)
cs_sigma0.75_weak_sparse_a1.5,32,32,cs,100,500,0.75,3.0,weak_sparse,1.5,10,3,1.0,0.8937182721336322,cocolasso_max,reweighted_frobenius,6.304525027007764,6.292820255417903,3.506430585405705,3.5042841996021448,21.067639596993104,9.60737701295875,0.011704771589861274,0.0021463858035604133,11.460262584034353,2.192860711990002,low,weak α=1.5 (97% in first 3)
cs_sigma0.75_weak_sparse_a1.5,33,33,cs,100,500,0.75,3.0,weak_sparse,1.5,10,3,1.0,0.8937182721336322,cocolasso_max,reweighted_frobenius,6.400516623508377,6.2870614682725625,3.2412134930874763,3.1851424905888,22.35479159303941,8.672287068911828,0.11345515523581451,0.05607100249867614,13.68250452412758,2.5777273532810323,low,weak α=1.5 (97% in first 3)
cs_sigma0.75_weak_sparse_a1.5,34,34,cs,100,500,0.75,3.0,weak_sparse,1.5,10,3,1.0,0.8937182721336322,cocolasso_max,reweighted_frobenius,7.629049296636941,7.588404753534658,3.839023727768292,3.819682209686016,23.4536657910794,11.107707508956082,0.040644543102282604,0.01934151808227602,12.345958282123316,2.1114767176007145,low,weak α=1.5 (97% in first 3)
cs_sigma0.75_weak_sparse_a1.5,35,35,cs,100,500,0.75,3.0,weak_sparse,1.5,10,3,1.0,0.8937182721336322,cocolasso_max,reweighted_frobenius,6.667155350451624,6.589184804855231,3.538877033312749,3.499576123735193,19.92124368296936,7.756190635962412,0.07797054559639349,0.03930090957755583,12.16505304700695,2.56843141407618,low,weak α=1.5 (97% in first 3)
cs_sigma0.75_weak_sparse_a1.5,36,36,cs,100,500,0.75,3.0,weak_sparse,1.5,10,3,1.0,0.8937182721336322,cocolasso_max,reweighted_frobenius,10.777164366656775,10.787825076043465,5.438401703065573,5.449433076414417,22.257272638962604,9.57318202604074,-0.010660709386689504,-0.011031373348844298,12.684090612921864,2.324960768365096,low,weak α=1.5 (97% in first 3)
cs_sigma0.75_weak_sparse_a1.5,37,37,cs,100,500,0.75,3.0,weak_sparse,1.5,10,3,1.0,0.8937182721336322,cocolasso_max,reweighted_frobenius,6.493636065969225,6.4745041378240415,3.49088890428817,3.4877859155221334,23.27099707198795,10.962215367006138,0.019131928145183608,0.0031029887660367628,12.308781704981811,2.1228370628466706,low,weak α=1.5 (97% in first 3)
cs_sigma0.75_weak_sparse_a1.5,38,38,cs,100,500,0.75,3.0,weak_sparse,1.5,10,3,1.0,0.8937182721336322,cocolasso_max,reweighted_frobenius,6.362975619759596,6.441758058803397,3.2742285120657617,3.321671484174162,21.799280466977507,13.035842078039424,-0.07878243904380078,-0.047442972108400205,8.763438388938082,1.6722571765195926,low,weak α=1.5 (97% in first 3)
cs_sigma0.75_weak_sparse_a1.5,39,39,cs,100,500,0.75,3.0,weak_sparse,1.5,10,3,1.0,0.8937182721336322,cocolasso_max,reweighted_frobenius,6.686711801607541,6.955873061457495,3.6226021068944094,3.775398965300695,22.456848729983903,9.33170802006498,-0.26916125984995354,-0.15279685840628554,13.125140709918924,2.406510006710168,low,weak α=1.5 (97% in first 3)
cs_sigma0.75_weak_sparse_a1.5,40,40,cs,100,500,0.75,3.0,weak_sparse,1.5,10,3,1.0,0.8937182721336322,cocolasso_max,reweighted_frobenius,6.174176205657231,6.1992167388655,3.401713205690665,3.418697253793036,20.67716543492861,9.308508915011773,-0.025040533208269267,-0.016984048102370863,11.368656519916838,2.2213187550997215,low,weak α=1.5 (97% in first 3)
cs_sigma0.75_weak_sparse_a1.5,41,41,cs,100,500,0.75,3.0,weak_sparse,1.5,10,3,1.0,0.8937182721336322,cocolasso_max,reweighted_frobenius,5.663674150432327,5.74727868167132,3.2110194845468456,3.257426740963528,20.802193038049158,9.633881489979103,-0.08360453123899259,-0.04640725641668242,11.168311548070054,2.159274333993731,low,weak α=1.5 (97% in first 3)
cs_sigma0.75_weak_sparse_a1.5,42,42,cs,100,500,0.75,3.0,weak_sparse,1.5,10,3,1.0,0.8937182721336322,cocolasso_max,reweighted_frobenius,10.185542102835887,10.218971604745771,5.454208736801753,5.469019008087999,22.637697208905596,6.694925379008055,-0.03342950190988425,-0.01481027128624568,15.942771829897541,3.3813218112760626,low,weak α=1.5 (97% in first 3)
cs_sigma0.75_weak_sparse_a1.5,43,43,cs,100,500,0.75,3.0,weak_sparse,1.5,10,3,1.0,0.8937182721336322,cocolasso_max,reweighted_frobenius,5.889103257806388,5.864395446571415,3.205412631501967,3.193088940702735,22.774629377992824,11.11652572802268,0.024707811234972787,0.012323690799231901,11.658103649970144,2.048718271805214,low,weak α=1.5 (97% in first 3)
cs_sigma0.75_weak_sparse_a1.5,44,44,cs,100,500,0.75,3.0,weak_sparse,1.5,10,3,1.0,0.8937182721336322,cocolasso_max,reweighted_frobenius,6.136066102819982,6.331207815664592,3.409306794773737,3.5177219889210614,22.954368276055902,8.456465959083289,-0.19514171284460957,-0.10841519414732437,14.497902316972613,2.7144162096933737,low,weak α=1.5 (97% in first 3)
cs_sigma0.75_weak_sparse_a1.5,45,45,cs,100,500,0.75,3.0,weak_sparse,1.5,10,3,1.0,0.8937182721336322,cocolasso_max,reweighted_frobenius,9.709925936412104,9.78015652490609,5.107375333269452,5.145505113475788,22.456477348925542,9.74670512904413,-0.07023058849398645,-0.03812978020633562,12.709772219881412,2.304007051778725,low,weak α=1.5 (97% in first 3)
cs_sigma0.75_weak_sparse_a1.5,46,46,cs,100,500,0.75,3.0,weak_sparse,1.5,10,3,1.0,0.8937182721336322,cocolasso_max,reweighted_frobenius,4.288031077212246,4.80101960512796,2.238359606026571,2.4798942398582704,20.965964543051086,12.063585837953724,-0.5129885279157147,-0.24153463383169926,8.902378705097362,1.737954603604613,low,weak α=1.5 (97% in first 3)
cs_sigma0.75_weak_sparse_a1.5,47,47,cs,100,500,0.75,3.0,weak_sparse,1.5,10,3,1.0,0.8937182721336322,cocolasso_max,reweighted_frobenius,6.133850486966483,6.092736495263647,3.13443104292046,3.1133558806969406,23.04791986302007,8.808506703004241,0.041113991702835584,0.02107516222351924,14.239413160015829,2.616552457768956,low,weak α=1.5 (97% in first 3)
cs_sigma0.75_weak_sparse_a1.5,48,48,cs,100,500,0.75,3.0,weak_sparse,1.5,10,3,1.0,0.8937182721336322,cocolasso_max,reweighted_frobenius,7.316469405033929,7.43455108373929,4.278396439721294,4.352726253537916,23.104393340996467,6.874877027003095,-0.11808167870536135,-0.07432981381662174,16.229516313993372,3.360699144180643,low,weak α=1.5 (97% in first 3)
cs_sigma0.75_weak_sparse_a1.5,49,49,cs,100,500,0.75,3.0,weak_sparse,1.5,10,3,1.0,0.8937182721336322,cocolasso_max,reweighted_frobenius,5.612555180837384,5.595509866819119,2.897540552688541,2.889475447326884,22.19553984003141,13.743254720931873,0.017045314018264257,0.008065105361656943,8.452285119099539,1.6150133495107355,low,weak α=1.5 (97% in first 3)
cs_sigma0.75_weak_sparse_a1.5,50,50,cs,100,500,0.75,3.0,weak_sparse,1.5,10,3,1.0,0.8937182721336322,cocolasso_max,reweighted_frobenius,7.365622494614215,7.533168836235478,4.17711305160612,4.270109818899865,22.758096606936306,8.41415515798144,-0.16754634162126347,-0.09299676729374529,14.343941448954865,2.7047393564342097,low,weak α=1.5 (97% in first 3)
cs_sigma0.75_weak_sparse_a1.5,51,51,cs,100,500,0.75,3.0,weak_sparse,1.5,10,3,1.0,0.8937182721336322,cocolasso_max,reweighted_frobenius,6.817298330161265,6.833036280972972,3.539732187100177,3.554609376892744,22.762933411984704,9.258574475999922,-0.015737950811707258,-0.014877189792566803,13.504358935984783,2.4585786365914952,low,weak α=1.5 (97% in first 3)
cs_sigma0.75_weak_sparse_a1.5,52,52,cs,100,500,0.75,3.0,weak_sparse,1.5,10,3,1.0,0.8937182721336322,cocolasso_max,reweighted_frobenius,8.372243036766454,8.386678034515993,5.1703774013123605,5.188974885163204,23.91255475091748,10.01546414999757,-0.014434997749539491,-0.018597483850843588,13.89709060091991,2.3875633113741697,low,weak α=1.5 (97% in first 3)
cs_sigma0.75_weak_sparse_a1.5,53,53,cs,100,500,0.75,3.0,weak_sparse,1.5,10,3,1.0,0.8937182721336322,cocolasso_max,reweighted_frobenius,5.597216558444427,5.756105959406493,2.887385232298556,2.973265812979069,21.421691340976395,10.18528034503106,-0.1588894009620656,-0.08588058068051296,11.236410995945334,2.103200954250324,low,weak α=1.5 (97% in first 3)
cs_sigma0.75_weak_sparse_a1.5,54,54,cs,100,500,0.75,3.0,weak_sparse,1.5,10,3,1.0,0.8937182721336322,cocolasso_max,reweighted_frobenius,6.14779264246253,6.055891610820008,3.2958683364178456,3.248280943901532,22.41860295308288,7.8122035230044276,0.09190103164252239,0.04758739251631372,14.60639943007845,2.8696900800225316,low,weak α=1.5 (97% in first 3)
cs_sigma0.75_weak_sparse_a1.5,55,55,cs,100,500,0.75,3.0,weak_sparse,1.5,10,3,1.0,0.8937182721336322,cocolasso_max,reweighted_frobenius,9.29610223824499,9.333602504328312,4.6489782832687885,4.668247832105142,23.716521561029367,11.453803244046869,-0.03750026608332213,-0.019269548836353678,12.262718316982498,2.0706241460325474,low,weak α=1.5 (97% in first 3)
cs_sigma0.75_weak_sparse_a1.5,56,56,cs,100,500,0.75,3.0,weak_sparse,1.5,10,3,1.0,0.8937182721336322,cocolasso_max,reweighted_frobenius,5.810102775859824,5.828412687706065,3.0427840783377897,3.0540224692562257,23.736310863983817,8.304884223034605,-0.018309911846240645,-0.011238390918435925,15.431426640949212,2.8581146017843664,low,weak α=1.5 (97% in first 3)
cs_sigma0.75_weak_sparse_a1.5,57,57,cs,100,500,0.75,3.0,weak_sparse,1.5,10,3,1.0,0.8937182721336322,cocolasso_max,reweighted_frobenius,9.717502709523332,9.473324048148138,4.927903039556317,4.814518129794642,21.47999379003886,11.23104163305834,0.2441786613751944,0.11338490976167481,10.248952156980522,1.9125557977465726,low,weak α=1.5 (97% in first 3)
cs_sigma0.75_weak_sparse_a1.5,58,58,cs,100,500,0.75,3.0,weak_sparse,1.5,10,3,1.0,0.8937182721336322,cocolasso_max,reweighted_frobenius,7.449403176161584,7.349610221100662,3.951196246944462,3.905692290720876,22.419872345984917,8.909772736951709,0.09979295506092178,0.04550395622358616,13.510099609033208,2.51632370520546,low,weak α=1.5 (97% in first 3)
cs_sigma0.75_weak_sparse_a1.5,59,59,cs,100,500,0.75,3.0,weak_sparse,1.5,10,3,1.0,0.8937182721336322,cocolasso_max,reweighted_frobenius,6.656562776070151,6.514123222145488,3.654043069135134,3.5882066881701635,23.48188450897578,6.677176635013893,0.142439553924663,0.06583638096497069,16.80470787396189,3.516738554712043,low,weak α=1.5 (97% in first 3)
cs_sigma0.75_weak_sparse_a1.5,60,60,cs,100,500,0.75,3.0,weak_sparse,1.5,10,3,1.0,0.8937182721336322,cocolasso_max,reweighted_frobenius,7.930805426423977,7.996395384688036,4.090001259708097,4.127986956121235,23.76160455297213,9.535521397017874,-0.06558995826405845,-0.03798569641313776,14.226083155954257,2.4919040672913075,low,weak α=1.5 (97% in first 3)
cs_sigma0.75_weak_sparse_a1.5,61,61,cs,100,500,0.75,3.0,weak_sparse,1.5,10,3,1.0,0.8937182721336322,cocolasso_max,reweighted_frobenius,8.60242461768275,8.593539759735338,4.404449893085142,4.401346536456608,21.609594102948904,11.30697808007244,0.008884857947412783,0.003103356628534115,10.302616022876464,1.9111732551276386,low,weak α=1.5 (97% in first 3)
cs_sigma0.75_weak_sparse_a1.5,62,62,cs,100,500,0.75,3.0,weak_sparse,1.5,10,3,1.0,0.8937182721336322,cocolasso_max,reweighted_frobenius,4.945027010913546,5.137652130244598,2.4726977330362936,2.568838813057304,22.53559260594193,14.335612531984223,-0.1926251193310522,-0.09614108002101052,8.199980073957706,1.5720006770316028,low,weak α=1.5 (97% in first 3)
cs_sigma0.75_weak_sparse_a1.5,63,63,cs,100,500,0.75,3.0,weak_sparse,1.5,10,3,1.0,0.8937182721336322,cocolasso_max,reweighted_frobenius,5.776590960940814,5.90488188375209,2.9107701824709924,2.978526376702758,23.321390431025065,9.32453763508238,-0.12829092281127608,-0.06775619423176549,13.996852795942685,2.5010774092734973,low,weak α=1.5 (97% in first 3)
cs_sigma0.75_weak_sparse_a1.5,64,64,cs,100,500,0.75,3.0,weak_sparse,1.5,10,3,1.0,0.8937182721336322,cocolasso_max,reweighted_frobenius,10.039319116549793,9.998710145644964,5.191616275503286,5.175793971249311,24.803715756046586,11.21037832496222,0.04060897090482918,0.015822304253974906,13.593337431084366,2.212567233419411,low,weak α=1.5 (97% in first 3)
cs_sigma0.75_weak_sparse_a1.5,65,65,cs,100,500,0.75,3.0,weak_sparse,1.5,10,3,1.0,0.8937182721336322,cocolasso_max,reweighted_frobenius,3.735879624913653,3.8164751080903887,2.0274086257102777,2.081566125796081,21.60635733196977,6.611765623092651,-0.0805954831767357,-0.054157500085803445,14.99459170887712,3.267864979440001,low,weak α=1.5 (97% in first 3)
cs_sigma0.75_weak_sparse_a1.5,66,66,cs,100,500,0.75,3.0,weak_sparse,1.5,10,3,1.0,0.8937182721336322,cocolasso_max,reweighted_frobenius,5.741593497425761,5.653212158600281,3.3306150655946265,3.2902959649805075,23.36130620993208,11.93561539601069,0.08838133882547972,0.04031910061411903,11.425690813921392,1.9572770598607145,low,weak α=1.5 (97% in first 3)
cs_sigma0.75_weak_sparse_a1.5,67,67,cs,100,500,0.75,3.0,weak_sparse,1.5,10,3,1.0,0.8937182721336322,cocolasso_max,reweighted_frobenius,11.161056717684966,11.155649830795412,6.369940739746887,6.376859771602104,23.50073125492781,7.863096895045601,0.005406886889554485,-0.006919031855217028,15.63763435988221,2.988737334489062,low,weak α=1.5 (97% in first 3)
cs_sigma0.75_weak_sparse_a1.5,68,68,cs,100,500,0.75,3.0,weak_sparse,1.5,10,3,1.0,0.8937182721336322,cocolasso_max,reweighted_frobenius,6.80753112728122,6.705853585642823,3.5543558098757764,3.507506670399562,23.8320684239734,9.012634665006772,0.10167754163839682,0.046849139476214496,14.819433758966628,2.6442954041514444,low,weak α=1.5 (97% in first 3)
cs_sigma0.75_weak_sparse_a1.5,69,69,cs,100,500,0.75,3.0,weak_sparse,1.5,10,3,1.0,0.8937182721336322,cocolasso_max,reweighted_frobenius,7.581148516652627,7.438564240140066,3.799818147320798,3.7295056432818185,22.510386609938,9.245745850959793,0.14258427651256156,0.07031250403897937,13.264640758978206,2.4346750357193967,low,weak α=1.5 (97% in first 3)
cs_sigma0.75_weak_sparse_a1.5,70,70,cs,100,500,0.75,3.0,weak_sparse,1.5,10,3,1.0,0.8937182721336322,cocolasso_max,reweighted_frobenius,7.743937131282811,7.8148278323765235,4.172548689267356,4.211811939469594,23.017283861991015,8.745829088031314,-0.07089070109371232,-0.03926325020223764,14.2714547739597,2.631801242662084,low,weak α=1.5 (97% in first 3)
cs_sigma0.75_weak_sparse_a1.5,71,71,cs,100,500,0.75,3.0,weak_sparse,1.5,10,3,1.0,0.8937182721336322,cocolasso_max,reweighted_frobenius,5.782395588099243,5.816398054443904,2.90517974154285,2.9245146689942256,23.70882592210546,10.147231612005273,-0.03400246634466075,-0.01933492745137544,13.561594310100189,2.336482188309899,low,weak α=1.5 (97% in first 3)
cs_sigma0.75_weak_sparse_a1.5,72,72,cs,100,500,0.75,3.0,weak_sparse,1.5,10,3,1.0,0.8937182721336322,cocolasso_max,reweighted_frobenius,10.902690222021572,10.892146478408977,6.192541019696961,6.187895014465735,23.72710605105385,10.113933839951642,0.01054374361259569,0.004646005231225381,13.613172211102206,2.3459819321071707,low,weak α=1.5 (97% in first 3)
cs_sigma0.75_weak_sparse_a1.5,73,73,cs,100,500,0.75,3.0,weak_sparse,1.5,10,3,1.0,0.8937182721336322,cocolasso_max,reweighted_frobenius,7.354270781201588,7.450260638953734,4.4595795304284245,4.520582370015062,23.843309900024902,12.150593438069336,-0.09598985775214519,-0.06100283958663777,11.692716461955566,1.962316492733665,low,weak α=1.5 (97% in first 3)
cs_sigma0.75_weak_sparse_a1.5,74,74,cs,100,500,0.75,3.0,weak_sparse,1.5,10,3,1.0,0.8937182721336322,cocolasso_max,reweighted_frobenius,3.099573099401186,3.1160511172980074,1.6066130779548926,1.619328724013969,21.10034781100694,52.45927694498096,-0.016478017896821573,-0.01271564605907649,-31.358929133974016,0.40222338239882505,low,weak α=1.5 (97% in first 3)
cs_sigma0.75_weak_sparse_a1.5,75,75,cs,100,500,0.75,3.0,weak_sparse,1.5,10,3,1.0,0.8937182721336322,cocolasso_max,reweighted_frobenius,6.564716768266655,6.776198246891927,3.2838442574197155,3.388814017566057,23.540432636043988,8.974305358948186,-0.2114814786252719,-0.10496976014634152,14.566127277095802,2.6230924505563062,low,weak α=1.5 (97% in first 3)
cs_sigma0.75_weak_sparse_a1.5,76,76,cs,100,500,0.75,3.0,weak_sparse,1.5,10,3,1.0,0.8937182721336322,cocolasso_max,reweighted_frobenius,3.610369734461717,3.832990507243733,1.8868415087595165,2.032299886186552,23.467958559980616,5.606831984012388,-0.22262077278201575,-0.1454583774270357,17.86112657596823,4.18560046509301,low,weak α=1.5 (97% in first 3)
cs_sigma0.75_weak_sparse_a1.5,77,77,cs,100,500,0.75,3.0,weak_sparse,1.5,10,3,1.0,0.8937182721336322,cocolasso_max,reweighted_frobenius,6.386113549061758,6.449569133859546,3.44617459599693,3.4834610647130355,21.191698999959044,9.471484861918723,-0.06345558479778823,-0.037286468716105414,11.72021413804032,2.237420986139448,low,weak α=1.5 (97% in first 3)
cs_sigma0.75_weak_sparse_a1.5,78,78,cs,100,500,0.75,3.0,weak_sparse,1.5,10,3,1.0,0.8937182721336322,cocolasso_max,reweighted_frobenius,6.60764679399791,6.581085091803456,3.74948606469654,3.748219863798285,22.783372623031028,7.5625953109702095,0.02656170219445375,0.001266200898255132,15.220777312060818,3.0126394030342656,low,weak α=1.5 (97% in first 3)
cs_sigma0.75_weak_sparse_a1.5,79,79,cs,100,500,0.75,3.0,weak_sparse,1.5,10,3,1.0,0.8937182721336322,cocolasso_max,reweighted_frobenius,7.3953685457380605,7.381821010530452,3.9011164342815072,3.8990361208940736,20.93167015491053,8.268696038983762,0.013547535207608874,0.002080313387433641,12.662974115926769,2.531435435070494,low,weak α=1.5 (97% in first 3)
cs_sigma0.75_weak_sparse_a1.5,80,80,cs,100,500,0.75,3.0,weak_sparse,1.5,10,3,1.0,0.8937182721336322,cocolasso_max,reweighted_frobenius,4.791123928271263,4.829079762156953,2.4275287311928717,2.4449581308613446,23.421437488985248,14.01148634403944,-0.03795583388568957,-0.0174293996684729,9.409951144945808,1.671588360712984,low,weak α=1.5 (97% in first 3)
cs_sigma0.75_weak_sparse_a1.5,81,81,cs,100,500,0.75,3.0,weak_sparse,1.5,10,3,1.0,0.8937182721336322,cocolasso_max,reweighted_frobenius,7.040385163907555,6.990748754484022,4.202845618778728,4.182359501300458,22.8932996270014,7.196243286016397,0.04963640942353287,0.020486117478269783,15.697056340985004,3.1812848339198347,low,weak α=1.5 (97% in first 3)
cs_sigma0.75_weak_sparse_a1.5,82,82,cs,100,500,0.75,3.0,weak_sparse,1.5,10,3,1.0,0.8937182721336322,cocolasso_max,reweighted_frobenius,6.754977195633797,6.788569941573999,4.369917109019584,4.399916136482905,22.798359796986915,10.204685717006214,-0.033592745940201674,-0.029999027463321504,12.593674079980701,2.2341070003746624,low,weak α=1.5 (97% in first 3)
cs_sigma0.75_weak_sparse_a1.5,83,83,cs,100,500,0.75,3.0,weak_sparse,1.5,10,3,1.0,0.8937182721336322,cocolasso_max,reweighted_frobenius,8.085240265585991,8.029731822182633,4.390777599545667,4.366927323013109,23.082309829071164,8.627065571025014,0.05550844340335814,0.023850276532558112,14.45524425804615,2.675569072593553,low,weak α=1.5 (97% in first 3)
cs_sigma0.75_weak_sparse_a1.5,84,84,cs,100,500,0.75,3.0,weak_sparse,1.5,10,3,1.0,0.8937182721336322,cocolasso_max,reweighted_frobenius,7.309171319445561,7.2491593040606785,4.028722898538586,3.9978715855076072,22.4747639229754,8.738022463978268,0.06001201538488221,0.030851313030978655,13.73674145899713,2.572065248816382,low,weak α=1.5 (97% in first 3)
cs_sigma0.75_weak_sparse_a1.5,85,85,cs,100,500,0.75,3.0,weak_sparse,1.5,10,3,1.0,0.8937182721336322,cocolasso_max,reweighted_frobenius,11.260768969524229,11.25188459323742,5.827990604481447,5.823388205778319,23.04617839492857,9.9760321599897,0.008884376286808049,0.004602398703127619,13.070146234938871,2.3101547815130905,low,weak α=1.5 (97% in first 3)
cs_sigma0.75_weak_sparse_a1.5,86,86,cs,100,500,0.75,3.0,weak_sparse,1.5,10,3,1.0,0.8937182721336322,cocolasso_max,reweighted_frobenius,4.982748024245115,5.078488886554787,2.6944756735993005,2.743075630981883,23.897587778046727,8.802301251911558,-0.09574086230967183,-0.04859995738258238,15.095286526135169,2.714925005873548,low,weak α=1.5 (97% in first 3)
cs_sigma0.75_weak_sparse_a1.5,87,87,cs,100,500,0.75,3.0,weak_sparse,1.5,10,3,1.0,0.8937182721336322,cocolasso_max,reweighted_frobenius,4.221740554364669,4.254823434294791,2.2176300433984366,2.240087691317316,23.766985547961667,7.914565066923387,-0.03308287993012193,-0.02245764791887961,15.85242048103828,3.0029427197823972,low,weak α=1.5 (97% in first 3)
cs_sigma0.75_weak_sparse_a1.5,88,88,cs,100,500,0.75,3.0,weak_sparse,1.5,10,3,1.0,0.8937182721336322,cocolasso_max,reweighted_frobenius,10.754909422157636,10.787287299001964,6.0575373265230095,6.088452741295029,21.72745144495275,10.966091822949238,-0.03237787684432725,-0.030915414772019645,10.76135962200351,1.9813304316386193,low,weak α=1.5 (97% in first 3)
cs_sigma0.75_weak_sparse_a1.5,89,89,cs,100,500,0.75,3.0,weak_sparse,1.5,10,3,1.0,0.8937182721336322,cocolasso_max,reweighted_frobenius,5.80125524317952,5.880105110188784,3.0276152695181606,3.0733413490240262,23.37051392905414,13.105427479022184,-0.07884986700926344,-0.0457260795058656,10.265086450031957,1.7832698678820853,low,weak α=1.5 (97% in first 3)
cs_sigma0.75_weak_sparse_a1.5,90,90,cs,100,500,0.75,3.0,weak_sparse,1.5,10,3,1.0,0.8937182721336322,cocolasso_max,reweighted_frobenius,9.642236843387682,9.596251959989822,5.014376360566483,4.994154383059601,23.894817020045597,10.337531486991791,0.04598488339786044,0.020221977506881927,13.557285533053806,2.3114625624225265,low,weak α=1.5 (97% in first 3)
cs_sigma0.75_weak_sparse_a1.5,91,91,cs,100,500,0.75,3.0,weak_sparse,1.5,10,3,1.0,0.8937182721336322,cocolasso_max,reweighted_frobenius,7.290445570565604,7.289532747470332,4.5518612311366375,4.554802759175421,23.29844492208213,5.0345095549710095,0.00091282309527152,-0.0029415280387832254,18.26393536711112,4.627748674958328,low,weak α=1.5 (97% in first 3)
cs_sigma0.75_weak_sparse_a1.5,92,92,cs,100,500,0.75,3.0,weak_sparse,1.5,10,3,1.0,0.8937182721336322,cocolasso_max,reweighted_frobenius,9.818605436577144,9.841949196649288,4.962724116707727,4.9746508585755445,21.544338183943182,11.735066117020324,-0.023343760072144448,-0.011926741867817725,9.809272066922858,1.8358940605111436,low,weak α=1.5 (97% in first 3)
cs_sigma0.75_weak_sparse_a1.5,93,93,cs,100,500,0.75,3.0,weak_sparse,1.5,10,3,1.0,0.8937182721336322,cocolasso_max,reweighted_frobenius,6.790766895953063,6.729713962548862,4.5484815068903925,4.507073830338773,22.57591378397774,3.355307311983779,0.06105293340420115,0.04140767655161959,19.22060647199396,6.728419093936895,low,weak α=1.5 (97% in first 3)
cs_sigma0.75_weak_sparse_a1.5,94,94,cs,100,500,0.75,3.0,weak_sparse,1.5,10,3,1.0,0.8937182721336322,cocolasso_max,reweighted_frobenius,8.878157775637035,8.856727552907977,4.539063244999392,4.528995606642303,24.216517835040577,12.147945040022025,0.021430222729058812,0.010067638357089237,12.068572795018552,1.9934661998599783,low,weak α=1.5 (97% in first 3)
cs_sigma0.75_weak_sparse_a1.5,95,95,cs,100,500,0.75,3.0,weak_sparse,1.5,10,3,1.0,0.8937182721336322,cocolasso_max,reweighted_frobenius,7.724639507948682,7.716913249285158,3.910142210553997,3.915002262375374,23.160694437101483,13.303893106989564,0.007726258663524277,-0.004860051821377276,9.856801330111919,1.7408960107273697,low,weak α=1.5 (97% in first 3)
cs_sigma0.75_weak_sparse_a1.5,96,96,cs,100,500,0.75,3.0,weak_sparse,1.5,10,3,1.0,0.8937182721336322,cocolasso_max,reweighted_frobenius,3.983058013605839,3.895437199275032,2.1966594283736,2.1382980297810343,22.527928235009316,8.116856397944503,0.08762081433080704,0.05836139859256573,14.411071837064814,2.7754498947048325,low,weak α=1.5 (97% in first 3)
cs_sigma0.75_weak_sparse_a1.5,97,97,cs,100,500,0.75,3.0,weak_sparse,1.5,10,3,1.0,0.8937182721336322,cocolasso_max,reweighted_frobenius,9.252769015735804,9.244646808028278,5.01074798029483,5.024765628759685,23.44218228606041,8.92508519103285,0.00812220770752603,-0.014017648464855093,14.517097095027562,2.6265499750762134,low,weak α=1.5 (97% in first 3)
cs_sigma0.75_weak_sparse_a1.5,98,98,cs,100,500,0.75,3.0,weak_sparse,1.5,10,3,1.0,0.8937182721336322,cocolasso_max,reweighted_frobenius,7.899047548159278,7.945006510690975,3.949529575393599,3.972535696814501,23.999883873970248,12.233963659964502,-0.045958962531696734,-0.02300612142090186,11.765920214005746,1.9617422890105174,low,weak α=1.5 (97% in first 3)
cs_sigma0.75_weak_sparse_a1.5,99,99,cs,100,500,0.75,3.0,weak_sparse,1.5,10,3,1.0,0.8937182721336322,cocolasso_max,reweighted_frobenius,6.529203666443923,6.426596667699642,3.4388495078039063,3.381090516511184,23.89726378396153,7.5607000089949,0.10260699874428081,0.05775899129272233,16.33656377496663,3.160721064918746,low,weak α=1.5 (97% in first 3)
cs_sigma0.75_weak_sparse_a2.0,0,0,cs,100,500,0.75,3.0,weak_sparse,2.0,10,3,1.0,0.8793859844187413,cocolasso_max,reweighted_frobenius,6.522455503177151,6.540695524732073,3.686534079206672,3.693745547815246,17.256182634970173,6.149686934018973,-0.01824002155492188,-0.007211468608574023,11.1064957009512,2.8060261961486272,low,weak α=2.0 (99% in first 3)
cs_sigma0.75_weak_sparse_a2.0,1,1,cs,100,500,0.75,3.0,weak_sparse,2.0,10,3,1.0,0.8793859844187413,cocolasso_max,reweighted_frobenius,4.662507292314335,4.685346233872349,2.9189874642028766,2.937154217601031,17.267212492995895,6.986000821983907,-0.022838941558013914,-0.018166753398154434,10.281211671011988,2.4716877270696194,low,weak α=2.0 (99% in first 3)
cs_sigma0.75_weak_sparse_a2.0,2,2,cs,100,500,0.75,3.0,weak_sparse,2.0,10,3,1.0,0.8793859844187413,cocolasso_max,reweighted_frobenius,9.794401182649407,9.79485293740434,7.210381603985587,7.215416511659653,16.706632834975608,6.725483305985108,-0.00045175475493230977,-0.005034907674065892,9.9811495289905,2.4840791471607884,low,weak α=2.0 (99% in first 3)
cs_sigma0.75_weak_sparse_a2.0,3,3,cs,100,500,0.75,3.0,weak_sparse,2.0,10,3,1.0,0.8793859844187413,cocolasso_max,reweighted_frobenius,3.963557420350216,3.9806038936630648,2.059333543768916,2.066846411441523,16.205562233983073,8.259821019019,-0.017046473312848587,-0.007512867672606838,7.945741214964073,1.961974986705919,low,weak α=2.0 (99% in first 3)
cs_sigma0.75_weak_sparse_a2.0,4,4,cs,100,500,0.75,3.0,weak_sparse,2.0,10,3,1.0,0.8793859844187413,cocolasso_max,reweighted_frobenius,4.989157327538494,5.14031810037861,2.6668577514972065,2.7468642487670283,15.851042501977645,7.047722350980621,-0.1511607728401163,-0.08000649726982179,8.803320150997024,2.2491014419392004,low,weak α=2.0 (99% in first 3)
cs_sigma0.75_weak_sparse_a2.0,5,5,cs,100,500,0.75,3.0,weak_sparse,2.0,10,3,1.0,0.8793859844187413,cocolasso_max,reweighted_frobenius,4.9738036585076975,4.993845110647642,2.5284859292811235,2.5436026522340365,16.154441228020005,7.467816026997752,-0.020041452139944127,-0.015116722952912998,8.686625201022252,2.163208248518475,low,weak α=2.0 (99% in first 3)
cs_sigma0.75_weak_sparse_a2.0,6,6,cs,100,500,0.75,3.0,weak_sparse,2.0,10,3,1.0,0.8793859844187413,cocolasso_max,reweighted_frobenius,4.747573388235085,4.758397677586722,2.6809947648907886,2.688650638133227,16.21015230001649,7.914472258009482,-0.010824289351637262,-0.007655873242438549,8.295680042007007,2.0481659132245666,low,weak α=2.0 (99% in first 3)
cs_sigma0.75_weak_sparse_a2.0,7,7,cs,100,500,0.75,3.0,weak_sparse,2.0,10,3,1.0,0.8793859844187413,cocolasso_max,reweighted_frobenius,5.289870515716504,5.170752229180909,3.154220707310264,3.0899698814715317,16.2956434719963,6.385311279038433,0.11911828653559464,0.06425082583873243,9.910332192957867,2.5520515382689797,low,weak α=2.0 (99% in first 3)
cs_sigma0.75_weak_sparse_a2.0,8,8,cs,100,500,0.75,3.0,weak_sparse,2.0,10,3,1.0,0.8793859844187413,cocolasso_max,reweighted_frobenius,4.796515805892076,4.813647128328391,2.975774646562681,2.991281422745686,16.561602948000655,4.232247559004463,-0.01713132243631499,-0.015506776183004778,12.329355388996191,3.9131933368983693,low,weak α=2.0 (99% in first 3)
cs_sigma0.75_weak_sparse_a2.0,9,9,cs,100,500,0.75,3.0,weak_sparse,2.0,10,3,1.0,0.8793859844187413,cocolasso_max,reweighted_frobenius,6.466276662969121,6.367816091824504,3.2803818910180285,3.234323422341203,16.905414982989896,5.263722735980991,0.09846057114461715,0.04605846867682528,11.641692247008905,3.2116841693484948,low,weak α=2.0 (99% in first 3)
cs_sigma0.75_weak_sparse_a2.0,10,10,cs,100,500,0.75,3.0,weak_sparse,2.0,10,3,1.0,0.8793859844187413,cocolasso_max,reweighted_frobenius,4.684117397156864,4.395343377214923,2.34916641938731,2.206524041580685,16.891229447966907,8.500955658964813,0.2887740199419415,0.14264237780662503,8.390273789002094,1.9869800673708964,low,weak α=2.0 (99% in first 3)
cs_sigma0.75_weak_sparse_a2.0,11,11,cs,100,500,0.75,3.0,weak_sparse,2.0,10,3,1.0,0.8793859844187413,cocolasso_max,reweighted_frobenius,5.081865540210998,5.167903748815979,2.7375845377720123,2.789161583136472,16.756328045972623,5.064147536002565,-0.08603820860498068,-0.05157704536445973,11.692180509970058,3.3088151415113383,low,weak α=2.0 (99% in first 3)
cs_sigma0.75_weak_sparse_a2.0,12,12,cs,100,500,0.75,3.0,weak_sparse,2.0,10,3,1.0,0.8793859844187413,cocolasso_max,reweighted_frobenius,5.025300615484806,5.030470483761765,2.548605321149682,2.5515712589542434,16.679294825007673,6.974020732042845,-0.0051698682769592,-0.002965937804561225,9.705274092964828,2.3916325267536074,low,weak α=2.0 (99% in first 3)
cs_sigma0.75_weak_sparse_a2.0,13,13,cs,100,500,0.75,3.0,weak_sparse,2.0,10,3,1.0,0.8793859844187413,cocolasso_max,reweighted_frobenius,6.818442538606709,6.790014638731679,4.098755308838356,4.0844956235052985,16.783893148996867,6.277070911019109,0.02842789987502936,0.014259685333057881,10.506822237977758,2.6738415714777917,low,weak α=2.0 (99% in first 3)
cs_sigma0.75_weak_sparse_a2.0,14,14,cs,100,500,0.75,3.0,weak_sparse,2.0,10,3,1.0,0.8793859844187413,cocolasso_max,reweighted_frobenius,6.628745160706859,6.7038363741798825,3.4039088111701394,3.44592650338167,16.53548005904304,5.409491348022129,-0.07509121347302372,-0.04201769221153073,11.12598871102091,3.056753213051889,low,weak α=2.0 (99% in first 3)
cs_sigma0.75_weak_sparse_a2.0,15,15,cs,100,500,0.75,3.0,weak_sparse,2.0,10,3,1.0,0.8793859844187413,cocolasso_max,reweighted_frobenius,4.694153850893931,4.62552342222304,2.6723723673841846,2.649750433339652,16.57328678999329,4.530005902983248,0.06863042867089142,0.022621934044532388,12.043280887010042,3.658557437878592,low,weak α=2.0 (99% in first 3)
cs_sigma0.75_weak_sparse_a2.0,16,16,cs,100,500,0.75,3.0,weak_sparse,2.0,10,3,1.0,0.8793859844187413,cocolasso_max,reweighted_frobenius,5.586130559698178,5.513595580881495,3.214239866847779,3.1740922247147454,17.42051713098772,6.0168455190141685,0.07253497881668292,0.04014764213303357,11.40367161197355,2.8952907426218895,low,weak α=2.0 (99% in first 3)
cs_sigma0.75_weak_sparse_a2.0,17,17,cs,100,500,0.75,3.0,weak_sparse,2.0,10,3,1.0,0.8793859844187413,cocolasso_max,reweighted_frobenius,6.805743709411108,6.795206176888007,3.402967331859478,3.3977612762414404,16.719352349988185,5.4297916240175255,0.010537532523101412,0.005206055618037553,11.28956072597066,3.079188578072443,low,weak α=2.0 (99% in first 3)
cs_sigma0.75_weak_sparse_a2.0,18,18,cs,100,500,0.75,3.0,weak_sparse,2.0,10,3,1.0,0.8793859844187413,cocolasso_max,reweighted_frobenius,9.44904809094939,9.514361975477764,4.792184305899793,4.830828298561991,17.447853967023548,5.099656453006901,-0.06531388452837383,-0.03864399266219731,12.348197514016647,3.4213783080889306,low,weak α=2.0 (99% in first 3)
cs_sigma0.75_weak_sparse_a2.0,19,19,cs,100,500,0.75,3.0,weak_sparse,2.0,10,3,1.0,0.8793859844187413,cocolasso_max,reweighted_frobenius,3.580333925579248,3.778287656898749,1.858821405900116,1.97813179968605,17.167340499989223,5.635041936999187,-0.197953731319501,-0.11931039378593389,11.532298562990036,3.0465328726783705,low,weak α=2.0 (99% in first 3)
cs_sigma0.75_weak_sparse_a2.0,20,20,cs,100,500,0.75,3.0,weak_sparse,2.0,10,3,1.0,0.8793859844187413,cocolasso_max,reweighted_frobenius,10.21128303397256,10.203180709115363,5.482496308079874,5.485798331114097,16.658149517024867,6.538570509001147,0.008102324857196308,-0.0033020230342231116,10.11957900802372,2.547674525202852,low,weak α=2.0 (99% in first 3)
cs_sigma0.75_weak_sparse_a2.0,21,21,cs,100,500,0.75,3.0,weak_sparse,2.0,10,3,1.0,0.8793859844187413,cocolasso_max,reweighted_frobenius,4.089363092580178,4.23793998945146,2.050148078446344,2.1222139785048006,16.868501822988037,6.170527047012001,-0.1485768968712824,-0.07206590005845648,10.697974775976036,2.733721397616496,low,weak α=2.0 (99% in first 3)
cs_sigma0.75_weak_sparse_a2.0,22,22,cs,100,500,0.75,3.0,weak_sparse,2.0,10,3,1.0,0.8793859844187413,cocolasso_max,reweighted_frobenius,6.239545875659658,6.176749043605331,4.221363356492512,4.186756318593952,16.486796457029413,4.231392494984902,0.06279683205432729,0.03460703789856012,12.255403962044511,3.896305170595676,low,weak α=2.0 (99% in first 3)
cs_sigma0.75_weak_sparse_a2.0,23,23,cs,100,500,0.75,3.0,weak_sparse,2.0,10,3,1.0,0.8793859844187413,cocolasso_max,reweighted_frobenius,2.715804341818349,2.7361396640960254,1.3592073748569402,1.3687543926567378,16.111970755970106,5.915814585983753,-0.020335322277676315,-0.009547017799797608,10.196156169986352,2.7235422141430776,low,weak α=2.0 (99% in first 3)
cs_sigma0.75_weak_sparse_a2.0,24,24,cs,100,500,0.75,3.0,weak_sparse,2.0,10,3,1.0,0.8793859844187413,cocolasso_max,reweighted_frobenius,5.895162183159168,5.948255353605272,3.318810841465376,3.3544206414967848,16.607382602989674,5.86370182497194,-0.053093170446103954,-0.03560980003140868,10.743680778017733,2.8322351815815847,low,weak α=2.0 (99% in first 3)
cs_sigma0.75_weak_sparse_a2.0,25,25,cs,100,500,0.75,3.0,weak_sparse,2.0,10,3,1.0,0.8793859844187413,cocolasso_max,reweighted_frobenius,4.040464226633914,4.0190916238800805,2.1540571679155245,2.145841373739713,16.335574041004293,6.181341534014791,0.021372602753833903,0.008215794175811642,10.154232506989501,2.6427230967764226,low,weak α=2.0 (99% in first 3)
cs_sigma0.75_weak_sparse_a2.0,26,26,cs,100,500,0.75,3.0,weak_sparse,2.0,10,3,1.0,0.8793859844187413,cocolasso_max,reweighted_frobenius,3.3470638439133897,3.436596889795926,1.7350881914992715,1.7853385889874,16.62059288501041,5.812252442003228,-0.0895330458825363,-0.05025039748812854,10.808340443007182,2.8595786316676266,low,weak α=2.0 (99% in first 3)
cs_sigma0.75_weak_sparse_a2.0,27,27,cs,100,500,0.75,3.0,weak_sparse,2.0,10,3,1.0,0.8793859844187413,cocolasso_max,reweighted_frobenius,6.216268752190007,6.345589553826487,3.370377758933824,3.441424197024274,16.78410607704427,5.702875303977635,-0.12932080163648063,-0.07104643809044964,11.081230773066636,2.9430954005495638,low,weak α=2.0 (99% in first 3)
cs_sigma0.75_weak_sparse_a2.0,28,28,cs,100,500,0.75,3.0,weak_sparse,2.0,10,3,1.0,0.8793859844187413,cocolasso_max,reweighted_frobenius,6.552736404728181,6.480766594342467,3.7436545276523487,3.70787929038739,16.695355763018597,5.579545165994205,0.07196981038571426,0.0357752372649589,11.115810597024392,2.992243142823219,low,weak α=2.0 (99% in first 3)
cs_sigma0.75_weak_sparse_a2.0,29,29,cs,100,500,0.75,3.0,weak_sparse,2.0,10,3,1.0,0.8793859844187413,cocolasso_max,reweighted_frobenius,5.778820743121846,5.678237134921937,3.2393342043733844,3.193612689511489,16.530765429954045,3.266354649036657,0.10058360819990941,0.04572151486189524,13.264410780917387,5.060921793911585,low,weak α=2.0 (99% in first 3)
cs_sigma0.75_weak_sparse_a2.0,30,30,cs,100,500,0.75,3.0,weak_sparse,2.0,10,3,1.0,0.8793859844187413,cocolasso_max,reweighted_frobenius,9.772765349470946,9.785745564622898,5.003300191907372,5.012722396247873,17.422036095988005,6.156058616004884,-0.012980215151952024,-0.009422204340500784,11.265977479983121,2.8300633867736686,low,weak α=2.0 (99% in first 3)
cs_sigma0.75_weak_sparse_a2.0,31,31,cs,100,500,0.75,3.0,weak_sparse,2.0,10,3,1.0,0.8793859844187413,cocolasso_max,reweighted_frobenius,6.824125317619261,6.776864729696432,3.444716351590219,3.412238761047233,17.424202114983927,6.239694682008121,0.04726058792282917,0.03247759054298571,11.184507432975806,2.7924767160844954,low,weak α=2.0 (99% in first 3)
cs_sigma0.75_weak_sparse_a2.0,32,32,cs,100,500,0.75,3.0,weak_sparse,2.0,10,3,1.0,0.8793859844187413,cocolasso_max,reweighted_frobenius,5.544086026031612,5.53884660398138,3.2525649973429007,3.2491738268399506,17.04102479899302,5.088504147017375,0.005239422050231646,0.003391170502950125,11.952520651975647,3.3489261886485076,low,weak α=2.0 (99% in first 3)
cs_sigma0.75_weak_sparse_a2.0,33,33,cs,100,500,0.75,3.0,weak_sparse,2.0,10,3,1.0,0.8793859844187413,cocolasso_max,reweighted_frobenius,5.260375840662269,5.128318384241979,2.685564347969742,2.6209749655854035,17.347166871011723,5.048988567956258,0.13205745642029054,0.06458938238433864,12.298178303055465,3.4357706771424823,low,weak α=2.0 (99% in first 3)
cs_sigma0.75_weak_sparse_a2.0,34,34,cs,100,500,0.75,3.0,weak_sparse,2.0,10,3,1.0,0.8793859844187413,cocolasso_max,reweighted_frobenius,6.202154890481787,6.147621537200628,3.125669331767185,3.09951245847206,16.73974290798651,5.587356723030098,0.05453335328115916,0.02615687329512495,11.152386184956413,2.9960039671331966,low,weak α=2.0 (99% in first 3)
cs_sigma0.75_weak_sparse_a2.0,35,35,cs,100,500,0.75,3.0,weak_sparse,2.0,10,3,1.0,0.8793859844187413,cocolasso_max,reweighted_frobenius,5.405524398153725,5.322947109612053,2.973144528566092,2.9320231722756542,16.568756822962314,4.596059167990461,0.08257728854167201,0.04112135629043756,11.972697654971853,3.6049920632781336,low,weak α=2.0 (99% in first 3)
cs_sigma0.75_weak_sparse_a2.0,36,36,cs,100,500,0.75,3.0,weak_sparse,2.0,10,3,1.0,0.8793859844187413,cocolasso_max,reweighted_frobenius,10.018757887750615,10.025270244041948,5.103789172755241,5.113509947770085,16.523778956965543,5.693481605965644,-0.006512356291333177,-0.00972077501484403,10.8302973509999,2.9022275121872507,low,weak α=2.0 (99% in first 3)
cs_sigma0.75_weak_sparse_a2.0,37,37,cs,100,500,0.75,3.0,weak_sparse,2.0,10,3,1.0,0.8793859844187413,cocolasso_max,reweighted_frobenius,5.410959045529787,5.389181266894,3.0034466314354344,3.000654065816563,16.62319114996353,6.135589213983621,0.021777778635787115,0.0027925656188716452,10.48760193597991,2.709306404033311,low,weak α=2.0 (99% in first 3)
cs_sigma0.75_weak_sparse_a2.0,38,38,cs,100,500,0.75,3.0,weak_sparse,2.0,10,3,1.0,0.8793859844187413,cocolasso_max,reweighted_frobenius,5.220710281942374,5.296465845674092,2.766082490957173,2.8148169195241137,16.311074546014424,6.737636208999902,-0.07575556373171821,-0.04873442856694066,9.573438337014522,2.420889766091356,low,weak α=2.0 (99% in first 3)
cs_sigma0.75_weak_sparse_a2.0,39,39,cs,100,500,0.75,3.0,weak_sparse,2.0,10,3,1.0,0.8793859844187413,cocolasso_max,reweighted_frobenius,5.307696402906015,5.60889270188437,3.010197292457581,3.1803307819544004,16.23181971401209,5.487998939992394,-0.301196298978355,-0.1701334894968194,10.743820774019696,2.9576936678552976,low,weak α=2.0 (99% in first 3)
cs_sigma0.75_weak_sparse_a2.0,40,40,cs,100,500,0.75,3.0,weak_sparse,2.0,10,3,1.0,0.8793859844187413,cocolasso_max,reweighted_frobenius,4.923111307087762,4.950421313627599,2.8913981244198403,2.912236193532425,16.2860551289632,6.196939661051147,-0.02731000653983706,-0.020838069112584456,10.089115467912052,2.6280803137916466,low,weak α=2.0 (99% in first 3)
cs_sigma0.75_weak_sparse_a2.0,41,41,cs,100,500,0.75,3.0,weak_sparse,2.0,10,3,1.0,0.8793859844187413,cocolasso_max,reweighted_frobenius,4.565257227963717,4.644614532809287,2.77574382691183,2.82178489079787,16.51626247196691,6.769786452990957,-0.07935730484557002,-0.046041063886040234,9.746476018975955,2.4397021363458027,low,weak α=2.0 (99% in first 3)
cs_sigma0.75_weak_sparse_a2.0,42,42,cs,100,500,0.75,3.0,weak_sparse,2.0,10,3,1.0,0.8793859844187413,cocolasso_max,reweighted_frobenius,8.981662287480448,9.01794467868389,4.951323008966458,4.9667114833048975,17.196098863030784,5.349199905991554,-0.03628239120344112,-0.015388474338439373,11.84689895703923,3.2147048465640076,low,weak α=2.0 (99% in first 3)
cs_sigma0.75_weak_sparse_a2.0,43,43,cs,100,500,0.75,3.0,weak_sparse,2.0,10,3,1.0,0.8793859844187413,cocolasso_max,reweighted_frobenius,4.623102900886586,4.603857921452376,2.568148567381521,2.557340324588676,17.537996291008312,6.482369333971292,0.019244979434209775,0.010808242792845313,11.05562695703702,2.7054916786520113,low,weak α=2.0 (99% in first 3)
cs_sigma0.75_weak_sparse_a2.0,44,44,cs,100,500,0.75,3.0,weak_sparse,2.0,10,3,1.0,0.8793859844187413,cocolasso_max,reweighted_frobenius,4.3057095588773535,4.520003665004332,2.5232832914215244,2.6432364947668843,17.325741409964394,6.354332390008494,-0.21429410612697808,-0.11995320334535986,10.9714090199559,2.7266029452924534,low,weak α=2.0 (99% in first 3)
cs_sigma0.75_weak_sparse_a2.0,45,45,cs,100,500,0.75,3.0,weak_sparse,2.0,10,3,1.0,0.8793859844187413,cocolasso_max,reweighted_frobenius,8.380627213984356,8.45200194154634,4.467035243852327,4.507035736330192,17.446377957996447,7.47196451399941,-0.07137472756198449,-0.040000492477864746,9.974413443997037,2.3349117792662235,low,weak α=2.0 (99% in first 3)
cs_sigma0.75_weak_sparse_a2.0,46,46,cs,100,500,0.75,3.0,weak_sparse,2.0,10,3,1.0,0.8793859844187413,cocolasso_max,reweighted_frobenius,2.937942659237064,3.482201988772705,1.5076689728402148,1.7721638724127302,17.41819563996978,8.068965077982284,-0.5442593295356408,-0.2644948995725154,9.349230561987497,2.1586653891338137,low,weak α=2.0 (99% in first 3)
cs_sigma0.75_weak_sparse_a2.0,47,47,cs,100,500,0.75,3.0,weak_sparse,2.0,10,3,1.0,0.8793859844187413,cocolasso_max,reweighted_frobenius,4.7270446661529935,4.689254223529367,2.490456863533438,2.4708379090796933,16.754883526999038,5.97466676402837,0.03779044262362685,0.01961895445374484,10.780216762970667,2.8043210088092336,low,weak α=2.0 (99% in first 3)
cs_sigma0.75_weak_sparse_a2.0,48,48,cs,100,500,0.75,3.0,weak_sparse,2.0,10,3,1.0,0.8793859844187413,cocolasso_max,reweighted_frobenius,5.976704560785905,6.105150824904542,3.638648137365812,3.718142094265065,16.529318736982532,7.289342798001599,-0.12844626411863747,-0.07949395689925298,9.239975938980933,2.2676006870625027,low,weak α=2.0 (99% in first 3)
cs_sigma0.75_weak_sparse_a2.0,49,49,cs,100,500,0.75,3.0,weak_sparse,2.0,10,3,1.0,0.8793859844187413,cocolasso_max,reweighted_frobenius,4.45817439653452,4.437648960787589,2.321404770853043,2.3123438144920185,16.60479984700214,7.809924936038442,0.02052543574693111,0.009060956361024441,8.7948749109637,2.1261151653814574,low,weak α=2.0 (99% in first 3)
cs_sigma0.75_weak_sparse_a2.0,50,50,cs,100,500,0.75,3.0,weak_sparse,2.0,10,3,1.0,0.8793859844187413,cocolasso_max,reweighted_frobenius,6.3260482430579,6.490016337873882,3.709051710490389,3.803798002594469,16.360391078982502,5.537587042024825,-0.1639680948159823,-0.09474629210408025,10.822804036957677,2.954425990024765,low,weak α=2.0 (99% in first 3)
cs_sigma0.75_weak_sparse_a2.0,51,51,cs,100,500,0.75,3.0,weak_sparse,2.0,10,3,1.0,0.8793859844187413,cocolasso_max,reweighted_frobenius,5.4861812441687015,5.506457730012328,2.9435181923978204,2.959132380957566,16.32296286802739,5.623007243964821,-0.020276485843626624,-0.01561418855974539,10.699955624062568,2.9028884651619187,low,weak α=2.0 (99% in first 3)
cs_sigma0.75_weak_sparse_a2.0,52,52,cs,100,500,0.75,3.0,weak_sparse,2.0,10,3,1.0,0.8793859844187413,cocolasso_max,reweighted_frobenius,7.046230341145039,7.044422533313773,4.526850512051352,4.5435872785419775,16.250665837025736,5.923316094034817,0.0018078078312662171,-0.0167367664906255,10.327349742990918,2.7435081260294827,low,weak α=2.0 (99% in first 3)
cs_sigma0.75_weak_sparse_a2.0,53,53,cs,100,500,0.75,3.0,weak_sparse,2.0,10,3,1.0,0.8793859844187413,cocolasso_max,reweighted_frobenius,4.441869243514208,4.619279595669868,2.3417400826702086,2.4387429862443795,16.092090031015687,5.651868254994042,-0.17741035215565937,-0.09700290357417085,10.440221776021644,2.8472160540537317,low,weak α=2.0 (99% in first 3)
cs_sigma0.75_weak_sparse_a2.0,54,54,cs,100,500,0.75,3.0,weak_sparse,2.0,10,3,1.0,0.8793859844187413,cocolasso_max,reweighted_frobenius,5.021878414198728,4.929378159167635,2.7798772821312903,2.732054662728665,16.196417447004933,5.772106247022748,0.0925002550310925,0.04782261940262522,10.424311199982185,2.805980478158912,low,weak α=2.0 (99% in first 3)
cs_sigma0.75_weak_sparse_a2.0,55,55,cs,100,500,0.75,3.0,weak_sparse,2.0,10,3,1.0,0.8793859844187413,cocolasso_max,reweighted_frobenius,8.306344609223247,8.36529999458866,4.157246652758299,4.187623084290672,17.07890717004193,6.600222027976997,-0.05895538536541345,-0.030376431532372905,10.478685142064933,2.587626158278906,low,weak α=2.0 (99% in first 3)
cs_sigma0.75_weak_sparse_a2.0,56,56,cs,100,500,0.75,3.0,weak_sparse,2.0,10,3,1.0,0.8793859844187413,cocolasso_max,reweighted_frobenius,4.48637679760814,4.510845958443574,2.4178889688094443,2.431304020779117,16.697173902008217,4.247588536993135,-0.024469160835433712,-0.013415051969672742,12.449585365015082,3.9309772489941164,low,weak α=2.0 (99% in first 3)
cs_sigma0.75_weak_sparse_a2.0,57,57,cs,100,500,0.75,3.0,weak_sparse,2.0,10,3,1.0,0.8793859844187413,cocolasso_max,reweighted_frobenius,8.293253139308147,8.040309351473809,4.248185153462811,4.130591154058039,17.458484009024687,7.435319067037199,0.25294378783433835,0.11759399940477167,10.023164941987488,2.3480477235231123,low,weak α=2.0 (99% in first 3)
cs_sigma0.75_weak_sparse_a2.0,58,58,cs,100,500,0.75,3.0,weak_sparse,2.0,10,3,1.0,0.8793859844187413,cocolasso_max,reweighted_frobenius,6.228616337883959,6.132065347541022,3.361019825923357,3.3218552808289954,16.89660020399606,6.0289794860291295,0.09655099034293713,0.039164545094361625,10.867620717966929,2.80256389048102,low,weak α=2.0 (99% in first 3)
cs_sigma0.75_weak_sparse_a2.0,59,59,cs,100,500,0.75,3.0,weak_sparse,2.0,10,3,1.0,0.8793859844187413,cocolasso_max,reweighted_frobenius,5.520723709245107,5.368266693903284,3.151151284613696,3.0822171249352643,17.310850406996906,4.249322599964216,0.152457015341823,0.06893415967843186,13.06152780703269,4.073790586561416,low,weak α=2.0 (99% in first 3)
cs_sigma0.75_weak_sparse_a2.0,60,60,cs,100,500,0.75,3.0,weak_sparse,2.0,10,3,1.0,0.8793859844187413,cocolasso_max,reweighted_frobenius,6.797437001040472,6.865897737673271,3.551128020051681,3.5923611471641035,17.54920144705102,6.479550708027091,-0.06846073663279917,-0.04123312711242244,11.069650739023928,2.7083978871112873,low,weak α=2.0 (99% in first 3)
cs_sigma0.75_weak_sparse_a2.0,61,61,cs,100,500,0.75,3.0,weak_sparse,2.0,10,3,1.0,0.8793859844187413,cocolasso_max,reweighted_frobenius,7.551847134398271,7.548014401698545,3.929065155248263,3.9299817610700223,16.944948698976077,6.848362532968167,0.003832732699725838,-0.00091660582175912,10.09658616600791,2.474306612332908,low,weak α=2.0 (99% in first 3)
cs_sigma0.75_weak_sparse_a2.0,62,62,cs,100,500,0.75,3.0,weak_sparse,2.0,10,3,1.0,0.8793859844187413,cocolasso_max,reweighted_frobenius,3.971016472975095,4.162096338886366,1.9858423348346228,2.082286286379353,16.455520579998847,6.844451219018083,-0.1910798659112709,-0.09644395154473018,9.611069360980764,2.4042132894855497,low,weak α=2.0 (99% in first 3)
cs_sigma0.75_weak_sparse_a2.0,63,63,cs,100,500,0.75,3.0,weak_sparse,2.0,10,3,1.0,0.8793859844187413,cocolasso_max,reweighted_frobenius,4.824284442584778,4.947039777174709,2.453917924767649,2.520220295207779,16.456663296034094,4.900060405023396,-0.1227553345899306,-0.06630237044012999,11.556602891010698,3.358461311857138,low,weak α=2.0 (99% in first 3)
cs_sigma0.75_weak_sparse_a2.0,64,64,cs,100,500,0.75,3.0,weak_sparse,2.0,10,3,1.0,0.8793859844187413,cocolasso_max,reweighted_frobenius,8.598149483526601,8.558831094515908,4.5398612035126735,4.5239215917509625,16.242787965980824,7.229448918020353,0.03931838901069362,0.015939611761710992,9.013339047960471,2.2467532657286697,low,weak α=2.0 (99% in first 3)
cs_sigma0.75_weak_sparse_a2.0,65,65,cs,100,500,0.75,3.0,weak_sparse,2.0,10,3,1.0,0.8793859844187413,cocolasso_max,reweighted_frobenius,2.479835141827471,2.563078374719154,1.4662781068042985,1.5229824035740174,15.957402777974494,5.074723257974256,-0.08324323289168278,-0.05670429676971889,10.882679520000238,3.1444872886220048,low,weak α=2.0 (99% in first 3)
cs_sigma0.75_weak_sparse_a2.0,66,66,cs,100,500,0.75,3.0,weak_sparse,2.0,10,3,1.0,0.8793859844187413,cocolasso_max,reweighted_frobenius,4.785201522042784,4.712576131083837,2.855031037602963,2.826137503869493,16.161150704021566,8.023464918020181,0.07262539095894649,0.028893533733469923,8.137685786001384,2.014235853106888,low,weak α=2.0 (99% in first 3)
cs_sigma0.75_weak_sparse_a2.0,67,67,cs,100,500,0.75,3.0,weak_sparse,2.0,10,3,1.0,0.8793859844187413,cocolasso_max,reweighted_frobenius,9.77945603145941,9.765865485390634,5.777358386154844,5.782982413011515,16.091469039965887,4.3243377699982375,0.013590546068776632,-0.005624026856671627,11.76713126996765,3.721140645304505,low,weak α=2.0 (99% in first 3)
cs_sigma0.75_weak_sparse_a2.0,68,68,cs,100,500,0.75,3.0,weak_sparse,2.0,10,3,1.0,0.8793859844187413,cocolasso_max,reweighted_frobenius,5.854906178485117,5.760562325300962,3.197312901552785,3.154000408586978,16.355300087016076,4.154283661046065,0.09434385318415472,0.04331249296580708,12.20101642597001,3.9369723931893823,low,weak α=2.0 (99% in first 3)
cs_sigma0.75_weak_sparse_a2.0,69,69,cs,100,500,0.75,3.0,weak_sparse,2.0,10,3,1.0,0.8793859844187413,cocolasso_max,reweighted_frobenius,5.983434760483392,5.837263545929758,3.039867803870914,2.968503355940585,16.439535073004663,5.390377803996671,0.14617121455363336,0.07136444793032881,11.049157269007992,3.0497927363858697,low,weak α=2.0 (99% in first 3)
cs_sigma0.75_weak_sparse_a2.0,70,70,cs,100,500,0.75,3.0,weak_sparse,2.0,10,3,1.0,0.8793859844187413,cocolasso_max,reweighted_frobenius,6.3062216271089655,6.385537946869085,3.4283605585150743,3.4715073842030217,16.62430901901098,5.168639734969474,-0.07931631976011921,-0.043146825687947477,11.455669284041505,3.216379912597867,low,weak α=2.0 (99% in first 3)
cs_sigma0.75_weak_sparse_a2.0,71,71,cs,100,500,0.75,3.0,weak_sparse,2.0,10,3,1.0,0.8793859844187413,cocolasso_max,reweighted_frobenius,4.309806032891378,4.332717878651701,2.1830612176869453,2.197012644867841,16.377773005981,4.837687651976012,-0.02291184576032368,-0.013951427180895593,11.540085354004987,3.3854548255696706,low,weak α=2.0 (99% in first 3)
cs_sigma0.75_weak_sparse_a2.0,72,72,cs,100,500,0.75,3.0,weak_sparse,2.0,10,3,1.0,0.8793859844187413,cocolasso_max,reweighted_frobenius,9.666576171586364,9.638574116954011,5.605342289629955,5.597844470297944,16.812196572020184,5.827999917964917,0.028002054632352724,0.007497819332010991,10.984196654055268,2.8847283474037604,low,weak α=2.0 (99% in first 3)
cs_sigma0.75_weak_sparse_a2.0,73,73,cs,100,500,0.75,3.0,weak_sparse,2.0,10,3,1.0,0.8793859844187413,cocolasso_max,reweighted_frobenius,6.270634715517933,6.369978191427101,3.992654874143461,4.0556172657043,17.222454064991325,6.766631520004012,-0.09934347590916826,-0.06296239156083905,10.455822544987313,2.545203475921076,low,weak α=2.0 (99% in first 3)
cs_sigma0.75_weak_sparse_a2.0,74,74,cs,100,500,0.75,3.0,weak_sparse,2.0,10,3,1.0,0.8793859844187413,cocolasso_max,reweighted_frobenius,1.9474166994352076,1.964720468181122,1.089114665779908,1.098335053377868,17.029626492003445,3.889034710999113,-0.017303768745914327,-0.009220387597959956,13.140591781004332,4.378882616768531,low,weak α=2.0 (99% in first 3)
cs_sigma0.75_weak_sparse_a2.0,75,75,cs,100,500,0.75,3.0,weak_sparse,2.0,10,3,1.0,0.8793859844187413,cocolasso_max,reweighted_frobenius,5.46604245427803,5.6890904228904615,2.7374131787196125,2.8507187197113084,27.924041701015085,6.036018243001308,-0.22304796861243137,-0.11330554099169587,21.888023458013777,4.626235471271592,low,weak α=2.0 (99% in first 3)
cs_sigma0.75_weak_sparse_a2.0,76,76,cs,100,500,0.75,3.0,weak_sparse,2.0,10,3,1.0,0.8793859844187413,cocolasso_max,reweighted_frobenius,2.3071947095834298,2.532468863697051,1.2538173207487142,1.407314432211176,16.670154306979384,4.667447285028175,-0.22527415411362117,-0.1534971114624617,12.00270702195121,3.571578485835808,low,weak α=2.0 (99% in first 3)
cs_sigma0.75_weak_sparse_a2.0,77,77,cs,100,500,0.75,3.0,weak_sparse,2.0,10,3,1.0,0.8793859844187413,cocolasso_max,reweighted_frobenius,5.101189464076125,5.168699001547753,2.8556800332984142,2.8953545359907014,16.032235224964097,4.769017302955035,-0.06750953747162836,-0.03967450269228712,11.263217922009062,3.361748177141235,low,weak α=2.0 (99% in first 3)
cs_sigma0.75_weak_sparse_a2.0,78,78,cs,100,500,0.75,3.0,weak_sparse,2.0,10,3,1.0,0.8793859844187413,cocolasso_max,reweighted_frobenius,5.575448682060445,5.540393056567988,3.325801650714157,3.326035154640896,16.892239285982214,5.172452174010687,0.03505562549245678,-0.00023350392673915366,11.719787111971527,3.2658086953144467,low,weak α=2.0 (99% in first 3)
cs_sigma0.75_weak_sparse_a2.0,79,79,cs,100,500,0.75,3.0,weak_sparse,2.0,10,3,1.0,0.8793859844187413,cocolasso_max,reweighted_frobenius,6.265923550006918,6.245446237339986,3.381306284983637,3.3769436205509527,16.281399199040607,4.883038502011914,0.02047731266693198,0.004362664432684404,11.398360697028693,3.3342762282812903,low,weak α=2.0 (99% in first 3)
cs_sigma0.75_weak_sparse_a2.0,80,80,cs,100,500,0.75,3.0,weak_sparse,2.0,10,3,1.0,0.8793859844187413,cocolasso_max,reweighted_frobenius,3.763136613737296,3.808854554330759,1.8986977199506576,1.9208303612148956,16.863645681005437,7.9122175829834305,-0.0457179405934629,-0.022132641264237973,8.951428098022006,2.1313425097501835,low,weak α=2.0 (99% in first 3)
cs_sigma0.75_weak_sparse_a2.0,81,81,cs,100,500,0.75,3.0,weak_sparse,2.0,10,3,1.0,0.8793859844187413,cocolasso_max,reweighted_frobenius,5.835694125197788,5.785397970041088,3.631567397009482,3.6137102660847455,16.50626401102636,5.26584331097547,0.05029615515670027,0.01785713092473662,11.24042070005089,3.1345908026968354,low,weak α=2.0 (99% in first 3)
cs_sigma0.75_weak_sparse_a2.0,82,82,cs,100,500,0.75,3.0,weak_sparse,2.0,10,3,1.0,0.8793859844187413,cocolasso_max,reweighted_frobenius,5.512578229594973,5.546402124501555,3.849168906565853,3.8781261135346776,16.348601260979194,4.578812065999955,-0.03382389490658255,-0.028957206968824423,11.76978919497924,3.5704896871343563,low,weak α=2.0 (99% in first 3)
cs_sigma0.75_weak_sparse_a2.0,83,83,cs,100,500,0.75,3.0,weak_sparse,2.0,10,3,1.0,0.8793859844187413,cocolasso_max,reweighted_frobenius,6.718241153911161,6.652185924987071,3.7010124323416345,3.673308355378826,16.48142987000756,6.354218025982846,0.06605522892408988,0.02770407696280852,10.127211844024714,2.593777834284853,low,weak α=2.0 (99% in first 3)
cs_sigma0.75_weak_sparse_a2.0,84,84,cs,100,500,0.75,3.0,weak_sparse,2.0,10,3,1.0,0.8793859844187413,cocolasso_max,reweighted_frobenius,5.9241002009145145,5.859870084626603,3.4196354918992866,3.386644094140929,16.654843178985175,6.036022279993631,0.06423011628791109,0.0329913977583578,10.618820898991544,2.759241501507968,low,weak α=2.0 (99% in first 3)
cs_sigma0.75_weak_sparse_a2.0,85,85,cs,100,500,0.75,3.0,weak_sparse,2.0,10,3,1.0,0.8793859844187413,cocolasso_max,reweighted_frobenius,10.200153760646597,10.19848518163004,5.3458243195794966,5.345970206527809,17.23092365998309,4.903265069995541,0.0016685790165560377,-0.00014588694831285665,12.32765858998755,3.5141733954837484,low,weak α=2.0 (99% in first 3)
cs_sigma0.75_weak_sparse_a2.0,86,86,cs,100,500,0.75,3.0,weak_sparse,2.0,10,3,1.0,0.8793859844187413,cocolasso_max,reweighted_frobenius,4.037422265504374,4.123256100642941,2.225809006025974,2.274237717698089,17.17932994000148,5.761254630982876,-0.08583383513856635,-0.04842871167211493,11.418075309018604,2.981873053764102,low,weak α=2.0 (99% in first 3)
cs_sigma0.75_weak_sparse_a2.0,87,87,cs,100,500,0.75,3.0,weak_sparse,2.0,10,3,1.0,0.8793859844187413,cocolasso_max,reweighted_frobenius,3.082253954068141,3.116364788762339,1.6869545319386632,1.7126713244962868,17.35542490100488,5.849197736999486,-0.034110834694197845,-0.025716792557623602,11.506227164005395,2.967146210705444,low,weak α=2.0 (99% in first 3)
cs_sigma0.75_weak_sparse_a2.0,88,88,cs,100,500,0.75,3.0,weak_sparse,2.0,10,3,1.0,0.8793859844187413,cocolasso_max,reweighted_frobenius,9.701245890574436,9.739594182701744,5.627490363925369,5.66313173134132,16.87680102995364,5.300829493964557,-0.03834829212730817,-0.03564136741595103,11.575971535989083,3.183803789419997,low,weak α=2.0 (99% in first 3)
cs_sigma0.75_weak_sparse_a2.0,89,89,cs,100,500,0.75,3.0,weak_sparse,2.0,10,3,1.0,0.8793859844187413,cocolasso_max,reweighted_frobenius,4.8308558293933,4.914841670173209,2.629107972529394,2.6794270416893293,17.534026844019536,7.14737135800533,-0.083985840779909,-0.050319069159935115,10.386655486014206,2.453213351560466,low,weak α=2.0 (99% in first 3)
cs_sigma0.75_weak_sparse_a2.0,90,90,cs,100,500,0.75,3.0,weak_sparse,2.0,10,3,1.0,0.8793859844187413,cocolasso_max,reweighted_frobenius,8.327807147909036,8.275850725251022,4.394873090991827,4.372035325268405,17.690558721020352,6.413666917011142,0.051956422658014034,0.022837765723421555,11.27689180400921,2.7582596586204384,low,weak α=2.0 (99% in first 3)
cs_sigma0.75_weak_sparse_a2.0,91,91,cs,100,500,0.75,3.0,weak_sparse,2.0,10,3,1.0,0.8793859844187413,cocolasso_max,reweighted_frobenius,5.841418654536698,5.832176621826721,3.899159819887467,3.900027661780882,16.63944234396331,4.40550895902561,0.009242032709976478,-0.0008678418934149335,12.2339333849377,3.776962548191831,low,weak α=2.0 (99% in first 3)
cs_sigma0.75_weak_sparse_a2.0,92,92,cs,100,500,0.75,3.0,weak_sparse,2.0,10,3,1.0,0.8793859844187413,cocolasso_max,reweighted_frobenius,8.66612755121283,8.686142208268611,4.446797926100154,4.45820846755149,17.213510103989393,5.7813754819799215,-0.02001465705578198,-0.01141054145133591,11.432134622009471,2.977407393386316,low,weak α=2.0 (99% in first 3)
cs_sigma0.75_weak_sparse_a2.0,93,93,cs,100,500,0.75,3.0,weak_sparse,2.0,10,3,1.0,0.8793859844187413,cocolasso_max,reweighted_frobenius,5.526074581774602,5.46983092999531,4.12716503725197,4.083003291493874,16.010436697979458,1.8744644450489432,0.056243651779292136,0.04416174575809606,14.135972252930515,8.541339229062528,low,weak α=2.0 (99% in first 3)
cs_sigma0.75_weak_sparse_a2.0,94,94,cs,100,500,0.75,3.0,weak_sparse,2.0,10,3,1.0,0.8793859844187413,cocolasso_max,reweighted_frobenius,7.746729748286812,7.719895499492627,3.999279216498612,3.98703771495132,16.743864468997344,6.256810128048528,0.026834248794185278,0.012241501547292089,10.487054340948816,2.676102379059996,low,weak α=2.0 (99% in first 3)
cs_sigma0.75_weak_sparse_a2.0,95,95,cs,100,500,0.75,3.0,weak_sparse,2.0,10,3,1.0,0.8793859844187413,cocolasso_max,reweighted_frobenius,6.418378268893721,6.410283454985561,3.2602093339549816,3.265719541993325,16.837744805961847,7.491573100036476,0.008094813908160248,-0.005510208038343567,9.346171705925371,2.2475579669482055,low,weak α=2.0 (99% in first 3)
cs_sigma0.75_weak_sparse_a2.0,96,96,cs,100,500,0.75,3.0,weak_sparse,2.0,10,3,1.0,0.8793859844187413,cocolasso_max,reweighted_frobenius,3.0760810161906647,2.945787493709437,1.7548202753993631,1.682662784985281,16.53061285399599,5.057538590976037,0.1302935224812276,0.07215749041408204,11.473074263019953,3.268509484730556,low,weak α=2.0 (99% in first 3)
cs_sigma0.75_weak_sparse_a2.0,97,97,cs,100,500,0.75,3.0,weak_sparse,2.0,10,3,1.0,0.8793859844187413,cocolasso_max,reweighted_frobenius,7.824559922617433,7.803115689179419,4.336276986640585,4.34573692460375,16.482981981011108,6.361636028974317,0.021444233438013605,-0.009459937963164577,10.12134595203679,2.590997332437557,low,weak α=2.0 (99% in first 3)
cs_sigma0.75_weak_sparse_a2.0,98,98,cs,100,500,0.75,3.0,weak_sparse,2.0,10,3,1.0,0.8793859844187413,cocolasso_max,reweighted_frobenius,6.752631498038372,6.795959527287288,3.3825172432779653,3.404764036464487,16.787194457021542,7.60096838203026,-0.04332802924891599,-0.022246793186521785,9.186226074991282,2.2085599641104667,low,weak α=2.0 (99% in first 3)
cs_sigma0.75_weak_sparse_a2.0,99,99,cs,100,500,0.75,3.0,weak_sparse,2.0,10,3,1.0,0.8793859844187413,cocolasso_max,reweighted_frobenius,5.487051022716995,5.360161116100116,2.9719603594430546,2.903242736057959,16.75623917998746,6.038022681022994,0.1268899066168787,0.06871762338509546,10.718216498964466,2.7751202778106374,low,weak α=2.0 (99% in first 3)
cs_sigma1.0_datta_zhang,0,0,cs,100,500,1.0,3.0,datta_zhang,1.0,10,3,1.0,3.1944444444444446,cocolasso_max,reweighted_frobenius,12.737730030389654,12.731854184186576,7.213775229080402,7.176672787852072,24.440504073980264,9.047031667956617,0.005875846203078794,0.0371024412283294,15.393472406023648,2.7014942548001994,medium,datta_zhang (exactly 3-sparse)
cs_sigma1.0_datta_zhang,1,1,cs,100,500,1.0,3.0,datta_zhang,1.0,10,3,1.0,3.1944444444444446,cocolasso_max,reweighted_frobenius,10.010862262887326,9.959799419494916,6.283535540918331,6.277369996660545,23.47889650799334,11.475021441001443,0.05106284339241007,0.0061655442577857045,12.003875066991897,2.0460873758458353,medium,datta_zhang (exactly 3-sparse)
cs_sigma1.0_datta_zhang,2,2,cs,100,500,1.0,3.0,datta_zhang,1.0,10,3,1.0,3.1944444444444446,cocolasso_max,reweighted_frobenius,16.82157125398698,16.95306039295382,11.230602278211734,11.307910393667823,23.493966699927118,6.1254545580013655,-0.13148913896683823,-0.07730811545608951,17.368512141925752,3.8354650218142847,medium,datta_zhang (exactly 3-sparse)
cs_sigma1.0_datta_zhang,3,3,cs,100,500,1.0,3.0,datta_zhang,1.0,10,3,1.0,3.1944444444444446,cocolasso_max,reweighted_frobenius,11.56513940687008,11.68794466218982,6.0946822934957625,6.183201909058744,24.98527021100745,8.736004476959351,-0.12280525531974007,-0.08851961556298171,16.249265734048098,2.8600340438131058,medium,datta_zhang (exactly 3-sparse)
cs_sigma1.0_datta_zhang,4,4,cs,100,500,1.0,3.0,datta_zhang,1.0,10,3,1.0,3.1944444444444446,cocolasso_max,reweighted_frobenius,13.79373679338709,14.003335394863536,7.410670095097364,7.541148384358108,24.00819441897329,8.813035976025276,-0.20959860147644527,-0.13047828926074345,15.195158442948014,2.724168434610329,medium,datta_zhang (exactly 3-sparse)
cs_sigma1.0_datta_zhang,5,5,cs,100,500,1.0,3.0,datta_zhang,1.0,10,3,1.0,3.1944444444444446,cocolasso_max,reweighted_frobenius,11.90905608998652,12.11299514900476,6.239657267495643,6.3215043614660384,23.48471994709689,10.012319464993196,-0.20393905901824105,-0.08184709397039569,13.472400482103696,2.3455823627290595,medium,datta_zhang (exactly 3-sparse)
cs_sigma1.0_datta_zhang,6,6,cs,100,500,1.0,3.0,datta_zhang,1.0,10,3,1.0,3.1944444444444446,cocolasso_max,reweighted_frobenius,8.029661161214271,7.7114269423727855,4.322839407530585,4.170425037226038,24.42944615194574,8.077916620008182,0.3182342188414857,0.1524143703045473,16.351529531937558,3.0242260846610467,medium,datta_zhang (exactly 3-sparse)
cs_sigma1.0_datta_zhang,7,7,cs,100,500,1.0,3.0,datta_zhang,1.0,10,3,1.0,3.1944444444444446,cocolasso_max,reweighted_frobenius,13.054867772682655,12.752558187119805,7.894642663969891,7.673473934611976,24.901165519026108,8.082654019992333,0.3023095855628508,0.22116872935791498,16.818511499033775,3.0808154669782253,medium,datta_zhang (exactly 3-sparse)
cs_sigma1.0_datta_zhang,8,8,cs,100,500,1.0,3.0,datta_zhang,1.0,10,3,1.0,3.1944444444444446,cocolasso_max,reweighted_frobenius,14.044939749923758,13.835902314778805,8.105987370431736,8.034262489088682,24.549831178039312,8.438448960951064,0.20903743514495332,0.07172488134305333,16.11138221708825,2.9092824157192507,medium,datta_zhang (exactly 3-sparse)
cs_sigma1.0_datta_zhang,9,9,cs,100,500,1.0,3.0,datta_zhang,1.0,10,3,1.0,3.1944444444444446,cocolasso_max,reweighted_frobenius,10.07074004636733,9.555501953195003,5.885585606729437,5.640474483685422,22.399676683940925,7.717711320030503,0.5152380931723268,0.2451111230440155,14.681965363910422,2.9023729646125704,medium,datta_zhang (exactly 3-sparse)
cs_sigma1.0_datta_zhang,10,10,cs,100,500,1.0,3.0,datta_zhang,1.0,10,3,1.0,3.1944444444444446,cocolasso_max,reweighted_frobenius,12.059127391829335,11.78721525127511,6.202081363774854,6.042838375208863,24.29870577005204,7.856989642954431,0.27191214055422464,0.15924298856599162,16.44171612709761,3.092622858659529,medium,datta_zhang (exactly 3-sparse)
cs_sigma1.0_datta_zhang,11,11,cs,100,500,1.0,3.0,datta_zhang,1.0,10,3,1.0,3.1944444444444446,cocolasso_max,reweighted_frobenius,13.515254131632526,13.895881430841552,7.220525099916863,7.469848667450605,24.70558061497286,7.320220709021669,-0.38062729920902605,-0.24932356753374219,17.38535990595119,3.3749775583303014,medium,datta_zhang (exactly 3-sparse)
cs_sigma1.0_datta_zhang,12,12,cs,100,500,1.0,3.0,datta_zhang,1.0,10,3,1.0,3.1944444444444446,cocolasso_max,reweighted_frobenius,13.383979627490884,13.20478665225082,6.9587763657192765,6.9554934737340135,22.73896769899875,10.450846366991756,0.1791929752400634,0.0032828919852629923,12.288121332006993,2.175801547596962,medium,datta_zhang (exactly 3-sparse)
cs_sigma1.0_datta_zhang,13,13,cs,100,500,1.0,3.0,datta_zhang,1.0,10,3,1.0,3.1944444444444446,cocolasso_max,reweighted_frobenius,14.491894778210517,14.789540808588184,8.896351933403079,9.032665233510544,23.310626555001363,7.331754795042798,-0.2976460303776669,-0.13631330010746545,15.978871759958565,3.1794061867374945,medium,datta_zhang (exactly 3-sparse)
cs_sigma1.0_datta_zhang,14,14,cs,100,500,1.0,3.0,datta_zhang,1.0,10,3,1.0,3.1944444444444446,cocolasso_max,reweighted_frobenius,13.249065050985957,13.437342939815736,7.308203221069571,7.369008715775307,22.062798763043247,8.269341575971339,-0.18827788882977892,-0.060805494705735263,13.793457187071908,2.6680236340886294,medium,datta_zhang (exactly 3-sparse)
cs_sigma1.0_datta_zhang,15,15,cs,100,500,1.0,3.0,datta_zhang,1.0,10,3,1.0,3.1944444444444446,cocolasso_max,reweighted_frobenius,12.988276037302033,12.802352932478597,7.639825074222716,7.582244282186653,23.102611653972417,7.491917641018517,0.185923104823436,0.057580792036063144,15.6106940129539,3.0836713323548555,medium,datta_zhang (exactly 3-sparse)
cs_sigma1.0_datta_zhang,16,16,cs,100,500,1.0,3.0,datta_zhang,1.0,10,3,1.0,3.1944444444444446,cocolasso_max,reweighted_frobenius,10.089728583906211,9.35264578989504,5.574015571995794,5.19931993203696,24.10048911301419,8.048933136975393,0.7370827940111706,0.37469563995883437,16.0515559760388,2.9942464054398408,medium,datta_zhang (exactly 3-sparse)
cs_sigma1.0_datta_zhang,17,17,cs,100,500,1.0,3.0,datta_zhang,1.0,10,3,1.0,3.1944444444444446,cocolasso_max,reweighted_frobenius,12.98461285934554,12.663435978102072,6.755438085612896,6.598817887871174,23.399553628987636,7.35773364501074,0.32117688124346877,0.15662019774172187,16.041819983976897,3.180266473067398,medium,datta_zhang (exactly 3-sparse)
cs_sigma1.0_datta_zhang,18,18,cs,100,500,1.0,3.0,datta_zhang,1.0,10,3,1.0,3.1944444444444446,cocolasso_max,reweighted_frobenius,14.630760955356102,15.042290007296304,7.422314116405142,7.63593616778343,23.529973369906656,8.305431725049857,-0.4115290519402013,-0.21362205137828827,15.2245416448568,2.8330825114049576,medium,datta_zhang (exactly 3-sparse)
cs_sigma1.0_datta_zhang,19,19,cs,100,500,1.0,3.0,datta_zhang,1.0,10,3,1.0,3.1944444444444446,cocolasso_max,reweighted_frobenius,9.478653119643486,9.446124311882633,5.272244210524128,5.233626144410931,22.98980450793169,7.236077592999209,0.032528807760852985,0.03861806611319629,15.753726914932482,3.1771086216894586,medium,datta_zhang (exactly 3-sparse)
cs_sigma1.0_datta_zhang,20,20,cs,100,500,1.0,3.0,datta_zhang,1.0,10,3,1.0,3.1944444444444446,cocolasso_max,reweighted_frobenius,17.357731646233454,17.616877652946087,9.594007768708906,9.68312099112594,23.543023420032117,5.940385665046051,-0.25914600671263344,-0.08911322241703346,17.602637754986066,3.9632146374876163,medium,datta_zhang (exactly 3-sparse)
cs_sigma1.0_datta_zhang,21,21,cs,100,500,1.0,3.0,datta_zhang,1.0,10,3,1.0,3.1944444444444446,cocolasso_max,reweighted_frobenius,12.32783894350547,12.33206653085728,6.330658409785611,6.330218336380024,25.07015053392388,8.284464426978957,-0.004227587351810058,0.00044007340558760433,16.785686106944922,3.026164304874208,medium,datta_zhang (exactly 3-sparse)
cs_sigma1.0_datta_zhang,22,22,cs,100,500,1.0,3.0,datta_zhang,1.0,10,3,1.0,3.1944444444444446,cocolasso_max,reweighted_frobenius,10.346548461700085,10.052434564181905,7.888634790040601,7.620056007412623,22.552707777940668,5.028548265981954,0.29411389751818007,0.2685787826279773,17.524159511958715,4.484934137056885,medium,datta_zhang (exactly 3-sparse)
cs_sigma1.0_datta_zhang,23,23,cs,100,500,1.0,3.0,datta_zhang,1.0,10,3,1.0,3.1944444444444446,cocolasso_max,reweighted_frobenius,9.789828544482427,9.653520614899108,4.894946391724039,4.828384440578526,24.23260378104169,8.755703324975912,0.13630792958331917,0.06656195114551267,15.476900456065778,2.7676364629575154,medium,datta_zhang (exactly 3-sparse)
cs_sigma1.0_datta_zhang,24,24,cs,100,500,1.0,3.0,datta_zhang,1.0,10,3,1.0,3.1944444444444446,cocolasso_max,reweighted_frobenius,12.951276198450469,13.071850045194578,7.676701566458153,7.785781670467409,23.83037522493396,6.958321354002692,-0.12057384674410976,-0.10908010400925594,16.872053870931268,3.424730479173087,medium,datta_zhang (exactly 3-sparse)
cs_sigma1.0_datta_zhang,25,25,cs,100,500,1.0,3.0,datta_zhang,1.0,10,3,1.0,3.1944444444444446,cocolasso_max,reweighted_frobenius,11.7779615727928,11.495560262300058,6.606118541754746,6.49741046797924,26.33493420598097,9.5509800100117,0.282401310492741,0.10870807377550662,16.783954195969272,2.7573017824742267,medium,datta_zhang (exactly 3-sparse)
cs_sigma1.0_datta_zhang,26,26,cs,100,500,1.0,3.0,datta_zhang,1.0,10,3,1.0,3.1944444444444446,cocolasso_max,reweighted_frobenius,10.57228850350524,10.430236195203728,5.396618284509291,5.321634382460228,22.93609497800935,8.955181505007204,0.14205230830151194,0.07498390204906258,13.980913473002147,2.5612093920357566,medium,datta_zhang (exactly 3-sparse)
cs_sigma1.0_datta_zhang,27,27,cs,100,500,1.0,3.0,datta_zhang,1.0,10,3,1.0,3.1944444444444446,cocolasso_max,reweighted_frobenius,8.18489158937011,8.103470730973575,4.313219964987292,4.250191663236648,23.306614294997416,5.588862023956608,0.08142085839653568,0.06302830175064411,17.71775227104081,4.170189601227194,medium,datta_zhang (exactly 3-sparse)
cs_sigma1.0_datta_zhang,28,28,cs,100,500,1.0,3.0,datta_zhang,1.0,10,3,1.0,3.1944444444444446,cocolasso_max,reweighted_frobenius,10.574441838910976,9.952621654176252,6.0184363217245584,5.699961801241929,24.592159874970093,7.849979056045413,0.6218201847347249,0.3184745204826296,16.74218081892468,3.132767578027004,medium,datta_zhang (exactly 3-sparse)
cs_sigma1.0_datta_zhang,29,29,cs,100,500,1.0,3.0,datta_zhang,1.0,10,3,1.0,3.1944444444444446,cocolasso_max,reweighted_frobenius,12.366662625404418,12.073454452439051,7.939738110640117,7.816689892161564,25.234761248109866,5.382343873032369,0.2932081729653664,0.1230482184785524,19.852417375077497,4.688433486114816,medium,datta_zhang (exactly 3-sparse)
cs_sigma1.0_datta_zhang,30,30,cs,100,500,1.0,3.0,datta_zhang,1.0,10,3,1.0,3.1944444444444446,cocolasso_max,reweighted_frobenius,16.949356678704973,17.354300862967435,8.910321046278307,9.118873644709067,22.79310363496188,9.27514603198506,-0.4049441842624617,-0.20855259843076013,13.517957602976821,2.4574387892503853,medium,datta_zhang (exactly 3-sparse)
cs_sigma1.0_datta_zhang,31,31,cs,100,500,1.0,3.0,datta_zhang,1.0,10,3,1.0,3.1944444444444446,cocolasso_max,reweighted_frobenius,14.685190688252906,15.926923596019988,7.346472410226325,7.966862449754932,24.452909105923027,9.18642943300074,-1.2417329077670818,-0.6203900395286066,15.266479672922287,2.6618512975324196,medium,datta_zhang (exactly 3-sparse)
cs_sigma1.0_datta_zhang,32,32,cs,100,500,1.0,3.0,datta_zhang,1.0,10,3,1.0,3.1944444444444446,cocolasso_max,reweighted_frobenius,15.534540619527846,15.657300292345091,8.373424856277484,8.444902724912554,24.51533476996701,8.256893702025991,-0.12275967281724576,-0.07147786863506944,16.258441067941018,2.969074770085957,medium,datta_zhang (exactly 3-sparse)
cs_sigma1.0_datta_zhang,33,33,cs,100,500,1.0,3.0,datta_zhang,1.0,10,3,1.0,3.1944444444444446,cocolasso_max,reweighted_frobenius,13.689450145342708,13.491021942679591,7.151200270435504,7.059455712028249,25.33037250500638,7.363178986997809,0.19842820266311634,0.09174455840725582,17.96719351800857,3.4401408073517903,medium,datta_zhang (exactly 3-sparse)
cs_sigma1.0_datta_zhang,34,34,cs,100,500,1.0,3.0,datta_zhang,1.0,10,3,1.0,3.1944444444444446,cocolasso_max,reweighted_frobenius,11.258191748827024,10.789086922706206,6.075821563921221,5.86522972445748,21.286606604000557,10.08260047697695,0.4691048261208177,0.21059183946374116,11.204006127023607,2.111221867077578,medium,datta_zhang (exactly 3-sparse)
cs_sigma1.0_datta_zhang,35,35,cs,100,500,1.0,3.0,datta_zhang,1.0,10,3,1.0,3.1944444444444446,cocolasso_max,reweighted_frobenius,13.1169271815056,12.853986882943069,7.583372797618799,7.491162161351498,24.226764501072463,10.230771048984025,0.26294029856253154,0.09221063626730164,13.995993452088438,2.3680291920400585,medium,datta_zhang (exactly 3-sparse)
cs_sigma1.0_datta_zhang,36,36,cs,100,500,1.0,3.0,datta_zhang,1.0,10,3,1.0,3.1944444444444446,cocolasso_max,reweighted_frobenius,14.192375825643548,14.231146287962405,7.558193886233441,7.582001700543616,24.33396734797861,7.510912725003436,-0.0387704623188565,-0.023807814310175424,16.823054622975175,3.2398149517797092,medium,datta_zhang (exactly 3-sparse)
cs_sigma1.0_datta_zhang,37,37,cs,100,500,1.0,3.0,datta_zhang,1.0,10,3,1.0,3.1944444444444446,cocolasso_max,reweighted_frobenius,13.134904167445589,13.371304702337502,7.432329449383635,7.484241754549781,24.26759694796056,8.327992089034524,-0.2364005348919136,-0.05191230516614542,15.939604858926035,2.9139793468240356,medium,datta_zhang (exactly 3-sparse)
cs_sigma1.0_datta_zhang,38,38,cs,100,500,1.0,3.0,datta_zhang,1.0,10,3,1.0,3.1944444444444446,cocolasso_max,reweighted_frobenius,13.73631206658616,13.908466149358947,7.780184461282078,7.935504297058156,22.55587463697884,8.213868295948487,-0.17215408277278677,-0.1553198357760781,14.342006341030352,2.746072109301361,medium,datta_zhang (exactly 3-sparse)
cs_sigma1.0_datta_zhang,39,39,cs,100,500,1.0,3.0,datta_zhang,1.0,10,3,1.0,3.1944444444444446,cocolasso_max,reweighted_frobenius,10.44288695820942,10.519799944676922,6.650371327762077,6.686711217076114,24.10299309203401,7.260059301974252,-0.07691298646750155,-0.03633988931403742,16.842933790059757,3.3199443819253105,medium,datta_zhang (exactly 3-sparse)
cs_sigma1.0_datta_zhang,40,40,cs,100,500,1.0,3.0,datta_zhang,1.0,10,3,1.0,3.1944444444444446,cocolasso_max,reweighted_frobenius,11.799396056207325,11.73987433360051,6.998439487956178,6.938875025091942,24.481006468995474,5.958620019024238,0.05952172260681543,0.05956446286423578,18.522386449971236,4.10850270546441,medium,datta_zhang (exactly 3-sparse)
cs_sigma1.0_datta_zhang,41,41,cs,100,500,1.0,3.0,datta_zhang,1.0,10,3,1.0,3.1944444444444446,cocolasso_max,reweighted_frobenius,12.526655929544264,12.386880182938349,8.53692253396514,8.428726900699997,23.48584789200686,7.001167113019619,0.13977574660591507,0.10819563326514192,16.48468077898724,3.35456181989025,medium,datta_zhang (exactly 3-sparse)
cs_sigma1.0_datta_zhang,42,42,cs,100,500,1.0,3.0,datta_zhang,1.0,10,3,1.0,3.1944444444444446,cocolasso_max,reweighted_frobenius,16.560570564532195,17.028075472888723,9.46579424274916,9.632223247374798,23.13882766792085,9.930759667011444,-0.4675049083565277,-0.1664290046256376,13.208068000909407,2.330015874292549,medium,datta_zhang (exactly 3-sparse)
cs_sigma1.0_datta_zhang,43,43,cs,100,500,1.0,3.0,datta_zhang,1.0,10,3,1.0,3.1944444444444446,cocolasso_max,reweighted_frobenius,11.397060919815685,10.841030223718455,5.833671214028948,5.597699310122332,25.728874836931936,13.281292016035875,0.5560306960972294,0.23597190390661638,12.447582820896061,1.9372268003645134,medium,datta_zhang (exactly 3-sparse)
cs_sigma1.0_datta_zhang,44,44,cs,100,500,1.0,3.0,datta_zhang,1.0,10,3,1.0,3.1944444444444446,cocolasso_max,reweighted_frobenius,8.249088056978259,8.154180450965216,5.260542577313174,5.222102810814361,25.290142038022168,10.813750668021385,0.09490760601304338,0.0384397664988132,14.476391370000783,2.3387021593544435,medium,datta_zhang (exactly 3-sparse)
cs_sigma1.0_datta_zhang,45,45,cs,100,500,1.0,3.0,datta_zhang,1.0,10,3,1.0,3.1944444444444446,cocolasso_max,reweighted_frobenius,16.40940935757737,16.875790313322906,9.283197968965368,9.535755522746443,24.2616982460022,8.413103614002466,-0.4663809557455352,-0.2525575537810756,15.848594631999735,2.883798816601035,medium,datta_zhang (exactly 3-sparse)
cs_sigma1.0_datta_zhang,46,46,cs,100,500,1.0,3.0,datta_zhang,1.0,10,3,1.0,3.1944444444444446,cocolasso_max,reweighted_frobenius,5.439130451438059,5.770085922261831,2.846447690279114,3.009479697598987,22.756528030964542,8.630842226033565,-0.3309554708237723,-0.163032007319873,14.125685804930978,2.6366520711412256,medium,datta_zhang (exactly 3-sparse)
cs_sigma1.0_datta_zhang,47,47,cs,100,500,1.0,3.0,datta_zhang,1.0,10,3,1.0,3.1944444444444446,cocolasso_max,reweighted_frobenius,13.015368329685378,12.79802137471615,7.359971733028691,7.251827313721058,24.404106145957485,9.720649796014186,0.21734695496922818,0.1081444193076333,14.683456349943299,2.510542675445837,medium,datta_zhang (exactly 3-sparse)
cs_sigma1.0_datta_zhang,48,48,cs,100,500,1.0,3.0,datta_zhang,1.0,10,3,1.0,3.1944444444444446,cocolasso_max,reweighted_frobenius,13.603080420937353,13.47480086281418,7.895162243986862,7.814754081633882,25.017927399952896,7.813036975974683,0.1282795581231735,0.0804081623529802,17.204890423978213,3.2020746192400926,medium,datta_zhang (exactly 3-sparse)
cs_sigma1.0_datta_zhang,49,49,cs,100,500,1.0,3.0,datta_zhang,1.0,10,3,1.0,3.1944444444444446,cocolasso_max,reweighted_frobenius,13.326313940771556,13.488254838132368,7.163573248884414,7.2358513760860115,23.38522907299921,13.93430319899926,-0.16194089736081274,-0.07227812720159754,9.45092587399995,1.6782489040915014,medium,datta_zhang (exactly 3-sparse)
cs_sigma1.0_datta_zhang,50,50,cs,100,500,1.0,3.0,datta_zhang,1.0,10,3,1.0,3.1944444444444446,cocolasso_max,reweighted_frobenius,12.444168541461208,12.370410227934425,7.247083707855011,7.212667290225138,24.09978875494562,8.11819652596023,0.07375831352678297,0.03441641762987313,15.981592228985392,2.9686136173077027,medium,datta_zhang (exactly 3-sparse)
cs_sigma1.0_datta_zhang,51,51,cs,100,500,1.0,3.0,datta_zhang,1.0,10,3,1.0,3.1944444444444446,cocolasso_max,reweighted_frobenius,11.366567684134658,11.1580616306894,6.359422667814501,6.246822324617446,22.704531377064995,8.171915947983507,0.20850605344525874,0.11260034319705525,14.532615429081488,2.778360854612992,medium,datta_zhang (exactly 3-sparse)
cs_sigma1.0_datta_zhang,52,52,cs,100,500,1.0,3.0,datta_zhang,1.0,10,3,1.0,3.1944444444444446,cocolasso_max,reweighted_frobenius,16.37960778948915,16.653252665882995,10.206831046962693,10.407989814942608,22.67963932303246,7.461732282012235,-0.2736448763938455,-0.2011587679799156,15.217907041020226,3.0394603378769776,medium,datta_zhang (exactly 3-sparse)
cs_sigma1.0_datta_zhang,53,53,cs,100,500,1.0,3.0,datta_zhang,1.0,10,3,1.0,3.1944444444444446,cocolasso_max,reweighted_frobenius,12.200172277376405,12.630307450320016,6.298871020035698,6.526821093481772,24.256992278038524,9.594394029991236,-0.43013517294361137,-0.227950073446074,14.662598248047289,2.528246411624673,medium,datta_zhang (exactly 3-sparse)
cs_sigma1.0_datta_zhang,54,54,cs,100,500,1.0,3.0,datta_zhang,1.0,10,3,1.0,3.1944444444444446,cocolasso_max,reweighted_frobenius,10.871055568591128,10.54444242327154,6.592932674675105,6.4129648250209215,23.21018460695632,6.331112071988173,0.3266131453195875,0.1799678496541839,16.87907253496815,3.6660517683218923,medium,datta_zhang (exactly 3-sparse)
cs_sigma1.0_datta_zhang,55,55,cs,100,500,1.0,3.0,datta_zhang,1.0,10,3,1.0,3.1944444444444446,cocolasso_max,reweighted_frobenius,15.99393236048942,16.230241388911775,8.074520989245116,8.189879776230574,24.96223290602211,11.037286079023032,-0.23630902842235457,-0.11535878698545865,13.924946826999077,2.261627788507195,medium,datta_zhang (exactly 3-sparse)
cs_sigma1.0_datta_zhang,56,56,cs,100,500,1.0,3.0,datta_zhang,1.0,10,3,1.0,3.1944444444444446,cocolasso_max,reweighted_frobenius,11.384810860564318,11.452730500606364,6.597152194502936,6.577491502835556,23.094835591036823,7.419656932994258,-0.06791964004204587,0.01966069166738027,15.675178658042565,3.112655450191648,medium,datta_zhang (exactly 3-sparse)
cs_sigma1.0_datta_zhang,57,57,cs,100,500,1.0,3.0,datta_zhang,1.0,10,3,1.0,3.1944444444444446,cocolasso_max,reweighted_frobenius,15.998182399394704,15.876530090988505,8.665618145859346,8.61650198898511,24.424445751006715,9.830022952985018,0.12165230840619934,0.04911615687423598,14.594422798021697,2.4846784049054436,medium,datta_zhang (exactly 3-sparse)
cs_sigma1.0_datta_zhang,58,58,cs,100,500,1.0,3.0,datta_zhang,1.0,10,3,1.0,3.1944444444444446,cocolasso_max,reweighted_frobenius,13.636494989664174,13.926548850721652,7.409734102456952,7.546060511617875,24.72963178192731,8.423792751971632,-0.2900538610574781,-0.1363264091609233,16.305839029955678,2.9356885324771564,medium,datta_zhang (exactly 3-sparse)
cs_sigma1.0_datta_zhang,59,59,cs,100,500,1.0,3.0,datta_zhang,1.0,10,3,1.0,3.1944444444444446,cocolasso_max,reweighted_frobenius,10.455653476477927,10.109000879067764,6.899722828819941,6.73003481282166,23.134847664972767,6.7371681240038015,0.34665259741016285,0.16968801599828165,16.397679540968966,3.4339127715316775,medium,datta_zhang (exactly 3-sparse)
cs_sigma1.0_datta_zhang,60,60,cs,100,500,1.0,3.0,datta_zhang,1.0,10,3,1.0,3.1944444444444446,cocolasso_max,reweighted_frobenius,14.90741581309008,14.75841061811601,8.162883007809086,8.092332296935021,23.745230022002943,9.72135452204384,0.1490051949740696,0.07055071087406439,14.023875499959102,2.442584515168025,medium,datta_zhang (exactly 3-sparse)
cs_sigma1.0_datta_zhang,61,61,cs,100,500,1.0,3.0,datta_zhang,1.0,10,3,1.0,3.1944444444444446,cocolasso_max,reweighted_frobenius,16.355510827700996,16.901517566729567,8.649424694792492,8.911448820488257,24.80635483097285,8.987622396030929,-0.5460067390285701,-0.26202412569576516,15.818732434941921,2.760057525550663,medium,datta_zhang (exactly 3-sparse)
cs_sigma1.0_datta_zhang,62,62,cs,100,500,1.0,3.0,datta_zhang,1.0,10,3,1.0,3.1944444444444446,cocolasso_max,reweighted_frobenius,10.298409210338187,10.181976021208392,5.725953277783382,5.667110478012643,24.90589447901584,10.2365734190098,0.11643318912979517,0.05884279977073881,14.66932106000604,2.4330304155064644,medium,datta_zhang (exactly 3-sparse)
cs_sigma1.0_datta_zhang,63,63,cs,100,500,1.0,3.0,datta_zhang,1.0,10,3,1.0,3.1944444444444446,cocolasso_max,reweighted_frobenius,13.084376698277431,12.974463678395749,6.703510863846399,6.671775033710694,23.26220927003305,10.434989404981025,0.10991301988168267,0.031735830135705356,12.827219865052026,2.229250875801474,medium,datta_zhang (exactly 3-sparse)
cs_sigma1.0_datta_zhang,64,64,cs,100,500,1.0,3.0,datta_zhang,1.0,10,3,1.0,3.1944444444444446,cocolasso_max,reweighted_frobenius,14.20321704929941,14.052037412971456,7.847412593439611,7.762134914650327,24.023311725002717,9.609118157008195,0.15117963632795295,0.08527767878928394,14.414193567994522,2.500053733596964,medium,datta_zhang (exactly 3-sparse)
cs_sigma1.0_datta_zhang,65,65,cs,100,500,1.0,3.0,datta_zhang,1.0,10,3,1.0,3.1944444444444446,cocolasso_max,reweighted_frobenius,10.442735799590915,10.090783647064551,6.588888907578049,6.350308567708706,25.2594058259856,8.953859375033062,0.3519521525263638,0.23858033986934313,16.305546450952537,2.8210634954150517,medium,datta_zhang (exactly 3-sparse)
cs_sigma1.0_datta_zhang,66,66,cs,100,500,1.0,3.0,datta_zhang,1.0,10,3,1.0,3.1944444444444446,cocolasso_max,reweighted_frobenius,12.872073023592147,12.793848590398357,7.354125564175714,7.286551644651343,24.677023648982868,8.280046142986976,0.07822443319379069,0.06757391952437075,16.396977505995892,2.980300257128855,medium,datta_zhang (exactly 3-sparse)
cs_sigma1.0_datta_zhang,67,67,cs,100,500,1.0,3.0,datta_zhang,1.0,10,3,1.0,3.1944444444444446,cocolasso_max,reweighted_frobenius,16.232936088449545,16.20543847515244,10.013908327017775,9.905683648314842,22.213891372084618,10.048694688011892,0.027497613297104095,0.10822467870293373,12.165196684072725,2.2106245698345104,medium,datta_zhang (exactly 3-sparse)
cs_sigma1.0_datta_zhang,68,68,cs,100,500,1.0,3.0,datta_zhang,1.0,10,3,1.0,3.1944444444444446,cocolasso_max,reweighted_frobenius,12.3237552959139,12.289799422938604,8.04852999806918,7.986714704381436,23.82420939707663,6.7187649959814735,0.03395587297529623,0.06181529368774363,17.105444401095156,3.545920926141338,medium,datta_zhang (exactly 3-sparse)
cs_sigma1.0_datta_zhang,69,69,cs,100,500,1.0,3.0,datta_zhang,1.0,10,3,1.0,3.1944444444444446,cocolasso_max,reweighted_frobenius,11.78282653363454,11.363607743761252,6.613082721974387,6.337437088162503,24.673888618010096,7.093666928005405,0.41921878987328753,0.27564563381188467,17.58022169000469,3.4782981592494777,medium,datta_zhang (exactly 3-sparse)
cs_sigma1.0_datta_zhang,70,70,cs,100,500,1.0,3.0,datta_zhang,1.0,10,3,1.0,3.1944444444444446,cocolasso_max,reweighted_frobenius,12.115778128342448,12.443026864123818,6.847157021103561,7.037527412561204,24.66737540299073,8.033312115003355,-0.32724873578136915,-0.1903703914576429,16.634063287987374,3.0706357539527054,medium,datta_zhang (exactly 3-sparse)
cs_sigma1.0_datta_zhang,71,71,cs,100,500,1.0,3.0,datta_zhang,1.0,10,3,1.0,3.1944444444444446,cocolasso_max,reweighted_frobenius,9.785378454581933,9.19644442436464,5.042051498924833,4.73247363989009,21.98842099495232,9.288573255005758,0.5889340302172918,0.3095778590347429,12.699847739946563,2.3672549476963445,medium,datta_zhang (exactly 3-sparse)
cs_sigma1.0_datta_zhang,72,72,cs,100,500,1.0,3.0,datta_zhang,1.0,10,3,1.0,3.1944444444444446,cocolasso_max,reweighted_frobenius,11.738177362922674,11.716132059676118,7.1975720204397815,7.151343716103756,24.149603890953586,7.805925781023689,0.022045303246555292,0.04622830433602587,16.343678109929897,3.0937526910211726,medium,datta_zhang (exactly 3-sparse)
cs_sigma1.0_datta_zhang,73,73,cs,100,500,1.0,3.0,datta_zhang,1.0,10,3,1.0,3.1944444444444446,cocolasso_max,reweighted_frobenius,13.028127791927474,12.711001204435124,8.006596293270409,7.89730178186025,25.632331027067263,11.698292005981784,0.3171265874923499,0.10929451141015889,13.934039021085479,2.1911173882444097,medium,datta_zhang (exactly 3-sparse)
cs_sigma1.0_datta_zhang,74,74,cs,100,500,1.0,3.0,datta_zhang,1.0,10,3,1.0,3.1944444444444446,cocolasso_max,reweighted_frobenius,8.23014419418493,8.081009328237904,5.38868729046777,5.300632406773907,23.81222946208436,6.5442561490344815,0.14913486594702619,0.0880548836938626,17.26797331304988,3.6386456947589894,medium,datta_zhang (exactly 3-sparse)
cs_sigma1.0_datta_zhang,75,75,cs,100,500,1.0,3.0,datta_zhang,1.0,10,3,1.0,3.1944444444444446,cocolasso_max,reweighted_frobenius,12.938042315308769,12.933374951395397,6.648736588729798,6.656267332218557,22.89206529699732,8.987469902029261,0.004667363913371858,-0.007530743488759484,13.904595394968059,2.547108980229082,medium,datta_zhang (exactly 3-sparse)
cs_sigma1.0_datta_zhang,76,76,cs,100,500,1.0,3.0,datta_zhang,1.0,10,3,1.0,3.1944444444444446,cocolasso_max,reweighted_frobenius,8.772097080128576,9.01181715051572,5.086377034813221,5.229149342569356,24.537953385035507,7.870754285948351,-0.23972007038714338,-0.14277230775613425,16.667199099087156,3.1176114122687184,medium,datta_zhang (exactly 3-sparse)
cs_sigma1.0_datta_zhang,77,77,cs,100,500,1.0,3.0,datta_zhang,1.0,10,3,1.0,3.1944444444444446,cocolasso_max,reweighted_frobenius,13.83693990760758,13.950084062358814,7.900687585350457,7.92378181130826,24.94483825401403,9.321817477990407,-0.11314415475123418,-0.023094225957803083,15.623020776023623,2.6759629560341516,medium,datta_zhang (exactly 3-sparse)
cs_sigma1.0_datta_zhang,78,78,cs,100,500,1.0,3.0,datta_zhang,1.0,10,3,1.0,3.1944444444444446,cocolasso_max,reweighted_frobenius,12.07982747332886,11.74631383224421,7.691950461974765,7.589283554840634,23.52033993194345,7.954190301010385,0.3335136410846502,0.10266690713413151,15.566149630933065,2.9569747569348155,medium,datta_zhang (exactly 3-sparse)
cs_sigma1.0_datta_zhang,79,79,cs,100,500,1.0,3.0,datta_zhang,1.0,10,3,1.0,3.1944444444444446,cocolasso_max,reweighted_frobenius,12.21587704688611,12.06786435684721,7.027563086677672,6.944294120433349,23.401079952949654,7.736024190031458,0.14801269003890027,0.08326896624432312,15.665055762918197,3.0249491700276723,medium,datta_zhang (exactly 3-sparse)
cs_sigma1.0_datta_zhang,80,80,cs,100,500,1.0,3.0,datta_zhang,1.0,10,3,1.0,3.1944444444444446,cocolasso_max,reweighted_frobenius,10.41154487009026,10.32780342600986,5.421655211366727,5.392919605704452,25.167467896011654,12.38113102898933,0.08374144408040074,0.028735605662275177,12.786336867022325,2.0327276916046073,medium,datta_zhang (exactly 3-sparse)
cs_sigma1.0_datta_zhang,81,81,cs,100,500,1.0,3.0,datta_zhang,1.0,10,3,1.0,3.1944444444444446,cocolasso_max,reweighted_frobenius,11.413057841319628,11.006992548619852,6.816364474274095,6.630959742580662,24.94498608901631,10.14025489904452,0.4060652926997754,0.18540473169343308,14.804731189971791,2.4599959603941306,medium,datta_zhang (exactly 3-sparse)
cs_sigma1.0_datta_zhang,82,82,cs,100,500,1.0,3.0,datta_zhang,1.0,10,3,1.0,3.1944444444444446,cocolasso_max,reweighted_frobenius,11.7213528703213,11.71715043920331,8.663238089608036,8.580914694257899,21.75273792003281,6.40540350304218,0.004202431117990457,0.08232339535013722,15.34733441699063,3.3959980678346917,medium,datta_zhang (exactly 3-sparse)
cs_sigma1.0_datta_zhang,83,83,cs,100,500,1.0,3.0,datta_zhang,1.0,10,3,1.0,3.1944444444444446,cocolasso_max,reweighted_frobenius,10.95955878440276,10.430859053670709,5.920848189421172,5.684333207323752,23.39458053105045,7.278902513964567,0.5286997307320522,0.23651498209742083,16.115678017085884,3.2140258076225052,medium,datta_zhang (exactly 3-sparse)
cs_sigma1.0_datta_zhang,84,84,cs,100,500,1.0,3.0,datta_zhang,1.0,10,3,1.0,3.1944444444444446,cocolasso_max,reweighted_frobenius,11.905817253137355,12.021212255111797,7.146326046709117,7.193248996892835,23.25806336605456,7.714975449023768,-0.11539500197444141,-0.04692295018371784,15.543087917030793,3.01466459870557,medium,datta_zhang (exactly 3-sparse)
cs_sigma1.0_datta_zhang,85,85,cs,100,500,1.0,3.0,datta_zhang,1.0,10,3,1.0,3.1944444444444446,cocolasso_max,reweighted_frobenius,15.248107600703586,15.801323823535858,8.446022295462326,8.689080043703788,22.08512461592909,8.216354332049377,-0.5532162228322726,-0.24305774824146198,13.868770283879712,2.687946955960999,medium,datta_zhang (exactly 3-sparse)
cs_sigma1.0_datta_zhang,86,86,cs,100,500,1.0,3.0,datta_zhang,1.0,10,3,1.0,3.1944444444444446,cocolasso_max,reweighted_frobenius,11.441177717772778,11.751594450781685,6.654215696032334,6.787530670203771,23.05174796306528,8.964342949038837,-0.31041673300890693,-0.13331497417143723,14.087405014026444,2.5714933145810654,medium,datta_zhang (exactly 3-sparse)
cs_sigma1.0_datta_zhang,87,87,cs,100,500,1.0,3.0,datta_zhang,1.0,10,3,1.0,3.1944444444444446,cocolasso_max,reweighted_frobenius,10.723848239266086,10.560516408330908,6.501162794325665,6.365545488103472,21.19804340798873,7.642669015971478,0.1633318309351779,0.13561730622219237,13.555374392017253,2.773644045514667,medium,datta_zhang (exactly 3-sparse)
cs_sigma1.0_datta_zhang,88,88,cs,100,500,1.0,3.0,datta_zhang,1.0,10,3,1.0,3.1944444444444446,cocolasso_max,reweighted_frobenius,16.533485891770678,16.682257199415304,11.31653077227635,11.31343502434974,21.21913164807484,6.57544702704763,-0.1487713076446262,0.0030957479266096044,14.643684621027209,3.227024955229882,medium,datta_zhang (exactly 3-sparse)
cs_sigma1.0_datta_zhang,89,89,cs,100,500,1.0,3.0,datta_zhang,1.0,10,3,1.0,3.1944444444444446,cocolasso_max,reweighted_frobenius,11.556456623960935,11.339491901221493,6.546880870980574,6.456281242714105,23.37029431399424,8.848292598966509,0.21696472273944245,0.09059962826646828,14.52200171502773,2.6412207838520074,medium,datta_zhang (exactly 3-sparse)
cs_sigma1.0_datta_zhang,90,90,cs,100,500,1.0,3.0,datta_zhang,1.0,10,3,1.0,3.1944444444444446,cocolasso_max,reweighted_frobenius,14.356110953139757,14.507564993733276,8.663841116440901,8.786690932732222,23.60152329702396,8.453650087001733,-0.15145404059351897,-0.12284981629132119,15.147873210022226,2.791873694099721,medium,datta_zhang (exactly 3-sparse)
cs_sigma1.0_datta_zhang,91,91,cs,100,500,1.0,3.0,datta_zhang,1.0,10,3,1.0,3.1944444444444446,cocolasso_max,reweighted_frobenius,8.813365973185638,8.250950814509043,6.138816949785141,5.846910292137091,22.93351567804348,6.864358293998521,0.5624151586765951,0.2919066576480498,16.06915738404496,3.340955511907669,medium,datta_zhang (exactly 3-sparse)
cs_sigma1.0_datta_zhang,92,92,cs,100,500,1.0,3.0,datta_zhang,1.0,10,3,1.0,3.1944444444444446,cocolasso_max,reweighted_frobenius,13.64877077037496,13.55244890867258,6.9360186207952825,6.892199367839421,23.962918063043617,11.72985584003618,0.09632186170237844,0.04381925295586164,12.233062223007437,2.0428996221124662,medium,datta_zhang (exactly 3-sparse)
cs_sigma1.0_datta_zhang,93,93,cs,100,500,1.0,3.0,datta_zhang,1.0,10,3,1.0,3.1944444444444446,cocolasso_max,reweighted_frobenius,12.304436774620394,12.054010828667725,8.756195018765188,8.633111568753202,22.26267884299159,8.940763590973802,0.250425945952669,0.12308345001198617,13.321915252017789,2.490019853054498,medium,datta_zhang (exactly 3-sparse)
cs_sigma1.0_datta_zhang,94,94,cs,100,500,1.0,3.0,datta_zhang,1.0,10,3,1.0,3.1944444444444446,cocolasso_max,reweighted_frobenius,16.190954369662975,16.47408685910926,8.587253448157705,8.770888406866675,23.883418611017987,9.415359020000324,-0.28313248944628455,-0.18363495870896962,14.468059591017663,2.536644493352221,medium,datta_zhang (exactly 3-sparse)
cs_sigma1.0_datta_zhang,95,95,cs,100,500,1.0,3.0,datta_zhang,1.0,10,3,1.0,3.1944444444444446,cocolasso_max,reweighted_frobenius,11.91678919296024,11.88752833518308,6.64990330140999,6.651393395932303,24.744570567039773,8.604138611990493,0.029260857777160254,-0.0014900945223121909,16.14043195504928,2.875891670614931,medium,datta_zhang (exactly 3-sparse)
cs_sigma1.0_datta_zhang,96,96,cs,100,500,1.0,3.0,datta_zhang,1.0,10,3,1.0,3.1944444444444446,cocolasso_max,reweighted_frobenius,11.16638399624414,10.73663910324122,6.339246118071655,6.124211207866716,21.908272320055403,8.43077183002606,0.42974489300291907,0.21503491020493914,13.477500490029342,2.598608141905755,medium,datta_zhang (exactly 3-sparse)
cs_sigma1.0_datta_zhang,97,97,cs,100,500,1.0,3.0,datta_zhang,1.0,10,3,1.0,3.1944444444444446,cocolasso_max,reweighted_frobenius,13.997590742700352,14.424412706169548,8.27607211938756,8.505262857423975,22.577037619892508,7.354798120970372,-0.4268219634691963,-0.2291907380364151,15.222239498922136,3.0697018801263516,medium,datta_zhang (exactly 3-sparse)
cs_sigma1.0_datta_zhang,98,98,cs,100,500,1.0,3.0,datta_zhang,1.0,10,3,1.0,3.1944444444444446,cocolasso_max,reweighted_frobenius,12.913586703211992,12.746167794077737,6.681475405581246,6.607991472816291,24.99442407896277,9.619565103028435,0.1674189091342555,0.07348393276495457,15.374858975934334,2.5982904436182896,medium,datta_zhang (exactly 3-sparse)
cs_sigma1.0_datta_zhang,99,99,cs,100,500,1.0,3.0,datta_zhang,1.0,10,3,1.0,3.1944444444444446,cocolasso_max,reweighted_frobenius,14.738174513485433,15.493549626708289,8.150070031649319,8.55146080538585,24.833871783106588,8.993909701996017,-0.7553751132228559,-0.4013907737365301,15.83996208111057,2.7611875820362317,medium,datta_zhang (exactly 3-sparse)
cs_sigma1.0_weak_sparse_a1.0,0,0,cs,100,500,1.0,3.0,weak_sparse,1.0,10,3,1.0,1.0610025846822844,cocolasso_max,reweighted_frobenius,13.161349452957758,13.03762984368889,7.029739590122495,6.972378449981105,17.441604692023247,5.810569107008632,0.12371960926886771,0.057361140141390266,11.631035585014615,3.001703339348535,medium,weak α=1.0 (83% in first 3)
cs_sigma1.0_weak_sparse_a1.0,1,1,cs,100,500,1.0,3.0,weak_sparse,1.0,10,3,1.0,1.0610025846822844,cocolasso_max,reweighted_frobenius,11.287094524755222,11.079108880943894,5.805338947644513,5.691165707371256,17.8758787830011,7.041466345021036,0.20798564381132856,0.11417324027325737,10.834412437980063,2.538658555918681,medium,weak α=1.0 (83% in first 3)
cs_sigma1.0_weak_sparse_a1.0,2,2,cs,100,500,1.0,3.0,weak_sparse,1.0,10,3,1.0,1.0610025846822844,cocolasso_max,reweighted_frobenius,15.126809597554264,15.1639238382553,9.838889603657709,9.854968584019709,17.986437806976028,4.170431014033966,-0.03711424070103675,-0.01607898036199984,13.816006792942062,4.31284865915529,medium,weak α=1.0 (83% in first 3)
cs_sigma1.0_weak_sparse_a1.0,3,3,cs,100,500,1.0,3.0,weak_sparse,1.0,10,3,1.0,1.0610025846822844,cocolasso_max,reweighted_frobenius,10.806012225437282,10.57513043314171,5.403042892503147,5.287571523273751,18.28368718799902,6.286157805996481,0.2308817922955715,0.11547136922939583,11.99752938200254,2.9085631879234524,medium,weak α=1.0 (83% in first 3)
cs_sigma1.0_weak_sparse_a1.0,4,4,cs,100,500,1.0,3.0,weak_sparse,1.0,10,3,1.0,1.0610025846822844,cocolasso_max,reweighted_frobenius,11.869602989241072,11.895443112251677,5.941685673706709,5.953068071047379,17.624366438016295,5.50503312703222,-0.0258401230106049,-0.011382397340669925,12.119333310984075,3.201500523488701,medium,weak α=1.0 (83% in first 3)
cs_sigma1.0_weak_sparse_a1.0,5,5,cs,100,500,1.0,3.0,weak_sparse,1.0,10,3,1.0,1.0610025846822844,cocolasso_max,reweighted_frobenius,11.45367842322929,11.305094037487155,5.736294904507956,5.659663237936182,17.110402709047776,6.076007587020285,0.14858438574213473,0.07663166657177367,11.03439512202749,2.816060128956954,medium,weak α=1.0 (83% in first 3)
cs_sigma1.0_weak_sparse_a1.0,6,6,cs,100,500,1.0,3.0,weak_sparse,1.0,10,3,1.0,1.0610025846822844,cocolasso_max,reweighted_frobenius,11.830639622139689,11.60009358019969,5.980193983132432,5.8604669049179,16.606886424997356,6.262537278002128,0.2305460419399985,0.11972707821453188,10.344349146995228,2.6517824466021027,medium,weak α=1.0 (83% in first 3)
cs_sigma1.0_weak_sparse_a1.0,7,7,cs,100,500,1.0,3.0,weak_sparse,1.0,10,3,1.0,1.0610025846822844,cocolasso_max,reweighted_frobenius,11.173670970332722,10.862092337555094,6.107705127379053,5.929263952649078,16.24055677402066,5.092087112017907,0.31157863277762843,0.17844117472997567,11.148469662002753,3.189371355350754,medium,weak α=1.0 (83% in first 3)
cs_sigma1.0_weak_sparse_a1.0,8,8,cs,100,500,1.0,3.0,weak_sparse,1.0,10,3,1.0,1.0610025846822844,cocolasso_max,reweighted_frobenius,11.425535287317636,11.283842269825785,6.039728248416427,5.958876222959715,16.22246428701328,4.719244400970638,0.1416930174918516,0.08085202545671244,11.503219886042643,3.4375130653705286,medium,weak α=1.0 (83% in first 3)
cs_sigma1.0_weak_sparse_a1.0,9,9,cs,100,500,1.0,3.0,weak_sparse,1.0,10,3,1.0,1.0610025846822844,cocolasso_max,reweighted_frobenius,15.114896365729134,15.41423031230588,7.584650778054264,7.741610398178763,16.464473752013873,5.135703384003136,-0.2993339465767466,-0.15695962012449982,11.328770368010737,3.205884865410642,medium,weak α=1.0 (83% in first 3)
cs_sigma1.0_weak_sparse_a1.0,10,10,cs,100,500,1.0,3.0,weak_sparse,1.0,10,3,1.0,1.0610025846822844,cocolasso_max,reweighted_frobenius,11.43283812171154,11.068918807610135,5.719012515426825,5.536371550872177,16.547734163003042,5.301260444975924,0.36391931410140543,0.18264096455464784,11.246473718027119,3.121471645235909,medium,weak α=1.0 (83% in first 3)
cs_sigma1.0_weak_sparse_a1.0,11,11,cs,100,500,1.0,3.0,weak_sparse,1.0,10,3,1.0,1.0610025846822844,cocolasso_max,reweighted_frobenius,12.729224962609791,12.743068797053674,6.369749417069331,6.375897822762551,16.43691988295177,4.599297861976083,-0.013843834443882486,-0.006148405693219949,11.837622020975687,3.5737889513182486,medium,weak α=1.0 (83% in first 3)
cs_sigma1.0_weak_sparse_a1.0,12,12,cs,100,500,1.0,3.0,weak_sparse,1.0,10,3,1.0,1.0610025846822844,cocolasso_max,reweighted_frobenius,12.574262689128371,12.568407779428853,6.287729260891708,6.285304767717156,17.310562731989194,6.5737651829840615,0.005854909699518629,0.002424493174552289,10.736797549005132,2.6332797491454243,medium,weak α=1.0 (83% in first 3)
cs_sigma1.0_weak_sparse_a1.0,13,13,cs,100,500,1.0,3.0,weak_sparse,1.0,10,3,1.0,1.0610025846822844,cocolasso_max,reweighted_frobenius,12.011334390229775,11.8044428510452,6.237191828013901,6.113881020320584,17.493729251029436,4.855263445992023,0.20689153918457492,0.12331080769331759,12.638465805037413,3.6030442931928555,medium,weak α=1.0 (83% in first 3)
cs_sigma1.0_weak_sparse_a1.0,14,14,cs,100,500,1.0,3.0,weak_sparse,1.0,10,3,1.0,1.0610025846822844,cocolasso_max,reweighted_frobenius,15.927693766371071,16.319785324726922,7.973917893775379,8.166685541502867,17.919280342990533,5.276033527974505,-0.3920915583558511,-0.19276764772748756,12.643246815016028,3.396354524280256,medium,weak α=1.0 (83% in first 3)
cs_sigma1.0_weak_sparse_a1.0,15,15,cs,100,500,1.0,3.0,weak_sparse,1.0,10,3,1.0,1.0610025846822844,cocolasso_max,reweighted_frobenius,12.124086131976355,11.981235020479255,6.100925696761824,6.027937246237224,17.968551413971,4.546349327953067,0.14285111149709984,0.07298845052460035,13.422202086017933,3.9523032916744874,medium,weak α=1.0 (83% in first 3)
cs_sigma1.0_weak_sparse_a1.0,16,16,cs,100,500,1.0,3.0,weak_sparse,1.0,10,3,1.0,1.0610025846822844,cocolasso_max,reweighted_frobenius,12.217718756206931,11.968524257050444,6.308988135685029,6.164925826559727,19.53572099597659,5.974229048995767,0.24919449915648784,0.14406230912530216,13.561491946980823,3.269998661879298,medium,weak α=1.0 (83% in first 3)
cs_sigma1.0_weak_sparse_a1.0,17,17,cs,100,500,1.0,3.0,weak_sparse,1.0,10,3,1.0,1.0610025846822844,cocolasso_max,reweighted_frobenius,13.21864957986426,13.169475306677633,6.631582945459975,6.613439538890478,20.591679010016374,5.837291948962957,0.049174273186627815,0.018143406569497422,14.754387061053418,3.5276082111456937,medium,weak α=1.0 (83% in first 3)
cs_sigma1.0_weak_sparse_a1.0,18,18,cs,100,500,1.0,3.0,weak_sparse,1.0,10,3,1.0,1.0610025846822844,cocolasso_max,reweighted_frobenius,15.254753328378122,15.317237948893371,7.636343055642405,7.665595612684398,18.81956635700772,5.525487475038972,-0.06248462051524939,-0.029252557041993477,13.294078881968748,3.405955844081428,medium,weak α=1.0 (83% in first 3)
cs_sigma1.0_weak_sparse_a1.0,19,19,cs,100,500,1.0,3.0,weak_sparse,1.0,10,3,1.0,1.0610025846822844,cocolasso_max,reweighted_frobenius,10.310145822269025,10.298017436878974,5.155141792021895,5.1498573197176185,37.94742163998308,5.018839048978407,0.012128385390051122,0.0052844723042762,32.92858259100467,7.560995933453443,medium,weak α=1.0 (83% in first 3)
cs_sigma1.0_weak_sparse_a1.0,20,20,cs,100,500,1.0,3.0,weak_sparse,1.0,10,3,1.0,1.0610025846822844,cocolasso_max,reweighted_frobenius,15.024528603394334,15.052269281255716,7.657351803832978,7.6600491000009265,15.561649176990612,4.652816640969832,-0.02774067786138268,-0.0026972961679483376,10.908832536020778,3.3445653198461187,medium,weak α=1.0 (83% in first 3)
cs_sigma1.0_weak_sparse_a1.0,21,21,cs,100,500,1.0,3.0,weak_sparse,1.0,10,3,1.0,1.0610025846822844,cocolasso_max,reweighted_frobenius,10.909179833360431,10.777345286163964,5.5517551159716,5.491689869623084,15.95487217901973,7.311828477017116,0.13183454719646726,0.06006524634851651,8.643043702002615,2.1820632457626483,medium,weak α=1.0 (83% in first 3)
cs_sigma1.0_weak_sparse_a1.0,22,22,cs,100,500,1.0,3.0,weak_sparse,1.0,10,3,1.0,1.0610025846822844,cocolasso_max,reweighted_frobenius,11.821790201567971,11.581170791307086,6.524158474298517,6.363388789566739,15.556871308013797,4.5775747349835,0.2406194102608854,0.1607696847317781,10.979296573030297,3.398496411019245,medium,weak α=1.0 (83% in first 3)
cs_sigma1.0_weak_sparse_a1.0,23,23,cs,100,500,1.0,3.0,weak_sparse,1.0,10,3,1.0,1.0610025846822844,cocolasso_max,reweighted_frobenius,9.826598651431114,9.561908861985009,5.22469979656186,5.082237099689233,16.321793520997744,7.045824671979062,0.26468978944610555,0.14246269687262725,9.275968849018682,2.3165199647826613,medium,weak α=1.0 (83% in first 3)
cs_sigma1.0_weak_sparse_a1.0,24,24,cs,100,500,1.0,3.0,weak_sparse,1.0,10,3,1.0,1.0610025846822844,cocolasso_max,reweighted_frobenius,11.69795116231953,11.607178275638413,5.949270493123199,5.8931527717150125,16.436426175001543,5.183901518990751,0.09077288668111727,0.05611772140818694,11.252524656010792,3.1706671345487933,medium,weak α=1.0 (83% in first 3)
cs_sigma1.0_weak_sparse_a1.0,25,25,cs,100,500,1.0,3.0,weak_sparse,1.0,10,3,1.0,1.0610025846822844,cocolasso_max,reweighted_frobenius,10.423855191639207,10.234215507251374,5.228196360643099,5.13117831023155,16.410626749973744,7.868078789033461,0.18963968438783319,0.09701805041154898,8.542547960940283,2.0857222188530824,medium,weak α=1.0 (83% in first 3)
cs_sigma1.0_weak_sparse_a1.0,26,26,cs,100,500,1.0,3.0,weak_sparse,1.0,10,3,1.0,1.0610025846822844,cocolasso_max,reweighted_frobenius,11.478820955206372,11.421955606282811,5.817570162013514,5.78832084652455,17.78168162604561,6.486936145985965,0.05686534892356043,0.029249315488963923,11.294745480059646,2.7411525604500815,medium,weak α=1.0 (83% in first 3)
cs_sigma1.0_weak_sparse_a1.0,27,27,cs,100,500,1.0,3.0,weak_sparse,1.0,10,3,1.0,1.0610025846822844,cocolasso_max,reweighted_frobenius,13.534817335071946,13.557029005497306,6.854124822547363,6.863963045148058,17.531190751993563,5.009486477007158,-0.022211670425360097,-0.009838222600694557,12.521704274986405,3.4995983784883493,medium,weak α=1.0 (83% in first 3)
cs_sigma1.0_weak_sparse_a1.0,28,28,cs,100,500,1.0,3.0,weak_sparse,1.0,10,3,1.0,1.0610025846822844,cocolasso_max,reweighted_frobenius,12.265099630464055,12.05873125291382,6.218910433702847,6.103165982663607,17.10853698803112,5.937263715022709,0.20636837755023585,0.11574445103924003,11.17127327300841,2.8815524809420867,medium,weak α=1.0 (83% in first 3)
cs_sigma1.0_weak_sparse_a1.0,29,29,cs,100,500,1.0,3.0,weak_sparse,1.0,10,3,1.0,1.0610025846822844,cocolasso_max,reweighted_frobenius,12.4231654828436,12.298996604161466,6.292521102389027,6.219292160111823,17.766823123965878,5.506819232017733,0.12416887868213422,0.07322894227720411,12.260003891948145,3.226331276804233,medium,weak α=1.0 (83% in first 3)
cs_sigma1.0_weak_sparse_a1.0,30,30,cs,100,500,1.0,3.0,weak_sparse,1.0,10,3,1.0,1.0610025846822844,cocolasso_max,reweighted_frobenius,16.243947450162644,16.42477026153984,8.14298713248581,8.231743374970941,17.236381991009694,7.363460634020157,-0.18082281137719747,-0.0887562424851307,9.872921356989536,2.3407990953839475,medium,weak α=1.0 (83% in first 3)
cs_sigma1.0_weak_sparse_a1.0,31,31,cs,100,500,1.0,3.0,weak_sparse,1.0,10,3,1.0,1.0610025846822844,cocolasso_max,reweighted_frobenius,14.061866575989082,14.033480708940813,7.142982616804591,7.132298800508332,17.474119339021854,5.603408992988989,0.02838586704826973,0.010683816296259252,11.870710346032865,3.118480082550739,medium,weak α=1.0 (83% in first 3)
cs_sigma1.0_weak_sparse_a1.0,32,32,cs,100,500,1.0,3.0,weak_sparse,1.0,10,3,1.0,1.0610025846822844,cocolasso_max,reweighted_frobenius,11.82257119367317,11.655492297319192,6.100551936076417,6.001780190483919,16.292931106989272,5.880183577013668,0.16707889635397777,0.09877174559249724,10.412747529975604,2.770820144234997,medium,weak α=1.0 (83% in first 3)
cs_sigma1.0_weak_sparse_a1.0,33,33,cs,100,500,1.0,3.0,weak_sparse,1.0,10,3,1.0,1.0610025846822844,cocolasso_max,reweighted_frobenius,12.123556562209616,11.88828996440974,6.0633032924775545,5.94612339436412,16.06124718004139,6.658261878008489,0.23526659779987646,0.11717989811343443,9.402985302032903,2.412228217260414,medium,weak α=1.0 (83% in first 3)
cs_sigma1.0_weak_sparse_a1.0,34,34,cs,100,500,1.0,3.0,weak_sparse,1.0,10,3,1.0,1.0610025846822844,cocolasso_max,reweighted_frobenius,13.284510215118711,13.17353304472378,6.669068214071453,6.614460960428146,16.08076844603056,5.3947895640158094,0.11097717039493205,0.054607253643307097,10.685978882014751,2.9807962396331638,medium,weak α=1.0 (83% in first 3)
cs_sigma1.0_weak_sparse_a1.0,35,35,cs,100,500,1.0,3.0,weak_sparse,1.0,10,3,1.0,1.0610025846822844,cocolasso_max,reweighted_frobenius,11.78610353999329,11.607985409866222,6.031597116661393,5.9335659673051975,16.130251030030195,5.856120040989481,0.1781181301270678,0.09803114935619561,10.274130989040714,2.754426295418757,medium,weak α=1.0 (83% in first 3)
cs_sigma1.0_weak_sparse_a1.0,36,36,cs,100,500,1.0,3.0,weak_sparse,1.0,10,3,1.0,1.0610025846822844,cocolasso_max,reweighted_frobenius,14.727833678380373,14.804913720521734,7.3666469088353885,7.405355163561269,16.04279515403323,4.81123353302246,-0.0770800421413611,-0.03870825472588013,11.23156162101077,3.334445323412726,medium,weak α=1.0 (83% in first 3)
cs_sigma1.0_weak_sparse_a1.0,37,37,cs,100,500,1.0,3.0,weak_sparse,1.0,10,3,1.0,1.0610025846822844,cocolasso_max,reweighted_frobenius,12.36710376987502,12.258513085409003,6.344217238235407,6.277047602549815,16.091844601964112,5.810022427001968,0.1085906844660176,0.06716963568559198,10.281822174962144,2.7696699632651285,medium,weak α=1.0 (83% in first 3)
cs_sigma1.0_weak_sparse_a1.0,38,38,cs,100,500,1.0,3.0,weak_sparse,1.0,10,3,1.0,1.0610025846822844,cocolasso_max,reweighted_frobenius,13.259180161670542,13.24435818188609,6.638651738311742,6.631279020014914,16.058072444051504,5.669355183024891,0.01482197978445221,0.007372718296827507,10.388717261026613,2.8324336587928687,medium,weak α=1.0 (83% in first 3)
cs_sigma1.0_weak_sparse_a1.0,39,39,cs,100,500,1.0,3.0,weak_sparse,1.0,10,3,1.0,1.0610025846822844,cocolasso_max,reweighted_frobenius,13.17962288539826,13.28034637044484,6.651364375023521,6.694615436012068,16.674394612957258,5.82316227001138,-0.10072348504658102,-0.04325106098854725,10.851232342945877,2.8634604085873554,medium,weak α=1.0 (83% in first 3)
cs_sigma1.0_weak_sparse_a1.0,40,40,cs,100,500,1.0,3.0,weak_sparse,1.0,10,3,1.0,1.0610025846822844,cocolasso_max,reweighted_frobenius,12.572104500177645,12.55364139734121,6.367582958420221,6.353388862495514,16.112566531053744,5.051351138972677,0.01846310283643504,0.014194095924707106,11.061215392081067,3.189753807994162,medium,weak α=1.0 (83% in first 3)
cs_sigma1.0_weak_sparse_a1.0,41,41,cs,100,500,1.0,3.0,weak_sparse,1.0,10,3,1.0,1.0610025846822844,cocolasso_max,reweighted_frobenius,11.112834492316235,10.937848186188374,5.703046744545968,5.607782467147807,16.353334226994775,4.969087544013746,0.17498630612786137,0.09526427739816068,11.38424668298103,3.2910135074387283,medium,weak α=1.0 (83% in first 3)
cs_sigma1.0_weak_sparse_a1.0,42,42,cs,100,500,1.0,3.0,weak_sparse,1.0,10,3,1.0,1.0610025846822844,cocolasso_max,reweighted_frobenius,15.21037569028956,15.305037675900312,7.878581064684504,7.9059976763602995,16.831322590005584,4.428482932969928,-0.09466198561075245,-0.0274166116757959,12.402839657035656,3.8006971788683823,medium,weak α=1.0 (83% in first 3)
cs_sigma1.0_weak_sparse_a1.0,43,43,cs,100,500,1.0,3.0,weak_sparse,1.0,10,3,1.0,1.0610025846822844,cocolasso_max,reweighted_frobenius,12.576796863246996,12.436095053893808,6.448961354079763,6.366496112154177,16.684779572009575,5.69998073100578,0.1407018093531871,0.08246524192558535,10.984798841003794,2.927164206231534,medium,weak α=1.0 (83% in first 3)
cs_sigma1.0_weak_sparse_a1.0,44,44,cs,100,500,1.0,3.0,weak_sparse,1.0,10,3,1.0,1.0610025846822844,cocolasso_max,reweighted_frobenius,13.679853877486677,13.800424061582348,7.098901213258847,7.15679271412768,16.483254791004583,7.457450300978962,-0.120570184095671,-0.05789150086883321,9.025804490025621,2.2103070252899677,medium,weak α=1.0 (83% in first 3)
cs_sigma1.0_weak_sparse_a1.0,45,45,cs,100,500,1.0,3.0,weak_sparse,1.0,10,3,1.0,1.0610025846822844,cocolasso_max,reweighted_frobenius,14.727140667072494,14.801320856849609,7.532697517068157,7.5600179924564195,16.60594105697237,5.18589335802244,-0.07418018977711505,-0.027320475388262544,11.42004769894993,3.202137011028855,medium,weak α=1.0 (83% in first 3)
cs_sigma1.0_weak_sparse_a1.0,46,46,cs,100,500,1.0,3.0,weak_sparse,1.0,10,3,1.0,1.0610025846822844,cocolasso_max,reweighted_frobenius,10.499413001521123,10.967091083300891,5.568039102057126,5.821084847027594,16.74736108398065,5.538020133040845,-0.4676780817797681,-0.2530457449704677,11.209340950939804,3.0240700975539645,medium,weak α=1.0 (83% in first 3)
cs_sigma1.0_weak_sparse_a1.0,47,47,cs,100,500,1.0,3.0,weak_sparse,1.0,10,3,1.0,1.0610025846822844,cocolasso_max,reweighted_frobenius,11.703626330283171,11.560424119225289,5.8518214728099816,5.780542163611444,16.276471377990674,4.781325855990872,0.14320221105788278,0.07127930919853753,11.495145521999802,3.404175299534688,medium,weak α=1.0 (83% in first 3)
cs_sigma1.0_weak_sparse_a1.0,48,48,cs,100,500,1.0,3.0,weak_sparse,1.0,10,3,1.0,1.0610025846822844,cocolasso_max,reweighted_frobenius,13.23177389819566,13.232289390340028,7.282812599131176,7.278367242544506,16.290407772990875,5.0427977700019255,-0.0005154921443679683,0.004445356586670002,11.24761000298895,3.2304305102016126,medium,weak α=1.0 (83% in first 3)
cs_sigma1.0_weak_sparse_a1.0,49,49,cs,100,500,1.0,3.0,weak_sparse,1.0,10,3,1.0,1.0610025846822844,cocolasso_max,reweighted_frobenius,12.187532982063566,12.043162118458689,6.222020474147398,6.141121955782075,16.33035587001359,5.5599071860197,0.14437086360487683,0.08089851836532347,10.77044868399389,2.9371633956545202,medium,weak α=1.0 (83% in first 3)
cs_sigma1.0_weak_sparse_a1.0,50,50,cs,100,500,1.0,3.0,weak_sparse,1.0,10,3,1.0,1.0610025846822844,cocolasso_max,reweighted_frobenius,12.307453923290506,12.303477340129154,6.551326518362632,6.528312340295552,16.352292849041987,4.67676801700145,0.003976583161351854,0.02301417806708006,11.675524832040537,3.496494328903318,medium,weak α=1.0 (83% in first 3)
cs_sigma1.0_weak_sparse_a1.0,51,51,cs,100,500,1.0,3.0,weak_sparse,1.0,10,3,1.0,1.0610025846822844,cocolasso_max,reweighted_frobenius,12.753494525291924,12.65999871914014,6.380360521416145,6.333202288991886,16.106550960044842,4.763558174017817,0.09349580615178432,0.04715823242425898,11.342992786027025,3.3812016924440735,medium,weak α=1.0 (83% in first 3)
cs_sigma1.0_weak_sparse_a1.0,52,52,cs,100,500,1.0,3.0,weak_sparse,1.0,10,3,1.0,1.0610025846822844,cocolasso_max,reweighted_frobenius,14.287549783828329,14.308262210654878,8.137419884239991,8.157199759439036,16.361159434949514,4.802888954000082,-0.020712426826548835,-0.01977987519904545,11.558270480949432,3.406524612925547,medium,weak α=1.0 (83% in first 3)
cs_sigma1.0_weak_sparse_a1.0,53,53,cs,100,500,1.0,3.0,weak_sparse,1.0,10,3,1.0,1.0610025846822844,cocolasso_max,reweighted_frobenius,11.415596335101135,11.372436476999912,5.725285149527533,5.702800408734632,16.08868807903491,6.1344304219819605,0.043159858101223136,0.022484740792901192,9.954257657052949,2.6226865368597414,medium,weak α=1.0 (83% in first 3)
cs_sigma1.0_weak_sparse_a1.0,54,54,cs,100,500,1.0,3.0,weak_sparse,1.0,10,3,1.0,1.0610025846822844,cocolasso_max,reweighted_frobenius,12.056002706171196,11.818294945527398,6.153352350550824,6.0330351454588005,17.04756785702193,4.330358556995634,0.23770776064379717,0.12031720509202337,12.717209300026298,3.936756652513641,medium,weak α=1.0 (83% in first 3)
cs_sigma1.0_weak_sparse_a1.0,55,55,cs,100,500,1.0,3.0,weak_sparse,1.0,10,3,1.0,1.0610025846822844,cocolasso_max,reweighted_frobenius,14.780165243718104,14.957749033509511,7.403305819942116,7.49556535160028,16.47451110498514,5.718121007957961,-0.17758378979140765,-0.09225953165816403,10.756390097027179,2.881105713232968,medium,weak α=1.0 (83% in first 3)
cs_sigma1.0_weak_sparse_a1.0,56,56,cs,100,500,1.0,3.0,weak_sparse,1.0,10,3,1.0,1.0610025846822844,cocolasso_max,reweighted_frobenius,11.539797425808327,11.41399052642518,5.848826080970529,5.774452775567887,16.015368510968983,4.673203442012891,0.1258068993831465,0.07437330540264142,11.342165068956092,3.4270642632392385,medium,weak α=1.0 (83% in first 3)
cs_sigma1.0_weak_sparse_a1.0,57,57,cs,100,500,1.0,3.0,weak_sparse,1.0,10,3,1.0,1.0610025846822844,cocolasso_max,reweighted_frobenius,15.14001971810081,15.124775126234466,7.590491825064318,7.58337591683266,15.951392385002691,5.995744257001206,0.015244591866343526,0.00711590823165853,9.955648128001485,2.6604524311350195,medium,weak α=1.0 (83% in first 3)
cs_sigma1.0_weak_sparse_a1.0,58,58,cs,100,500,1.0,3.0,weak_sparse,1.0,10,3,1.0,1.0610025846822844,cocolasso_max,reweighted_frobenius,12.749333750718089,12.564817085637092,6.426146700416088,6.327883157567717,15.944855223002378,5.273183837009128,0.18451666508099684,0.09826354284837091,10.67167138599325,3.023762439514353,medium,weak α=1.0 (83% in first 3)
cs_sigma1.0_weak_sparse_a1.0,59,59,cs,100,500,1.0,3.0,weak_sparse,1.0,10,3,1.0,1.0610025846822844,cocolasso_max,reweighted_frobenius,11.81296509434129,11.497593561436611,6.202316601664536,6.0404206741554844,15.915774874971248,5.578346872993279,0.31537153290467934,0.16189592750905124,10.337428001977969,2.8531346718550363,medium,weak α=1.0 (83% in first 3)
cs_sigma1.0_weak_sparse_a1.0,60,60,cs,100,500,1.0,3.0,weak_sparse,1.0,10,3,1.0,1.0610025846822844,cocolasso_max,reweighted_frobenius,14.003725684457883,13.982054882223355,7.005286139306865,6.994033427646847,15.602069381042384,6.724757043004502,0.021670802234527997,0.011252711660017845,8.877312338037882,2.3200941359320333,medium,weak α=1.0 (83% in first 3)
cs_sigma1.0_weak_sparse_a1.0,61,61,cs,100,500,1.0,3.0,weak_sparse,1.0,10,3,1.0,1.0610025846822844,cocolasso_max,reweighted_frobenius,14.945915232213864,15.141560762457114,7.484937139487284,7.580275227502613,15.846503317006864,5.609090771002229,-0.19564553024325093,-0.09533808801532828,10.237412546004634,2.8251465280130277,medium,weak α=1.0 (83% in first 3)
cs_sigma1.0_weak_sparse_a1.0,62,62,cs,100,500,1.0,3.0,weak_sparse,1.0,10,3,1.0,1.0610025846822844,cocolasso_max,reweighted_frobenius,10.265681407584282,10.13174483554571,5.135475024151137,5.069807384070533,15.96266059600748,6.275062219006941,0.13393657203857146,0.065667640080604,9.687598377000539,2.543825071193262,medium,weak α=1.0 (83% in first 3)
cs_sigma1.0_weak_sparse_a1.0,63,63,cs,100,500,1.0,3.0,weak_sparse,1.0,10,3,1.0,1.0610025846822844,cocolasso_max,reweighted_frobenius,10.272825167626852,10.17185911203974,5.136529665805169,5.085992262890104,16.612951569026336,6.449254643986933,0.10096605558711147,0.050537402915064256,10.163696925039403,2.575949080335305,medium,weak α=1.0 (83% in first 3)
cs_sigma1.0_weak_sparse_a1.0,64,64,cs,100,500,1.0,3.0,weak_sparse,1.0,10,3,1.0,1.0610025846822844,cocolasso_max,reweighted_frobenius,15.20065877648137,15.306039885059748,7.715090083198468,7.763512788049718,16.926651032001246,8.238451078010257,-0.10538110857837779,-0.048422704851250664,8.688199953990988,2.0545914361476494,medium,weak α=1.0 (83% in first 3)
cs_sigma1.0_weak_sparse_a1.0,65,65,cs,100,500,1.0,3.0,weak_sparse,1.0,10,3,1.0,1.0610025846822844,cocolasso_max,reweighted_frobenius,9.425883288418737,9.302624947692792,4.820113663222653,4.7538797219040285,16.75382001104299,5.942946725001093,0.1232583407259451,0.06623394131862437,10.810873286041897,2.8191099106714455,medium,weak α=1.0 (83% in first 3)
cs_sigma1.0_weak_sparse_a1.0,66,66,cs,100,500,1.0,3.0,weak_sparse,1.0,10,3,1.0,1.0610025846822844,cocolasso_max,reweighted_frobenius,11.251139331013311,11.039095512031476,6.087204259077702,6.010012143494344,16.98982692696154,5.696857872011606,0.21204381898183478,0.07719211558335815,11.292969054949936,2.982315393619307,medium,weak α=1.0 (83% in first 3)
cs_sigma1.0_weak_sparse_a1.0,67,67,cs,100,500,1.0,3.0,weak_sparse,1.0,10,3,1.0,1.0610025846822844,cocolasso_max,reweighted_frobenius,15.063310376351373,15.08519764334548,8.046025900759036,8.044217571931487,16.64793592103524,5.271850127028301,-0.021887266994108145,0.0018083288275487774,11.37608579400694,3.157892489333635,medium,weak α=1.0 (83% in first 3)
cs_sigma1.0_weak_sparse_a1.0,68,68,cs,100,500,1.0,3.0,weak_sparse,1.0,10,3,1.0,1.0610025846822844,cocolasso_max,reweighted_frobenius,12.192606582839218,11.990718117871468,6.117980223250603,6.016873307820326,16.594003308971878,4.187152992992196,0.20188846496774993,0.10110691543027706,12.406850315979682,3.9630754684016405,medium,weak α=1.0 (83% in first 3)
cs_sigma1.0_weak_sparse_a1.0,69,69,cs,100,500,1.0,3.0,weak_sparse,1.0,10,3,1.0,1.0610025846822844,cocolasso_max,reweighted_frobenius,13.634013051209394,13.553268874299306,6.871548633917787,6.844566178662338,16.323486921028234,5.326152710011229,0.08074417691008762,0.026982455255449622,10.997334211017005,3.0647801161138357,medium,weak α=1.0 (83% in first 3)
cs_sigma1.0_weak_sparse_a1.0,70,70,cs,100,500,1.0,3.0,weak_sparse,1.0,10,3,1.0,1.0610025846822844,cocolasso_max,reweighted_frobenius,14.027223295385832,14.100550150734811,7.518102932747257,7.575015961708326,16.633632049022708,5.916843871003948,-0.07332685534897898,-0.05691302896106887,10.71678817801876,2.811233896256312,medium,weak α=1.0 (83% in first 3)
cs_sigma1.0_weak_sparse_a1.0,71,71,cs,100,500,1.0,3.0,weak_sparse,1.0,10,3,1.0,1.0610025846822844,cocolasso_max,reweighted_frobenius,12.621108628005532,12.702901815201283,6.310677191991076,6.3518011346354735,16.33735266601434,5.357793161994778,-0.08179318719575157,-0.04112394264439789,10.979559504019562,3.0492690128283577,medium,weak α=1.0 (83% in first 3)
cs_sigma1.0_weak_sparse_a1.0,72,72,cs,100,500,1.0,3.0,weak_sparse,1.0,10,3,1.0,1.0610025846822844,cocolasso_max,reweighted_frobenius,15.207652616537834,15.253944762691509,8.120914689088384,8.131744185369573,16.955284469004255,5.177403987967409,-0.04629214615367516,-0.010829496281189677,11.777880481036846,3.274862171931982,medium,weak α=1.0 (83% in first 3)
cs_sigma1.0_weak_sparse_a1.0,73,73,cs,100,500,1.0,3.0,weak_sparse,1.0,10,3,1.0,1.0610025846822844,cocolasso_max,reweighted_frobenius,12.250589523631858,12.170419384082209,6.7184394210685525,6.662396298355546,16.521543960960116,5.351462502032518,0.08017013954964902,0.05604312271300671,11.170081458927598,3.087295100112377,medium,weak α=1.0 (83% in first 3)
cs_sigma1.0_weak_sparse_a1.0,74,74,cs,100,500,1.0,3.0,weak_sparse,1.0,10,3,1.0,1.0610025846822844,cocolasso_max,reweighted_frobenius,8.455051589260083,8.21970268868829,4.252331087492792,4.129327520188523,16.078537936031353,5.485544751980342,0.23534890057179325,0.12300356730426909,10.59299318405101,2.931074061555477,medium,weak α=1.0 (83% in first 3)
cs_sigma1.0_weak_sparse_a1.0,75,75,cs,100,500,1.0,3.0,weak_sparse,1.0,10,3,1.0,1.0610025846822844,cocolasso_max,reweighted_frobenius,11.737111052923408,11.899167534893932,5.924318741985436,6.0098397532833365,15.82165202498436,5.869058607029729,-0.1620564819705237,-0.08552101129790035,9.952593417954631,2.6957733913295403,medium,weak α=1.0 (83% in first 3)
cs_sigma1.0_weak_sparse_a1.0,76,76,cs,100,500,1.0,3.0,weak_sparse,1.0,10,3,1.0,1.0610025846822844,cocolasso_max,reweighted_frobenius,9.011495040048707,9.024401923067964,4.576089630472124,4.583958248164917,16.667458901007194,3.572251230012625,-0.01290688301925691,-0.007868617692793123,13.095207670994569,4.665813748197181,medium,weak α=1.0 (83% in first 3)
cs_sigma1.0_weak_sparse_a1.0,77,77,cs,100,500,1.0,3.0,weak_sparse,1.0,10,3,1.0,1.0610025846822844,cocolasso_max,reweighted_frobenius,12.826831639732315,12.766549872367555,6.506733009633864,6.477650335335967,16.64168632501969,4.468047228991054,0.060281767364759986,0.02908267429789735,12.173639096028637,3.72459946641558,medium,weak α=1.0 (83% in first 3)
cs_sigma1.0_weak_sparse_a1.0,78,78,cs,100,500,1.0,3.0,weak_sparse,1.0,10,3,1.0,1.0610025846822844,cocolasso_max,reweighted_frobenius,11.443894182570334,11.219322968745969,5.940529560574553,5.8161072769287445,16.591182670963462,5.099039793014526,0.2245712138243654,0.12442228364580821,11.492142877948936,3.2537856820989504,medium,weak α=1.0 (83% in first 3)
cs_sigma1.0_weak_sparse_a1.0,79,79,cs,100,500,1.0,3.0,weak_sparse,1.0,10,3,1.0,1.0610025846822844,cocolasso_max,reweighted_frobenius,12.564716202231631,12.54560210184127,6.364788966740261,6.353339846228716,17.635640942957252,5.434291823999956,0.01911410039036099,0.011449120511545452,12.201349118957296,3.24525099389609,medium,weak α=1.0 (83% in first 3)
cs_sigma1.0_weak_sparse_a1.0,80,80,cs,100,500,1.0,3.0,weak_sparse,1.0,10,3,1.0,1.0610025846822844,cocolasso_max,reweighted_frobenius,10.084298777792506,9.919146106310638,5.138534771547374,5.069002594107049,17.737518316949718,6.281342233996838,0.1651526714818683,0.06953217744032525,11.45617608295288,2.8238420477948196,medium,weak α=1.0 (83% in first 3)
cs_sigma1.0_weak_sparse_a1.0,81,81,cs,100,500,1.0,3.0,weak_sparse,1.0,10,3,1.0,1.0610025846822844,cocolasso_max,reweighted_frobenius,12.874395675085356,12.70197570132963,7.080897258189887,7.009280202072199,17.259164843999315,5.142032349016517,0.17241997375572637,0.0716170561176872,12.117132494982798,3.3564870215762763,medium,weak α=1.0 (83% in first 3)
cs_sigma1.0_weak_sparse_a1.0,82,82,cs,100,500,1.0,3.0,weak_sparse,1.0,10,3,1.0,1.0610025846822844,cocolasso_max,reweighted_frobenius,12.095883022948426,11.985816070748104,6.82887022081214,6.768391194596544,17.30476034799358,5.095711529022083,0.11006695220032192,0.060479026215596754,12.209048818971496,3.395945835912445,medium,weak α=1.0 (83% in first 3)
cs_sigma1.0_weak_sparse_a1.0,83,83,cs,100,500,1.0,3.0,weak_sparse,1.0,10,3,1.0,1.0610025846822844,cocolasso_max,reweighted_frobenius,14.523522902773088,14.68428845121948,7.543895849370627,7.617042232258925,17.204483960988,5.10761988098966,-0.1607655484463919,-0.07314638288829745,12.09686407999834,3.3683955270481944,medium,weak α=1.0 (83% in first 3)
cs_sigma1.0_weak_sparse_a1.0,84,84,cs,100,500,1.0,3.0,weak_sparse,1.0,10,3,1.0,1.0610025846822844,cocolasso_max,reweighted_frobenius,13.578809548607854,13.562960804698257,7.068482160326075,7.053436096958397,18.25205619400367,4.290708148968406,0.01584874390959712,0.01504606336767722,13.961348045035265,4.253856370630085,medium,weak α=1.0 (83% in first 3)
cs_sigma1.0_weak_sparse_a1.0,85,85,cs,100,500,1.0,3.0,weak_sparse,1.0,10,3,1.0,1.0610025846822844,cocolasso_max,reweighted_frobenius,15.3945424007688,15.479123604470558,7.807975385890522,7.842813550003378,18.350110046972983,6.052136470971163,-0.0845812037017577,-0.03483816411285634,12.29797357600182,3.0320053315037705,medium,weak α=1.0 (83% in first 3)
cs_sigma1.0_weak_sparse_a1.0,86,86,cs,100,500,1.0,3.0,weak_sparse,1.0,10,3,1.0,1.0610025846822844,cocolasso_max,reweighted_frobenius,10.327351506846082,10.232672408915084,5.267081949414545,5.216934056411429,18.135893064027183,5.568512591999024,0.09467909793099771,0.05014789300311673,12.567380472028159,3.2568648744882576,medium,weak α=1.0 (83% in first 3)
cs_sigma1.0_weak_sparse_a1.0,87,87,cs,100,500,1.0,3.0,weak_sparse,1.0,10,3,1.0,1.0610025846822844,cocolasso_max,reweighted_frobenius,10.277998003044832,10.104321606369782,5.178266595119223,5.079559431226057,17.13464339496568,5.039746052003466,0.17367639667505053,0.0987071638931658,12.094897342962213,3.3999021415283597,medium,weak α=1.0 (83% in first 3)
cs_sigma1.0_weak_sparse_a1.0,88,88,cs,100,500,1.0,3.0,weak_sparse,1.0,10,3,1.0,1.0610025846822844,cocolasso_max,reweighted_frobenius,15.521613250066112,15.559848357838945,8.493493860725918,8.499467975912363,17.190436457982287,5.470733710040804,-0.03823510777283268,-0.005974115186445417,11.719702747941483,3.1422542878355655,medium,weak α=1.0 (83% in first 3)
cs_sigma1.0_weak_sparse_a1.0,89,89,cs,100,500,1.0,3.0,weak_sparse,1.0,10,3,1.0,1.0610025846822844,cocolasso_max,reweighted_frobenius,10.900183953440006,10.765279810280832,5.453220214700712,5.385034209491544,16.073224692954682,6.449288005998824,0.13490414315917398,0.06818600520916807,9.623936686955858,2.4922479315552546,medium,weak α=1.0 (83% in first 3)
cs_sigma1.0_weak_sparse_a1.0,90,90,cs,100,500,1.0,3.0,weak_sparse,1.0,10,3,1.0,1.0610025846822844,cocolasso_max,reweighted_frobenius,15.429396844644678,15.488864274006165,7.863937521658039,7.888954529344637,15.832242998003494,5.835148537997156,-0.059467429361486523,-0.025017007686597204,9.997094460006338,2.7132544947069537,medium,weak α=1.0 (83% in first 3)
cs_sigma1.0_weak_sparse_a1.0,91,91,cs,100,500,1.0,3.0,weak_sparse,1.0,10,3,1.0,1.0610025846822844,cocolasso_max,reweighted_frobenius,13.431113182300535,13.395096913707722,7.587045586861085,7.583986411995664,15.540345024026465,4.560512950993143,0.036016268592813816,0.003059174865421177,10.979832073033322,3.407587083080697,medium,weak α=1.0 (83% in first 3)
cs_sigma1.0_weak_sparse_a1.0,92,92,cs,100,500,1.0,3.0,weak_sparse,1.0,10,3,1.0,1.0610025846822844,cocolasso_max,reweighted_frobenius,15.112531824223453,15.17119372367138,7.5598700774795535,7.587191161433337,16.37820945295971,4.358613568008877,-0.05866189944792666,-0.027321083953783187,12.019595884950832,3.7576649540972453,medium,weak α=1.0 (83% in first 3)
cs_sigma1.0_weak_sparse_a1.0,93,93,cs,100,500,1.0,3.0,weak_sparse,1.0,10,3,1.0,1.0610025846822844,cocolasso_max,reweighted_frobenius,11.86479167567557,11.590655103379472,6.803926784069397,6.660978942924627,16.65571204700973,5.898474735964555,0.2741365722960971,0.14294784114476933,10.757237311045174,2.823732031173324,medium,weak α=1.0 (83% in first 3)
cs_sigma1.0_weak_sparse_a1.0,94,94,cs,100,500,1.0,3.0,weak_sparse,1.0,10,3,1.0,1.0610025846822844,cocolasso_max,reweighted_frobenius,14.384125575455268,14.410764896491315,7.225853850733419,7.234111037581997,16.57171966403257,4.840146331989672,-0.026639321036046937,-0.008257186848577902,11.731573332042899,3.423805506562096,medium,weak α=1.0 (83% in first 3)
cs_sigma1.0_weak_sparse_a1.0,95,95,cs,100,500,1.0,3.0,weak_sparse,1.0,10,3,1.0,1.0610025846822844,cocolasso_max,reweighted_frobenius,13.613151551989256,13.581224344962568,6.830149870548229,6.814071215550651,17.04202701797476,5.019334455020726,0.03192720702668872,0.016078654997577324,12.022692562954035,3.3952762404441907,medium,weak α=1.0 (83% in first 3)
cs_sigma1.0_weak_sparse_a1.0,96,96,cs,100,500,1.0,3.0,weak_sparse,1.0,10,3,1.0,1.0610025846822844,cocolasso_max,reweighted_frobenius,9.369776114280404,9.081710221989134,4.819249622991128,4.667860949688456,17.497093771002255,6.463756910001393,0.2880658922912698,0.15138867330267214,11.033336861000862,2.706954177674742,medium,weak α=1.0 (83% in first 3)
cs_sigma1.0_weak_sparse_a1.0,97,97,cs,100,500,1.0,3.0,weak_sparse,1.0,10,3,1.0,1.0610025846822844,cocolasso_max,reweighted_frobenius,14.511112577271318,14.52818430172232,7.526070735444547,7.522020881257557,18.296845446981024,5.940487302956171,-0.017071724451001913,0.004049854186989776,12.356358144024853,3.0800243336730886,medium,weak α=1.0 (83% in first 3)
cs_sigma1.0_weak_sparse_a1.0,98,98,cs,100,500,1.0,3.0,weak_sparse,1.0,10,3,1.0,1.0610025846822844,cocolasso_max,reweighted_frobenius,13.239746937829288,13.285996873687886,6.658735035146602,6.683821281335902,18.22163271700265,5.512269137019757,-0.04624993585859727,-0.0250862461893,12.709363579982892,3.3056500443035857,medium,weak α=1.0 (83% in first 3)
cs_sigma1.0_weak_sparse_a1.0,99,99,cs,100,500,1.0,3.0,weak_sparse,1.0,10,3,1.0,1.0610025846822844,cocolasso_max,reweighted_frobenius,12.076111707600198,11.777019756377044,6.092833590103906,5.939045397732107,17.19815412495518,5.677950741024688,0.29909195122315424,0.15378819237179897,11.520203383930493,3.0289368311517735,medium,weak α=1.0 (83% in first 3)
cs_sigma1.0_weak_sparse_a1.5,0,0,cs,100,500,1.0,3.0,weak_sparse,1.5,10,3,1.0,0.8937182721336322,cocolasso_max,reweighted_frobenius,9.506959013759234,9.403500312050667,5.257797941683699,5.215626348299075,19.87523927586153,10.595168433035724,0.10345870170856664,0.04217159338462384,9.280070842825808,1.8758776136007953,medium,weak α=1.5 (97% in first 3)
cs_sigma1.0_weak_sparse_a1.5,1,1,cs,100,500,1.0,3.0,weak_sparse,1.5,10,3,1.0,0.8937182721336322,cocolasso_max,reweighted_frobenius,7.523417016214646,7.342537511528392,4.216507961281953,4.109027641704106,19.928413545014337,12.26840285898652,0.1808795046862537,0.10748031957784665,7.660010686027817,1.6243690213039355,medium,weak α=1.5 (97% in first 3)
cs_sigma1.0_weak_sparse_a1.5,2,2,cs,100,500,1.0,3.0,weak_sparse,1.5,10,3,1.0,0.8937182721336322,cocolasso_max,reweighted_frobenius,11.021519132387162,11.041754110317004,7.608032587224455,7.628180078969909,17.481157508911565,8.375438524060883,-0.0202349779298423,-0.020147491745453827,9.105718984850682,2.0871931014348513,medium,weak α=1.5 (97% in first 3)
cs_sigma1.0_weak_sparse_a1.5,3,3,cs,100,500,1.0,3.0,weak_sparse,1.5,10,3,1.0,0.8937182721336322,cocolasso_max,reweighted_frobenius,6.5656711001964005,6.337016270007325,3.3078146775469714,3.186325205179782,16.67787940404378,11.544921238091774,0.2286548301890754,0.12148947236718932,5.1329581659520045,1.4446074650571126,medium,weak α=1.5 (97% in first 3)
cs_sigma1.0_weak_sparse_a1.5,4,4,cs,100,500,1.0,3.0,weak_sparse,1.5,10,3,1.0,0.8937182721336322,cocolasso_max,reweighted_frobenius,7.877767927896003,7.905313252508656,3.9749210185653694,3.982505021425696,18.2110835229978,10.94643231399823,-0.027545324612653133,-0.007584002860326677,7.26465120899957,1.6636546959423097,medium,weak α=1.5 (97% in first 3)
cs_sigma1.0_weak_sparse_a1.5,5,5,cs,100,500,1.0,3.0,weak_sparse,1.5,10,3,1.0,0.8937182721336322,cocolasso_max,reweighted_frobenius,7.638618461814167,7.469780162902944,3.84351440091112,3.7589307439227375,19.349405861925334,11.86365149798803,0.16883829891122293,0.08458365698838266,7.485754363937303,1.630982321522747,medium,weak α=1.5 (97% in first 3)
cs_sigma1.0_weak_sparse_a1.5,6,6,cs,100,500,1.0,3.0,weak_sparse,1.5,10,3,1.0,0.8937182721336322,cocolasso_max,reweighted_frobenius,7.331930146183555,7.115594311527524,3.803281983568033,3.681407664831369,20.163396912859756,11.96581523900386,0.21633583465603046,0.12187431873666377,8.197581673855897,1.6850834239137338,medium,weak α=1.5 (97% in first 3)
cs_sigma1.0_weak_sparse_a1.5,7,7,cs,100,500,1.0,3.0,weak_sparse,1.5,10,3,1.0,0.8937182721336322,cocolasso_max,reweighted_frobenius,7.764892997213355,7.468667663628926,4.315780693826923,4.139449172121627,17.823285124031827,9.448069556965493,0.29622533358442915,0.1763315217052961,8.375215567066334,1.8864472807454928,medium,weak α=1.5 (97% in first 3)
cs_sigma1.0_weak_sparse_a1.5,8,8,cs,100,500,1.0,3.0,weak_sparse,1.5,10,3,1.0,0.8937182721336322,cocolasso_max,reweighted_frobenius,7.096750187774073,6.9344813874189954,4.029816534927123,3.927445688500143,16.60794667713344,7.737813264015131,0.1622688003550774,0.10237084642698013,8.87013341311831,2.1463359363257135,medium,weak α=1.5 (97% in first 3)
cs_sigma1.0_weak_sparse_a1.5,9,9,cs,100,500,1.0,3.0,weak_sparse,1.5,10,3,1.0,0.8937182721336322,cocolasso_max,reweighted_frobenius,9.661808561721331,9.61624870519557,4.831199801718866,4.808164715931507,18.02588804997504,9.89387719903607,0.04555985652576133,0.023035085787359577,8.132010850938972,1.8219235682176498,medium,weak α=1.5 (97% in first 3)
cs_sigma1.0_weak_sparse_a1.5,10,10,cs,100,500,1.0,3.0,weak_sparse,1.5,10,3,1.0,0.8937182721336322,cocolasso_max,reweighted_frobenius,7.68592458072883,7.305706063367942,3.84454403071928,3.654682004207674,19.408615281106904,10.606850847019814,0.3802185173608885,0.189862026511606,8.80176443408709,1.829818818142437,medium,weak α=1.5 (97% in first 3)
cs_sigma1.0_weak_sparse_a1.5,11,11,cs,100,500,1.0,3.0,weak_sparse,1.5,10,3,1.0,0.8937182721336322,cocolasso_max,reweighted_frobenius,7.991529445914679,7.9810441496239966,4.035065559800316,4.029614951349852,19.91727574192919,9.311350350035354,0.010485296290682733,0.005450608450463967,10.605925391893834,2.1390319334137784,medium,weak α=1.5 (97% in first 3)
cs_sigma1.0_weak_sparse_a1.5,12,12,cs,100,500,1.0,3.0,weak_sparse,1.5,10,3,1.0,0.8937182721336322,cocolasso_max,reweighted_frobenius,8.206861779249037,8.054453427238187,4.120691729901461,4.045730565182341,18.594577560201287,12.737495257984849,0.15240835201085012,0.07496116471912018,5.857082302216439,1.4598299888311845,medium,weak α=1.5 (97% in first 3)
cs_sigma1.0_weak_sparse_a1.5,13,13,cs,100,500,1.0,3.0,weak_sparse,1.5,10,3,1.0,0.8937182721336322,cocolasso_max,reweighted_frobenius,8.463830744355118,8.32044958324231,4.612055761539152,4.517749880996992,16.49332318198867,9.482650678954087,0.1433811611128082,0.09430588054216038,7.010672503034584,1.7393156977293447,medium,weak α=1.5 (97% in first 3)
cs_sigma1.0_weak_sparse_a1.5,14,14,cs,100,500,1.0,3.0,weak_sparse,1.5,10,3,1.0,0.8937182721336322,cocolasso_max,reweighted_frobenius,10.357604047938594,10.520550503264296,5.198672960060053,5.2729111584118815,18.40648784302175,10.592447785893455,-0.1629464553257023,-0.07423819835182854,7.814040057128295,1.737699181065087,medium,weak α=1.5 (97% in first 3)
cs_sigma1.0_weak_sparse_a1.5,15,15,cs,100,500,1.0,3.0,weak_sparse,1.5,10,3,1.0,0.8937182721336322,cocolasso_max,reweighted_frobenius,7.779962780875033,7.622558414261579,4.037920933656082,3.9555090666451074,18.9865335340146,7.193576665013097,0.15740436661345392,0.08241186701097458,11.792956869001504,2.6393732100414105,medium,weak α=1.5 (97% in first 3)
cs_sigma1.0_weak_sparse_a1.5,16,16,cs,100,500,1.0,3.0,weak_sparse,1.5,10,3,1.0,0.8937182721336322,cocolasso_max,reweighted_frobenius,8.27298176633974,8.011015048908371,4.461102885161841,4.315726172991894,20.13174644694664,10.718701460049488,0.2619667174313687,0.14537671216994674,9.413044986897152,1.8781889319318437,medium,weak α=1.5 (97% in first 3)
cs_sigma1.0_weak_sparse_a1.5,17,17,cs,100,500,1.0,3.0,weak_sparse,1.5,10,3,1.0,0.8937182721336322,cocolasso_max,reweighted_frobenius,9.487916061521483,9.464101019407376,4.748292488625783,4.738828888967084,18.945723397890102,8.972330276039429,0.023815042114106788,0.009463599658698918,9.973393121850673,2.1115722242731723,medium,weak α=1.5 (97% in first 3)
cs_sigma1.0_weak_sparse_a1.5,18,18,cs,100,500,1.0,3.0,weak_sparse,1.5,10,3,1.0,0.8937182721336322,cocolasso_max,reweighted_frobenius,11.453363561524668,11.521182525741713,5.757532181596687,5.788290899910511,16.39947826694697,7.885379854007624,-0.06781896421704481,-0.03075871831382404,8.514098412939347,2.079732184190491,medium,weak α=1.5 (97% in first 3)
cs_sigma1.0_weak_sparse_a1.5,19,19,cs,100,500,1.0,3.0,weak_sparse,1.5,10,3,1.0,0.8937182721336322,cocolasso_max,reweighted_frobenius,6.052085145811894,6.021135582621777,3.0458426139980577,3.0256192848895287,17.2884579540696,9.18719622597564,0.030949563190117324,0.020223329108528976,8.10126172809396,1.881799139675352,medium,weak α=1.5 (97% in first 3)
cs_sigma1.0_weak_sparse_a1.5,20,20,cs,100,500,1.0,3.0,weak_sparse,1.5,10,3,1.0,0.8937182721336322,cocolasso_max,reweighted_frobenius,11.214858916054666,11.25543885300338,5.828282204750836,5.84017176217713,18.716754087945446,10.732453046948647,-0.040579936948713424,-0.011889557426294495,7.984301040996799,1.743939992662425,medium,weak α=1.5 (97% in first 3)
cs_sigma1.0_weak_sparse_a1.5,21,21,cs,100,500,1.0,3.0,weak_sparse,1.5,10,3,1.0,0.8937182721336322,cocolasso_max,reweighted_frobenius,6.998272355131469,6.884413678939957,3.5163658331803718,3.4623412790562065,20.47324782400392,12.048436646000482,0.11385867619151213,0.05402455412416529,8.424811178003438,1.6992451739205585,medium,weak α=1.5 (97% in first 3)
cs_sigma1.0_weak_sparse_a1.5,22,22,cs,100,500,1.0,3.0,weak_sparse,1.5,10,3,1.0,0.8937182721336322,cocolasso_max,reweighted_frobenius,8.124222487317834,7.917250402148935,4.8615816268630025,4.719502797189721,17.733567228075117,7.594399883062579,0.20697208516889898,0.14207882967328178,10.139167345012538,2.335084733637141,medium,weak α=1.5 (97% in first 3)
cs_sigma1.0_weak_sparse_a1.5,23,23,cs,100,500,1.0,3.0,weak_sparse,1.5,10,3,1.0,0.8937182721336322,cocolasso_max,reweighted_frobenius,5.917038214548504,5.718886252224687,3.0483202770885343,2.94756638309548,17.2269307191018,10.63053291500546,0.19815196232381727,0.10075389399305434,6.596397804096341,1.6205143106969961,medium,weak α=1.5 (97% in first 3)
cs_sigma1.0_weak_sparse_a1.5,24,24,cs,100,500,1.0,3.0,weak_sparse,1.5,10,3,1.0,0.8937182721336322,cocolasso_max,reweighted_frobenius,8.101735279658339,7.974850833630118,4.23739506872849,4.15969675038249,18.308775926940143,9.889922477072105,0.12688444602822102,0.07769831834600005,8.418853449868038,1.85125575750321,medium,weak α=1.5 (97% in first 3)
cs_sigma1.0_weak_sparse_a1.5,25,25,cs,100,500,1.0,3.0,weak_sparse,1.5,10,3,1.0,0.8937182721336322,cocolasso_max,reweighted_frobenius,6.684058191698586,6.50960015717445,3.412073202907632,3.3190315155784678,19.72087279916741,10.640629868023098,0.174458034524136,0.09304168732916418,9.080242931144312,1.8533557734614927,medium,weak α=1.5 (97% in first 3)
cs_sigma1.0_weak_sparse_a1.5,26,26,cs,100,500,1.0,3.0,weak_sparse,1.5,10,3,1.0,0.8937182721336322,cocolasso_max,reweighted_frobenius,7.383782208975544,7.368940174676853,3.752786826326022,3.744640083691293,17.68600342492573,10.356817675055936,0.014842034298690798,0.00814674263472881,7.329185749869794,1.7076677392440636,medium,weak α=1.5 (97% in first 3)
cs_sigma1.0_weak_sparse_a1.5,27,27,cs,100,500,1.0,3.0,weak_sparse,1.5,10,3,1.0,0.8937182721336322,cocolasso_max,reweighted_frobenius,9.019905598786924,9.02137575244534,4.687335341963958,4.68352846360228,18.171918152133003,9.198013689019715,-0.0014701536584169617,0.0038068783616775903,8.973904463113287,1.9756350410552268,medium,weak α=1.5 (97% in first 3)
cs_sigma1.0_weak_sparse_a1.5,28,28,cs,100,500,1.0,3.0,weak_sparse,1.5,10,3,1.0,0.8937182721336322,cocolasso_max,reweighted_frobenius,8.853299608374012,8.710423426672236,4.7021984731455,4.611869291118904,18.28805863391608,9.19692243495956,0.14287618170177652,0.09032918202659612,9.09113619895652,1.988497648343654,medium,weak α=1.5 (97% in first 3)
cs_sigma1.0_weak_sparse_a1.5,29,29,cs,100,500,1.0,3.0,weak_sparse,1.5,10,3,1.0,0.8937182721336322,cocolasso_max,reweighted_frobenius,8.054927326518392,7.86694973533901,4.215936476234276,4.102698495397979,17.56551644182764,7.108571992022917,0.18797759117938195,0.11323798083629733,10.456944449804723,2.4710330656479638,medium,weak α=1.5 (97% in first 3)
cs_sigma1.0_weak_sparse_a1.5,30,30,cs,100,500,1.0,3.0,weak_sparse,1.5,10,3,1.0,0.8937182721336322,cocolasso_max,reweighted_frobenius,11.856695411443969,11.984505707257313,5.9878174030989815,6.045662339786694,18.252121709054336,12.618404277949594,-0.1278102958133438,-0.05784493668771251,5.633717431104742,1.446468294010008,medium,weak α=1.5 (97% in first 3)
cs_sigma1.0_weak_sparse_a1.5,31,31,cs,100,500,1.0,3.0,weak_sparse,1.5,10,3,1.0,0.8937182721336322,cocolasso_max,reweighted_frobenius,9.911002964496836,9.88261162167257,5.032987201371082,5.027351866743524,18.512609304161742,10.021525358082728,0.02839134282426592,0.005635334627557498,8.491083946079014,1.847284584200612,medium,weak α=1.5 (97% in first 3)
cs_sigma1.0_weak_sparse_a1.5,32,32,cs,100,500,1.0,3.0,weak_sparse,1.5,10,3,1.0,0.8937182721336322,cocolasso_max,reweighted_frobenius,8.883477470266989,8.788556787117754,4.795948655163782,4.735568145957476,18.52002127701417,10.553946165018717,0.09492068314923507,0.06038050920630589,7.966075111995453,1.7547958827380779,medium,weak α=1.5 (97% in first 3)
cs_sigma1.0_weak_sparse_a1.5,33,33,cs,100,500,1.0,3.0,weak_sparse,1.5,10,3,1.0,0.8937182721336322,cocolasso_max,reweighted_frobenius,8.020342155891475,7.712668690829355,4.036090103274409,3.879044785330161,18.64667397388257,9.375253945006987,0.3076734650621198,0.15704531794424836,9.271420028875584,1.9889246822816247,medium,weak α=1.5 (97% in first 3)
cs_sigma1.0_weak_sparse_a1.5,34,34,cs,100,500,1.0,3.0,weak_sparse,1.5,10,3,1.0,0.8937182721336322,cocolasso_max,reweighted_frobenius,8.819151074770872,8.661076632862368,4.426064167659586,4.346392020693941,18.60862211813219,9.102515800041148,0.15807444190850362,0.0796721469656454,9.50610631809104,2.044338348530861,medium,weak α=1.5 (97% in first 3)
cs_sigma1.0_weak_sparse_a1.5,35,35,cs,100,500,1.0,3.0,weak_sparse,1.5,10,3,1.0,0.8937182721336322,cocolasso_max,reweighted_frobenius,7.393668224033529,7.191934364773563,3.871993478366303,3.7527059339522784,18.28795813792385,10.258031382923946,0.20173385925996623,0.11928754441402445,8.029926754999906,1.7827941303013501,medium,weak α=1.5 (97% in first 3)
cs_sigma1.0_weak_sparse_a1.5,36,36,cs,100,500,1.0,3.0,weak_sparse,1.5,10,3,1.0,0.8937182721336322,cocolasso_max,reweighted_frobenius,11.0297255825832,11.07294715922848,5.541989678219973,5.561523137456484,17.6458686478436,6.803600885905325,-0.043221576645279924,-0.019533459236511064,10.842267761938274,2.5936072594145916,medium,weak α=1.5 (97% in first 3)
cs_sigma1.0_weak_sparse_a1.5,37,37,cs,100,500,1.0,3.0,weak_sparse,1.5,10,3,1.0,0.8937182721336322,cocolasso_max,reweighted_frobenius,7.9723701975108305,7.796619094645156,4.221309478283255,4.117694438823447,18.753029959043488,9.015144251985475,0.1757511028656742,0.10361503945980832,9.737885707058012,2.0801697049842947,medium,weak α=1.5 (97% in first 3)
cs_sigma1.0_weak_sparse_a1.5,38,38,cs,100,500,1.0,3.0,weak_sparse,1.5,10,3,1.0,0.8937182721336322,cocolasso_max,reweighted_frobenius,8.780016419111263,8.711899424462262,4.451501163666213,4.416317012871357,20.271366586908695,11.456853598938324,0.06811699464900123,0.035184150794856706,8.814512987970371,1.7693659443101541,medium,weak α=1.5 (97% in first 3)
cs_sigma1.0_weak_sparse_a1.5,39,39,cs,100,500,1.0,3.0,weak_sparse,1.5,10,3,1.0,0.8937182721336322,cocolasso_max,reweighted_frobenius,8.892551777135193,8.979784072490437,4.628347534428681,4.664291251529167,18.45106314006261,11.38061352306977,-0.08723229535524446,-0.03594371710048616,7.070449616992843,1.621271393028175,medium,weak α=1.5 (97% in first 3)
cs_sigma1.0_weak_sparse_a1.5,40,40,cs,100,500,1.0,3.0,weak_sparse,1.5,10,3,1.0,0.8937182721336322,cocolasso_max,reweighted_frobenius,7.963613417689335,7.914035315899519,4.261211941085688,4.222533109673247,16.88460850296542,10.001869454979897,0.04957810178981603,0.038678831412441106,6.882739047985524,1.6881452591403932,medium,weak α=1.5 (97% in first 3)
cs_sigma1.0_weak_sparse_a1.5,41,41,cs,100,500,1.0,3.0,weak_sparse,1.5,10,3,1.0,0.8937182721336322,cocolasso_max,reweighted_frobenius,7.107631035868889,6.91329949901987,3.8502267762062714,3.733719882348736,17.998919252073392,8.394415013957769,0.1943315368490186,0.11650689385753532,9.604504238115624,2.1441540860376556,medium,weak α=1.5 (97% in first 3)
cs_sigma1.0_weak_sparse_a1.5,42,42,cs,100,500,1.0,3.0,weak_sparse,1.5,10,3,1.0,0.8937182721336322,cocolasso_max,reweighted_frobenius,11.265703971975553,11.30340753396855,5.962506680814941,5.9617604416913,19.41501104994677,9.264712680946104,-0.037703561992996626,0.0007462391236403576,10.150298369000666,2.0955869565038823,medium,weak α=1.5 (97% in first 3)
cs_sigma1.0_weak_sparse_a1.5,43,43,cs,100,500,1.0,3.0,weak_sparse,1.5,10,3,1.0,0.8937182721336322,cocolasso_max,reweighted_frobenius,7.865651767133739,7.610095761634486,4.100262807993431,3.963606363809087,20.33104873402044,10.46538019599393,0.25555600549925295,0.1366564441843443,9.865668538026512,1.9426956644922482,medium,weak α=1.5 (97% in first 3)
cs_sigma1.0_weak_sparse_a1.5,44,44,cs,100,500,1.0,3.0,weak_sparse,1.5,10,3,1.0,0.8937182721336322,cocolasso_max,reweighted_frobenius,8.001113268686273,8.0919628607651,4.326995751290562,4.368171420027506,17.373669726075605,9.615684430929832,-0.09084959207882726,-0.041175668736944004,7.757985295145772,1.8068053138465547,medium,weak α=1.5 (97% in first 3)
cs_sigma1.0_weak_sparse_a1.5,45,45,cs,100,500,1.0,3.0,weak_sparse,1.5,10,3,1.0,0.8937182721336322,cocolasso_max,reweighted_frobenius,10.879954763045776,10.984230301127209,5.617256116818678,5.662960608420786,17.259117865003645,10.907085004961118,-0.10427553808143308,-0.0457044916021081,6.352032860042527,1.5823767630996997,medium,weak α=1.5 (97% in first 3)
cs_sigma1.0_weak_sparse_a1.5,46,46,cs,100,500,1.0,3.0,weak_sparse,1.5,10,3,1.0,0.8937182721336322,cocolasso_max,reweighted_frobenius,6.037054797579215,6.44624927082474,3.159267177102784,3.373856312250648,18.414321282180023,9.4622692320263,-0.4091944732455257,-0.21458913514786415,8.952052050153723,1.946078771448853,medium,weak α=1.5 (97% in first 3)
cs_sigma1.0_weak_sparse_a1.5,47,47,cs,100,500,1.0,3.0,weak_sparse,1.5,10,3,1.0,0.8937182721336322,cocolasso_max,reweighted_frobenius,7.340820989890631,7.135964966291264,3.694919484768069,3.589243437566941,19.842961787013337,9.49289474496618,0.2048560235993664,0.10567604720112778,10.350067042047158,2.0902961973254275,medium,weak α=1.5 (97% in first 3)
cs_sigma1.0_weak_sparse_a1.5,48,48,cs,100,500,1.0,3.0,weak_sparse,1.5,10,3,1.0,0.8937182721336322,cocolasso_max,reweighted_frobenius,8.904814761432844,8.932223517415489,5.054325977212174,5.057280399607058,20.089237450854853,9.520387390977705,-0.027408755982644806,-0.002954422394884304,10.568850059877148,2.1101281519167014,medium,weak α=1.5 (97% in first 3)
cs_sigma1.0_weak_sparse_a1.5,49,49,cs,100,500,1.0,3.0,weak_sparse,1.5,10,3,1.0,0.8937182721336322,cocolasso_max,reweighted_frobenius,7.665944417384122,7.485805046644611,3.907896574211033,3.809711952337982,16.73541265213862,12.738747959956529,0.1801393707395107,0.0981846218730511,3.996664692182092,1.313740777723632,medium,weak α=1.5 (97% in first 3)
cs_sigma1.0_weak_sparse_a1.5,50,50,cs,100,500,1.0,3.0,weak_sparse,1.5,10,3,1.0,0.8937182721336322,cocolasso_max,reweighted_frobenius,8.40180031295775,8.393902715527382,4.633901277439415,4.620804572882618,17.519837446976453,8.801066907937638,0.007897597430368108,0.013096704556796901,8.718770539038815,1.990649273575616,medium,weak α=1.5 (97% in first 3)
cs_sigma1.0_weak_sparse_a1.5,51,51,cs,100,500,1.0,3.0,weak_sparse,1.5,10,3,1.0,0.8937182721336322,cocolasso_max,reweighted_frobenius,8.183074594499828,8.05489205541502,4.167901768805399,4.10125286839805,18.58508286904544,9.604002793086693,0.1281825390848077,0.06664890040734939,8.981080075958747,1.9351392611447022,medium,weak α=1.5 (97% in first 3)
cs_sigma1.0_weak_sparse_a1.5,52,52,cs,100,500,1.0,3.0,weak_sparse,1.5,10,3,1.0,0.8937182721336322,cocolasso_max,reweighted_frobenius,10.027425800506524,9.96933743600995,5.9129231432827805,5.885574288454786,20.140636765863743,9.430168874096124,0.05808836449657484,0.027348854827994096,10.71046789176762,2.135766287408529,medium,weak α=1.5 (97% in first 3)
cs_sigma1.0_weak_sparse_a1.5,53,53,cs,100,500,1.0,3.0,weak_sparse,1.5,10,3,1.0,0.8937182721336322,cocolasso_max,reweighted_frobenius,7.235308464514643,7.186837758398908,3.656151543126174,3.628055127013994,20.3288059940096,10.558027307037264,0.048470706115734785,0.02809641611218039,9.770778686972335,1.9254360121288754,medium,weak α=1.5 (97% in first 3)
cs_sigma1.0_weak_sparse_a1.5,54,54,cs,100,500,1.0,3.0,weak_sparse,1.5,10,3,1.0,0.8937182721336322,cocolasso_max,reweighted_frobenius,7.276196874069095,7.021152511110419,3.787630266547983,3.643255395189735,16.429541314020753,8.123703366029076,0.2550443629586763,0.14437487135824778,8.305837947991677,2.02242014186833,medium,weak α=1.5 (97% in first 3)
cs_sigma1.0_weak_sparse_a1.5,55,55,cs,100,500,1.0,3.0,weak_sparse,1.5,10,3,1.0,0.8937182721336322,cocolasso_max,reweighted_frobenius,11.046965259573698,11.24195177415626,5.523674361361169,5.621301643118063,17.209875907050446,10.111099853063934,-0.19498651458256155,-0.0976272817568935,7.098776053986512,1.7020775343085346,medium,weak α=1.5 (97% in first 3)
cs_sigma1.0_weak_sparse_a1.5,56,56,cs,100,500,1.0,3.0,weak_sparse,1.5,10,3,1.0,0.8937182721336322,cocolasso_max,reweighted_frobenius,7.075808840272452,6.918294502937568,3.646674377121944,3.5479483245335435,17.84989001508802,6.624083683011122,0.15751433733488351,0.09872605258840039,11.2258063320769,2.6946957298966314,medium,weak α=1.5 (97% in first 3)
cs_sigma1.0_weak_sparse_a1.5,57,57,cs,100,500,1.0,3.0,weak_sparse,1.5,10,3,1.0,0.8937182721336322,cocolasso_max,reweighted_frobenius,10.876592555639007,10.760327588273269,5.498717565921509,5.441845044981,20.016646197997037,11.83817075996194,0.11626496736573877,0.056872520940508764,8.178475438035097,1.6908563496731812,medium,weak α=1.5 (97% in first 3)
cs_sigma1.0_weak_sparse_a1.5,58,58,cs,100,500,1.0,3.0,weak_sparse,1.5,10,3,1.0,0.8937182721336322,cocolasso_max,reweighted_frobenius,8.66318841348592,8.484127754276003,4.46302337691601,4.364373714225233,20.01494745304808,8.520370276994072,0.17906065920991665,0.09864966269077691,11.494577176054008,2.3490701462928927,medium,weak α=1.5 (97% in first 3)
cs_sigma1.0_weak_sparse_a1.5,59,59,cs,100,500,1.0,3.0,weak_sparse,1.5,10,3,1.0,0.8937182721336322,cocolasso_max,reweighted_frobenius,7.904217399154794,7.605871000127571,4.245209291503793,4.087987422887687,16.57355641783215,8.13513199298177,0.2983463990272224,0.157221868616106,8.438424424850382,2.03728180835053,medium,weak α=1.5 (97% in first 3)
cs_sigma1.0_weak_sparse_a1.5,60,60,cs,100,500,1.0,3.0,weak_sparse,1.5,10,3,1.0,0.8937182721336322,cocolasso_max,reweighted_frobenius,9.535670574339148,9.488177702252312,4.828015967853504,4.806253270021626,17.39659164007753,11.392686082981529,0.04749287208683661,0.021762697831877453,6.003905557096003,1.5269964882175309,medium,weak α=1.5 (97% in first 3)
cs_sigma1.0_weak_sparse_a1.5,61,61,cs,100,500,1.0,3.0,weak_sparse,1.5,10,3,1.0,0.8937182721336322,cocolasso_max,reweighted_frobenius,10.458827665226366,10.502893440715171,5.311089399256645,5.334740167519292,18.79674520296976,11.801349404035136,-0.044065775488805414,-0.023650768262647226,6.995395798934624,1.5927623663564054,medium,weak α=1.5 (97% in first 3)
cs_sigma1.0_weak_sparse_a1.5,62,62,cs,100,500,1.0,3.0,weak_sparse,1.5,10,3,1.0,0.8937182721336322,cocolasso_max,reweighted_frobenius,6.543106223327283,6.4565263023762505,3.274567502340978,3.233319736032239,20.12031508493237,11.643962344969625,0.08657992095103229,0.04124776630873894,8.476352739962744,1.7279611947237756,medium,weak α=1.5 (97% in first 3)
cs_sigma1.0_weak_sparse_a1.5,63,63,cs,100,500,1.0,3.0,weak_sparse,1.5,10,3,1.0,0.8937182721336322,cocolasso_max,reweighted_frobenius,6.996341668100058,6.90283839746765,3.507649326264788,3.45810955950554,19.960667538223788,9.97613167099189,0.09350327063240815,0.04953976675924787,9.984535867231898,2.0008424303645116,medium,weak α=1.5 (97% in first 3)
cs_sigma1.0_weak_sparse_a1.5,64,64,cs,100,500,1.0,3.0,weak_sparse,1.5,10,3,1.0,0.8937182721336322,cocolasso_max,reweighted_frobenius,11.2260836990376,11.316584579333782,5.772713480473291,5.810742001240761,16.84324145503342,10.864718956989236,-0.09050088029618131,-0.038028520767469765,5.978522498044185,1.5502694107147819,medium,weak α=1.5 (97% in first 3)
cs_sigma1.0_weak_sparse_a1.5,65,65,cs,100,500,1.0,3.0,weak_sparse,1.5,10,3,1.0,0.8937182721336322,cocolasso_max,reweighted_frobenius,5.261755886851341,5.118455620699595,2.8244205581945594,2.7490271475068404,16.94342531496659,11.953326671966352,0.14330026615174596,0.07539341068771899,4.990098643000238,1.4174652613404528,medium,weak α=1.5 (97% in first 3)
cs_sigma1.0_weak_sparse_a1.5,66,66,cs,100,500,1.0,3.0,weak_sparse,1.5,10,3,1.0,0.8937182721336322,cocolasso_max,reweighted_frobenius,7.363933564655511,7.1229404062706845,4.166650386060726,4.052819036815477,18.135854493128136,10.813585801050069,0.2409931583848266,0.11383134924524896,7.322268692078067,1.6771360422707358,medium,weak α=1.5 (97% in first 3)
cs_sigma1.0_weak_sparse_a1.5,67,67,cs,100,500,1.0,3.0,weak_sparse,1.5,10,3,1.0,0.8937182721336322,cocolasso_max,reweighted_frobenius,11.078531396239114,11.09406233294886,6.185434366642799,6.181563727429903,19.191326120868325,8.146710700937547,-0.015530936709746257,0.0038706392128959877,11.044615419930778,2.3557146958292914,medium,weak α=1.5 (97% in first 3)
cs_sigma1.0_weak_sparse_a1.5,68,68,cs,100,500,1.0,3.0,weak_sparse,1.5,10,3,1.0,0.8937182721336322,cocolasso_max,reweighted_frobenius,8.260568443924184,8.051579392364648,4.246416591935384,4.138828153823508,19.798405312933028,8.538833159022033,0.20898905155953607,0.10758843811187635,11.259572153910995,2.3186312396810633,medium,weak α=1.5 (97% in first 3)
cs_sigma1.0_weak_sparse_a1.5,69,69,cs,100,500,1.0,3.0,weak_sparse,1.5,10,3,1.0,0.8937182721336322,cocolasso_max,reweighted_frobenius,9.211641623671236,9.07460077985039,4.607828174751963,4.542782793329957,17.559834345942363,8.750214684056118,0.13704084382084503,0.06504538142200555,8.809619661886245,2.0067889737537947,medium,weak α=1.5 (97% in first 3)
cs_sigma1.0_weak_sparse_a1.5,70,70,cs,100,500,1.0,3.0,weak_sparse,1.5,10,3,1.0,0.8937182721336322,cocolasso_max,reweighted_frobenius,8.788309740448103,8.735165617303837,4.702186235065101,4.676143883178455,16.24030941980891,8.84030465199612,0.053144123144265976,0.0260423518866455,7.4000047678127885,1.8370757636889679,medium,weak α=1.5 (97% in first 3)
cs_sigma1.0_weak_sparse_a1.5,71,71,cs,100,500,1.0,3.0,weak_sparse,1.5,10,3,1.0,0.8937182721336322,cocolasso_max,reweighted_frobenius,7.732469580423392,7.725147962852392,3.872295967244212,3.8694406489424864,17.408091702032834,9.249758249032311,0.0073216175709998055,0.0028553183017256956,8.158333453000523,1.8820050463323221,medium,weak α=1.5 (97% in first 3)
cs_sigma1.0_weak_sparse_a1.5,72,72,cs,100,500,1.0,3.0,weak_sparse,1.5,10,3,1.0,0.8937182721336322,cocolasso_max,reweighted_frobenius,11.289209387290493,11.342103248411778,6.176479441178155,6.180593239382361,18.397123124916103,8.409740160917863,-0.05289386112128547,-0.004113798204206098,9.98738296399824,2.1875970925251735,medium,weak α=1.5 (97% in first 3)
cs_sigma1.0_weak_sparse_a1.5,73,73,cs,100,500,1.0,3.0,weak_sparse,1.5,10,3,1.0,0.8937182721336322,cocolasso_max,reweighted_frobenius,8.652885114583981,8.596615699177722,5.048719910162266,5.004536543670799,19.90787498792633,11.0260541299358,0.05626941540625907,0.04418336649146681,8.881820857990531,1.8055303151357054,medium,weak α=1.5 (97% in first 3)
cs_sigma1.0_weak_sparse_a1.5,74,74,cs,100,500,1.0,3.0,weak_sparse,1.5,10,3,1.0,0.8937182721336322,cocolasso_max,reweighted_frobenius,4.388591625688873,4.177271645445943,2.3050561923214,2.183157207061996,16.432140816934407,7.475211462005973,0.21131998024292997,0.12189898525940412,8.956929354928434,2.198217522066572,medium,weak α=1.5 (97% in first 3)
cs_sigma1.0_weak_sparse_a1.5,75,75,cs,100,500,1.0,3.0,weak_sparse,1.5,10,3,1.0,0.8937182721336322,cocolasso_max,reweighted_frobenius,7.927840835126355,7.997762582508563,3.977800595360791,4.0183789039330415,17.632963894866407,7.673555791028775,-0.06992174738220758,-0.04057830857225042,9.959408103837632,2.297886973791377,medium,weak α=1.5 (97% in first 3)
cs_sigma1.0_weak_sparse_a1.5,76,76,cs,100,500,1.0,3.0,weak_sparse,1.5,10,3,1.0,0.8937182721336322,cocolasso_max,reweighted_frobenius,4.650569533971671,4.6662976894752015,2.41355863109396,2.423407216904051,17.820909067988396,7.34174865600653,-0.01572815550353024,-0.00984858581009096,10.479160411981866,2.4273384860987464,medium,weak α=1.5 (97% in first 3)
cs_sigma1.0_weak_sparse_a1.5,77,77,cs,100,500,1.0,3.0,weak_sparse,1.5,10,3,1.0,0.8937182721336322,cocolasso_max,reweighted_frobenius,8.320542743741397,8.22313369502196,4.377823875687269,4.327783066399216,17.579745864961296,9.18216875102371,0.09740904871943634,0.05004080928805266,8.397577113937587,1.914552688111003,medium,weak α=1.5 (97% in first 3)
cs_sigma1.0_weak_sparse_a1.5,78,78,cs,100,500,1.0,3.0,weak_sparse,1.5,10,3,1.0,0.8937182721336322,cocolasso_max,reweighted_frobenius,8.35139405585507,8.182557432900156,4.6026864848004925,4.504055872197108,17.465383159928024,8.471572848036885,0.16883662295491497,0.0986306126033849,8.993810311891139,2.0616458682728878,medium,weak α=1.5 (97% in first 3)
cs_sigma1.0_weak_sparse_a1.5,79,79,cs,100,500,1.0,3.0,weak_sparse,1.5,10,3,1.0,0.8937182721336322,cocolasso_max,reweighted_frobenius,8.701668719857828,8.609675001717072,4.556065450413308,4.500147985869223,18.17839185008779,9.811265200958587,0.09199371814075619,0.05591746454408497,8.367126649129204,1.8528081218629902,medium,weak α=1.5 (97% in first 3)
cs_sigma1.0_weak_sparse_a1.5,80,80,cs,100,500,1.0,3.0,weak_sparse,1.5,10,3,1.0,0.8937182721336322,cocolasso_max,reweighted_frobenius,6.102174842214484,5.939229559259443,3.114121243725996,3.0433267818407272,18.595970846014097,11.330916251055896,0.1629452829550404,0.07079446188526894,7.265054594958201,1.6411709727605825,medium,weak α=1.5 (97% in first 3)
cs_sigma1.0_weak_sparse_a1.5,81,81,cs,100,500,1.0,3.0,weak_sparse,1.5,10,3,1.0,0.8937182721336322,cocolasso_max,reweighted_frobenius,8.778238234439785,8.619559883418903,5.073515235767446,4.991076480362092,18.158476973883808,11.211294471053408,0.1586783510208818,0.08243875540535406,6.947182502830399,1.6196592659988926,medium,weak α=1.5 (97% in first 3)
cs_sigma1.0_weak_sparse_a1.5,82,82,cs,100,500,1.0,3.0,weak_sparse,1.5,10,3,1.0,0.8937182721336322,cocolasso_max,reweighted_frobenius,8.27072182717164,8.187050343485259,5.0570825865499245,4.995368703584189,18.03981741401367,7.032226287061349,0.08367148368638055,0.06171388296573532,11.00759112695232,2.5653067289949525,medium,weak α=1.5 (97% in first 3)
cs_sigma1.0_weak_sparse_a1.5,83,83,cs,100,500,1.0,3.0,weak_sparse,1.5,10,3,1.0,0.8937182721336322,cocolasso_max,reweighted_frobenius,9.617883761968072,9.558334411649971,5.157275417252153,5.120846125483696,17.99351298296824,8.84214676299598,0.05954935031810038,0.03642929176845744,9.15136621997226,2.0349710839759356,medium,weak α=1.5 (97% in first 3)
cs_sigma1.0_weak_sparse_a1.5,84,84,cs,100,500,1.0,3.0,weak_sparse,1.5,10,3,1.0,0.8937182721336322,cocolasso_max,reweighted_frobenius,9.075076038087044,8.986118839288185,4.945973271245392,4.886255243286746,17.556191127980128,8.937560060061514,0.08895719879885888,0.059718027958646225,8.618631067918614,1.9643158770403042,medium,weak α=1.5 (97% in first 3)
cs_sigma1.0_weak_sparse_a1.5,85,85,cs,100,500,1.0,3.0,weak_sparse,1.5,10,3,1.0,0.8937182721336322,cocolasso_max,reweighted_frobenius,11.381582665132257,11.438985946516745,5.791199415660341,5.80681507437328,18.13191297487356,9.317539594951086,-0.057403281384488025,-0.015615658712939684,8.814373379922475,1.9459979525816813,medium,weak α=1.5 (97% in first 3)
cs_sigma1.0_weak_sparse_a1.5,86,86,cs,100,500,1.0,3.0,weak_sparse,1.5,10,3,1.0,0.8937182721336322,cocolasso_max,reweighted_frobenius,6.531732330306823,6.49196881359616,3.382939893086921,3.3536413835921337,19.723491688026115,7.738232895033434,0.03976351671066247,0.029298509494787073,11.985258792992681,2.548836660199912,medium,weak α=1.5 (97% in first 3)
cs_sigma1.0_weak_sparse_a1.5,87,87,cs,100,500,1.0,3.0,weak_sparse,1.5,10,3,1.0,0.8937182721336322,cocolasso_max,reweighted_frobenius,5.7570651365229,5.52843887774803,2.937087087886566,2.807847647635782,18.766754681011665,8.45051112701185,0.2286262587748702,0.12923944025078393,10.316243553999815,2.2207833820872915,medium,weak α=1.5 (97% in first 3)
cs_sigma1.0_weak_sparse_a1.5,88,88,cs,100,500,1.0,3.0,weak_sparse,1.5,10,3,1.0,0.8937182721336322,cocolasso_max,reweighted_frobenius,11.376155601194275,11.380407749320293,6.4664675757653365,6.447040974306978,16.276287578046322,8.69484262203332,-0.004252148126017374,0.01942660145835884,7.5814449560130015,1.871947346902071,medium,weak α=1.5 (97% in first 3)
cs_sigma1.0_weak_sparse_a1.5,89,89,cs,100,500,1.0,3.0,weak_sparse,1.5,10,3,1.0,0.8937182721336322,cocolasso_max,reweighted_frobenius,7.399138317348433,7.289530709434677,3.78454887352832,3.725348743814133,17.486800887156278,9.266399687039666,0.10960760791375534,0.05920012971418709,8.220401200116612,1.8871192132597057,medium,weak α=1.5 (97% in first 3)
cs_sigma1.0_weak_sparse_a1.5,90,90,cs,100,500,1.0,3.0,weak_sparse,1.5,10,3,1.0,0.8937182721336322,cocolasso_max,reweighted_frobenius,10.95575191101528,10.92426734638876,5.662160406101434,5.650469637140805,18.561315329978243,10.14943000592757,0.031484564626520495,0.01169076896062915,8.411885324050672,1.828803717956366,medium,weak α=1.5 (97% in first 3)
cs_sigma1.0_weak_sparse_a1.5,91,91,cs,100,500,1.0,3.0,weak_sparse,1.5,10,3,1.0,0.8937182721336322,cocolasso_max,reweighted_frobenius,8.570404418492602,8.440851435573437,5.097070218077737,5.025971594072005,19.582092551048845,8.793251922936179,0.12955298291916506,0.07109862400573164,10.788840628112666,2.226945471671433,medium,weak α=1.5 (97% in first 3)
cs_sigma1.0_weak_sparse_a1.5,92,92,cs,100,500,1.0,3.0,weak_sparse,1.5,10,3,1.0,0.8937182721336322,cocolasso_max,reweighted_frobenius,11.050699881194124,11.222652466400076,5.584486258973506,5.6613459881452695,18.31357472599484,12.0288115440635,-0.17195258520595225,-0.07685972917176365,6.284763181931341,1.5224758205670799,medium,weak α=1.5 (97% in first 3)
cs_sigma1.0_weak_sparse_a1.5,93,93,cs,100,500,1.0,3.0,weak_sparse,1.5,10,3,1.0,0.8937182721336322,cocolasso_max,reweighted_frobenius,7.645160034472142,7.3661874059572146,4.90182033929415,4.750405957377121,16.076103437924758,56.40380130300764,0.27897262851492766,0.1514143819170286,-40.32769786508288,0.28501808506774395,medium,weak α=1.5 (97% in first 3)
cs_sigma1.0_weak_sparse_a1.5,94,94,cs,100,500,1.0,3.0,weak_sparse,1.5,10,3,1.0,0.8937182721336322,cocolasso_max,reweighted_frobenius,10.117067786017047,10.106341013950802,5.127036792146455,5.116717009099813,17.96385486377403,8.912429171963595,0.010726772066245616,0.010319783046641717,9.051425691810437,2.01559580639183,medium,weak α=1.5 (97% in first 3)
cs_sigma1.0_weak_sparse_a1.5,95,95,cs,100,500,1.0,3.0,weak_sparse,1.5,10,3,1.0,0.8937182721336322,cocolasso_max,reweighted_frobenius,9.19415721866554,9.122691519699195,4.619512298468839,4.583903382306206,18.686425431165844,13.31978599797003,0.07146569896634425,0.03560891616263362,5.3666394331958145,1.4029073315452443,medium,weak α=1.5 (97% in first 3)
cs_sigma1.0_weak_sparse_a1.5,96,96,cs,100,500,1.0,3.0,weak_sparse,1.5,10,3,1.0,0.8937182721336322,cocolasso_max,reweighted_frobenius,5.598513330430832,5.297262102962771,2.929986552788705,2.7630533689741417,19.949121014913544,10.286228035925888,0.301251227468061,0.16693318381456335,9.662892978987657,1.9394010073701304,medium,weak α=1.5 (97% in first 3)
cs_sigma1.0_weak_sparse_a1.5,97,97,cs,100,500,1.0,3.0,weak_sparse,1.5,10,3,1.0,0.8937182721336322,cocolasso_max,reweighted_frobenius,10.234532292792702,10.213772794632236,5.436502306572166,5.416040508862011,17.643883733078837,7.98751371295657,0.02075949816046574,0.020461797710154883,9.656370020122267,2.2089331382879056,medium,weak α=1.5 (97% in first 3)
cs_sigma1.0_weak_sparse_a1.5,98,98,cs,100,500,1.0,3.0,weak_sparse,1.5,10,3,1.0,0.8937182721336322,cocolasso_max,reweighted_frobenius,9.071901102958543,9.076486257460395,4.537789887557569,4.542030525315655,16.629035828169435,9.024048550985754,-0.004585154501851818,-0.004240637758086585,7.604987277183682,1.8427467155363366,medium,weak α=1.5 (97% in first 3)
cs_sigma1.0_weak_sparse_a1.5,99,99,cs,100,500,1.0,3.0,weak_sparse,1.5,10,3,1.0,0.8937182721336322,cocolasso_max,reweighted_frobenius,8.204162638785025,7.93879818306566,4.208037030316601,4.0652071192166765,17.749893449014053,7.552305178018287,0.2653644557193653,0.14282991109992427,10.197588270995766,2.3502616791329927,medium,weak α=1.5 (97% in first 3)
cs_sigma1.0_weak_sparse_a2.0,0,0,cs,100,500,1.0,3.0,weak_sparse,2.0,10,3,1.0,0.8793859844187413,cocolasso_max,reweighted_frobenius,8.496958299484886,8.429772319540191,4.841217431084558,4.817786984100392,16.831569523958024,10.808536884956991,0.06718597994469455,0.02343044698416552,6.023032639001032,1.557247729559374,medium,weak α=2.0 (99% in first 3)
cs_sigma1.0_weak_sparse_a2.0,1,1,cs,100,500,1.0,3.0,weak_sparse,2.0,10,3,1.0,0.8793859844187413,cocolasso_max,reweighted_frobenius,6.5088600851485685,6.346398615557677,3.809397583328293,3.7038949169940665,16.574254787003156,9.51737563102506,0.16246146959089192,0.10550266633422645,7.056879155978097,1.7414732200937668,medium,weak α=2.0 (99% in first 3)
cs_sigma1.0_weak_sparse_a2.0,2,2,cs,100,500,1.0,3.0,weak_sparse,2.0,10,3,1.0,0.8793859844187413,cocolasso_max,reweighted_frobenius,9.911823569636708,9.931248941426716,6.920014147374216,6.927181505517557,16.548474158975296,7.784759532078169,-0.019425371790008583,-0.007167358143340685,8.763714626897126,2.1257527725532226,medium,weak α=2.0 (99% in first 3)
cs_sigma1.0_weak_sparse_a2.0,3,3,cs,100,500,1.0,3.0,weak_sparse,2.0,10,3,1.0,0.8793859844187413,cocolasso_max,reweighted_frobenius,5.547666576194916,5.334145435890665,2.832520128266256,2.715788574231282,16.82910092000384,10.02471092401538,0.21352114030425096,0.11673155403497404,6.804389995988458,1.678761716678307,medium,weak α=2.0 (99% in first 3)
cs_sigma1.0_weak_sparse_a2.0,4,4,cs,100,500,1.0,3.0,weak_sparse,2.0,10,3,1.0,0.8793859844187413,cocolasso_max,reweighted_frobenius,6.921628739441733,6.913479020711587,3.512531432501908,3.50370751760079,17.157178374007344,9.73684970405884,0.008149718730146027,0.008823914901118002,7.420328669948503,1.762087214600356,medium,weak α=2.0 (99% in first 3)
cs_sigma1.0_weak_sparse_a2.0,5,5,cs,100,500,1.0,3.0,weak_sparse,2.0,10,3,1.0,0.8793859844187413,cocolasso_max,reweighted_frobenius,6.570592292339999,6.403219770635021,3.3253131627989085,3.240708144335368,17.491144453990273,11.505892709014006,0.16737252170497818,0.08460501846354074,5.985251744976267,1.5201901231259762,medium,weak α=2.0 (99% in first 3)
cs_sigma1.0_weak_sparse_a2.0,6,6,cs,100,500,1.0,3.0,weak_sparse,2.0,10,3,1.0,0.8793859844187413,cocolasso_max,reweighted_frobenius,6.165291122655659,5.940319647271629,3.2828566971630595,3.1556606317299174,17.176990867010318,11.410442503052764,0.22497147538402995,0.1271960654331421,5.766548363957554,1.5053746480397026,medium,weak α=2.0 (99% in first 3)
cs_sigma1.0_weak_sparse_a2.0,7,7,cs,100,500,1.0,3.0,weak_sparse,2.0,10,3,1.0,0.8793859844187413,cocolasso_max,reweighted_frobenius,6.573780333321427,6.263455396576122,3.7216666056573073,3.528793077980097,17.27798191300826,7.922816132078879,0.3103249367453049,0.19287352767721044,9.355165780929383,2.180787945216983,medium,weak α=2.0 (99% in first 3)
cs_sigma1.0_weak_sparse_a2.0,8,8,cs,100,500,1.0,3.0,weak_sparse,2.0,10,3,1.0,0.8793859844187413,cocolasso_max,reweighted_frobenius,5.833825745802321,5.662770786386337,3.489226179141098,3.375717494164169,17.26138538104715,6.461910799029283,0.1710549594159847,0.1135086849769289,10.799474582017865,2.6712509531453414,medium,weak α=2.0 (99% in first 3)
cs_sigma1.0_weak_sparse_a2.0,9,9,cs,100,500,1.0,3.0,weak_sparse,2.0,10,3,1.0,0.8793859844187413,cocolasso_max,reweighted_frobenius,7.962916479851777,7.850243039500891,3.991520811551908,3.9342520578076825,17.553534670034423,8.10760447604116,0.11267344035088556,0.057268753744225354,9.445930193993263,2.1650704251677544,medium,weak α=2.0 (99% in first 3)
cs_sigma1.0_weak_sparse_a2.0,10,10,cs,100,500,1.0,3.0,weak_sparse,2.0,10,3,1.0,0.8793859844187413,cocolasso_max,reweighted_frobenius,6.501067697357556,6.067834301842713,3.250589776789512,3.0339180007408757,17.601668349001557,10.697448587976396,0.43323339551484263,0.2166717760486363,6.9042197610251606,1.6454080806506788,medium,weak α=2.0 (99% in first 3)
cs_sigma1.0_weak_sparse_a2.0,11,11,cs,100,500,1.0,3.0,weak_sparse,2.0,10,3,1.0,0.8793859844187413,cocolasso_max,reweighted_frobenius,6.626928915211907,6.59819469405215,3.397167028246469,3.3814135067887534,17.847404674976133,9.4014787171036,0.028734221159756324,0.015753521457715802,8.445925957872532,1.898361439941072,medium,weak α=2.0 (99% in first 3)
cs_sigma1.0_weak_sparse_a2.0,12,12,cs,100,500,1.0,3.0,weak_sparse,2.0,10,3,1.0,0.8793859844187413,cocolasso_max,reweighted_frobenius,7.150336859979642,6.975399277964224,3.616254941810443,3.529479601718866,17.948531093948986,13.07117384299636,0.17493758201541798,0.08677534009157695,4.877357250952626,1.373138427316224,medium,weak α=2.0 (99% in first 3)
cs_sigma1.0_weak_sparse_a2.0,13,13,cs,100,500,1.0,3.0,weak_sparse,2.0,10,3,1.0,0.8793859844187413,cocolasso_max,reweighted_frobenius,7.8182129097792945,7.695285655916975,4.399185161903851,4.315432657244279,17.493495528004132,8.20442159799859,0.1229272538623194,0.0837525046595724,9.289073930005543,2.1322033880208626,medium,weak α=2.0 (99% in first 3)
cs_sigma1.0_weak_sparse_a2.0,14,14,cs,100,500,1.0,3.0,weak_sparse,2.0,10,3,1.0,0.8793859844187413,cocolasso_max,reweighted_frobenius,8.634287572277552,8.730901327497568,4.350289473507029,4.391545829563961,18.002944541047327,9.551437892951071,-0.09661375522001592,-0.04125635605693212,8.451506648096256,1.8848412922554245,medium,weak α=2.0 (99% in first 3)
cs_sigma1.0_weak_sparse_a2.0,15,15,cs,100,500,1.0,3.0,weak_sparse,2.0,10,3,1.0,0.8793859844187413,cocolasso_max,reweighted_frobenius,6.50321084694262,6.309744454413652,3.480254325162068,3.3814746061289904,17.596127933007665,9.09193929506,0.19346639252896836,0.09877971903307747,8.504188637947665,1.935354753475787,medium,weak α=2.0 (99% in first 3)
cs_sigma1.0_weak_sparse_a2.0,16,16,cs,100,500,1.0,3.0,weak_sparse,2.0,10,3,1.0,0.8793859844187413,cocolasso_max,reweighted_frobenius,7.210353538135858,6.914876902180751,4.009113630268613,3.839703121889576,17.59908313699998,10.4305072639836,0.2954766359551071,0.1694105083790367,7.16857587301638,1.687270109841098,medium,weak α=2.0 (99% in first 3)
cs_sigma1.0_weak_sparse_a2.0,17,17,cs,100,500,1.0,3.0,weak_sparse,2.0,10,3,1.0,0.8793859844187413,cocolasso_max,reweighted_frobenius,8.447492351630594,8.431401815993667,4.225797825454056,4.219830661498726,17.620253397035412,10.05014091602061,0.016090535636926973,0.005967163955330257,7.570112481014803,1.753234461513622,medium,weak α=2.0 (99% in first 3)
cs_sigma1.0_weak_sparse_a2.0,18,18,cs,100,500,1.0,3.0,weak_sparse,2.0,10,3,1.0,0.8793859844187413,cocolasso_max,reweighted_frobenius,10.278904956112612,10.51540927240259,5.182442726598774,5.296998355059853,17.402961487008724,8.161604988039471,-0.23650431628997737,-0.11455562846107892,9.241356498969253,2.132296467730565,medium,weak α=2.0 (99% in first 3)
cs_sigma1.0_weak_sparse_a2.0,19,19,cs,100,500,1.0,3.0,weak_sparse,2.0,10,3,1.0,0.8793859844187413,cocolasso_max,reweighted_frobenius,4.903361649417268,4.86487933910085,2.4991553860268114,2.474372163304614,17.183049229963217,9.399814327945933,0.03848231031641802,0.02478322272219735,7.783234902017284,1.8280200683195933,medium,weak α=2.0 (99% in first 3)
cs_sigma1.0_weak_sparse_a2.0,20,20,cs,100,500,1.0,3.0,weak_sparse,2.0,10,3,1.0,0.8793859844187413,cocolasso_max,reweighted_frobenius,10.144203075935067,10.172180275564616,5.318705559591688,5.32221815079043,17.517446896992624,8.723514267941937,-0.027977199629548366,-0.003512591198742143,8.793932629050687,2.008072246911721,medium,weak α=2.0 (99% in first 3)
cs_sigma1.0_weak_sparse_a2.0,21,21,cs,100,500,1.0,3.0,weak_sparse,2.0,10,3,1.0,0.8793859844187413,cocolasso_max,reweighted_frobenius,5.778648534342961,5.6953969402403954,2.892847291805741,2.852635518309448,17.789184994006064,10.58431713306345,0.083251594102566,0.04021177349629301,7.204867860942613,1.6807116387731749,medium,weak α=2.0 (99% in first 3)
cs_sigma1.0_weak_sparse_a2.0,22,22,cs,100,500,1.0,3.0,weak_sparse,2.0,10,3,1.0,0.8793859844187413,cocolasso_max,reweighted_frobenius,7.20174915460924,6.995766100179647,4.546017169986368,4.400071498285741,17.57284169702325,6.630157607956789,0.2059830544295922,0.1459456717006269,10.94268408906646,2.6504410205775875,medium,weak α=2.0 (99% in first 3)
cs_sigma1.0_weak_sparse_a2.0,23,23,cs,100,500,1.0,3.0,weak_sparse,2.0,10,3,1.0,0.8793859844187413,cocolasso_max,reweighted_frobenius,4.809364094027446,4.587392579696469,2.440869375953288,2.332427014886697,17.889835723966826,9.710704511031508,0.22197151433097684,0.108442361066591,8.179131212935317,1.8422798988110183,medium,weak α=2.0 (99% in first 3)
cs_sigma1.0_weak_sparse_a2.0,24,24,cs,100,500,1.0,3.0,weak_sparse,2.0,10,3,1.0,0.8793859844187413,cocolasso_max,reweighted_frobenius,7.316285559996301,7.150621881830598,3.8947345873209063,3.7932178966745824,17.859031547035556,10.713123230962085,0.1656636781657026,0.10151669064632385,7.145908316073472,1.6670238138791331,medium,weak α=2.0 (99% in first 3)
cs_sigma1.0_weak_sparse_a2.0,25,25,cs,100,500,1.0,3.0,weak_sparse,2.0,10,3,1.0,0.8793859844187413,cocolasso_max,reweighted_frobenius,5.844919226970073,5.6549110968663125,3.0234868049056964,2.9236795485937725,18.05433626001468,12.511191749945285,0.1900081301037604,0.09980725631192389,5.543144510069395,1.4430548760547641,medium,weak α=2.0 (99% in first 3)
cs_sigma1.0_weak_sparse_a2.0,26,26,cs,100,500,1.0,3.0,weak_sparse,2.0,10,3,1.0,0.8793859844187413,cocolasso_max,reweighted_frobenius,6.342638694019768,6.30523780250887,3.2162230833136425,3.1987303452799254,17.960102271987125,10.957125677028673,0.03740089151089787,0.017492738033717092,7.002976594958453,1.6391253328087685,medium,weak α=2.0 (99% in first 3)
cs_sigma1.0_weak_sparse_a2.0,27,27,cs,100,500,1.0,3.0,weak_sparse,2.0,10,3,1.0,0.8793859844187413,cocolasso_max,reweighted_frobenius,7.534289447371097,7.537342856472335,3.977902749455575,3.9681876907798914,17.657466153032146,9.370975953992456,-0.0030534091012377473,0.009715058675683785,8.28649019903969,1.8842718452936882,medium,weak α=2.0 (99% in first 3)
cs_sigma1.0_weak_sparse_a2.0,28,28,cs,100,500,1.0,3.0,weak_sparse,2.0,10,3,1.0,0.8793859844187413,cocolasso_max,reweighted_frobenius,7.92461392841322,7.786832861528449,4.3412015053104005,4.250470076173688,17.625098672986496,8.70094778004568,0.137781066884771,0.09073142913671273,8.924150892940816,2.025652735602783,medium,weak α=2.0 (99% in first 3)
cs_sigma1.0_weak_sparse_a2.0,29,29,cs,100,500,1.0,3.0,weak_sparse,2.0,10,3,1.0,0.8793859844187413,cocolasso_max,reweighted_frobenius,6.900300163851554,6.705416755541615,3.7453299126673847,3.63019006510637,17.483928386005573,7.870549571001902,0.19488340830993955,0.11513984756101481,9.61337881500367,2.221436791456471,medium,weak α=2.0 (99% in first 3)
cs_sigma1.0_weak_sparse_a2.0,30,30,cs,100,500,1.0,3.0,weak_sparse,2.0,10,3,1.0,0.8793859844187413,cocolasso_max,reweighted_frobenius,10.61920761487193,10.748488750115484,5.4034441597285445,5.461540914772325,17.907903003972024,12.062060287920758,-0.1292811352435539,-0.05809675504378031,5.845842716051266,1.484647114714344,medium,weak α=2.0 (99% in first 3)
cs_sigma1.0_weak_sparse_a2.0,31,31,cs,100,500,1.0,3.0,weak_sparse,2.0,10,3,1.0,0.8793859844187413,cocolasso_max,reweighted_frobenius,8.710297587282925,8.666030251685331,4.42580838695853,4.410456996677631,17.491219554038253,9.031708944006825,0.04426733559759377,0.015351390280899047,8.459510610031428,1.9366456185066625,medium,weak α=2.0 (99% in first 3)
cs_sigma1.0_weak_sparse_a2.0,32,32,cs,100,500,1.0,3.0,weak_sparse,2.0,10,3,1.0,0.8793859844187413,cocolasso_max,reweighted_frobenius,8.21919855539579,8.143799849737098,4.568518819524946,4.510974876922296,17.206695267988835,8.051006894907914,0.07539870565869222,0.057543942602650056,9.15568837308092,2.137210350530403,medium,weak α=2.0 (99% in first 3)
cs_sigma1.0_weak_sparse_a2.0,33,33,cs,100,500,1.0,3.0,weak_sparse,2.0,10,3,1.0,0.8793859844187413,cocolasso_max,reweighted_frobenius,6.923039851420094,6.62424678128412,3.503011071383507,3.351291586688619,17.296606554999016,10.822967048967255,0.29879307013597334,0.15171948469488816,6.473639506031761,1.5981390756104616,medium,weak α=2.0 (99% in first 3)
cs_sigma1.0_weak_sparse_a2.0,34,34,cs,100,500,1.0,3.0,weak_sparse,2.0,10,3,1.0,0.8793859844187413,cocolasso_max,reweighted_frobenius,7.494538096412289,7.320082178959812,3.764190690987145,3.6759899107743,17.111020197044127,9.133448829059487,0.17445591745247757,0.08820078021284505,7.977571367984639,1.8734456739498837,medium,weak α=2.0 (99% in first 3)
cs_sigma1.0_weak_sparse_a2.0,35,35,cs,100,500,1.0,3.0,weak_sparse,2.0,10,3,1.0,0.8793859844187413,cocolasso_max,reweighted_frobenius,6.170002753744226,5.962023061669902,3.328440194940681,3.201560001980627,17.165671478025615,8.474212324945256,0.20797969207432399,0.12688019296005404,8.691459153080359,2.0256362266845263,medium,weak α=2.0 (99% in first 3)
cs_sigma1.0_weak_sparse_a2.0,36,36,cs,100,500,1.0,3.0,weak_sparse,2.0,10,3,1.0,0.8793859844187413,cocolasso_max,reweighted_frobenius,10.11477557665842,10.18557492030539,5.116597759812769,5.150704305449792,17.164198054000735,7.305376374977641,-0.0707993436469696,-0.03410654563702309,9.858821679023094,2.349529602990957,medium,weak α=2.0 (99% in first 3)
cs_sigma1.0_weak_sparse_a2.0,37,37,cs,100,500,1.0,3.0,weak_sparse,2.0,10,3,1.0,0.8793859844187413,cocolasso_max,reweighted_frobenius,6.959444173591519,6.791211893730603,3.7846063550516966,3.685678193836428,17.632741518958937,10.654028380988166,0.16823227986091638,0.0989281612152686,6.978713137970772,1.6550304625078813,medium,weak α=2.0 (99% in first 3)
cs_sigma1.0_weak_sparse_a2.0,38,38,cs,100,500,1.0,3.0,weak_sparse,2.0,10,3,1.0,0.8793859844187413,cocolasso_max,reweighted_frobenius,7.6629959126197775,7.532611227992496,3.9455420755045343,3.878430083662364,17.875257846026216,9.708579936996102,0.13038468462728137,0.06711199184217032,8.166677909030113,1.8411815077001814,medium,weak α=2.0 (99% in first 3)
cs_sigma1.0_weak_sparse_a2.0,39,39,cs,100,500,1.0,3.0,weak_sparse,2.0,10,3,1.0,0.8793859844187413,cocolasso_max,reweighted_frobenius,7.591621575971195,7.694492690014232,4.058905417442422,4.104684725894685,17.943693582026754,11.444678946980275,-0.10287111404303673,-0.04577930845226241,6.499014635046478,1.567863429385345,medium,weak α=2.0 (99% in first 3)
cs_sigma1.0_weak_sparse_a2.0,40,40,cs,100,500,1.0,3.0,weak_sparse,2.0,10,3,1.0,0.8793859844187413,cocolasso_max,reweighted_frobenius,6.682902445198946,6.635437537433256,3.7177654998009135,3.6783225319777184,17.85122000600677,8.42927081801463,0.0474649077656899,0.03944296782319512,9.42194918799214,2.1177656278234656,medium,weak α=2.0 (99% in first 3)
cs_sigma1.0_weak_sparse_a2.0,41,41,cs,100,500,1.0,3.0,weak_sparse,2.0,10,3,1.0,0.8793859844187413,cocolasso_max,reweighted_frobenius,6.100221667528023,5.934379897797838,3.447106083139127,3.342940637446099,17.921519045019522,8.371570397051983,0.16584176973018572,0.10416544569302788,9.54994864796754,2.1407595224105767,medium,weak α=2.0 (99% in first 3)
cs_sigma1.0_weak_sparse_a2.0,42,42,cs,100,500,1.0,3.0,weak_sparse,2.0,10,3,1.0,0.8793859844187413,cocolasso_max,reweighted_frobenius,10.193082073784426,10.257938943109574,5.526156369383621,5.53076063833733,17.45946277602343,7.144586241920479,-0.06485686932514767,-0.00460426895370869,10.31487653410295,2.4437332246871013,medium,weak α=2.0 (99% in first 3)
cs_sigma1.0_weak_sparse_a2.0,43,43,cs,100,500,1.0,3.0,weak_sparse,2.0,10,3,1.0,0.8793859844187413,cocolasso_max,reweighted_frobenius,6.600276771488896,6.327886947125514,3.482008615000206,3.335015421643428,17.27458923199447,10.103370400960555,0.27238982436338155,0.14699319335677785,7.171218831033913,1.7097848090724383,medium,weak α=2.0 (99% in first 3)
cs_sigma1.0_weak_sparse_a2.0,44,44,cs,100,500,1.0,3.0,weak_sparse,2.0,10,3,1.0,0.8793859844187413,cocolasso_max,reweighted_frobenius,6.207727032722872,6.289174153118265,3.454178988447833,3.489771662813352,17.233124809048604,9.424414720968343,-0.08144712039539304,-0.03559267436551883,7.808710088080261,1.8285618066771503,medium,weak α=2.0 (99% in first 3)
cs_sigma1.0_weak_sparse_a2.0,45,45,cs,100,500,1.0,3.0,weak_sparse,2.0,10,3,1.0,0.8793859844187413,cocolasso_max,reweighted_frobenius,9.850094255051587,9.929458127126258,5.117780716603082,5.147452131768014,16.802115511964075,9.716286916052924,-0.079363872074671,-0.029671415164931325,7.085828595911151,1.7292732972102935,medium,weak α=2.0 (99% in first 3)
cs_sigma1.0_weak_sparse_a2.0,46,46,cs,100,500,1.0,3.0,weak_sparse,2.0,10,3,1.0,0.8793859844187413,cocolasso_max,reweighted_frobenius,4.715541014872858,5.100048672212179,2.425224684747813,2.621998840184005,16.51751246798085,11.308079482987525,-0.3845076573393218,-0.19677415543619192,5.209432984993326,1.4606823813743681,medium,weak α=2.0 (99% in first 3)
cs_sigma1.0_weak_sparse_a2.0,47,47,cs,100,500,1.0,3.0,weak_sparse,2.0,10,3,1.0,0.8793859844187413,cocolasso_max,reweighted_frobenius,6.011187440462206,5.788050071488488,3.06735084291624,2.954684347844909,16.680117970041465,10.41575991292484,0.22313736897371772,0.11266649507133097,6.264358057116626,1.6014307270411667,medium,weak α=2.0 (99% in first 3)
cs_sigma1.0_weak_sparse_a2.0,48,48,cs,100,500,1.0,3.0,weak_sparse,2.0,10,3,1.0,0.8793859844187413,cocolasso_max,reweighted_frobenius,7.631476547097145,7.637010644634344,4.377313947104799,4.366354887232453,16.414487118949182,11.219892161083408,-0.005534097537199578,0.010959059872345911,5.194594957865775,1.4629808275594136,medium,weak α=2.0 (99% in first 3)
cs_sigma1.0_weak_sparse_a2.0,49,49,cs,100,500,1.0,3.0,weak_sparse,2.0,10,3,1.0,0.8793859844187413,cocolasso_max,reweighted_frobenius,6.550633623972227,6.343556924169604,3.341853742677762,3.229406207712526,16.80947635002667,15.47154854494147,0.20707669980262278,0.11244753496523607,1.3379278050852008,1.0864766575368208,medium,weak α=2.0 (99% in first 3)
cs_sigma1.0_weak_sparse_a2.0,50,50,cs,100,500,1.0,3.0,weak_sparse,2.0,10,3,1.0,0.8793859844187413,cocolasso_max,reweighted_frobenius,7.527400636656411,7.535743425536219,4.238593994461585,4.235084487391416,16.476173168979585,10.245724149048328,-0.00834278887980755,0.003509507070169171,6.230449019931257,1.608102358534606,medium,weak α=2.0 (99% in first 3)
cs_sigma1.0_weak_sparse_a2.0,51,51,cs,100,500,1.0,3.0,weak_sparse,2.0,10,3,1.0,0.8793859844187413,cocolasso_max,reweighted_frobenius,6.846109976384906,6.722854867947655,3.550451510580856,3.4799487986131283,16.817796710995026,11.435326591017656,0.12325510843725063,0.07050271196772773,5.38247011997737,1.4706879228272545,medium,weak α=2.0 (99% in first 3)
cs_sigma1.0_weak_sparse_a2.0,52,52,cs,100,500,1.0,3.0,weak_sparse,2.0,10,3,1.0,0.8793859844187413,cocolasso_max,reweighted_frobenius,8.7453802631025,8.660775103186875,5.233911276096303,5.1883880583726425,17.012637877021916,12.225044387974776,0.08460515991562545,0.045523217723660636,4.78759348904714,1.391621767341514,medium,weak α=2.0 (99% in first 3)
cs_sigma1.0_weak_sparse_a2.0,53,53,cs,100,500,1.0,3.0,weak_sparse,2.0,10,3,1.0,0.8793859844187413,cocolasso_max,reweighted_frobenius,6.1641210882191375,6.118248564071948,3.141341438419897,3.113588755017932,17.198058363981545,12.031574900029227,0.045872524147189786,0.027752683401964795,5.166483463952318,1.429410406108993,medium,weak α=2.0 (99% in first 3)
cs_sigma1.0_weak_sparse_a2.0,54,54,cs,100,500,1.0,3.0,weak_sparse,2.0,10,3,1.0,0.8793859844187413,cocolasso_max,reweighted_frobenius,6.12146427164695,5.862777604803248,3.252899702021071,3.1056069744213155,17.174165203992743,10.268282150966115,0.258686666843702,0.1472927275997553,6.905883053026628,1.6725451201569166,medium,weak α=2.0 (99% in first 3)
cs_sigma1.0_weak_sparse_a2.0,55,55,cs,100,500,1.0,3.0,weak_sparse,2.0,10,3,1.0,0.8793859844187413,cocolasso_max,reweighted_frobenius,10.110184236420237,10.330991384365229,5.055557094085652,5.165835099627582,17.40225821302738,13.622751349001192,-0.220807147944992,-0.11027800554193057,3.779506864026189,1.2774407876352598,medium,weak α=2.0 (99% in first 3)
cs_sigma1.0_weak_sparse_a2.0,56,56,cs,100,500,1.0,3.0,weak_sparse,2.0,10,3,1.0,0.8793859844187413,cocolasso_max,reweighted_frobenius,5.780187177589374,5.620316830837429,3.048950075505296,2.9428558788513426,16.77782166202087,9.198381255962886,0.1598703467519451,0.10609419665395325,7.579440406057984,1.823997200718831,medium,weak α=2.0 (99% in first 3)
cs_sigma1.0_weak_sparse_a2.0,57,57,cs,100,500,1.0,3.0,weak_sparse,2.0,10,3,1.0,0.8793859844187413,cocolasso_max,reweighted_frobenius,9.596935524120235,9.444310467566574,4.89178004579217,4.817223697035782,17.185905798978638,14.90195184003096,0.15262505655366176,0.07455634875638761,2.283953958947677,1.1532654234469015,medium,weak α=2.0 (99% in first 3)
cs_sigma1.0_weak_sparse_a2.0,58,58,cs,100,500,1.0,3.0,weak_sparse,2.0,10,3,1.0,0.8793859844187413,cocolasso_max,reweighted_frobenius,7.52708015173569,7.360418304246645,3.9156254788774505,3.8203907897509,17.062118644011207,12.740475272992626,0.16666184748904467,0.09523468912655053,4.321643371018581,1.339205820694903,medium,weak α=2.0 (99% in first 3)
cs_sigma1.0_weak_sparse_a2.0,59,59,cs,100,500,1.0,3.0,weak_sparse,2.0,10,3,1.0,0.8793859844187413,cocolasso_max,reweighted_frobenius,6.815437781149618,6.511696303196952,3.754517673612737,3.591941043157401,16.47735871502664,8.261635672999546,0.30374147795266637,0.162576630455336,8.215723042027093,1.9944426705812623,medium,weak α=2.0 (99% in first 3)
cs_sigma1.0_weak_sparse_a2.0,60,60,cs,100,500,1.0,3.0,weak_sparse,2.0,10,3,1.0,0.8793859844187413,cocolasso_max,reweighted_frobenius,8.405871245877377,8.360687545476805,4.292987415480875,4.270489346739431,16.76047777401982,13.072397073032334,0.04518370040057107,0.022498068741443333,3.6880807009874843,1.2821273466819487,medium,weak α=2.0 (99% in first 3)
cs_sigma1.0_weak_sparse_a2.0,61,61,cs,100,500,1.0,3.0,weak_sparse,2.0,10,3,1.0,0.8793859844187413,cocolasso_max,reweighted_frobenius,9.176651979495244,9.16881105123123,4.697975844735273,4.696530182379603,16.862037233018782,12.638180603971705,0.007840928264013058,0.0014456623556702297,4.223856629047077,1.3342139791640324,medium,weak α=2.0 (99% in first 3)
cs_sigma1.0_weak_sparse_a2.0,62,62,cs,100,500,1.0,3.0,weak_sparse,2.0,10,3,1.0,0.8793859844187413,cocolasso_max,reweighted_frobenius,5.606617035703768,5.5266054756768375,2.803551541298133,2.764324134312585,16.80903040600242,14.133559987065382,0.08001156002693044,0.039227406985548274,2.6754704189370386,1.1892991165272975,medium,weak α=2.0 (99% in first 3)
cs_sigma1.0_weak_sparse_a2.0,63,63,cs,100,500,1.0,3.0,weak_sparse,2.0,10,3,1.0,0.8793859844187413,cocolasso_max,reweighted_frobenius,6.017075832567924,5.927905220546338,3.0321693427231944,2.9828001248237204,16.70808789099101,11.551626719068736,0.08917061202158649,0.049369217899474016,5.156461171922274,1.446383985331719,medium,weak α=2.0 (99% in first 3)
cs_sigma1.0_weak_sparse_a2.0,64,64,cs,100,500,1.0,3.0,weak_sparse,2.0,10,3,1.0,0.8793859844187413,cocolasso_max,reweighted_frobenius,9.70891146178097,9.721267956185692,5.053582389097933,5.051952273341149,16.54143290797947,13.139096344006248,-0.012356494404722085,0.0016301157567841784,3.402336563973222,1.258947531465913,medium,weak α=2.0 (99% in first 3)
cs_sigma1.0_weak_sparse_a2.0,65,65,cs,100,500,1.0,3.0,weak_sparse,2.0,10,3,1.0,0.8793859844187413,cocolasso_max,reweighted_frobenius,4.067151006806324,3.9336518364526993,2.260872183825744,2.186588321725309,16.796364170964807,12.13777835003566,0.13349917035362502,0.07428386210043492,4.658585820929147,1.3838087734495053,medium,weak α=2.0 (99% in first 3)
cs_sigma1.0_weak_sparse_a2.0,66,66,cs,100,500,1.0,3.0,weak_sparse,2.0,10,3,1.0,0.8793859844187413,cocolasso_max,reweighted_frobenius,6.4403940417152254,6.179037719315397,3.7241785202240014,3.597190649445093,16.90686764800921,11.92645399295725,0.26135632239982876,0.12698787077890827,4.9804136550519615,1.4175938345121668,medium,weak α=2.0 (99% in first 3)
cs_sigma1.0_weak_sparse_a2.0,67,67,cs,100,500,1.0,3.0,weak_sparse,2.0,10,3,1.0,0.8793859844187413,cocolasso_max,reweighted_frobenius,10.026838175695994,10.03882447953732,5.764271172333481,5.759165027775987,16.778227622038685,9.771389583940618,-0.011986303841325707,0.005106144557493586,7.006838038098067,1.717076929325782,medium,weak α=2.0 (99% in first 3)
cs_sigma1.0_weak_sparse_a2.0,68,68,cs,100,500,1.0,3.0,weak_sparse,2.0,10,3,1.0,0.8793859844187413,cocolasso_max,reweighted_frobenius,7.269802332050072,7.054283071456409,3.8444235372013416,3.729772931898588,16.984357758017723,9.972321019042283,0.21551926059366355,0.1146506053027534,7.012036738975439,1.703149921225546,medium,weak α=2.0 (99% in first 3)
cs_sigma1.0_weak_sparse_a2.0,69,69,cs,100,500,1.0,3.0,weak_sparse,2.0,10,3,1.0,0.8793859844187413,cocolasso_max,reweighted_frobenius,7.632387838150367,7.444811047349811,3.820224594429591,3.7240153160113,16.79603288200451,8.742780394968577,0.18757679080055656,0.09620927841829108,8.053252487035934,1.9211317364977551,medium,weak α=2.0 (99% in first 3)
cs_sigma1.0_weak_sparse_a2.0,70,70,cs,100,500,1.0,3.0,weak_sparse,2.0,10,3,1.0,0.8793859844187413,cocolasso_max,reweighted_frobenius,7.380954564830648,7.326769996271262,3.9555806653799257,3.925596508837554,16.884802846005186,10.33431644400116,0.05418456855938647,0.029984156542371743,6.550486402004026,1.6338577338423226,medium,weak α=2.0 (99% in first 3)
cs_sigma1.0_weak_sparse_a2.0,71,71,cs,100,500,1.0,3.0,weak_sparse,2.0,10,3,1.0,0.8793859844187413,cocolasso_max,reweighted_frobenius,6.23550071620314,6.162865936951156,3.132896677803529,3.0945355845341,17.179534910945222,10.444756568060257,0.07263477925198458,0.03836109326942916,6.734778342884965,1.6447999337274848,medium,weak α=2.0 (99% in first 3)
cs_sigma1.0_weak_sparse_a2.0,72,72,cs,100,500,1.0,3.0,weak_sparse,2.0,10,3,1.0,0.8793859844187413,cocolasso_max,reweighted_frobenius,10.23615114083995,10.28720876824659,5.697070375626563,5.706034089984424,17.117376358015463,12.10979902499821,-0.05105762740663877,-0.008963714357861363,5.007577333017252,1.4135144871256848,medium,weak α=2.0 (99% in first 3)
cs_sigma1.0_weak_sparse_a2.0,73,73,cs,100,500,1.0,3.0,weak_sparse,2.0,10,3,1.0,0.8793859844187413,cocolasso_max,reweighted_frobenius,7.631877245849532,7.570380774055496,4.592477134371148,4.541019978838507,16.94414868101012,11.476450508926064,0.061496471794035834,0.051457155532641075,5.467698172084056,1.4764276348189218,medium,weak α=2.0 (99% in first 3)
cs_sigma1.0_weak_sparse_a2.0,74,74,cs,100,500,1.0,3.0,weak_sparse,2.0,10,3,1.0,0.8793859844187413,cocolasso_max,reweighted_frobenius,3.234079781830275,3.023823945368853,1.7913767983704747,1.6654361258616526,16.55490239500068,9.390892888070084,0.21025583646142199,0.12594067250882213,7.164009506930597,1.7628677690522427,medium,weak α=2.0 (99% in first 3)
cs_sigma1.0_weak_sparse_a2.0,75,75,cs,100,500,1.0,3.0,weak_sparse,2.0,10,3,1.0,0.8793859844187413,cocolasso_max,reweighted_frobenius,6.826885578247237,6.900240294470253,3.413514935015674,3.4509727388521485,16.770991655997932,11.302035573055036,-0.07335471622301615,-0.03745780383647457,5.468956082942896,1.4838912466336,medium,weak α=2.0 (99% in first 3)
cs_sigma1.0_weak_sparse_a2.0,76,76,cs,100,500,1.0,3.0,weak_sparse,2.0,10,3,1.0,0.8793859844187413,cocolasso_max,reweighted_frobenius,3.396597954816514,3.4211598670242997,1.8097720438671347,1.8254964654059296,16.678789908997715,8.310415473999456,-0.024561912207785586,-0.01572442153879483,8.368374434998259,2.0069742555206944,medium,weak α=2.0 (99% in first 3)
cs_sigma1.0_weak_sparse_a2.0,77,77,cs,100,500,1.0,3.0,weak_sparse,2.0,10,3,1.0,0.8793859844187413,cocolasso_max,reweighted_frobenius,6.975551657902196,6.825162078327938,3.783617160905056,3.705283224492416,16.78255884704413,10.8808513750555,0.15038957957425847,0.07833393641264008,5.9017074719886295,1.5423939054547124,medium,weak α=2.0 (99% in first 3)
cs_sigma1.0_weak_sparse_a2.0,78,78,cs,100,500,1.0,3.0,weak_sparse,2.0,10,3,1.0,0.8793859844187413,cocolasso_max,reweighted_frobenius,7.445476026497012,7.280697631830892,4.266006385311621,4.172505304129848,16.820280022977386,10.64121554302983,0.16477839466612032,0.09350108118177314,6.179064479947556,1.5806728051848309,medium,weak α=2.0 (99% in first 3)
cs_sigma1.0_weak_sparse_a2.0,79,79,cs,100,500,1.0,3.0,weak_sparse,2.0,10,3,1.0,0.8793859844187413,cocolasso_max,reweighted_frobenius,7.561002349516747,7.468971912619481,4.046549327264627,3.9839218366890905,16.725765251962002,11.19832035608124,0.0920304368972662,0.06262749057553618,5.5274448958807625,1.4935958893941703,medium,weak α=2.0 (99% in first 3)
cs_sigma1.0_weak_sparse_a2.0,80,80,cs,100,500,1.0,3.0,weak_sparse,2.0,10,3,1.0,0.8793859844187413,cocolasso_max,reweighted_frobenius,5.136908755053878,4.921782163671748,2.605555619675102,2.502838975776077,17.349122895044275,15.800207006977873,0.21512659138213053,0.10271664389902524,1.5489158880664018,1.0980313667651538,medium,weak α=2.0 (99% in first 3)
cs_sigma1.0_weak_sparse_a2.0,81,81,cs,100,500,1.0,3.0,weak_sparse,2.0,10,3,1.0,0.8793859844187413,cocolasso_max,reweighted_frobenius,7.544541629286776,7.378477248578123,4.448150483578266,4.352538016850459,16.992162996029947,12.660188787966035,0.16606438070865348,0.09561246672780754,4.331974208063912,1.3421729549705932,medium,weak α=2.0 (99% in first 3)
cs_sigma1.0_weak_sparse_a2.0,82,82,cs,100,500,1.0,3.0,weak_sparse,2.0,10,3,1.0,0.8793859844187413,cocolasso_max,reweighted_frobenius,7.009426026809304,6.917014425158852,4.533765618951099,4.463666840528693,16.617714809952304,8.305450156913139,0.09241160165045148,0.0700987784224063,8.312264653039165,2.000820484862022,medium,weak α=2.0 (99% in first 3)
cs_sigma1.0_weak_sparse_a2.0,83,83,cs,100,500,1.0,3.0,weak_sparse,2.0,10,3,1.0,0.8793859844187413,cocolasso_max,reweighted_frobenius,8.214017158804477,8.112136055893952,4.447448473201906,4.386874371842983,16.783810014952905,9.427859460003674,0.1018811029105251,0.06057410135892294,7.3559505549492314,1.7802354910099991,medium,weak α=2.0 (99% in first 3)
cs_sigma1.0_weak_sparse_a2.0,84,84,cs,100,500,1.0,3.0,weak_sparse,2.0,10,3,1.0,0.8793859844187413,cocolasso_max,reweighted_frobenius,7.637161955920923,7.47972710190797,4.313263309706435,4.218337747743798,17.12621679197764,10.480989664094524,0.1574348540129531,0.09492556196263635,6.645227127883116,1.634026684583818,medium,weak α=2.0 (99% in first 3)
cs_sigma1.0_weak_sparse_a2.0,85,85,cs,100,500,1.0,3.0,weak_sparse,2.0,10,3,1.0,0.8793859844187413,cocolasso_max,reweighted_frobenius,10.29485379976274,10.339296785286832,5.274677930546125,5.2803015775231374,17.204196767008398,9.885114955017343,-0.04444298552409265,-0.005623646977012342,7.319081811991055,1.7404144357750884,medium,weak α=2.0 (99% in first 3)
cs_sigma1.0_weak_sparse_a2.0,86,86,cs,100,500,1.0,3.0,weak_sparse,2.0,10,3,1.0,0.8793859844187413,cocolasso_max,reweighted_frobenius,5.618926807942564,5.576134009399698,2.9381304465199234,2.907509080495174,16.770268313994166,9.482101868023165,0.042792798542865995,0.030621366024749186,7.288166445971001,1.7686235127413203,medium,weak α=2.0 (99% in first 3)
cs_sigma1.0_weak_sparse_a2.0,87,87,cs,100,500,1.0,3.0,weak_sparse,2.0,10,3,1.0,0.8793859844187413,cocolasso_max,reweighted_frobenius,4.639052740401837,4.395430008262457,2.3894384588333497,2.2533735487472786,16.86522060399875,12.03103098704014,0.24362273213938046,0.13606491008607113,4.834189616958611,1.401810087777682,medium,weak α=2.0 (99% in first 3)
cs_sigma1.0_weak_sparse_a2.0,88,88,cs,100,500,1.0,3.0,weak_sparse,2.0,10,3,1.0,0.8793859844187413,cocolasso_max,reweighted_frobenius,10.320797227338032,10.333673789682454,5.966427227075281,5.948767208237109,16.85886705800658,9.708935257047417,-0.012876562344422027,0.017660018838172142,7.149931800959164,1.736428002830614,medium,weak α=2.0 (99% in first 3)
cs_sigma1.0_weak_sparse_a2.0,89,89,cs,100,500,1.0,3.0,weak_sparse,2.0,10,3,1.0,0.8793859844187413,cocolasso_max,reweighted_frobenius,6.444972510941952,6.343326879899402,3.3824015763214343,3.325506783721658,16.925212697999086,10.806438807048837,0.1016456310425502,0.056894792599776256,6.11877389095025,1.5662155683479269,medium,weak α=2.0 (99% in first 3)
cs_sigma1.0_weak_sparse_a2.0,90,90,cs,100,500,1.0,3.0,weak_sparse,2.0,10,3,1.0,0.8793859844187413,cocolasso_max,reweighted_frobenius,9.641872904200277,9.58251746794515,5.042154711414067,5.016952374437757,16.90471302997321,12.574646800989283,0.05935543625512629,0.025202336976310136,4.330066228983926,1.3443489346073136,medium,weak α=2.0 (99% in first 3)
cs_sigma1.0_weak_sparse_a2.0,91,91,cs,100,500,1.0,3.0,weak_sparse,2.0,10,3,1.0,0.8793859844187413,cocolasso_max,reweighted_frobenius,7.229946366921242,7.083927523885889,4.462711189898855,4.381260151836407,16.554303615994286,9.858218424022198,0.1460188430353524,0.08145103806244869,6.696085191972088,1.679238875013692,medium,weak α=2.0 (99% in first 3)
cs_sigma1.0_weak_sparse_a2.0,92,92,cs,100,500,1.0,3.0,weak_sparse,2.0,10,3,1.0,0.8793859844187413,cocolasso_max,reweighted_frobenius,10.077500094811167,10.24223053202144,5.137676096380538,5.207269977533475,16.5632886000094,12.286140133976003,-0.16473043721027203,-0.06959388115293663,4.277148466033397,1.348127924587593,medium,weak α=2.0 (99% in first 3)
cs_sigma1.0_weak_sparse_a2.0,93,93,cs,100,500,1.0,3.0,weak_sparse,2.0,10,3,1.0,0.8793859844187413,cocolasso_max,reweighted_frobenius,6.416105571883386,6.12038837804545,4.483057945298861,4.323671364776957,16.518857992021367,9.243870125035755,0.2957171938379357,0.1593865805219039,7.274987866985612,1.7870067156484928,medium,weak α=2.0 (99% in first 3)
cs_sigma1.0_weak_sparse_a2.0,94,94,cs,100,500,1.0,3.0,weak_sparse,2.0,10,3,1.0,0.8793859844187413,cocolasso_max,reweighted_frobenius,9.041546330002554,9.035464430077106,4.612573798559195,4.603401373440158,16.729278778948355,10.274199309991673,0.006081899925447942,0.009172425119037264,6.455079468956683,1.6282805378983751,medium,weak α=2.0 (99% in first 3)
cs_sigma1.0_weak_sparse_a2.0,95,95,cs,100,500,1.0,3.0,weak_sparse,2.0,10,3,1.0,0.8793859844187413,cocolasso_max,reweighted_frobenius,7.975548226406405,7.899365286415197,4.0116619959399324,3.973516981780556,16.89597486698767,15.51603471604176,0.07618293999120773,0.038145014159376434,1.3799401509459113,1.088936392332199,medium,weak α=2.0 (99% in first 3)
cs_sigma1.0_weak_sparse_a2.0,96,96,cs,100,500,1.0,3.0,weak_sparse,2.0,10,3,1.0,0.8793859844187413,cocolasso_max,reweighted_frobenius,4.7355441055359,4.434689290738117,2.495796558272607,2.3267012358205297,16.50354177400004,12.181489213951863,0.3008548147977832,0.16909532245207748,4.322052560048178,1.3548049408522225,medium,weak α=2.0 (99% in first 3)
cs_sigma1.0_weak_sparse_a2.0,97,97,cs,100,500,1.0,3.0,weak_sparse,2.0,10,3,1.0,0.8793859844187413,cocolasso_max,reweighted_frobenius,8.932222443821932,8.9016135017016,4.818760055523831,4.79912036466088,17.255405313975643,11.923335431027226,0.03060894212033105,0.019639690862950587,5.332069882948417,1.4471961653509438,medium,weak α=2.0 (99% in first 3)
cs_sigma1.0_weak_sparse_a2.0,98,98,cs,100,500,1.0,3.0,weak_sparse,2.0,10,3,1.0,0.8793859844187413,cocolasso_max,reweighted_frobenius,7.962227149209611,7.919183264878895,3.98305048343625,3.9601697725484,16.656636641011573,10.669268985977396,0.04304388433071615,0.022880710887850153,5.987367655034177,1.561178808304802,medium,weak α=2.0 (99% in first 3)
cs_sigma1.0_weak_sparse_a2.0,99,99,cs,100,500,1.0,3.0,weak_sparse,2.0,10,3,1.0,0.8793859844187413,cocolasso_max,reweighted_frobenius,7.225069491450555,6.909663401112296,3.7601392899766575,3.591353549655862,17.03187635698123,11.614253730978817,0.31540609033825895,0.16878574032079552,5.417622626002412,1.4664632572605103,medium,weak α=2.0 (99% in first 3)
cs_sigma1.25_datta_zhang,0,0,cs,100,500,1.25,3.0,datta_zhang,1.0,10,3,1.0,3.1944444444444446,cocolasso_max,reweighted_frobenius,14.418864785610127,14.44540814399581,8.062227498228498,7.92185892347241,16.80810037208721,9.539189067028929,-0.026543358385682225,0.14036857475608855,7.268911305058282,1.762005161443168,high,datta_zhang (exactly 3-sparse)
cs_sigma1.25_datta_zhang,1,1,cs,100,500,1.25,3.0,datta_zhang,1.0,10,3,1.0,3.1944444444444446,cocolasso_max,reweighted_frobenius,12.71970795135245,12.98686336397624,7.795863706402901,7.863342122062119,15.89162574301008,10.083242070046254,-0.26715541262379006,-0.06747841565921764,5.808383672963826,1.5760432639238604,high,datta_zhang (exactly 3-sparse)
cs_sigma1.25_datta_zhang,2,2,cs,100,500,1.25,3.0,datta_zhang,1.0,10,3,1.0,3.1944444444444446,cocolasso_max,reweighted_frobenius,16.62257872234968,16.88598583558526,11.09476285468135,11.134839674532897,15.815712347975932,5.842865674989298,-0.26340711323557997,-0.040076819851545764,9.972846672986634,2.706841681416012,high,datta_zhang (exactly 3-sparse)
cs_sigma1.25_datta_zhang,3,3,cs,100,500,1.25,3.0,datta_zhang,1.0,10,3,1.0,3.1944444444444446,cocolasso_max,reweighted_frobenius,13.791162000209264,13.969588343421732,7.139798561054008,7.20921502896886,16.054714232101105,8.704683401971124,-0.1784263432124682,-0.06941646791485212,7.350030830129981,1.8443765833534636,high,datta_zhang (exactly 3-sparse)
cs_sigma1.25_datta_zhang,4,4,cs,100,500,1.25,3.0,datta_zhang,1.0,10,3,1.0,3.1944444444444446,cocolasso_max,reweighted_frobenius,14.871266498242004,15.120102803629926,7.787266357461155,7.92514919872853,16.41946907399688,10.149731758981943,-0.2488363053879219,-0.13788284126737516,6.269737315014936,1.6177244348814017,high,datta_zhang (exactly 3-sparse)
cs_sigma1.25_datta_zhang,5,5,cs,100,500,1.25,3.0,datta_zhang,1.0,10,3,1.0,3.1944444444444446,cocolasso_max,reweighted_frobenius,14.529017120320807,14.4838482676335,7.485682099934792,7.414677334074655,16.398393483948894,10.007480414991733,0.04516885268730775,0.07100476586013649,6.390913068957161,1.6386135974229075,high,datta_zhang (exactly 3-sparse)
cs_sigma1.25_datta_zhang,6,6,cs,100,500,1.25,3.0,datta_zhang,1.0,10,3,1.0,3.1944444444444446,cocolasso_max,reweighted_frobenius,9.96279854745907,9.278937113894967,5.201369611663288,4.819158633349088,16.564195170998573,10.374592220003253,0.6838614335641022,0.38221097831420003,6.1896029509953205,1.5966116855235184,high,datta_zhang (exactly 3-sparse)
cs_sigma1.25_datta_zhang,7,7,cs,100,500,1.25,3.0,datta_zhang,1.0,10,3,1.0,3.1944444444444446,cocolasso_max,reweighted_frobenius,13.948367003572717,13.590633185811145,8.412843746879046,8.072586644395738,15.91632749303244,9.127738189999944,0.35773381776157187,0.3402571024833083,6.788589303032497,1.743731816329905,high,datta_zhang (exactly 3-sparse)
cs_sigma1.25_datta_zhang,8,8,cs,100,500,1.25,3.0,datta_zhang,1.0,10,3,1.0,3.1944444444444446,cocolasso_max,reweighted_frobenius,15.055371287822403,14.91159167714548,8.550373980702043,8.500712776861857,16.46833483595401,8.712599281978328,0.1437796106769227,0.04966120384018602,7.755735553975683,1.8901747116980485,high,datta_zhang (exactly 3-sparse)
cs_sigma1.25_datta_zhang,9,9,cs,100,500,1.25,3.0,datta_zhang,1.0,10,3,1.0,3.1944444444444446,cocolasso_max,reweighted_frobenius,11.6312813787247,11.04016596051592,6.600078141902818,6.247868288639247,15.892643391969614,7.726380716019776,0.5911154182087799,0.3522098532635711,8.166262675949838,2.0569324727964826,high,datta_zhang (exactly 3-sparse)
cs_sigma1.25_datta_zhang,10,10,cs,100,500,1.25,3.0,datta_zhang,1.0,10,3,1.0,3.1944444444444446,cocolasso_max,reweighted_frobenius,13.497931855742053,13.328134078183918,6.950759772708655,6.856046873931702,16.129119634977542,7.785531803034246,0.1697977775581343,0.09471289877695277,8.343587831943296,2.071678601157542,high,datta_zhang (exactly 3-sparse)
cs_sigma1.25_datta_zhang,11,11,cs,100,500,1.25,3.0,datta_zhang,1.0,10,3,1.0,3.1944444444444446,cocolasso_max,reweighted_frobenius,14.698628656975878,15.405134226709034,7.71565617351254,8.046060468644349,16.093043562956154,8.75332953297766,-0.7065055697331566,-0.33040429513180847,7.339714029978495,1.8385053941276346,high,datta_zhang (exactly 3-sparse)
cs_sigma1.25_datta_zhang,12,12,cs,100,500,1.25,3.0,datta_zhang,1.0,10,3,1.0,3.1944444444444446,cocolasso_max,reweighted_frobenius,14.778858989015166,15.196900268304088,7.682875721101599,8.032404107501007,16.755432224017568,10.30533080099849,-0.41804127928892143,-0.34952838639940786,6.450101423019078,1.6258995026529497,high,datta_zhang (exactly 3-sparse)
cs_sigma1.25_datta_zhang,13,13,cs,100,500,1.25,3.0,datta_zhang,1.0,10,3,1.0,3.1944444444444446,cocolasso_max,reweighted_frobenius,15.281976684346718,15.578320031560402,9.23868096888281,9.347453143519438,16.12369882094208,6.67058380797971,-0.2963433472136838,-0.10877217463662703,9.453115012962371,2.417134584480304,high,datta_zhang (exactly 3-sparse)
cs_sigma1.25_datta_zhang,14,14,cs,100,500,1.25,3.0,datta_zhang,1.0,10,3,1.0,3.1944444444444446,cocolasso_max,reweighted_frobenius,14.485101238768593,14.899937689792322,7.853512406654824,7.994352584102113,16.27091386599932,8.716861143999267,-0.4148364510237297,-0.14084017744728872,7.554052722000051,1.8666023924449342,high,datta_zhang (exactly 3-sparse)
cs_sigma1.25_datta_zhang,15,15,cs,100,500,1.25,3.0,datta_zhang,1.0,10,3,1.0,3.1944444444444446,cocolasso_max,reweighted_frobenius,14.250714424769086,14.386091345986342,8.246200541265734,8.367303505470897,16.247520430013537,6.940899308014195,-0.1353769212172562,-0.12110296420516242,9.306621121999342,2.340837938860978,high,datta_zhang (exactly 3-sparse)
cs_sigma1.25_datta_zhang,16,16,cs,100,500,1.25,3.0,datta_zhang,1.0,10,3,1.0,3.1944444444444446,cocolasso_max,reweighted_frobenius,11.887313139548183,11.11766760898328,6.443014802609468,6.018271664165603,16.473033974063583,7.221917422953993,0.7696455305649028,0.4247431384438647,9.25111655110959,2.2809778912323244,high,datta_zhang (exactly 3-sparse)
cs_sigma1.25_datta_zhang,17,17,cs,100,500,1.25,3.0,datta_zhang,1.0,10,3,1.0,3.1944444444444446,cocolasso_max,reweighted_frobenius,14.642450305252446,15.26567676810635,7.592333091157781,7.908772491443625,16.210108090075664,7.202324105019216,-0.6232264628539035,-0.3164394002858444,9.007783985056449,2.2506773999213707,high,datta_zhang (exactly 3-sparse)
cs_sigma1.25_datta_zhang,18,18,cs,100,500,1.25,3.0,datta_zhang,1.0,10,3,1.0,3.1944444444444446,cocolasso_max,reweighted_frobenius,16.074347777897295,16.63372729048762,8.117533844518633,8.373731686540559,16.247984803048894,7.234028451959602,-0.5593795125903256,-0.2561978420219262,9.013956351089291,2.2460493362654015,high,datta_zhang (exactly 3-sparse)
cs_sigma1.25_datta_zhang,19,19,cs,100,500,1.25,3.0,datta_zhang,1.0,10,3,1.0,3.1944444444444446,cocolasso_max,reweighted_frobenius,11.1323704172461,11.008160576503585,6.115098399450282,5.962212661321677,16.396791946026497,7.462502604001202,0.12420984074251606,0.15288573812860573,8.934289342025295,2.197224284683661,high,datta_zhang (exactly 3-sparse)
cs_sigma1.25_datta_zhang,20,20,cs,100,500,1.25,3.0,datta_zhang,1.0,10,3,1.0,3.1944444444444446,cocolasso_max,reweighted_frobenius,17.140914690402504,17.54079607107556,9.456752987546889,9.59863888303368,16.235088292043656,5.687965938996058,-0.3998813806730581,-0.14188589548679076,10.547122353047598,2.8542871856418315,high,datta_zhang (exactly 3-sparse)
cs_sigma1.25_datta_zhang,21,21,cs,100,500,1.25,3.0,datta_zhang,1.0,10,3,1.0,3.1944444444444446,cocolasso_max,reweighted_frobenius,13.782956082504915,13.629970714742536,7.086969676122559,6.995605010499672,17.178776914021,9.397160930966493,0.1529853677623798,0.09136466562288703,7.7816159830545075,1.8280815918999243,high,datta_zhang (exactly 3-sparse)
cs_sigma1.25_datta_zhang,22,22,cs,100,500,1.25,3.0,datta_zhang,1.0,10,3,1.0,3.1944444444444446,cocolasso_max,reweighted_frobenius,11.891225660458757,11.657228167177427,8.694134450829374,8.40939193585478,16.110738284070976,5.820838610001374,0.23399749328132913,0.28474251497459413,10.289899674069602,2.76776927922198,high,datta_zhang (exactly 3-sparse)
cs_sigma1.25_datta_zhang,23,23,cs,100,500,1.25,3.0,datta_zhang,1.0,10,3,1.0,3.1944444444444446,cocolasso_max,reweighted_frobenius,11.350646383869696,11.24468827871422,5.679862336133905,5.6253053654571445,16.37273199891206,6.506814209977165,0.10595810515547655,0.05455697067676013,9.865917788934894,2.51624396679516,high,datta_zhang (exactly 3-sparse)
cs_sigma1.25_datta_zhang,24,24,cs,100,500,1.25,3.0,datta_zhang,1.0,10,3,1.0,3.1944444444444446,cocolasso_max,reweighted_frobenius,14.449387313178784,14.94913461264624,8.428237429598703,8.69807093015515,16.729996991925873,7.633732371032238,-0.49974729946745633,-0.26983350055644806,9.096264620893635,2.1915880959373526,high,datta_zhang (exactly 3-sparse)
cs_sigma1.25_datta_zhang,25,25,cs,100,500,1.25,3.0,datta_zhang,1.0,10,3,1.0,3.1944444444444446,cocolasso_max,reweighted_frobenius,13.837091348708006,13.4767969962028,7.686186329302403,7.624075084770888,17.023315834929235,9.294296578969806,0.36029435250520514,0.06211124453151573,7.729019255959429,1.8315873278078807,high,datta_zhang (exactly 3-sparse)
cs_sigma1.25_datta_zhang,26,26,cs,100,500,1.25,3.0,datta_zhang,1.0,10,3,1.0,3.1944444444444446,cocolasso_max,reweighted_frobenius,12.655883621756654,12.57134140303154,6.432055074497173,6.393150953684222,16.71680116909556,9.374551537970548,0.08454221872511525,0.03890412081295125,7.3422496311250125,1.7832107596172542,high,datta_zhang (exactly 3-sparse)
cs_sigma1.25_datta_zhang,27,27,cs,100,500,1.25,3.0,datta_zhang,1.0,10,3,1.0,3.1944444444444446,cocolasso_max,reweighted_frobenius,9.817140795473062,9.806371639686104,5.142887999769588,5.091511167642636,16.13251750904601,5.841376572963782,0.010769155786958251,0.051376832126951655,10.291140936082229,2.7617663931672767,high,datta_zhang (exactly 3-sparse)
cs_sigma1.25_datta_zhang,28,28,cs,100,500,1.25,3.0,datta_zhang,1.0,10,3,1.0,3.1944444444444446,cocolasso_max,reweighted_frobenius,12.740989673804195,12.568166216467642,7.030781656275467,6.930343336977224,20.173800269025374,8.78608372202143,0.1728234573365537,0.10043831929824343,11.387716547003944,2.296108358091533,high,datta_zhang (exactly 3-sparse)
cs_sigma1.25_datta_zhang,29,29,cs,100,500,1.25,3.0,datta_zhang,1.0,10,3,1.0,3.1944444444444446,cocolasso_max,reweighted_frobenius,13.132773166786546,12.783124270214817,8.249661400469325,8.069827102065483,20.65769406105392,6.031947867013514,0.34964889657172904,0.17983429840384169,14.625746194040406,3.424713627586735,high,datta_zhang (exactly 3-sparse)
cs_sigma1.25_datta_zhang,30,30,cs,100,500,1.25,3.0,datta_zhang,1.0,10,3,1.0,3.1944444444444446,cocolasso_max,reweighted_frobenius,16.676732659717324,17.18348913890623,8.74073233444533,8.979132939612605,22.28629254794214,8.780263846972957,-0.5067564791889048,-0.2384006051672749,13.506028700969182,2.5382258365305796,high,datta_zhang (exactly 3-sparse)
cs_sigma1.25_datta_zhang,31,31,cs,100,500,1.25,3.0,datta_zhang,1.0,10,3,1.0,3.1944444444444446,cocolasso_max,reweighted_frobenius,16.55531133687089,17.704239076916302,8.277939390595078,8.856780048298626,22.335521708009765,9.362734207999893,-1.148927740045412,-0.5788406577035481,12.972787500009872,2.38557682102365,high,datta_zhang (exactly 3-sparse)
cs_sigma1.25_datta_zhang,32,32,cs,100,500,1.25,3.0,datta_zhang,1.0,10,3,1.0,3.1944444444444446,cocolasso_max,reweighted_frobenius,17.136708392394635,17.664641302480387,9.15103652858215,9.453248268842126,21.775122176972214,8.086171501025092,-0.5279329100857524,-0.30221174025997577,13.688950675947122,2.6928840396486473,high,datta_zhang (exactly 3-sparse)
cs_sigma1.25_datta_zhang,33,33,cs,100,500,1.25,3.0,datta_zhang,1.0,10,3,1.0,3.1944444444444446,cocolasso_max,reweighted_frobenius,15.273643815013694,15.167771762135226,7.938732296392583,7.875287207626869,21.782826101058163,7.280544712964911,0.10587205287846757,0.06344508876571453,14.502281388093252,2.991922577203345,high,datta_zhang (exactly 3-sparse)
cs_sigma1.25_datta_zhang,34,34,cs,100,500,1.25,3.0,datta_zhang,1.0,10,3,1.0,3.1944444444444446,cocolasso_max,reweighted_frobenius,12.74286948012452,12.58115486246719,6.76637533749554,6.688540616297109,22.621611631009728,10.415105285006575,0.16171461765732964,0.07783472119843093,12.206506346003152,2.1720002834321273,high,datta_zhang (exactly 3-sparse)
cs_sigma1.25_datta_zhang,35,35,cs,100,500,1.25,3.0,datta_zhang,1.0,10,3,1.0,3.1944444444444446,cocolasso_max,reweighted_frobenius,13.628488771761138,13.331118707166718,7.756601634447667,7.632495518215416,21.828246040036905,9.0999764999724,0.2973700645944195,0.12410611623225076,12.728269540064506,2.3987145505379175,high,datta_zhang (exactly 3-sparse)
cs_sigma1.25_datta_zhang,36,36,cs,100,500,1.25,3.0,datta_zhang,1.0,10,3,1.0,3.1944444444444446,cocolasso_max,reweighted_frobenius,14.281048275485482,14.848149221915532,7.514429011024687,7.775776690401414,21.77697739202995,8.564940585987642,-0.5671009464300507,-0.2613476793767271,13.212036806042306,2.5425719155200417,high,datta_zhang (exactly 3-sparse)
cs_sigma1.25_datta_zhang,37,37,cs,100,500,1.25,3.0,datta_zhang,1.0,10,3,1.0,3.1944444444444446,cocolasso_max,reweighted_frobenius,15.564778781466712,16.020732221808373,8.62827376619538,8.79587930463978,21.47975375107489,6.982800786034204,-0.45595344034166096,-0.16760553844440018,14.496952965040688,3.076094307893617,high,datta_zhang (exactly 3-sparse)
cs_sigma1.25_datta_zhang,38,38,cs,100,500,1.25,3.0,datta_zhang,1.0,10,3,1.0,3.1944444444444446,cocolasso_max,reweighted_frobenius,16.494651882352798,17.15428893969093,9.314876002567097,9.724542360473375,21.718011521967128,7.059615047008265,-0.6596370573381307,-0.4096663579062785,14.658396474958863,3.0763733400974638,high,datta_zhang (exactly 3-sparse)
cs_sigma1.25_datta_zhang,39,39,cs,100,500,1.25,3.0,datta_zhang,1.0,10,3,1.0,3.1944444444444446,cocolasso_max,reweighted_frobenius,12.326225263631033,12.338115855467152,7.5386737214982595,7.4870936971866175,22.182254517101683,7.395106020034291,-0.011890591836118958,0.05158002431164199,14.787148497067392,2.9995857337281047,high,datta_zhang (exactly 3-sparse)
cs_sigma1.25_datta_zhang,40,40,cs,100,500,1.25,3.0,datta_zhang,1.0,10,3,1.0,3.1944444444444446,cocolasso_max,reweighted_frobenius,14.051528619706566,14.479199366727617,8.138057260895879,8.29624565112253,21.638788260053843,6.391544409038033,-0.42767074702105035,-0.15818839022665188,15.24724385101581,3.3855335855063884,high,datta_zhang (exactly 3-sparse)
cs_sigma1.25_datta_zhang,41,41,cs,100,500,1.25,3.0,datta_zhang,1.0,10,3,1.0,3.1944444444444446,cocolasso_max,reweighted_frobenius,14.233237624240724,14.550671649400124,9.43543190932587,9.536479111353955,21.682395898969844,6.440438033023384,-0.31743402515940033,-0.10104720202808615,15.24195786594646,3.3666026732643384,high,datta_zhang (exactly 3-sparse)
cs_sigma1.25_datta_zhang,42,42,cs,100,500,1.25,3.0,datta_zhang,1.0,10,3,1.0,3.1944444444444446,cocolasso_max,reweighted_frobenius,16.819507760425783,17.15332411271473,9.65868402018866,9.7076946499272,22.204847496934235,6.873815506987739,-0.3338163522889488,-0.049010629738539535,15.331031989946496,3.2303525566494145,high,datta_zhang (exactly 3-sparse)
cs_sigma1.25_datta_zhang,43,43,cs,100,500,1.25,3.0,datta_zhang,1.0,10,3,1.0,3.1944444444444446,cocolasso_max,reweighted_frobenius,15.312022423784246,15.453865438449991,7.69922908326022,7.795950275603023,22.513906645937823,9.76198689400917,-0.14184301466574567,-0.09672119234280263,12.751919751928654,2.3062832280336676,high,datta_zhang (exactly 3-sparse)
cs_sigma1.25_datta_zhang,44,44,cs,100,500,1.25,3.0,datta_zhang,1.0,10,3,1.0,3.1944444444444446,cocolasso_max,reweighted_frobenius,10.22999073417192,10.193847450119955,6.25551280852672,6.304123828802005,22.988422052003443,11.239755727990996,0.0361432840519651,-0.04861102027528563,11.748666324012447,2.045277727411289,high,datta_zhang (exactly 3-sparse)
cs_sigma1.25_datta_zhang,45,45,cs,100,500,1.25,3.0,datta_zhang,1.0,10,3,1.0,3.1944444444444446,cocolasso_max,reweighted_frobenius,16.292925296714184,16.80316454894387,9.12328158726501,9.340191768590284,21.97592738096137,7.114713072020095,-0.5102392522296846,-0.2169101813252734,14.861214308941275,3.0888002310853135,high,datta_zhang (exactly 3-sparse)
cs_sigma1.25_datta_zhang,46,46,cs,100,500,1.25,3.0,datta_zhang,1.0,10,3,1.0,3.1944444444444446,cocolasso_max,reweighted_frobenius,7.37586339780609,8.007236159722016,3.80275127735243,4.105452663788139,22.150831387960352,7.473315996991005,-0.6313727619159257,-0.30270138643570865,14.677515390969347,2.963989666284549,high,datta_zhang (exactly 3-sparse)
cs_sigma1.25_datta_zhang,47,47,cs,100,500,1.25,3.0,datta_zhang,1.0,10,3,1.0,3.1944444444444446,cocolasso_max,reweighted_frobenius,14.082775625706091,13.828300530023178,7.834912038930405,7.650962815791368,22.08161785604898,7.857616748020519,0.2544750956829134,0.18394922313903717,14.22400110802846,2.8102182333608665,high,datta_zhang (exactly 3-sparse)
cs_sigma1.25_datta_zhang,48,48,cs,100,500,1.25,3.0,datta_zhang,1.0,10,3,1.0,3.1944444444444446,cocolasso_max,reweighted_frobenius,15.504730355067377,15.843440472335349,8.741289402130183,8.82724908593442,21.69009879603982,8.40880273701623,-0.33871011726797207,-0.08595968380423713,13.281296059023589,2.579451495580726,high,datta_zhang (exactly 3-sparse)
cs_sigma1.25_datta_zhang,49,49,cs,100,500,1.25,3.0,datta_zhang,1.0,10,3,1.0,3.1944444444444446,cocolasso_max,reweighted_frobenius,15.3118621499808,15.823753316051372,8.26196035637276,8.543947607847057,22.50827623996884,11.470448705018498,-0.511891166070571,-0.2819872514742965,11.037827534950342,1.9622838494645045,high,datta_zhang (exactly 3-sparse)
cs_sigma1.25_datta_zhang,50,50,cs,100,500,1.25,3.0,datta_zhang,1.0,10,3,1.0,3.1944444444444446,cocolasso_max,reweighted_frobenius,13.607966614525186,14.009374112779115,7.890940704551487,8.064217262990924,21.99634562106803,8.263415594003163,-0.4014074982539295,-0.17327655843943734,13.732930027064867,2.6618951171995975,high,datta_zhang (exactly 3-sparse)
cs_sigma1.25_datta_zhang,51,51,cs,100,500,1.25,3.0,datta_zhang,1.0,10,3,1.0,3.1944444444444446,cocolasso_max,reweighted_frobenius,12.69542057794532,12.325945810585372,6.907254242194543,6.672826679537447,21.845523789990693,8.544157253985759,0.36947476735994833,0.2344275626570953,13.301366536004934,2.5567792282615103,high,datta_zhang (exactly 3-sparse)
cs_sigma1.25_datta_zhang,52,52,cs,100,500,1.25,3.0,datta_zhang,1.0,10,3,1.0,3.1944444444444446,cocolasso_max,reweighted_frobenius,16.61760129832114,16.87796461073159,10.460576494380934,10.655033416936169,22.042550350073725,7.856134428002406,-0.26036331241044763,-0.1944569225552346,14.186415922071319,2.8057756078492315,high,datta_zhang (exactly 3-sparse)
cs_sigma1.25_datta_zhang,53,53,cs,100,500,1.25,3.0,datta_zhang,1.0,10,3,1.0,3.1944444444444446,cocolasso_max,reweighted_frobenius,12.974462600453997,13.362531110892276,6.6672603195214775,6.826879114748408,21.907997045083903,8.49788412702037,-0.38806851043827884,-0.15961879522693057,13.410112918063533,2.5780531621305536,high,datta_zhang (exactly 3-sparse)
cs_sigma1.25_datta_zhang,54,54,cs,100,500,1.25,3.0,datta_zhang,1.0,10,3,1.0,3.1944444444444446,cocolasso_max,reweighted_frobenius,11.667539040351162,11.289751135673228,6.912201739261873,6.670089930500875,21.504485659999773,6.11045669298619,0.377787904677934,0.24211180876099725,15.394028967013583,3.5192927043707587,high,datta_zhang (exactly 3-sparse)
cs_sigma1.25_datta_zhang,55,55,cs,100,500,1.25,3.0,datta_zhang,1.0,10,3,1.0,3.1944444444444446,cocolasso_max,reweighted_frobenius,16.153673437787678,16.441659142620225,8.154901294548837,8.298975707269454,22.278225406073037,8.127738784998655,-0.28798570483254693,-0.1440744127206166,14.150486621074382,2.7410114910670966,high,datta_zhang (exactly 3-sparse)
cs_sigma1.25_datta_zhang,56,56,cs,100,500,1.25,3.0,datta_zhang,1.0,10,3,1.0,3.1944444444444446,cocolasso_max,reweighted_frobenius,13.206788561286409,13.550319469141352,7.533603726278601,7.593113099240472,21.50613177393097,6.515818713989575,-0.34353090785494267,-0.05950937296187053,14.990313059941396,3.300603150262136,high,datta_zhang (exactly 3-sparse)
cs_sigma1.25_datta_zhang,57,57,cs,100,500,1.25,3.0,datta_zhang,1.0,10,3,1.0,3.1944444444444446,cocolasso_max,reweighted_frobenius,16.427903881274855,16.945669296931797,8.844545135084765,9.105688684487962,22.119871502975,7.847447376989294,-0.5177654156569425,-0.2611435494031973,14.272424125985705,2.818734607617258,high,datta_zhang (exactly 3-sparse)
cs_sigma1.25_datta_zhang,58,58,cs,100,500,1.25,3.0,datta_zhang,1.0,10,3,1.0,3.1944444444444446,cocolasso_max,reweighted_frobenius,15.012653051459589,15.135118766627835,7.929511143751987,7.920306079906041,22.067748339963146,6.94310738198692,-0.12246571516824645,0.009205063845945993,15.124640957976226,3.1783677143198648,high,datta_zhang (exactly 3-sparse)
cs_sigma1.25_datta_zhang,59,59,cs,100,500,1.25,3.0,datta_zhang,1.0,10,3,1.0,3.1944444444444446,cocolasso_max,reweighted_frobenius,12.088604931150828,11.657288353032872,7.568321862959763,7.314494695436091,21.582197197014462,5.900185592006892,0.431316578117956,0.2538271675236725,15.68201160500757,3.6578844615078427,high,datta_zhang (exactly 3-sparse)
cs_sigma1.25_datta_zhang,60,60,cs,100,500,1.25,3.0,datta_zhang,1.0,10,3,1.0,3.1944444444444446,cocolasso_max,reweighted_frobenius,15.436798581834804,15.369817516664686,8.380333125420957,8.278010984078247,22.36478912003804,8.562812810007017,0.06698106517011837,0.10232214134271089,13.801976310031023,2.611850757020077,high,datta_zhang (exactly 3-sparse)
cs_sigma1.25_datta_zhang,61,61,cs,100,500,1.25,3.0,datta_zhang,1.0,10,3,1.0,3.1944444444444446,cocolasso_max,reweighted_frobenius,16.987250406514686,17.597425311623105,9.06417455645055,9.294382141763313,22.32408466609195,6.74227751098806,-0.6101749051084191,-0.23020758531276364,15.581807155103888,3.311059894777369,high,datta_zhang (exactly 3-sparse)
cs_sigma1.25_datta_zhang,62,62,cs,100,500,1.25,3.0,datta_zhang,1.0,10,3,1.0,3.1944444444444446,cocolasso_max,reweighted_frobenius,11.846285756345544,11.677974311125558,6.491546113073426,6.354570478376885,22.4278219579719,7.993266045989003,0.1683114452199863,0.13697563469654117,14.434555911982898,2.805839544052974,high,datta_zhang (exactly 3-sparse)
cs_sigma1.25_datta_zhang,63,63,cs,100,500,1.25,3.0,datta_zhang,1.0,10,3,1.0,3.1944444444444446,cocolasso_max,reweighted_frobenius,14.141780194466694,14.138292635662856,7.222474281309418,7.208737787465081,22.58115475298837,8.136947180028073,0.003487558803838553,0.013736493844336728,14.444207572960295,2.7751384214970978,high,datta_zhang (exactly 3-sparse)
cs_sigma1.25_datta_zhang,64,64,cs,100,500,1.25,3.0,datta_zhang,1.0,10,3,1.0,3.1944444444444446,cocolasso_max,reweighted_frobenius,15.521820030164942,16.35567826386761,8.423736816127976,8.783351034977937,22.779783328063782,8.959854545013513,-0.8338582337026672,-0.3596142188499609,13.819928783050269,2.54242780545378,high,datta_zhang (exactly 3-sparse)
cs_sigma1.25_datta_zhang,65,65,cs,100,500,1.25,3.0,datta_zhang,1.0,10,3,1.0,3.1944444444444446,cocolasso_max,reweighted_frobenius,12.36268471617415,12.140279539185174,7.619271798541456,7.383599220375875,22.42484428500757,7.911104023980442,0.22240517698897655,0.2356725781655813,14.513740261027127,2.834603642807947,high,datta_zhang (exactly 3-sparse)
cs_sigma1.25_datta_zhang,66,66,cs,100,500,1.25,3.0,datta_zhang,1.0,10,3,1.0,3.1944444444444446,cocolasso_max,reweighted_frobenius,13.892716245462449,14.103575001245323,7.834288855799516,7.849480414366161,22.49293607508298,7.466469465987757,-0.2108587557828745,-0.015191558566645114,15.026466609095223,3.0125263590169036,high,datta_zhang (exactly 3-sparse)
cs_sigma1.25_datta_zhang,67,67,cs,100,500,1.25,3.0,datta_zhang,1.0,10,3,1.0,3.1944444444444446,cocolasso_max,reweighted_frobenius,16.38605760869902,16.545802427112307,10.035397484715396,9.979474275663884,22.2250524580013,9.924006922985429,-0.15974481841328725,0.055923209051512046,12.301045535015872,2.2395240783765353,high,datta_zhang (exactly 3-sparse)
cs_sigma1.25_datta_zhang,68,68,cs,100,500,1.25,3.0,datta_zhang,1.0,10,3,1.0,3.1944444444444446,cocolasso_max,reweighted_frobenius,13.551310757774637,13.68905304025554,8.827392633488163,8.792008600219058,22.25904933002312,6.962269816023763,-0.1377422824809038,0.03538403326910533,15.296779513999358,3.1970966248382964,high,datta_zhang (exactly 3-sparse)
cs_sigma1.25_datta_zhang,69,69,cs,100,500,1.25,3.0,datta_zhang,1.0,10,3,1.0,3.1944444444444446,cocolasso_max,reweighted_frobenius,13.198755765150109,12.87453840183458,7.370068354769579,7.1242846734131655,22.081991977989677,5.9058561159763485,0.32421736331552964,0.24578368135641337,16.17613586201333,3.7389993159931754,high,datta_zhang (exactly 3-sparse)
cs_sigma1.25_datta_zhang,70,70,cs,100,500,1.25,3.0,datta_zhang,1.0,10,3,1.0,3.1944444444444446,cocolasso_max,reweighted_frobenius,13.721190135429389,14.141356907853632,7.615194373905989,7.932980972258694,22.66464020998683,7.194772906019352,-0.4201667724242437,-0.31778659835270506,15.469867303967476,3.1501536610036633,high,datta_zhang (exactly 3-sparse)
cs_sigma1.25_datta_zhang,71,71,cs,100,500,1.25,3.0,datta_zhang,1.0,10,3,1.0,3.1944444444444446,cocolasso_max,reweighted_frobenius,12.297641170685644,11.874563854994747,6.35695791943328,6.153828137933575,22.095110820024274,8.907217568019405,0.4230773156908967,0.2031297814997055,13.18789325200487,2.480585059396647,high,datta_zhang (exactly 3-sparse)
cs_sigma1.25_datta_zhang,72,72,cs,100,500,1.25,3.0,datta_zhang,1.0,10,3,1.0,3.1944444444444446,cocolasso_max,reweighted_frobenius,12.769993598642015,12.61680134848288,7.62714452873121,7.559163994122858,22.051664905971847,7.533302567026112,0.15319225015913496,0.06798053460835263,14.518362338945735,2.9272241105108145,high,datta_zhang (exactly 3-sparse)
cs_sigma1.25_datta_zhang,73,73,cs,100,500,1.25,3.0,datta_zhang,1.0,10,3,1.0,3.1944444444444446,cocolasso_max,reweighted_frobenius,14.854186761379925,14.820035043757448,8.993338960120623,9.00025492804645,21.27103810699191,9.004961262980942,0.034151717622476596,-0.006915967925827715,12.266076844010968,2.362146541866465,high,datta_zhang (exactly 3-sparse)
cs_sigma1.25_datta_zhang,74,74,cs,100,500,1.25,3.0,datta_zhang,1.0,10,3,1.0,3.1944444444444446,cocolasso_max,reweighted_frobenius,10.49362877934539,10.395844552954769,6.70513373151344,6.606311280062249,21.84588907205034,4.879346750036348,0.09778422639062079,0.09882245145119128,16.966542322013993,4.477215945328666,high,datta_zhang (exactly 3-sparse)
cs_sigma1.25_datta_zhang,75,75,cs,100,500,1.25,3.0,datta_zhang,1.0,10,3,1.0,3.1944444444444446,cocolasso_max,reweighted_frobenius,13.74299154492863,13.701624003382012,7.02915137838771,6.994394438299308,22.12108057003934,6.97800931398524,0.04136754154661837,0.034756940088402466,15.1430712560541,3.1701133625179527,high,datta_zhang (exactly 3-sparse)
cs_sigma1.25_datta_zhang,76,76,cs,100,500,1.25,3.0,datta_zhang,1.0,10,3,1.0,3.1944444444444446,cocolasso_max,reweighted_frobenius,10.397905980366104,10.29404890849383,5.922639237650329,5.866202692782253,22.46250430494547,7.501803104009014,0.10385707187227489,0.0564365448680757,14.960701200936455,2.9942807073863826,high,datta_zhang (exactly 3-sparse)
cs_sigma1.25_datta_zhang,77,77,cs,100,500,1.25,3.0,datta_zhang,1.0,10,3,1.0,3.1944444444444446,cocolasso_max,reweighted_frobenius,15.121639797365884,15.54455107382993,8.495609387330042,8.707345209543083,22.79344828694593,9.22040513000684,-0.42291127646404725,-0.21173582221304166,13.573043156939091,2.472065811161274,high,datta_zhang (exactly 3-sparse)
cs_sigma1.25_datta_zhang,78,78,cs,100,500,1.25,3.0,datta_zhang,1.0,10,3,1.0,3.1944444444444446,cocolasso_max,reweighted_frobenius,13.615843752632363,13.365201857837276,8.279156448243667,8.122099590512216,22.546263661934063,7.958428263955284,0.2506418947950877,0.15705685773145106,14.587835397978779,2.833004572529592,high,datta_zhang (exactly 3-sparse)
cs_sigma1.25_datta_zhang,79,79,cs,100,500,1.25,3.0,datta_zhang,1.0,10,3,1.0,3.1944444444444446,cocolasso_max,reweighted_frobenius,13.574209942551438,13.703924327671947,7.5891535038773235,7.592293626195848,22.328561809961684,7.220857022039127,-0.1297143851205096,-0.003140122318524341,15.107704787922557,3.0922315373108207,high,datta_zhang (exactly 3-sparse)
cs_sigma1.25_datta_zhang,80,80,cs,100,500,1.25,3.0,datta_zhang,1.0,10,3,1.0,3.1944444444444446,cocolasso_max,reweighted_frobenius,12.4234062097675,12.61681193358174,6.351156273472861,6.429256618821769,22.740507393027656,9.915942766005172,-0.19340572381424082,-0.07810034534890775,12.824564627022484,2.2933278186103436,high,datta_zhang (exactly 3-sparse)
cs_sigma1.25_datta_zhang,81,81,cs,100,500,1.25,3.0,datta_zhang,1.0,10,3,1.0,3.1944444444444446,cocolasso_max,reweighted_frobenius,12.733788350494615,12.311862120943182,7.595432118494873,7.580810032477498,22.446702898014337,8.830512080981862,0.421926229551433,0.01462208601737558,13.616190817032475,2.5419480424422334,high,datta_zhang (exactly 3-sparse)
cs_sigma1.25_datta_zhang,82,82,cs,100,500,1.25,3.0,datta_zhang,1.0,10,3,1.0,3.1944444444444446,cocolasso_max,reweighted_frobenius,13.143223860484827,13.153596669909298,9.45105085774235,9.358036492935938,21.77202591800597,6.47487124701729,-0.01037280942447083,0.09301436480641279,15.297154670988679,3.3625419081553867,high,datta_zhang (exactly 3-sparse)
cs_sigma1.25_datta_zhang,83,83,cs,100,500,1.25,3.0,datta_zhang,1.0,10,3,1.0,3.1944444444444446,cocolasso_max,reweighted_frobenius,13.301446242327028,12.916101760738432,7.225634394771216,6.96427472653986,22.41286789998412,8.673298733017873,0.38534448158859647,0.26135966823135615,13.739569166966248,2.584122672341711,high,datta_zhang (exactly 3-sparse)
cs_sigma1.25_datta_zhang,84,84,cs,100,500,1.25,3.0,datta_zhang,1.0,10,3,1.0,3.1944444444444446,cocolasso_max,reweighted_frobenius,14.00072725964424,15.194425413677932,8.225701282235587,8.71402654378704,22.120956004946493,7.491736244002823,-1.193698154033692,-0.48832526155145395,14.62921976094367,2.95271420195211,high,datta_zhang (exactly 3-sparse)
cs_sigma1.25_datta_zhang,85,85,cs,100,500,1.25,3.0,datta_zhang,1.0,10,3,1.0,3.1944444444444446,cocolasso_max,reweighted_frobenius,15.75542369392022,16.06764577614306,8.576877436760244,8.619930099153079,21.91006861999631,7.6472027489799075,-0.3122220822228403,-0.04305266239283512,14.262865871016402,2.8651088952648713,high,datta_zhang (exactly 3-sparse)
cs_sigma1.25_datta_zhang,86,86,cs,100,500,1.25,3.0,datta_zhang,1.0,10,3,1.0,3.1944444444444446,cocolasso_max,reweighted_frobenius,12.468909879209203,12.856898835700244,7.105156581608081,7.260639141565822,22.347751652938317,6.914472681004554,-0.38798895649104104,-0.15548255995774074,15.433278971933763,3.2320254463268157,high,datta_zhang (exactly 3-sparse)
cs_sigma1.25_datta_zhang,87,87,cs,100,500,1.25,3.0,datta_zhang,1.0,10,3,1.0,3.1944444444444446,cocolasso_max,reweighted_frobenius,12.565453470663291,12.26473045930342,7.471029377395579,7.245428254712853,22.210058733006008,7.335680247982964,0.3007230113598709,0.22560112268272636,14.874378485023044,3.02767541416666,high,datta_zhang (exactly 3-sparse)
cs_sigma1.25_datta_zhang,88,88,cs,100,500,1.25,3.0,datta_zhang,1.0,10,3,1.0,3.1944444444444446,cocolasso_max,reweighted_frobenius,16.27845741624362,16.513573005488873,11.204678219643425,11.142871388211786,22.022721707005985,6.685323948040605,-0.2351155892452539,0.0618068314316389,15.33739775896538,3.294189163931331,high,datta_zhang (exactly 3-sparse)
cs_sigma1.25_datta_zhang,89,89,cs,100,500,1.25,3.0,datta_zhang,1.0,10,3,1.0,3.1944444444444446,cocolasso_max,reweighted_frobenius,12.712046339942995,12.57138013639425,7.114362369611808,7.033326215586951,22.493739672005177,7.3591522430069745,0.14066620354874537,0.08103615402485698,15.134587428998202,3.056566698070396,high,datta_zhang (exactly 3-sparse)
cs_sigma1.25_datta_zhang,90,90,cs,100,500,1.25,3.0,datta_zhang,1.0,10,3,1.0,3.1944444444444446,cocolasso_max,reweighted_frobenius,15.579615528321025,15.53562375224314,9.360847445892512,9.316228158297848,22.634219320956618,7.862086688983254,0.04399177607788474,0.044619287594663604,14.772132631973363,2.8789073710765374,high,datta_zhang (exactly 3-sparse)
cs_sigma1.25_datta_zhang,91,91,cs,100,500,1.25,3.0,datta_zhang,1.0,10,3,1.0,3.1944444444444446,cocolasso_max,reweighted_frobenius,10.742899003982773,9.90709154271364,6.93809966151721,6.418097311777691,21.93415168498177,6.197869014984462,0.8358074612691322,0.520002349739519,15.736282669997308,3.538982774878271,high,datta_zhang (exactly 3-sparse)
cs_sigma1.25_datta_zhang,92,92,cs,100,500,1.25,3.0,datta_zhang,1.0,10,3,1.0,3.1944444444444446,cocolasso_max,reweighted_frobenius,14.62997347962206,14.747733929481058,7.406324295734609,7.443330046824471,22.742809873074293,9.405720265000127,-0.11776044985899681,-0.03700575108986204,13.337089608074166,2.4179764262927486,high,datta_zhang (exactly 3-sparse)
cs_sigma1.25_datta_zhang,93,93,cs,100,500,1.25,3.0,datta_zhang,1.0,10,3,1.0,3.1944444444444446,cocolasso_max,reweighted_frobenius,13.27124264430551,12.94008936861951,8.979622276512574,8.71732442506563,21.99665979098063,6.571077048953157,0.33115327568599895,0.2622978514469434,15.425582742027473,3.3474968604248727,high,datta_zhang (exactly 3-sparse)
cs_sigma1.25_datta_zhang,94,94,cs,100,500,1.25,3.0,datta_zhang,1.0,10,3,1.0,3.1944444444444446,cocolasso_max,reweighted_frobenius,16.642557385663526,16.86707059156441,8.787311567293713,8.859453902180833,22.601576513028704,6.923967602022458,-0.22451320590088386,-0.07214233488712019,15.677608911006246,3.2642522051124114,high,datta_zhang (exactly 3-sparse)
cs_sigma1.25_datta_zhang,95,95,cs,100,500,1.25,3.0,datta_zhang,1.0,10,3,1.0,3.1944444444444446,cocolasso_max,reweighted_frobenius,12.736965974805836,12.53860433379094,7.056851504790731,6.931740616235,22.534744083997797,8.137870214006398,0.1983616410148965,0.1251108885557306,14.3968738699914,2.7691206042107175,high,datta_zhang (exactly 3-sparse)
cs_sigma1.25_datta_zhang,96,96,cs,100,500,1.25,3.0,datta_zhang,1.0,10,3,1.0,3.1944444444444446,cocolasso_max,reweighted_frobenius,12.664035256924269,12.154085589690853,6.920431781782543,6.668010618405656,22.777628965093754,8.26397597201867,0.5099496672334158,0.25242116337688714,14.513652993075084,2.7562554685804326,high,datta_zhang (exactly 3-sparse)
cs_sigma1.25_datta_zhang,97,97,cs,100,500,1.25,3.0,datta_zhang,1.0,10,3,1.0,3.1944444444444446,cocolasso_max,reweighted_frobenius,14.886142642021216,15.331845558711874,8.76040203130312,8.900520605019668,21.968869745964184,5.877919078979176,-0.4457029166906583,-0.14011857371654912,16.09095066698501,3.7375250408822467,high,datta_zhang (exactly 3-sparse)
cs_sigma1.25_datta_zhang,98,98,cs,100,500,1.25,3.0,datta_zhang,1.0,10,3,1.0,3.1944444444444446,cocolasso_max,reweighted_frobenius,13.725386598708544,13.809324122444286,7.0751524861003885,7.105549400752902,22.573491067043506,9.132122782000806,-0.08393752373574159,-0.030396914652513374,13.4413682850427,2.471877744738092,high,datta_zhang (exactly 3-sparse)
cs_sigma1.25_datta_zhang,99,99,cs,100,500,1.25,3.0,datta_zhang,1.0,10,3,1.0,3.1944444444444446,cocolasso_max,reweighted_frobenius,15.995424131354037,16.763198197083916,8.689149632963458,9.04208935773717,22.411808434990235,6.8716263370006345,-0.7677740657298795,-0.35293972477371227,15.5401820979896,3.261499874391113,high,datta_zhang (exactly 3-sparse)
cs_sigma1.25_weak_sparse_a1.0,0,0,cs,100,500,1.25,3.0,weak_sparse,1.0,10,3,1.0,1.0610025846822844,cocolasso_max,reweighted_frobenius,14.737604311495254,14.713009452320726,7.947110165469711,7.953238078302107,17.577303608006332,13.408449120121077,0.024594859174527528,-0.0061279128323956655,4.168854487885255,1.310912503790566,high,weak α=1.0 (83% in first 3)
cs_sigma1.25_weak_sparse_a1.0,1,1,cs,100,500,1.25,3.0,weak_sparse,1.0,10,3,1.0,1.0610025846822844,cocolasso_max,reweighted_frobenius,12.74595474352972,12.664535874037314,6.554517014461972,6.522149528245461,18.73264881002251,13.51302859489806,0.08141886949240629,0.03236748621651042,5.219620215124451,1.3862657566709475,high,weak α=1.0 (83% in first 3)
cs_sigma1.25_weak_sparse_a1.0,2,2,cs,100,500,1.25,3.0,weak_sparse,1.0,10,3,1.0,1.0610025846822844,cocolasso_max,reweighted_frobenius,15.24846372182597,15.356995652060272,9.97684764127283,9.940443011564668,18.30051931901835,11.174261650070548,-0.1085319302343013,0.03640462970816216,7.126257668947801,1.6377385720964222,high,weak α=1.0 (83% in first 3)
cs_sigma1.25_weak_sparse_a1.0,3,3,cs,100,500,1.25,3.0,weak_sparse,1.0,10,3,1.0,1.0610025846822844,cocolasso_max,reweighted_frobenius,12.284796867513643,12.003264462149383,6.143196509716195,6.006341225422777,18.627440365962684,13.103816057089716,0.28153240536425983,0.13685528429341787,5.523624308872968,1.4215279186466032,high,weak α=1.0 (83% in first 3)
cs_sigma1.25_weak_sparse_a1.0,4,4,cs,100,500,1.25,3.0,weak_sparse,1.0,10,3,1.0,1.0610025846822844,cocolasso_max,reweighted_frobenius,13.237292864275648,13.244994113432082,6.618718183634829,6.62276137976853,18.616715385986023,12.868095627985896,-0.007701249156433221,-0.004043196133700633,5.748619758000126,1.4467343050744716,high,weak α=1.0 (83% in first 3)
cs_sigma1.25_weak_sparse_a1.0,5,5,cs,100,500,1.25,3.0,weak_sparse,1.0,10,3,1.0,1.0610025846822844,cocolasso_max,reweighted_frobenius,12.446845455801723,12.184880309996611,6.2284655563629645,6.093624228114962,19.390664724982344,13.81050314893946,0.261965145805112,0.13484132824800277,5.580161576042883,1.4040520114193955,high,weak α=1.0 (83% in first 3)
cs_sigma1.25_weak_sparse_a1.0,6,6,cs,100,500,1.25,3.0,weak_sparse,1.0,10,3,1.0,1.0610025846822844,cocolasso_max,reweighted_frobenius,12.821103547515566,12.56694311140831,6.445616082019906,6.313342471686641,16.239777331997175,9.524757092120126,0.2541604361072558,0.13227361033326446,6.715020239877049,1.7050069807483506,high,weak α=1.0 (83% in first 3)
cs_sigma1.25_weak_sparse_a1.0,7,7,cs,100,500,1.25,3.0,weak_sparse,1.0,10,3,1.0,1.0610025846822844,cocolasso_max,reweighted_frobenius,12.15707849837626,11.85974168096654,6.510041757251448,6.335539845006955,15.736146032984834,10.788206706056371,0.29733681740971996,0.17450191224449352,4.947939326928463,1.4586433558184186,high,weak α=1.0 (83% in first 3)
cs_sigma1.25_weak_sparse_a1.0,8,8,cs,100,500,1.25,3.0,weak_sparse,1.0,10,3,1.0,1.0610025846822844,cocolasso_max,reweighted_frobenius,12.38286712386448,12.17938801301704,6.590959869479851,6.489154875197584,15.718008480966091,11.114872387144716,0.2034791108474412,0.10180499428226675,4.603136093821375,1.4141420552111141,high,weak α=1.0 (83% in first 3)
cs_sigma1.25_weak_sparse_a1.0,9,9,cs,100,500,1.25,3.0,weak_sparse,1.0,10,3,1.0,1.0610025846822844,cocolasso_max,reweighted_frobenius,15.309222182837695,15.55135533727172,7.676989023573081,7.811574706994576,15.706504617992325,11.254773705964908,-0.2421331544340255,-0.1345856834214949,4.451730912027417,1.3955415744759085,high,weak α=1.0 (83% in first 3)
cs_sigma1.25_weak_sparse_a1.0,10,10,cs,100,500,1.25,3.0,weak_sparse,1.0,10,3,1.0,1.0610025846822844,cocolasso_max,reweighted_frobenius,12.80570691052048,12.567114242957452,6.403500647912917,6.284167749743766,15.8157787140226,10.576213073916731,0.23859266756302766,0.11933289816915149,5.239565640105868,1.4954103707524378,high,weak α=1.0 (83% in first 3)
cs_sigma1.25_weak_sparse_a1.0,11,11,cs,100,500,1.25,3.0,weak_sparse,1.0,10,3,1.0,1.0610025846822844,cocolasso_max,reweighted_frobenius,13.53080424159906,13.465113715922316,6.767107727435749,6.7327514338747,15.494158572051674,10.69125375780277,0.06569052567674483,0.03435629356104908,4.802904814248905,1.4492368175943455,high,weak α=1.0 (83% in first 3)
cs_sigma1.25_weak_sparse_a1.0,12,12,cs,100,500,1.25,3.0,weak_sparse,1.0,10,3,1.0,1.0610025846822844,cocolasso_max,reweighted_frobenius,14.17829514447094,14.36643457919944,7.08927038790628,7.183779082634309,16.33651654201094,15.575404705945402,-0.18813943472849992,-0.09450869472802825,0.7611118360655382,1.0488662638586213,high,weak α=1.0 (83% in first 3)
cs_sigma1.25_weak_sparse_a1.0,13,13,cs,100,500,1.25,3.0,weak_sparse,1.0,10,3,1.0,1.0610025846822844,cocolasso_max,reweighted_frobenius,12.84280315840413,12.649952862106808,6.631940133850027,6.503522549044192,15.590965680021329,10.383746210951358,0.19285029629732264,0.12841758480583554,5.207219469069971,1.5014779216751375,high,weak α=1.0 (83% in first 3)
cs_sigma1.25_weak_sparse_a1.0,14,14,cs,100,500,1.25,3.0,weak_sparse,1.0,10,3,1.0,1.0610025846822844,cocolasso_max,reweighted_frobenius,15.977237816965308,16.406346692255926,7.994860397124808,8.204086264462457,16.361214809992816,10.48652762407437,-0.42910887529061803,-0.2092258673376497,5.874687185918447,1.5602128174851393,high,weak α=1.0 (83% in first 3)
cs_sigma1.25_weak_sparse_a1.0,15,15,cs,100,500,1.25,3.0,weak_sparse,1.0,10,3,1.0,1.0610025846822844,cocolasso_max,reweighted_frobenius,13.512379185363194,13.481410474561262,6.762557225256989,6.747210037541119,16.751741377986036,9.085685685044156,0.03096871080193253,0.015347187715870625,7.66605569294188,1.843750924111417,high,weak α=1.0 (83% in first 3)
cs_sigma1.25_weak_sparse_a1.0,16,16,cs,100,500,1.25,3.0,weak_sparse,1.0,10,3,1.0,1.0610025846822844,cocolasso_max,reweighted_frobenius,13.51919135792583,13.314941949649034,6.948811541883655,6.837021220426004,16.41407686797902,12.071719161001964,0.20424940827679627,0.11179032145765166,4.342357706977056,1.3597132810217427,high,weak α=1.0 (83% in first 3)
cs_sigma1.25_weak_sparse_a1.0,17,17,cs,100,500,1.25,3.0,weak_sparse,1.0,10,3,1.0,1.0610025846822844,cocolasso_max,reweighted_frobenius,14.201193366993486,14.27227810448452,7.1374659454584055,7.1883629764241,17.478346591989975,10.567632565973328,-0.07108473749103439,-0.05089703096569487,6.910714026016647,1.6539510134245605,high,weak α=1.0 (83% in first 3)
cs_sigma1.25_weak_sparse_a1.0,18,18,cs,100,500,1.25,3.0,weak_sparse,1.0,10,3,1.0,1.0610025846822844,cocolasso_max,reweighted_frobenius,15.19995878627486,15.28318619926342,7.600062778971052,7.642398814045367,17.71378138300497,9.27568065514788,-0.08322741298855973,-0.042336035074314715,8.43810072785709,1.9097015131901998,high,weak α=1.0 (83% in first 3)
cs_sigma1.25_weak_sparse_a1.0,19,19,cs,100,500,1.25,3.0,weak_sparse,1.0,10,3,1.0,1.0610025846822844,cocolasso_max,reweighted_frobenius,11.41900867749673,11.348518732444017,5.709747642755515,5.678090786892798,18.03563869697973,10.197815146995708,0.07048994505271367,0.031656855862716604,7.837823549984023,1.768578704066141,high,weak α=1.0 (83% in first 3)
cs_sigma1.25_weak_sparse_a1.0,20,20,cs,100,500,1.25,3.0,weak_sparse,1.0,10,3,1.0,1.0610025846822844,cocolasso_max,reweighted_frobenius,15.039796519832002,15.110540830651086,7.68522101928235,7.702147920191714,17.840101426001638,8.310427322983742,-0.07074431081908372,-0.016926900909363773,9.529674103017896,2.1467128864315006,high,weak α=1.0 (83% in first 3)
cs_sigma1.25_weak_sparse_a1.0,21,21,cs,100,500,1.25,3.0,weak_sparse,1.0,10,3,1.0,1.0610025846822844,cocolasso_max,reweighted_frobenius,12.583202256725547,12.510679798982142,6.381666067998899,6.352610059117466,18.28348543500761,14.212774605024606,0.07252245774340516,0.029056008881433115,4.070710829983003,1.286412114672099,high,weak α=1.0 (83% in first 3)
cs_sigma1.25_weak_sparse_a1.0,22,22,cs,100,500,1.25,3.0,weak_sparse,1.0,10,3,1.0,1.0610025846822844,cocolasso_max,reweighted_frobenius,12.925764262065645,12.617236843492154,7.174901459566141,6.9658916377991815,17.123431430954952,7.943691706983373,0.3085274185734903,0.20900982176695937,9.17973972397158,2.155601206917633,high,weak α=1.0 (83% in first 3)
cs_sigma1.25_weak_sparse_a1.0,23,23,cs,100,500,1.25,3.0,weak_sparse,1.0,10,3,1.0,1.0610025846822844,cocolasso_max,reweighted_frobenius,12.18683983418638,11.987015331434591,6.635880861073743,6.550861164864902,17.236765267967712,11.931053054053336,0.1998245027517882,0.08501969620884076,5.305712213914376,1.4446977303576625,high,weak α=1.0 (83% in first 3)
cs_sigma1.25_weak_sparse_a1.0,24,24,cs,100,500,1.25,3.0,weak_sparse,1.0,10,3,1.0,1.0610025846822844,cocolasso_max,reweighted_frobenius,12.70563668384541,12.58077744295048,6.408016532939482,6.330033309809441,16.785725323017687,8.447722095064819,0.12485924089493139,0.07798322313004125,8.338003227952868,1.9870120174554453,high,weak α=1.0 (83% in first 3)
cs_sigma1.25_weak_sparse_a1.0,25,25,cs,100,500,1.25,3.0,weak_sparse,1.0,10,3,1.0,1.0610025846822844,cocolasso_max,reweighted_frobenius,11.72626361288083,11.514377799031273,5.870585770454756,5.762335101039651,16.550554232031573,11.371043636929244,0.21188581384955718,0.10825066941510553,5.179510595102329,1.4555000192138088,high,weak α=1.0 (83% in first 3)
cs_sigma1.25_weak_sparse_a1.0,26,26,cs,100,500,1.25,3.0,weak_sparse,1.0,10,3,1.0,1.0610025846822844,cocolasso_max,reweighted_frobenius,13.439293130572487,13.582515196432343,6.812719336373397,6.8832942608996746,16.418678328045644,11.075807297835128,-0.14322206585985597,-0.07057492452627745,5.342871030210516,1.4823911148449496,high,weak α=1.0 (83% in first 3)
cs_sigma1.25_weak_sparse_a1.0,27,27,cs,100,500,1.25,3.0,weak_sparse,1.0,10,3,1.0,1.0610025846822844,cocolasso_max,reweighted_frobenius,14.40552272636534,14.493367718021918,7.288737131873389,7.328766776719485,16.03277419996448,10.257333398098126,-0.08784499165657778,-0.04002964484609617,5.775440801866353,1.5630547996945494,high,weak α=1.0 (83% in first 3)
cs_sigma1.25_weak_sparse_a1.0,28,28,cs,100,500,1.25,3.0,weak_sparse,1.0,10,3,1.0,1.0610025846822844,cocolasso_max,reweighted_frobenius,13.20671911742268,13.081920061634412,6.669443861836702,6.590523477206345,15.846068268001543,11.036742656957358,0.12479905578826767,0.078920384630357,4.809325611044185,1.435755889262533,high,weak α=1.0 (83% in first 3)
cs_sigma1.25_weak_sparse_a1.0,29,29,cs,100,500,1.25,3.0,weak_sparse,1.0,10,3,1.0,1.0610025846822844,cocolasso_max,reweighted_frobenius,13.385982234493571,13.328927144137923,6.789471250856048,6.749676021959121,15.986514232994525,8.995614323066548,0.057055090355648375,0.03979522889692699,6.990899909927977,1.7771453575996379,high,weak α=1.0 (83% in first 3)
cs_sigma1.25_weak_sparse_a1.0,30,30,cs,100,500,1.25,3.0,weak_sparse,1.0,10,3,1.0,1.0610025846822844,cocolasso_max,reweighted_frobenius,16.283392537751485,16.67501690413148,8.164706083080397,8.354970635136636,16.409880751976743,14.636278728023171,-0.3916243663799932,-0.19026455205623982,1.773602023953572,1.121178481013604,high,weak α=1.0 (83% in first 3)
cs_sigma1.25_weak_sparse_a1.0,31,31,cs,100,500,1.25,3.0,weak_sparse,1.0,10,3,1.0,1.0610025846822844,cocolasso_max,reweighted_frobenius,14.917836019133752,15.030828414254078,7.644060529173583,7.714871842527684,15.79465642402647,10.296835128916427,-0.112992395120326,-0.07081131335410085,5.497821295110043,1.533933118893067,high,weak α=1.0 (83% in first 3)
cs_sigma1.25_weak_sparse_a1.0,32,32,cs,100,500,1.25,3.0,weak_sparse,1.0,10,3,1.0,1.0610025846822844,cocolasso_max,reweighted_frobenius,13.727113965711991,13.676709356120613,7.083256350826046,7.072009485876203,17.135272723040543,13.431977394036949,0.0504046095913786,0.011246864949843172,3.703295329003595,1.2757073824921454,high,weak α=1.0 (83% in first 3)
cs_sigma1.25_weak_sparse_a1.0,33,33,cs,100,500,1.25,3.0,weak_sparse,1.0,10,3,1.0,1.0610025846822844,cocolasso_max,reweighted_frobenius,13.31517024394849,13.01192703301781,6.658688164850635,6.508162804591806,17.000445334997494,14.349448102992028,0.3032432109306793,0.150525360258829,2.6509972320054658,1.1847455883305158,high,weak α=1.0 (83% in first 3)
cs_sigma1.25_weak_sparse_a1.0,34,34,cs,100,500,1.25,3.0,weak_sparse,1.0,10,3,1.0,1.0610025846822844,cocolasso_max,reweighted_frobenius,13.910693051757764,13.810427651273988,6.968536083486992,6.919063927105976,18.324782344978303,10.273254872998224,0.10026540048377619,0.04947215638101543,8.051527471980078,1.78373675836101,high,weak α=1.0 (83% in first 3)
cs_sigma1.25_weak_sparse_a1.0,35,35,cs,100,500,1.25,3.0,weak_sparse,1.0,10,3,1.0,1.0610025846822844,cocolasso_max,reweighted_frobenius,12.16595279990003,11.94740873427224,6.239570929995961,6.110746192548038,17.95767968700966,9.781503116013482,0.21854406562778905,0.128824737447923,8.176176570996176,1.8358814053446249,high,weak α=1.0 (83% in first 3)
cs_sigma1.25_weak_sparse_a1.0,36,36,cs,100,500,1.25,3.0,weak_sparse,1.0,10,3,1.0,1.0610025846822844,cocolasso_max,reweighted_frobenius,15.36104931108998,15.792434865719075,7.687665686260246,7.905165538916992,18.577236204000656,9.372281709918752,-0.4313855546290952,-0.2174998526567462,9.204954494081903,1.982146587030161,high,weak α=1.0 (83% in first 3)
cs_sigma1.25_weak_sparse_a1.0,37,37,cs,100,500,1.25,3.0,weak_sparse,1.0,10,3,1.0,1.0610025846822844,cocolasso_max,reweighted_frobenius,13.198553151671842,13.077430220229465,6.783944662508415,6.695300273980754,17.814258714963216,11.006035475060344,0.12112293144237718,0.0886443885276611,6.808223239902873,1.618589977774494,high,weak α=1.0 (83% in first 3)
cs_sigma1.25_weak_sparse_a1.0,38,38,cs,100,500,1.25,3.0,weak_sparse,1.0,10,3,1.0,1.0610025846822844,cocolasso_max,reweighted_frobenius,14.888129713645377,15.2015580677921,7.457222361474255,7.615057534988513,17.753848931984976,12.647758356994018,-0.31342835414672265,-0.15783517351425846,5.106090574990958,1.4037150640348348,high,weak α=1.0 (83% in first 3)
cs_sigma1.25_weak_sparse_a1.0,39,39,cs,100,500,1.25,3.0,weak_sparse,1.0,10,3,1.0,1.0610025846822844,cocolasso_max,reweighted_frobenius,14.43203530337536,14.506934573264198,7.3082658489492385,7.337699787089471,16.38753661501687,9.284470519050956,-0.07489926988883866,-0.029433938140232208,7.103066095965914,1.7650480532401949,high,weak α=1.0 (83% in first 3)
cs_sigma1.25_weak_sparse_a1.0,40,40,cs,100,500,1.25,3.0,weak_sparse,1.0,10,3,1.0,1.0610025846822844,cocolasso_max,reweighted_frobenius,13.636441765249817,13.67049016505701,6.911340164919436,6.911257145962864,16.546134980977513,10.237558715976776,-0.034048399807193874,8.301895657236713e-05,6.308576265000736,1.616218811537124,high,weak α=1.0 (83% in first 3)
cs_sigma1.25_weak_sparse_a1.0,41,41,cs,100,500,1.25,3.0,weak_sparse,1.0,10,3,1.0,1.0610025846822844,cocolasso_max,reweighted_frobenius,12.109486983089688,11.895581911595135,6.181667039579621,6.065641543836247,16.588967807008885,8.848028578097,0.21390507149455296,0.11602549574337395,7.740939228911884,1.8748772860063225,high,weak α=1.0 (83% in first 3)
cs_sigma1.25_weak_sparse_a1.0,42,42,cs,100,500,1.25,3.0,weak_sparse,1.0,10,3,1.0,1.0610025846822844,cocolasso_max,reweighted_frobenius,15.329958714663466,15.549611591715603,7.920242404920199,7.985210208071695,16.004801155009773,10.0759124038741,-0.21965287705213754,-0.06496780315149664,5.928888751135673,1.5884220220946015,high,weak α=1.0 (83% in first 3)
cs_sigma1.25_weak_sparse_a1.0,43,43,cs,100,500,1.25,3.0,weak_sparse,1.0,10,3,1.0,1.0610025846822844,cocolasso_max,reweighted_frobenius,13.912717561229528,13.815637340952094,7.108825308015141,7.0733689709141165,16.32302879000781,12.727832607924938,0.09708022027743368,0.03545633710102436,3.595196182082873,1.2824672741095242,high,weak α=1.0 (83% in first 3)
cs_sigma1.25_weak_sparse_a1.0,44,44,cs,100,500,1.25,3.0,weak_sparse,1.0,10,3,1.0,1.0610025846822844,cocolasso_max,reweighted_frobenius,14.99764274328468,15.402083600698145,7.704887177656931,7.91038002596707,15.990600323013496,13.203751190099863,-0.4044408574134639,-0.20549284831013903,2.7868491329136322,1.2110649536476576,high,weak α=1.0 (83% in first 3)
cs_sigma1.25_weak_sparse_a1.0,45,45,cs,100,500,1.25,3.0,weak_sparse,1.0,10,3,1.0,1.0610025846822844,cocolasso_max,reweighted_frobenius,14.90641776460518,15.04698429942858,7.591396415276317,7.649364805853746,15.733284416957758,9.829700734931976,-0.14056653482339954,-0.05796839057742886,5.903583682025783,1.6005863089042087,high,weak α=1.0 (83% in first 3)
cs_sigma1.25_weak_sparse_a1.0,46,46,cs,100,500,1.25,3.0,weak_sparse,1.0,10,3,1.0,1.0610025846822844,cocolasso_max,reweighted_frobenius,12.149598689046387,12.618793416268115,6.456555579582482,6.739765960932418,16.388403261022177,13.461055899970232,-0.46919472722172806,-0.28321038134993604,2.927347361051945,1.2174678853431118,high,weak α=1.0 (83% in first 3)
cs_sigma1.25_weak_sparse_a1.0,47,47,cs,100,500,1.25,3.0,weak_sparse,1.0,10,3,1.0,1.0610025846822844,cocolasso_max,reweighted_frobenius,12.517210076879556,12.229242695820776,6.267446824364984,6.124651642687432,16.70465421996778,10.152874642051756,0.2879673810587793,0.14279518167755167,6.551779577916022,1.645312762040761,high,weak α=1.0 (83% in first 3)
cs_sigma1.25_weak_sparse_a1.0,48,48,cs,100,500,1.25,3.0,weak_sparse,1.0,10,3,1.0,1.0610025846822844,cocolasso_max,reweighted_frobenius,14.766678650032445,15.077754293097058,8.060971881684392,8.238723372349646,16.70759328099666,11.748061917955056,-0.31107564306461377,-0.17775149066525486,4.959531363041606,1.422157407551772,high,weak α=1.0 (83% in first 3)
cs_sigma1.25_weak_sparse_a1.0,49,49,cs,100,500,1.25,3.0,weak_sparse,1.0,10,3,1.0,1.0610025846822844,cocolasso_max,reweighted_frobenius,13.4441185310441,13.376991386180205,6.893055596235891,6.86396679065296,17.211354842002038,12.85473874793388,0.06712714486389615,0.0290888055829317,4.356616094068158,1.3389112901861495,high,weak α=1.0 (83% in first 3)
cs_sigma1.25_weak_sparse_a1.0,50,50,cs,100,500,1.25,3.0,weak_sparse,1.0,10,3,1.0,1.0610025846822844,cocolasso_max,reweighted_frobenius,13.370993661101195,13.254256322028343,6.994694263811276,6.921121589652446,17.640484578034375,10.900332079967484,0.11673733907285211,0.07357267415882962,6.740152498066891,1.6183437760078772,high,weak α=1.0 (83% in first 3)
cs_sigma1.25_weak_sparse_a1.0,51,51,cs,100,500,1.25,3.0,weak_sparse,1.0,10,3,1.0,1.0610025846822844,cocolasso_max,reweighted_frobenius,13.917056911795935,13.85393482756662,6.959025762277514,6.926967909677882,18.396872899960726,11.035554059082642,0.06312208422931498,0.032057852599631786,7.361318840878084,1.6670547578732093,high,weak α=1.0 (83% in first 3)
cs_sigma1.25_weak_sparse_a1.0,52,52,cs,100,500,1.25,3.0,weak_sparse,1.0,10,3,1.0,1.0610025846822844,cocolasso_max,reweighted_frobenius,14.919667558821349,14.965659804281737,8.556974288080644,8.633857595753952,17.808073130028788,9.766920442925766,-0.04599224546038805,-0.07688330767330775,8.041152687103022,1.8233048210121618,high,weak α=1.0 (83% in first 3)
cs_sigma1.25_weak_sparse_a1.0,53,53,cs,100,500,1.25,3.0,weak_sparse,1.0,10,3,1.0,1.0610025846822844,cocolasso_max,reweighted_frobenius,12.49951433031664,12.475760282186076,6.2725410012030345,6.254319762861049,17.568107508006506,11.592869142070413,0.02375404813056292,0.018221238341985746,5.975238365936093,1.5154236015872904,high,weak α=1.0 (83% in first 3)
cs_sigma1.25_weak_sparse_a1.0,54,54,cs,100,500,1.25,3.0,weak_sparse,1.0,10,3,1.0,1.0610025846822844,cocolasso_max,reweighted_frobenius,13.09108067004024,12.784256297908648,6.631355372788818,6.4818401524956615,17.48757914901944,8.31378000206314,0.30682437213159197,0.14951522029315623,9.173799146956299,2.1034450207582758,high,weak α=1.0 (83% in first 3)
cs_sigma1.25_weak_sparse_a1.0,55,55,cs,100,500,1.25,3.0,weak_sparse,1.0,10,3,1.0,1.0610025846822844,cocolasso_max,reweighted_frobenius,15.066104647455385,15.233973020063868,7.570774196221334,7.658043253053094,16.70852410601219,12.200156738981605,-0.16786837260848309,-0.08726905683175978,4.508367367030587,1.3695335612062733,high,weak α=1.0 (83% in first 3)
cs_sigma1.25_weak_sparse_a1.0,56,56,cs,100,500,1.25,3.0,weak_sparse,1.0,10,3,1.0,1.0610025846822844,cocolasso_max,reweighted_frobenius,12.38199020029256,12.22945057230451,6.298638539020496,6.194963049607434,15.631000547029544,8.879281401168555,0.15253962798805,0.10367548941306204,6.751719145860989,1.760390265925397,high,weak α=1.0 (83% in first 3)
cs_sigma1.25_weak_sparse_a1.0,57,57,cs,100,500,1.25,3.0,weak_sparse,1.0,10,3,1.0,1.0610025846822844,cocolasso_max,reweighted_frobenius,14.850339298711464,14.83716001796989,7.448367913705463,7.4424632591894815,15.95472121500643,11.383324728813022,0.013179280741574928,0.0059046545159811,4.571396486193407,1.4015871105409536,high,weak α=1.0 (83% in first 3)
cs_sigma1.25_weak_sparse_a1.0,58,58,cs,100,500,1.25,3.0,weak_sparse,1.0,10,3,1.0,1.0610025846822844,cocolasso_max,reweighted_frobenius,13.379603063507298,13.151902614249607,6.700878310762944,6.58061310228681,16.234221621009056,10.991425509098915,0.22770044925769106,0.12026520847613398,5.24279611191014,1.4769896413863746,high,weak α=1.0 (83% in first 3)
cs_sigma1.25_weak_sparse_a1.0,59,59,cs,100,500,1.25,3.0,weak_sparse,1.0,10,3,1.0,1.0610025846822844,cocolasso_max,reweighted_frobenius,12.792152818639108,12.409212352454906,6.693255945338829,6.498864612581695,16.04901457502274,11.878705899929628,0.38294046618420197,0.19439133275713427,4.170308675093111,1.351074326633326,high,weak α=1.0 (83% in first 3)
cs_sigma1.25_weak_sparse_a1.0,60,60,cs,100,500,1.25,3.0,weak_sparse,1.0,10,3,1.0,1.0610025846822844,cocolasso_max,reweighted_frobenius,15.287378690046731,15.446305268508972,7.645948379486112,7.725188006281979,16.086494598013815,12.00828730291687,-0.1589265784622409,-0.07923962679586705,4.078207295096945,1.3396160661567724,high,weak α=1.0 (83% in first 3)
cs_sigma1.25_weak_sparse_a1.0,61,61,cs,100,500,1.25,3.0,weak_sparse,1.0,10,3,1.0,1.0610025846822844,cocolasso_max,reweighted_frobenius,15.64094650150489,15.892093833282736,7.826563192152915,7.94883965380651,16.317399242019746,16.129358179168776,-0.25114733177784565,-0.12227646165359474,0.18804106285097077,1.011658310316019,high,weak α=1.0 (83% in first 3)
cs_sigma1.25_weak_sparse_a1.0,62,62,cs,100,500,1.25,3.0,weak_sparse,1.0,10,3,1.0,1.0610025846822844,cocolasso_max,reweighted_frobenius,11.273391791102142,10.942357505292373,5.638888726523681,5.47579745340282,15.55761897499906,10.594077544054016,0.33103428580976946,0.1630912731208607,4.963541430945044,1.468520398336225,high,weak α=1.0 (83% in first 3)
cs_sigma1.25_weak_sparse_a1.0,63,63,cs,100,500,1.25,3.0,weak_sparse,1.0,10,3,1.0,1.0610025846822844,cocolasso_max,reweighted_frobenius,11.396000122381746,11.169766668427386,5.699001554465058,5.585052529128541,15.600561133003794,11.503094119019806,0.2262334539543609,0.11394902533651674,4.097467013983987,1.356205640985674,high,weak α=1.0 (83% in first 3)
cs_sigma1.25_weak_sparse_a1.0,64,64,cs,100,500,1.25,3.0,weak_sparse,1.0,10,3,1.0,1.0610025846822844,cocolasso_max,reweighted_frobenius,15.480919756722097,15.689619222099706,7.878360215866021,7.988061414026516,16.24564893101342,12.538116577081382,-0.20869946537760953,-0.1097011981604954,3.707532353932038,1.2957008998232713,high,weak α=1.0 (83% in first 3)
cs_sigma1.25_weak_sparse_a1.0,65,65,cs,100,500,1.25,3.0,weak_sparse,1.0,10,3,1.0,1.0610025846822844,cocolasso_max,reweighted_frobenius,11.347419477652783,11.204270933682832,5.773563455383117,5.694458772678617,17.726652555982582,11.44868712197058,0.1431485439699518,0.0791046827045001,6.2779654340120015,1.5483567999656733,high,weak α=1.0 (83% in first 3)
cs_sigma1.25_weak_sparse_a1.0,66,66,cs,100,500,1.25,3.0,weak_sparse,1.0,10,3,1.0,1.0610025846822844,cocolasso_max,reweighted_frobenius,12.54310108903051,12.34132421076265,6.683789355544826,6.597330554775829,16.57285389699973,14.702626399928704,0.20177687826785906,0.08645880076899637,1.8702274970710278,1.127203633296436,high,weak α=1.0 (83% in first 3)
cs_sigma1.25_weak_sparse_a1.0,67,67,cs,100,500,1.25,3.0,weak_sparse,1.0,10,3,1.0,1.0610025846822844,cocolasso_max,reweighted_frobenius,15.065358376278944,15.10573909443497,7.995251061866124,7.991829134696095,17.1103569699917,8.069146815920249,-0.04038071815602606,0.003421927170029093,9.04121015407145,2.1204666813390163,high,weak α=1.0 (83% in first 3)
cs_sigma1.25_weak_sparse_a1.0,68,68,cs,100,500,1.25,3.0,weak_sparse,1.0,10,3,1.0,1.0610025846822844,cocolasso_max,reweighted_frobenius,13.322451516045769,13.193795836889382,6.696150756528854,6.632868034954739,17.581613946007565,8.237403406063095,0.12865567915638643,0.06328272157411519,9.34421053994447,2.1343635948515907,high,weak α=1.0 (83% in first 3)
cs_sigma1.25_weak_sparse_a1.0,69,69,cs,100,500,1.25,3.0,weak_sparse,1.0,10,3,1.0,1.0610025846822844,cocolasso_max,reweighted_frobenius,14.522866447318002,14.648628484988366,7.322537048294763,7.413914579373382,17.663267974974588,10.261511286022142,-0.12576203767036453,-0.0913775310786189,7.401756688952446,1.7213125321057583,high,weak α=1.0 (83% in first 3)
cs_sigma1.25_weak_sparse_a1.0,70,70,cs,100,500,1.25,3.0,weak_sparse,1.0,10,3,1.0,1.0610025846822844,cocolasso_max,reweighted_frobenius,14.9472326575229,15.322661362872775,7.949890605646376,8.176931944047801,17.56499831099063,10.774335494963452,-0.3754287053498757,-0.22704133840142582,6.790662816027179,1.63026279617908,high,weak α=1.0 (83% in first 3)
cs_sigma1.25_weak_sparse_a1.0,71,71,cs,100,500,1.25,3.0,weak_sparse,1.0,10,3,1.0,1.0610025846822844,cocolasso_max,reweighted_frobenius,14.330155984620667,15.236369644372411,7.1660245456166285,7.622501921226056,17.21817957801977,11.392052821116522,-0.9062136597517441,-0.4564773756094276,5.82612675690325,1.511420272394088,high,weak α=1.0 (83% in first 3)
cs_sigma1.25_weak_sparse_a1.0,72,72,cs,100,500,1.25,3.0,weak_sparse,1.0,10,3,1.0,1.0610025846822844,cocolasso_max,reweighted_frobenius,15.276584762523251,15.383877252380106,8.096516853367271,8.138712844342207,16.54019542504102,10.45457186899148,-0.1072924898568548,-0.04219599097493543,6.085623556049541,1.5821016520150053,high,weak α=1.0 (83% in first 3)
cs_sigma1.25_weak_sparse_a1.0,73,73,cs,100,500,1.25,3.0,weak_sparse,1.0,10,3,1.0,1.0610025846822844,cocolasso_max,reweighted_frobenius,13.12884910473538,12.989405411290443,7.147263115794866,7.061764930039101,15.720852724043652,10.396662954008209,0.139443693444937,0.08549818575576484,5.324189770035444,1.5121056432807432,high,weak α=1.0 (83% in first 3)
cs_sigma1.25_weak_sparse_a1.0,74,74,cs,100,500,1.25,3.0,weak_sparse,1.0,10,3,1.0,1.0610025846822844,cocolasso_max,reweighted_frobenius,9.908512988602515,9.579047624958118,4.996249642447791,4.816294712718203,15.944502900005318,11.115697161993012,0.32946536364439716,0.17995492972958793,4.828805738012306,1.434413214721524,high,weak α=1.0 (83% in first 3)
cs_sigma1.25_weak_sparse_a1.0,75,75,cs,100,500,1.25,3.0,weak_sparse,1.0,10,3,1.0,1.0610025846822844,cocolasso_max,reweighted_frobenius,12.857866027466958,12.953882125352772,6.458791020590163,6.500366264491147,15.997623210016172,10.234899406787008,-0.09601609788581378,-0.04157524390098377,5.762723803229164,1.5630464525530914,high,weak α=1.0 (83% in first 3)
cs_sigma1.25_weak_sparse_a1.0,76,76,cs,100,500,1.25,3.0,weak_sparse,1.0,10,3,1.0,1.0610025846822844,cocolasso_max,reweighted_frobenius,10.060692418007994,9.955033461381248,5.101868493539218,5.034592131327456,16.084769972017966,8.211784521816298,0.10565895662674585,0.06727636221176159,7.872985450201668,1.9587423329588665,high,weak α=1.0 (83% in first 3)
cs_sigma1.25_weak_sparse_a1.0,77,77,cs,100,500,1.25,3.0,weak_sparse,1.0,10,3,1.0,1.0610025846822844,cocolasso_max,reweighted_frobenius,13.789622663437756,13.78973639568794,6.977267413214321,6.974255517257263,16.00927961699199,11.441835799952967,-0.00011373225018473931,0.003011895957057753,4.567443817039022,1.3991880233989895,high,weak α=1.0 (83% in first 3)
cs_sigma1.25_weak_sparse_a1.0,78,78,cs,100,500,1.25,3.0,weak_sparse,1.0,10,3,1.0,1.0610025846822844,cocolasso_max,reweighted_frobenius,12.520819312542375,12.27352229214954,6.543835119997055,6.390148364085494,15.91278027294902,11.282572499010712,0.24729702039283552,0.15368675591156045,4.630207773938308,1.410385820640133,high,weak α=1.0 (83% in first 3)
cs_sigma1.25_weak_sparse_a1.0,79,79,cs,100,500,1.25,3.0,weak_sparse,1.0,10,3,1.0,1.0610025846822844,cocolasso_max,reweighted_frobenius,13.371864823740529,13.504287225913778,6.733538296287579,6.787752306013973,16.036718544957694,10.326226421864703,-0.1324224021732494,-0.0542140097263939,5.71049212309299,1.5530086102897784,high,weak α=1.0 (83% in first 3)
cs_sigma1.25_weak_sparse_a1.0,80,80,cs,100,500,1.25,3.0,weak_sparse,1.0,10,3,1.0,1.0610025846822844,cocolasso_max,reweighted_frobenius,11.186757546098333,10.968577476723189,5.676724871356655,5.5796510091191855,17.480913528008386,13.753471313044429,0.21818006937514411,0.09707386223746983,3.7274422149639577,1.2710182855021248,high,weak α=1.0 (83% in first 3)
cs_sigma1.25_weak_sparse_a1.0,81,81,cs,100,500,1.25,3.0,weak_sparse,1.0,10,3,1.0,1.0610025846822844,cocolasso_max,reweighted_frobenius,13.95033811300098,13.813140749958093,7.798049891329458,7.762565304219571,16.16883215197595,12.228168288012968,0.13719736304288688,0.03548458710988722,3.94066386396298,1.3222611736400403,high,weak α=1.0 (83% in first 3)
cs_sigma1.25_weak_sparse_a1.0,82,82,cs,100,500,1.25,3.0,weak_sparse,1.0,10,3,1.0,1.0610025846822844,cocolasso_max,reweighted_frobenius,13.096248611918586,12.950035003510584,7.416552500015365,7.366061964858745,17.038646102009807,12.497363054892048,0.14621360840800257,0.050490535156620275,4.5412830471177585,1.3633793006709596,high,weak α=1.0 (83% in first 3)
cs_sigma1.25_weak_sparse_a1.0,83,83,cs,100,500,1.25,3.0,weak_sparse,1.0,10,3,1.0,1.0610025846822844,cocolasso_max,reweighted_frobenius,15.002112376357683,15.331051703065905,7.742471126381602,7.897522019206988,18.159232366015203,10.957623087102547,-0.32893932670822146,-0.1550508928253862,7.201609278912656,1.6572236717458522,high,weak α=1.0 (83% in first 3)
cs_sigma1.25_weak_sparse_a1.0,84,84,cs,100,500,1.25,3.0,weak_sparse,1.0,10,3,1.0,1.0610025846822844,cocolasso_max,reweighted_frobenius,14.979312882039483,15.376290704871217,7.730916587315815,7.921970367904809,17.73793848103378,10.257624227087945,-0.3969778228317331,-0.19105378058899358,7.480314253945835,1.7292443248400644,high,weak α=1.0 (83% in first 3)
cs_sigma1.25_weak_sparse_a1.0,85,85,cs,100,500,1.25,3.0,weak_sparse,1.0,10,3,1.0,1.0610025846822844,cocolasso_max,reweighted_frobenius,15.568202130491509,15.790646043386468,7.937730324203849,8.019802750907692,17.891374982020352,12.662567900959402,-0.2224439128949598,-0.08207242670384307,5.22880708106095,1.4129341790668526,high,weak α=1.0 (83% in first 3)
cs_sigma1.25_weak_sparse_a1.0,86,86,cs,100,500,1.25,3.0,weak_sparse,1.0,10,3,1.0,1.0610025846822844,cocolasso_max,reweighted_frobenius,11.650370106861336,11.485030096533032,5.869619976325675,5.78226685026514,17.712125585007016,12.411701499018818,0.16534001032830403,0.08735312606053469,5.3004240859881975,1.4270505608282,high,weak α=1.0 (83% in first 3)
cs_sigma1.25_weak_sparse_a1.0,87,87,cs,100,500,1.25,3.0,weak_sparse,1.0,10,3,1.0,1.0610025846822844,cocolasso_max,reweighted_frobenius,12.012032042631557,11.845157877762796,6.0429054099493165,5.936926590253699,16.882007881009486,12.676918386947364,0.1668741648687604,0.10597881969561751,4.205089494062122,1.3317122794126246,high,weak α=1.0 (83% in first 3)
cs_sigma1.25_weak_sparse_a1.0,88,88,cs,100,500,1.25,3.0,weak_sparse,1.0,10,3,1.0,1.0610025846822844,cocolasso_max,reweighted_frobenius,15.69839719341612,15.844826177837842,8.61615696301398,8.70356988440017,16.286244353977963,11.204100054921582,-0.14642898442172125,-0.08741292138619094,5.082144299056381,1.4535968327794402,high,weak α=1.0 (83% in first 3)
cs_sigma1.25_weak_sparse_a1.0,89,89,cs,100,500,1.25,3.0,weak_sparse,1.0,10,3,1.0,1.0610025846822844,cocolasso_max,reweighted_frobenius,11.939135171291772,11.75035986370453,5.9702547517372215,5.877043249940865,15.478666231967509,10.392224598908795,0.18877530758724248,0.09321150179635662,5.086441633058714,1.48944685371723,high,weak α=1.0 (83% in first 3)
cs_sigma1.25_weak_sparse_a1.0,90,90,cs,100,500,1.25,3.0,weak_sparse,1.0,10,3,1.0,1.0610025846822844,cocolasso_max,reweighted_frobenius,15.5717206672906,15.74988503801751,7.916968189038624,8.00019788379415,15.986655857996084,13.456989516038448,-0.17816437072690938,-0.0832296947555271,2.529666341957636,1.1879815941702787,high,weak α=1.0 (83% in first 3)
cs_sigma1.25_weak_sparse_a1.0,91,91,cs,100,500,1.25,3.0,weak_sparse,1.0,10,3,1.0,1.0610025846822844,cocolasso_max,reweighted_frobenius,14.092130563408205,14.131575233468988,7.8430832027598525,7.906143929478536,15.2276014329982,8.733666509157047,-0.03944467006078334,-0.06306072671868357,6.493934923841154,1.7435519683551477,high,weak α=1.0 (83% in first 3)
cs_sigma1.25_weak_sparse_a1.0,92,92,cs,100,500,1.25,3.0,weak_sparse,1.0,10,3,1.0,1.0610025846822844,cocolasso_max,reweighted_frobenius,15.186824878309976,15.332149384232764,7.605525402299684,7.675691021376758,15.349127075984144,9.497818660922348,-0.14532450592278856,-0.07016561907707342,5.851308415061796,1.616068659968874,high,weak α=1.0 (83% in first 3)
cs_sigma1.25_weak_sparse_a1.0,93,93,cs,100,500,1.25,3.0,weak_sparse,1.0,10,3,1.0,1.0610025846822844,cocolasso_max,reweighted_frobenius,12.681952238574825,12.430094348596697,7.167380158552426,7.02097342710983,15.229228066978976,10.81123789702542,0.25185788997812786,0.14640673144259608,4.417990169953557,1.408647946889515,high,weak α=1.0 (83% in first 3)
cs_sigma1.25_weak_sparse_a1.0,94,94,cs,100,500,1.25,3.0,weak_sparse,1.0,10,3,1.0,1.0610025846822844,cocolasso_max,reweighted_frobenius,15.004197704558688,15.190486317923629,7.535710753054657,7.617959051037575,15.291824447980616,12.010804973077027,-0.1862886133649404,-0.08224829798291822,3.281019474903589,1.2731723212772332,high,weak α=1.0 (83% in first 3)
cs_sigma1.25_weak_sparse_a1.0,95,95,cs,100,500,1.25,3.0,weak_sparse,1.0,10,3,1.0,1.0610025846822844,cocolasso_max,reweighted_frobenius,14.47122672590609,14.496855239176606,7.243005368280985,7.253485712368495,15.13366341701476,11.624173446092756,-0.025628513270515185,-0.010480344087509863,3.5094899709220044,1.3019130768477696,high,weak α=1.0 (83% in first 3)
cs_sigma1.25_weak_sparse_a1.0,96,96,cs,100,500,1.25,3.0,weak_sparse,1.0,10,3,1.0,1.0610025846822844,cocolasso_max,reweighted_frobenius,11.118355160865605,10.724548705082691,5.624979409576783,5.415760432399241,15.049476593965665,14.571147745940834,0.3938064557829133,0.20921897717754145,0.4783288480248302,1.0328271222257066,high,weak α=1.0 (83% in first 3)
cs_sigma1.25_weak_sparse_a1.0,97,97,cs,100,500,1.25,3.0,weak_sparse,1.0,10,3,1.0,1.0610025846822844,cocolasso_max,reweighted_frobenius,14.88770049203358,14.99469233702097,7.657740514363111,7.690766264478203,14.649272087030113,9.341156217968091,-0.10699184498738923,-0.03302575011509212,5.308115869062021,1.5682504119620273,high,weak α=1.0 (83% in first 3)
cs_sigma1.25_weak_sparse_a1.0,98,98,cs,100,500,1.25,3.0,weak_sparse,1.0,10,3,1.0,1.0610025846822844,cocolasso_max,reweighted_frobenius,13.847752354424053,13.919432084452708,6.954475468296205,6.993036405180565,15.284276621998288,11.82161719002761,-0.0716797300286558,-0.0385609368843598,3.4626594319706783,1.2929091152513112,high,weak α=1.0 (83% in first 3)
cs_sigma1.25_weak_sparse_a1.0,99,99,cs,100,500,1.25,3.0,weak_sparse,1.0,10,3,1.0,1.0610025846822844,cocolasso_max,reweighted_frobenius,13.586203080424376,13.529048719556352,6.834489209332411,6.798638079212786,15.392021847015712,12.19551707804203,0.05715436086802406,0.035851130119625374,3.196504768973682,1.2621048987524255,high,weak α=1.0 (83% in first 3)
cs_sigma1.25_weak_sparse_a1.5,0,0,cs,100,500,1.25,3.0,weak_sparse,1.5,10,3,1.0,0.8937182721336322,cocolasso_max,reweighted_frobenius,11.22113661587113,11.456532136547263,6.191834822614781,6.342294334537703,25.181989612989128,15.294734737835824,-0.23539552067613378,-0.1504595119229224,9.887254875153303,1.6464482741694368,high,weak α=1.5 (97% in first 3)
cs_sigma1.25_weak_sparse_a1.5,1,1,cs,100,500,1.25,3.0,weak_sparse,1.5,10,3,1.0,0.8937182721336322,cocolasso_max,reweighted_frobenius,8.977882967374834,8.74763929044163,4.92304604035155,4.774363788470663,25.31759026506916,14.677661888999864,0.23024367693320436,0.1486822518808868,10.639928376069296,1.7249062184790729,high,weak α=1.5 (97% in first 3)
cs_sigma1.25_weak_sparse_a1.5,2,2,cs,100,500,1.25,3.0,weak_sparse,1.5,10,3,1.0,0.8937182721336322,cocolasso_max,reweighted_frobenius,11.158375767581276,11.211932897091724,7.549056980061933,7.579635383232822,24.62369121797383,10.950367382029071,-0.05355712951044822,-0.03057840317088889,13.673323835944757,2.2486634793992755,high,weak α=1.5 (97% in first 3)
cs_sigma1.25_weak_sparse_a1.5,3,3,cs,100,500,1.25,3.0,weak_sparse,1.5,10,3,1.0,0.8937182721336322,cocolasso_max,reweighted_frobenius,7.81921049712163,7.463902090401264,3.920908714149257,3.738206890314695,25.994781277142465,15.099947234150022,0.3553084067203658,0.18270182383456168,10.894834042992443,1.721514709558236,high,weak α=1.5 (97% in first 3)
cs_sigma1.25_weak_sparse_a1.5,4,4,cs,100,500,1.25,3.0,weak_sparse,1.5,10,3,1.0,0.8937182721336322,cocolasso_max,reweighted_frobenius,9.3199262038082,9.364166818162849,4.662632988425366,4.682313293195326,23.71949770208448,11.934027693001552,-0.04424061435464921,-0.01968030476996052,11.78547000908293,1.9875517563943865,high,weak α=1.5 (97% in first 3)
cs_sigma1.25_weak_sparse_a1.5,5,5,cs,100,500,1.25,3.0,weak_sparse,1.5,10,3,1.0,0.8937182721336322,cocolasso_max,reweighted_frobenius,8.726547917126332,8.574854430571865,4.37727983654443,4.297121528312648,22.28968949406408,13.14107199315913,0.15169348655446768,0.08015830823178227,9.148617500904951,1.6961850224751422,high,weak α=1.5 (97% in first 3)
cs_sigma1.25_weak_sparse_a1.5,6,6,cs,100,500,1.25,3.0,weak_sparse,1.5,10,3,1.0,0.8937182721336322,cocolasso_max,reweighted_frobenius,8.351805694456989,8.11943574458356,4.285375046279296,4.1509708954360605,21.19865443301387,11.827367726014929,0.23236994987342818,0.13440415084323565,9.371286706998943,1.7923391682822456,high,weak α=1.5 (97% in first 3)
cs_sigma1.25_weak_sparse_a1.5,7,7,cs,100,500,1.25,3.0,weak_sparse,1.5,10,3,1.0,0.8937182721336322,cocolasso_max,reweighted_frobenius,8.445526578498423,8.082819695774988,4.628095938595656,4.402718336803211,20.14359153411351,10.260357003193349,0.362706882723435,0.22537760179244515,9.883234530920163,1.9632447026788822,high,weak α=1.5 (97% in first 3)
cs_sigma1.25_weak_sparse_a1.5,8,8,cs,100,500,1.25,3.0,weak_sparse,1.5,10,3,1.0,0.8937182721336322,cocolasso_max,reweighted_frobenius,7.967914736711763,7.719428531292717,4.507864203641676,4.368691203750263,20.044612959958613,8.784839249914512,0.24848620541904598,0.13917299989141263,11.2597737100441,2.2817279166666222,high,weak α=1.5 (97% in first 3)
cs_sigma1.25_weak_sparse_a1.5,9,9,cs,100,500,1.25,3.0,weak_sparse,1.5,10,3,1.0,0.8937182721336322,cocolasso_max,reweighted_frobenius,10.561483706260002,10.67131301797563,5.280865885754529,5.336116662843627,24.085531363030896,12.033484049141409,-0.10982931171562704,-0.05525077708909798,12.052047313889487,2.0015426342588953,high,weak α=1.5 (97% in first 3)
cs_sigma1.25_weak_sparse_a1.5,10,10,cs,100,500,1.25,3.0,weak_sparse,1.5,10,3,1.0,0.8937182721336322,cocolasso_max,reweighted_frobenius,8.829348015917581,8.58755620248302,4.414777105540644,4.293811688947296,20.81823799503036,12.9028887799941,0.24179181343456158,0.12096541659334736,7.915349215036258,1.6134555873494771,high,weak α=1.5 (97% in first 3)
cs_sigma1.25_weak_sparse_a1.5,11,11,cs,100,500,1.25,3.0,weak_sparse,1.5,10,3,1.0,0.8937182721336322,cocolasso_max,reweighted_frobenius,9.152975661344078,9.15831298788151,4.581786662337318,4.582639056421253,23.72860716586001,10.743552018189805,-0.005337326537432574,-0.0008523940839353372,12.985055147670204,2.208637062089459,high,weak α=1.5 (97% in first 3)
cs_sigma1.25_weak_sparse_a1.5,12,12,cs,100,500,1.25,3.0,weak_sparse,1.5,10,3,1.0,0.8937182721336322,cocolasso_max,reweighted_frobenius,9.832809416225288,9.79149459908334,4.932154123967966,4.921840689842804,20.909392409026623,14.35826534894295,0.04131481714194862,0.010313434125162502,6.551127060083672,1.4562617350267846,high,weak α=1.5 (97% in first 3)
cs_sigma1.25_weak_sparse_a1.5,13,13,cs,100,500,1.25,3.0,weak_sparse,1.5,10,3,1.0,0.8937182721336322,cocolasso_max,reweighted_frobenius,9.243107701783902,9.092758224426987,4.921579120602412,4.819282401772158,23.26328592002392,9.737576404120771,0.15034947735691517,0.10229671883025393,13.52570951590315,2.3890221708739876,high,weak α=1.5 (97% in first 3)
cs_sigma1.25_weak_sparse_a1.5,14,14,cs,100,500,1.25,3.0,weak_sparse,1.5,10,3,1.0,0.8937182721336322,cocolasso_max,reweighted_frobenius,11.08811097319855,11.553686854599702,5.55670271467068,5.78087350918673,23.33354034391232,11.630103309173135,-0.46557588140115236,-0.22417079451604938,11.703437034739183,2.006305509385132,high,weak α=1.5 (97% in first 3)
cs_sigma1.25_weak_sparse_a1.5,15,15,cs,100,500,1.25,3.0,weak_sparse,1.5,10,3,1.0,0.8937182721336322,cocolasso_max,reweighted_frobenius,8.996092298109991,8.841874567239005,4.60114446110111,4.517688847927917,21.526007356122136,9.46994680701755,0.154217730870986,0.08345561317319294,12.056060549104586,2.2730864063745995,high,weak α=1.5 (97% in first 3)
cs_sigma1.25_weak_sparse_a1.5,16,16,cs,100,500,1.25,3.0,weak_sparse,1.5,10,3,1.0,0.8937182721336322,cocolasso_max,reweighted_frobenius,9.644593861459168,9.4989136565234,5.156259890593329,5.0811158433304815,23.82214377610944,11.114082272164524,0.1456802049357684,0.07514404726284774,12.708061503944915,2.1434197797664813,high,weak α=1.5 (97% in first 3)
cs_sigma1.25_weak_sparse_a1.5,17,17,cs,100,500,1.25,3.0,weak_sparse,1.5,10,3,1.0,0.8937182721336322,cocolasso_max,reweighted_frobenius,10.550167322417533,10.578563639534496,5.296174887252392,5.320292024785343,25.149211907060817,9.945125327911228,-0.028396317116962777,-0.02411713753295075,15.204086579149589,2.5287978861843965,high,weak α=1.5 (97% in first 3)
cs_sigma1.25_weak_sparse_a1.5,18,18,cs,100,500,1.25,3.0,weak_sparse,1.5,10,3,1.0,0.8937182721336322,cocolasso_max,reweighted_frobenius,11.371825040086968,11.492676886519414,5.6923273025141015,5.749862221792619,19.985721135046333,11.39642116613686,-0.12085184643244595,-0.05753491927851773,8.589299968909472,1.7536839718096395,high,weak α=1.5 (97% in first 3)
cs_sigma1.25_weak_sparse_a1.5,19,19,cs,100,500,1.25,3.0,weak_sparse,1.5,10,3,1.0,0.8937182721336322,cocolasso_max,reweighted_frobenius,7.21438318716678,7.07927487270699,3.619832091429171,3.5438311426698146,26.00535482307896,10.286376130999995,0.13510831445978955,0.07600094875935648,15.718978692078965,2.528135709981163,high,weak α=1.5 (97% in first 3)
cs_sigma1.25_weak_sparse_a1.5,20,20,cs,100,500,1.25,3.0,weak_sparse,1.5,10,3,1.0,0.8937182721336322,cocolasso_max,reweighted_frobenius,11.181816650738154,11.271846635272132,5.769172131828247,5.805702785512482,20.20867670513689,11.294352068798617,-0.09002998453397737,-0.03653065368423469,8.914324636338275,1.7892727782910787,high,weak α=1.5 (97% in first 3)
cs_sigma1.25_weak_sparse_a1.5,21,21,cs,100,500,1.25,3.0,weak_sparse,1.5,10,3,1.0,0.8937182721336322,cocolasso_max,reweighted_frobenius,8.368001865356561,8.184375257876066,4.194198850750822,4.10222118549897,24.668175155995414,15.439028225839138,0.18362660748049464,0.0919776652518518,9.229146930156276,1.5977803003630855,high,weak α=1.5 (97% in first 3)
cs_sigma1.25_weak_sparse_a1.5,22,22,cs,100,500,1.25,3.0,weak_sparse,1.5,10,3,1.0,0.8937182721336322,cocolasso_max,reweighted_frobenius,9.140135768157691,8.909522610166306,5.379388104236471,5.202637847329002,23.58646706305444,8.291516253026202,0.23061315799138526,0.17675025690746882,15.294950810028237,2.8446506457062,high,weak α=1.5 (97% in first 3)
cs_sigma1.25_weak_sparse_a1.5,23,23,cs,100,500,1.25,3.0,weak_sparse,1.5,10,3,1.0,0.8937182721336322,cocolasso_max,reweighted_frobenius,7.881305654706866,7.700029974832978,4.129022233542343,4.053580705584632,22.0557776610367,10.714926164830104,0.18127567987388815,0.07544152795771097,11.340851496206596,2.0584162057440007,high,weak α=1.5 (97% in first 3)
cs_sigma1.25_weak_sparse_a1.5,24,24,cs,100,500,1.25,3.0,weak_sparse,1.5,10,3,1.0,0.8937182721336322,cocolasso_max,reweighted_frobenius,9.145357795316308,8.903882933685258,4.676276790180255,4.533995214524633,26.582063077948987,11.298014033120126,0.24147486163104936,0.14228157565562238,15.284049044828862,2.3528084670477196,high,weak α=1.5 (97% in first 3)
cs_sigma1.25_weak_sparse_a1.5,25,25,cs,100,500,1.25,3.0,weak_sparse,1.5,10,3,1.0,0.8937182721336322,cocolasso_max,reweighted_frobenius,8.252726496290457,8.02837971820966,4.16424580111376,4.04559242607299,29.992833332158625,12.913288592128085,0.22434677808079684,0.11865337504077011,17.079544740030542,2.3226332408029817,high,weak α=1.5 (97% in first 3)
cs_sigma1.25_weak_sparse_a1.5,26,26,cs,100,500,1.25,3.0,weak_sparse,1.5,10,3,1.0,0.8937182721336322,cocolasso_max,reweighted_frobenius,9.614295050774317,9.809121030910466,4.854198158426144,4.951122261277258,27.429525495972484,11.312393406871706,-0.19482598013614982,-0.09692410285111386,16.117132089100778,2.4247322833831464,high,weak α=1.5 (97% in first 3)
cs_sigma1.25_weak_sparse_a1.5,27,27,cs,100,500,1.25,3.0,weak_sparse,1.5,10,3,1.0,0.8937182721336322,cocolasso_max,reweighted_frobenius,9.986486111858117,10.043307129202582,5.171429336460566,5.183199774595426,29.75577808008529,9.836429249029608,-0.056821017344464764,-0.011770438134860228,19.91934883105568,3.025058924001388,high,weak α=1.5 (97% in first 3)
cs_sigma1.25_weak_sparse_a1.5,28,28,cs,100,500,1.25,3.0,weak_sparse,1.5,10,3,1.0,0.8937182721336322,cocolasso_max,reweighted_frobenius,9.778031826321785,9.69466901292881,5.11246979164329,5.036089482449166,26.918713734019548,11.10938911489211,0.08336281339297535,0.07638030919412397,15.809324619127437,2.4230597610389824,high,weak α=1.5 (97% in first 3)
cs_sigma1.25_weak_sparse_a1.5,29,29,cs,100,500,1.25,3.0,weak_sparse,1.5,10,3,1.0,0.8937182721336322,cocolasso_max,reweighted_frobenius,9.024669421038718,8.898333489617176,4.711489704238913,4.624603670209801,29.51362228486687,8.93817094201222,0.12633593142154176,0.08688603402911177,20.57545134285465,3.301975591688848,high,weak α=1.5 (97% in first 3)
cs_sigma1.25_weak_sparse_a1.5,30,30,cs,100,500,1.25,3.0,weak_sparse,1.5,10,3,1.0,0.8937182721336322,cocolasso_max,reweighted_frobenius,11.881351682494488,12.162614819727724,5.994713086960934,6.12251060205923,27.68215366988443,16.76677004713565,-0.2812631372332355,-0.12779751509829573,10.915383622748777,1.6510129018327835,high,weak α=1.5 (97% in first 3)
cs_sigma1.25_weak_sparse_a1.5,31,31,cs,100,500,1.25,3.0,weak_sparse,1.5,10,3,1.0,0.8937182721336322,cocolasso_max,reweighted_frobenius,10.857795637053204,10.946121054664344,5.545983634383891,5.61589619748702,29.134872698923573,10.47352826502174,-0.08832541761113966,-0.06991256310312899,18.66134443390183,2.7817629323849538,high,weak α=1.5 (97% in first 3)
cs_sigma1.25_weak_sparse_a1.5,32,32,cs,100,500,1.25,3.0,weak_sparse,1.5,10,3,1.0,0.8937182721336322,cocolasso_max,reweighted_frobenius,11.12055195103278,11.38505978559354,5.960855433032358,6.088860309213766,21.402035878039896,12.534840567037463,-0.2645078345607601,-0.1280048761814081,8.867195311002433,1.7074039165939023,high,weak α=1.5 (97% in first 3)
cs_sigma1.25_weak_sparse_a1.5,33,33,cs,100,500,1.25,3.0,weak_sparse,1.5,10,3,1.0,0.8937182721336322,cocolasso_max,reweighted_frobenius,9.201069833272276,8.947343131302029,4.631237857255143,4.5058376365057535,29.86433980613947,14.1650992189534,0.2537267019702476,0.1254002207493894,15.699240587186068,2.1083043150294305,high,weak α=1.5 (97% in first 3)
cs_sigma1.25_weak_sparse_a1.5,34,34,cs,100,500,1.25,3.0,weak_sparse,1.5,10,3,1.0,0.8937182721336322,cocolasso_max,reweighted_frobenius,9.473802209113696,9.32686186759121,4.747425732595798,4.675545794238521,23.551714685978368,9.868438014062122,0.1469403415224857,0.07187993835727724,13.683276671916246,2.3865696529094205,high,weak α=1.5 (97% in first 3)
cs_sigma1.25_weak_sparse_a1.5,35,35,cs,100,500,1.25,3.0,weak_sparse,1.5,10,3,1.0,0.8937182721336322,cocolasso_max,reweighted_frobenius,7.959667987074588,7.721262181733111,4.16761997936856,4.018148797388667,19.82460380694829,11.341604892164469,0.23840580534147726,0.14947118197989262,8.48299891478382,1.7479540149246813,high,weak α=1.5 (97% in first 3)
cs_sigma1.25_weak_sparse_a1.5,36,36,cs,100,500,1.25,3.0,weak_sparse,1.5,10,3,1.0,0.8937182721336322,cocolasso_max,reweighted_frobenius,11.406108545465022,11.52796600990932,5.73951705852891,5.798288908367806,19.47120183496736,8.401588143780828,-0.12185746444429846,-0.05877184983889627,11.069613691186532,2.317562049191935,high,weak α=1.5 (97% in first 3)
cs_sigma1.25_weak_sparse_a1.5,37,37,cs,100,500,1.25,3.0,weak_sparse,1.5,10,3,1.0,0.8937182721336322,cocolasso_max,reweighted_frobenius,9.070578338557995,8.905135994051774,4.759932883650254,4.6560247033791295,19.95954089006409,13.293179449858144,0.16544234450622142,0.1039081802711248,6.666361440205947,1.5014873578854069,high,weak α=1.5 (97% in first 3)
cs_sigma1.25_weak_sparse_a1.5,38,38,cs,100,500,1.25,3.0,weak_sparse,1.5,10,3,1.0,0.8937182721336322,cocolasso_max,reweighted_frobenius,10.686190078661031,11.04308049643221,5.395323344776133,5.576203367983961,20.091011170996357,15.60335422004573,-0.35689041777117936,-0.1808800232078278,4.487656950950626,1.2876084774891097,high,weak α=1.5 (97% in first 3)
cs_sigma1.25_weak_sparse_a1.5,39,39,cs,100,500,1.25,3.0,weak_sparse,1.5,10,3,1.0,0.8937182721336322,cocolasso_max,reweighted_frobenius,10.275063564641222,10.362212763897322,5.350270547255117,5.3856838034412045,19.957222637021918,11.249260290991517,-0.08714919925609976,-0.035413256186087594,8.707962346030401,1.7740919954535852,high,weak α=1.5 (97% in first 3)
cs_sigma1.25_weak_sparse_a1.5,40,40,cs,100,500,1.25,3.0,weak_sparse,1.5,10,3,1.0,0.8937182721336322,cocolasso_max,reweighted_frobenius,9.266157852308124,9.382778578240396,4.882031614463295,4.917827567073325,19.720935366116464,10.697743901982903,-0.1166207259322718,-0.03579595261003021,9.02319146413356,1.8434667670873153,high,weak α=1.5 (97% in first 3)
cs_sigma1.25_weak_sparse_a1.5,41,41,cs,100,500,1.25,3.0,weak_sparse,1.5,10,3,1.0,0.8937182721336322,cocolasso_max,reweighted_frobenius,8.410701774320417,8.14462374158898,4.429112584080225,4.271352920670315,19.682037664111704,10.648916720878333,0.2660780327314374,0.15775966340990966,9.03312094323337,1.848266652843944,high,weak α=1.5 (97% in first 3)
cs_sigma1.25_weak_sparse_a1.5,42,42,cs,100,500,1.25,3.0,weak_sparse,1.5,10,3,1.0,0.8937182721336322,cocolasso_max,reweighted_frobenius,11.330318979266837,11.44938657075349,5.994006645308366,6.0007554212749445,20.441714768996462,10.400769186904654,-0.1190675914866528,-0.006748775966578968,10.040945582091808,1.9654041351801277,high,weak α=1.5 (97% in first 3)
cs_sigma1.25_weak_sparse_a1.5,43,43,cs,100,500,1.25,3.0,weak_sparse,1.5,10,3,1.0,0.8937182721336322,cocolasso_max,reweighted_frobenius,9.392282791384575,9.243574923846834,4.870087536751788,4.801005946447091,24.34667651494965,11.640619272133335,0.14870786753774112,0.0690815903046964,12.706057242816314,2.091527602249955,high,weak α=1.5 (97% in first 3)
cs_sigma1.25_weak_sparse_a1.5,44,44,cs,100,500,1.25,3.0,weak_sparse,1.5,10,3,1.0,0.8937182721336322,cocolasso_max,reweighted_frobenius,9.446405728842205,9.59148790516254,5.007389340636061,5.068476360772453,21.76427684002556,14.696064663818106,-0.1450821763203347,-0.06108702013639267,7.068212176207453,1.4809595179319999,high,weak α=1.5 (97% in first 3)
cs_sigma1.25_weak_sparse_a1.5,45,45,cs,100,500,1.25,3.0,weak_sparse,1.5,10,3,1.0,0.8937182721336322,cocolasso_max,reweighted_frobenius,11.180976452815788,11.288634321676785,5.753990009321708,5.8016458229651136,28.546241458971053,13.257196230115367,-0.10765786886099704,-0.047655813643405764,15.289045228855686,2.1532638548507506,high,weak α=1.5 (97% in first 3)
cs_sigma1.25_weak_sparse_a1.5,46,46,cs,100,500,1.25,3.0,weak_sparse,1.5,10,3,1.0,0.8937182721336322,cocolasso_max,reweighted_frobenius,7.35414448172202,7.615237325757841,3.880442369745689,4.013239772658735,26.50023598689586,16.386416358174756,-0.26109284403582045,-0.13279740291304565,10.113819628721103,1.6172075338288094,high,weak α=1.5 (97% in first 3)
cs_sigma1.25_weak_sparse_a1.5,47,47,cs,100,500,1.25,3.0,weak_sparse,1.5,10,3,1.0,0.8937182721336322,cocolasso_max,reweighted_frobenius,8.338253516521323,8.01463518718058,4.170534628913622,4.008249923506001,26.96899008192122,14.546550491126254,0.32361832934074286,0.16228470540762086,12.422439590794966,1.8539783777860568,high,weak α=1.5 (97% in first 3)
cs_sigma1.25_weak_sparse_a1.5,48,48,cs,100,500,1.25,3.0,weak_sparse,1.5,10,3,1.0,0.8937182721336322,cocolasso_max,reweighted_frobenius,10.348469784415087,10.360354353899067,5.790578486992319,5.807050109143409,19.724110094131905,15.365846089087428,-0.0118845694839802,-0.016471622151089882,4.358264005044477,1.2836331940184957,high,weak α=1.5 (97% in first 3)
cs_sigma1.25_weak_sparse_a1.5,49,49,cs,100,500,1.25,3.0,weak_sparse,1.5,10,3,1.0,0.8937182721336322,cocolasso_max,reweighted_frobenius,9.047441295969024,8.85897940534494,4.634923779556632,4.536976154791992,20.70481569203548,17.54532306198962,0.18846189062408492,0.09794762476464047,3.159492630045861,1.1800760589521786,high,weak α=1.5 (97% in first 3)
cs_sigma1.25_weak_sparse_a1.5,50,50,cs,100,500,1.25,3.0,weak_sparse,1.5,10,3,1.0,0.8937182721336322,cocolasso_max,reweighted_frobenius,9.406403580415208,9.388544394873092,5.005724747324144,4.998092102913015,26.11460558185354,13.67219805996865,0.017859185542116407,0.007632644411128986,12.442407521884888,1.9100517317925263,high,weak α=1.5 (97% in first 3)
cs_sigma1.25_weak_sparse_a1.5,51,51,cs,100,500,1.25,3.0,weak_sparse,1.5,10,3,1.0,0.8937182721336322,cocolasso_max,reweighted_frobenius,9.23980102345687,9.099963505723457,4.659631495384638,4.583535569634816,19.63454940309748,15.099348964868112,0.13983751773341346,0.07609592574982216,4.535200438229369,1.3003573497626613,high,weak α=1.5 (97% in first 3)
cs_sigma1.25_weak_sparse_a1.5,52,52,cs,100,500,1.25,3.0,weak_sparse,1.5,10,3,1.0,0.8937182721336322,cocolasso_max,reweighted_frobenius,11.2793438303613,11.333704112378031,6.740275747411143,6.806387544535153,19.481508584227413,13.00154699315317,-0.05436028201673082,-0.06611179712400972,6.479961591074243,1.4983992746775978,high,weak α=1.5 (97% in first 3)
cs_sigma1.25_weak_sparse_a1.5,53,53,cs,100,500,1.25,3.0,weak_sparse,1.5,10,3,1.0,0.8937182721336322,cocolasso_max,reweighted_frobenius,8.483439897729236,8.38696905391651,4.26693040752309,4.212227852669899,19.9546380660031,15.529786517843604,0.09647084381272641,0.05470255485319164,4.424851548159495,1.284926746615311,high,weak α=1.5 (97% in first 3)
cs_sigma1.25_weak_sparse_a1.5,54,54,cs,100,500,1.25,3.0,weak_sparse,1.5,10,3,1.0,0.8937182721336322,cocolasso_max,reweighted_frobenius,8.221859819799368,7.892282182170375,4.213256830025847,4.036864436405337,19.339512462029237,11.780505920061842,0.3295776376289936,0.1763923936205094,7.5590065419673955,1.6416538129397855,high,weak α=1.5 (97% in first 3)
cs_sigma1.25_weak_sparse_a1.5,55,55,cs,100,500,1.25,3.0,weak_sparse,1.5,10,3,1.0,0.8937182721336322,cocolasso_max,reweighted_frobenius,11.289370626782937,11.405253086411806,5.6529150741749605,5.715612701187172,19.943583655171096,14.40271303616464,-0.11588245962886923,-0.06269762701221104,5.540870619006457,1.3847102004388723,high,weak α=1.5 (97% in first 3)
cs_sigma1.25_weak_sparse_a1.5,56,56,cs,100,500,1.25,3.0,weak_sparse,1.5,10,3,1.0,0.8937182721336322,cocolasso_max,reweighted_frobenius,8.037634150722454,7.851960365265456,4.171463179473761,4.041052002011071,19.933206502115357,11.541064482182264,0.18567378545699764,0.13041117746269038,8.392142019933093,1.7271549373014377,high,weak α=1.5 (97% in first 3)
cs_sigma1.25_weak_sparse_a1.5,57,57,cs,100,500,1.25,3.0,weak_sparse,1.5,10,3,1.0,0.8937182721336322,cocolasso_max,reweighted_frobenius,11.12097566532137,11.18244339424836,5.629240951142562,5.663853657387754,20.085703680990264,16.231920643011108,-0.06146772892699026,-0.034612706245191305,3.853783037979156,1.2374200270402664,high,weak α=1.5 (97% in first 3)
cs_sigma1.25_weak_sparse_a1.5,58,58,cs,100,500,1.25,3.0,weak_sparse,1.5,10,3,1.0,0.8937182721336322,cocolasso_max,reweighted_frobenius,9.514059304482211,9.359355038716398,4.822219152773332,4.729463897343683,19.555265083210543,11.8437865418382,0.15470426576581353,0.09275525542964935,7.711478541372342,1.651099081711033,high,weak α=1.5 (97% in first 3)
cs_sigma1.25_weak_sparse_a1.5,59,59,cs,100,500,1.25,3.0,weak_sparse,1.5,10,3,1.0,0.8937182721336322,cocolasso_max,reweighted_frobenius,8.776479799259446,8.429770228723962,4.72086666672643,4.54310865003998,19.732005181955174,11.631287382915616,0.34670957053548435,0.17775801668644942,8.100717799039558,1.6964592596119785,high,weak α=1.5 (97% in first 3)
cs_sigma1.25_weak_sparse_a1.5,60,60,cs,100,500,1.25,3.0,weak_sparse,1.5,10,3,1.0,0.8937182721336322,cocolasso_max,reweighted_frobenius,10.516723359085312,10.539115571067814,5.285331920000477,5.299362711880754,20.91659019701183,16.431032632943243,-0.02239221198250263,-0.014030791880276894,4.485557564068586,1.2729930409288646,high,weak α=1.5 (97% in first 3)
cs_sigma1.25_weak_sparse_a1.5,61,61,cs,100,500,1.25,3.0,weak_sparse,1.5,10,3,1.0,0.8937182721336322,cocolasso_max,reweighted_frobenius,11.461762111344893,11.64947967865796,5.784631906666625,5.880207667242462,21.09107459988445,15.508753968169913,-0.18771756731306688,-0.09557576057583628,5.582320631714538,1.3599464304593176,high,weak α=1.5 (97% in first 3)
cs_sigma1.25_weak_sparse_a1.5,62,62,cs,100,500,1.25,3.0,weak_sparse,1.5,10,3,1.0,0.8937182721336322,cocolasso_max,reweighted_frobenius,7.682189578799271,7.486316143956392,3.8443836931309,3.7508202348168274,19.56120457709767,13.71098309289664,0.19587343484287878,0.09356345831407253,5.850221484201029,1.4266814016590759,high,weak α=1.5 (97% in first 3)
cs_sigma1.25_weak_sparse_a1.5,63,63,cs,100,500,1.25,3.0,weak_sparse,1.5,10,3,1.0,0.8937182721336322,cocolasso_max,reweighted_frobenius,7.993330795701065,7.833372477254873,4.00463483436867,3.920389372017909,19.710991298081357,11.039459594991058,0.15995831844619257,0.08424546235076136,8.671531703090299,1.7855032783511287,high,weak α=1.5 (97% in first 3)
cs_sigma1.25_weak_sparse_a1.5,64,64,cs,100,500,1.25,3.0,weak_sparse,1.5,10,3,1.0,0.8937182721336322,cocolasso_max,reweighted_frobenius,11.463779017742551,11.588856379454542,5.944150001944325,5.99455482911054,20.109821370104328,16.06459284108132,-0.12507736171199113,-0.05040482716621497,4.045228529023007,1.2518102120010357,high,weak α=1.5 (97% in first 3)
cs_sigma1.25_weak_sparse_a1.5,65,65,cs,100,500,1.25,3.0,weak_sparse,1.5,10,3,1.0,0.8937182721336322,cocolasso_max,reweighted_frobenius,7.207114811960197,7.034581792824679,3.7814285785500665,3.6871198110353314,20.77332399901934,12.645757863065228,0.17253301913551766,0.09430876751473516,8.127566135954112,1.6427108777475876,high,weak α=1.5 (97% in first 3)
cs_sigma1.25_weak_sparse_a1.5,66,66,cs,100,500,1.25,3.0,weak_sparse,1.5,10,3,1.0,0.8937182721336322,cocolasso_max,reweighted_frobenius,8.569263450296173,8.234370865973826,4.717175765490841,4.582875685367972,27.70885935192928,14.847466453909874,0.3348925843223469,0.13430008012286887,12.861392898019407,1.866234851443799,high,weak α=1.5 (97% in first 3)
cs_sigma1.25_weak_sparse_a1.5,67,67,cs,100,500,1.25,3.0,weak_sparse,1.5,10,3,1.0,0.8937182721336322,cocolasso_max,reweighted_frobenius,11.057594939348968,11.085078714775094,6.052409999489199,6.036449755963568,27.646333171986043,11.582403406035157,-0.027483775426125234,0.015960243525630524,16.06392976595089,2.386925424958051,high,weak α=1.5 (97% in first 3)
cs_sigma1.25_weak_sparse_a1.5,68,68,cs,100,500,1.25,3.0,weak_sparse,1.5,10,3,1.0,0.8937182721336322,cocolasso_max,reweighted_frobenius,9.240766518349313,9.077245696981889,4.744202054987899,4.655630267175517,19.364163995021958,9.515424598939717,0.16352082136742396,0.0885717878123824,9.848739396082241,2.0350288937374024,high,weak α=1.5 (97% in first 3)
cs_sigma1.25_weak_sparse_a1.5,69,69,cs,100,500,1.25,3.0,weak_sparse,1.5,10,3,1.0,0.8937182721336322,cocolasso_max,reweighted_frobenius,10.095192935556357,10.11517441333966,5.049451041151806,5.066700624739274,19.655052287038416,10.073913690866902,-0.019981477783304058,-0.017249583587467754,9.581138596171513,1.9510840463977626,high,weak α=1.5 (97% in first 3)
cs_sigma1.25_weak_sparse_a1.5,70,70,cs,100,500,1.25,3.0,weak_sparse,1.5,10,3,1.0,0.8937182721336322,cocolasso_max,reweighted_frobenius,9.440308298609796,9.290476955595608,5.075038279117391,5.014158249464198,19.77223073411733,10.922074418049306,0.14983134301418843,0.060880029653192835,8.850156316068023,1.8102999464499776,high,weak α=1.5 (97% in first 3)
cs_sigma1.25_weak_sparse_a1.5,71,71,cs,100,500,1.25,3.0,weak_sparse,1.5,10,3,1.0,0.8937182721336322,cocolasso_max,reweighted_frobenius,9.407189815704516,9.435414783560203,4.7113053263873175,4.725429771339039,19.853955822065476,12.352778386091812,-0.028224967855686955,-0.014124444951721493,7.5011774359736645,1.6072461758416519,high,weak α=1.5 (97% in first 3)
cs_sigma1.25_weak_sparse_a1.5,72,72,cs,100,500,1.25,3.0,weak_sparse,1.5,10,3,1.0,0.8937182721336322,cocolasso_max,reweighted_frobenius,11.29643940240355,11.406155413704264,6.107994848402855,6.133748611937901,19.683503987034783,12.58355822903104,-0.10971601130071384,-0.02575376353504577,7.099945758003743,1.5642240158768237,high,weak α=1.5 (97% in first 3)
cs_sigma1.25_weak_sparse_a1.5,73,73,cs,100,500,1.25,3.0,weak_sparse,1.5,10,3,1.0,0.8937182721336322,cocolasso_max,reweighted_frobenius,9.738661707969095,9.711339051478362,5.522483059214414,5.49563352178676,19.93381310300901,11.8235977019649,0.02732265649073362,0.026849537427653836,8.110215401044112,1.6859346541955094,high,weak α=1.5 (97% in first 3)
cs_sigma1.25_weak_sparse_a1.5,74,74,cs,100,500,1.25,3.0,weak_sparse,1.5,10,3,1.0,0.8937182721336322,cocolasso_max,reweighted_frobenius,5.876139572970768,5.490970449881683,3.085631752323679,2.8747826001305223,19.910181423882023,12.660942554008216,0.385169123089085,0.2108491521931568,7.249238869873807,1.572567076973178,high,weak α=1.5 (97% in first 3)
cs_sigma1.25_weak_sparse_a1.5,75,75,cs,100,500,1.25,3.0,weak_sparse,1.5,10,3,1.0,0.8937182721336322,cocolasso_max,reweighted_frobenius,8.741330278608974,8.7744735456834,4.374923789616858,4.394315678374142,19.741862850030884,10.022142034955325,-0.03314326707442561,-0.01939188875728437,9.71972081507556,1.9698246922838474,high,weak α=1.5 (97% in first 3)
cs_sigma1.25_weak_sparse_a1.5,76,76,cs,100,500,1.25,3.0,weak_sparse,1.5,10,3,1.0,0.8937182721336322,cocolasso_max,reweighted_frobenius,5.752172018391104,5.634626693670167,2.9528175973089583,2.8759655092091005,19.613371091894805,10.326922110049054,0.11754532472093615,0.07685208809985777,9.286448981845751,1.8992465405359429,high,weak α=1.5 (97% in first 3)
cs_sigma1.25_weak_sparse_a1.5,77,77,cs,100,500,1.25,3.0,weak_sparse,1.5,10,3,1.0,0.8937182721336322,cocolasso_max,reweighted_frobenius,9.691313563355736,9.67583054071192,5.01165660130938,4.995198061611877,24.501840580953285,14.021849694894629,0.01548302264381718,0.01645853969750366,10.479990886058657,1.7474043092812808,high,weak α=1.5 (97% in first 3)
cs_sigma1.25_weak_sparse_a1.5,78,78,cs,100,500,1.25,3.0,weak_sparse,1.5,10,3,1.0,0.8937182721336322,cocolasso_max,reweighted_frobenius,9.437519346757904,9.280831163523844,5.264607092730125,5.168773582474943,26.37992209312506,11.55175703112036,0.15668818323405986,0.09583351025518194,14.8281650620047,2.283628544303496,high,weak α=1.5 (97% in first 3)
cs_sigma1.25_weak_sparse_a1.5,79,79,cs,100,500,1.25,3.0,weak_sparse,1.5,10,3,1.0,0.8937182721336322,cocolasso_max,reweighted_frobenius,9.506311125151226,9.397398519175528,4.913787897518993,4.840063931599111,30.433897737879303,13.50418629613705,0.10891260597569818,0.07372396591988117,16.929711441742253,2.253663943201457,high,weak α=1.5 (97% in first 3)
cs_sigma1.25_weak_sparse_a1.5,80,80,cs,100,500,1.25,3.0,weak_sparse,1.5,10,3,1.0,0.8937182721336322,cocolasso_max,reweighted_frobenius,7.201209432009504,6.930315140202038,3.696140878047727,3.590610143151637,31.01021555485204,14.34096253896132,0.2708942918074664,0.1055307348960901,16.669253015890718,2.1623524551161704,high,weak α=1.5 (97% in first 3)
cs_sigma1.25_weak_sparse_a1.5,81,81,cs,100,500,1.25,3.0,weak_sparse,1.5,10,3,1.0,0.8937182721336322,cocolasso_max,reweighted_frobenius,9.986791333401971,9.884224030437856,5.89235916699558,5.842171139629873,31.624359739013016,17.090312851127237,0.10256730296411476,0.05018802736570738,14.53404688788578,1.850426028738681,high,weak α=1.5 (97% in first 3)
cs_sigma1.25_weak_sparse_a1.5,82,82,cs,100,500,1.25,3.0,weak_sparse,1.5,10,3,1.0,0.8937182721336322,cocolasso_max,reweighted_frobenius,9.196847203593052,9.067117514790386,5.533775062663147,5.45781836831995,29.15961609501392,12.527048537973316,0.12972968880266578,0.07595669434319685,16.632567557040602,2.327732347058623,high,weak α=1.5 (97% in first 3)
cs_sigma1.25_weak_sparse_a1.5,83,83,cs,100,500,1.25,3.0,weak_sparse,1.5,10,3,1.0,0.8937182721336322,cocolasso_max,reweighted_frobenius,10.412937036900187,10.43355325231077,5.499852760868031,5.507232228715846,30.902540571056303,10.130906698992476,-0.020616215410582228,-0.007379467847814958,20.771633872063827,3.050323281935819,high,weak α=1.5 (97% in first 3)
cs_sigma1.25_weak_sparse_a1.5,84,84,cs,100,500,1.25,3.0,weak_sparse,1.5,10,3,1.0,0.8937182721336322,cocolasso_max,reweighted_frobenius,10.594739473464625,10.752683932124375,5.63754277191237,5.695178482584213,30.11589252902195,13.232804083963856,-0.1579444586597507,-0.05763571067184259,16.883088445058092,2.275851160338558,high,weak α=1.5 (97% in first 3)
cs_sigma1.25_weak_sparse_a1.5,85,85,cs,100,500,1.25,3.0,weak_sparse,1.5,10,3,1.0,0.8937182721336322,cocolasso_max,reweighted_frobenius,11.581450873430583,11.75459846374334,5.918075876828844,5.975177007167352,30.92220675502904,12.357061033835636,-0.17314759031275706,-0.05710113033850739,18.565145721193403,2.502391682808641,high,weak α=1.5 (97% in first 3)
cs_sigma1.25_weak_sparse_a1.5,86,86,cs,100,500,1.25,3.0,weak_sparse,1.5,10,3,1.0,0.8937182721336322,cocolasso_max,reweighted_frobenius,7.642189877984795,7.532181512372302,3.8905875041035616,3.823857263840324,30.72129942895845,15.405809828080235,0.11000836561249283,0.06673024026323748,15.315489600878214,1.9941372619674045,high,weak α=1.5 (97% in first 3)
cs_sigma1.25_weak_sparse_a1.5,87,87,cs,100,500,1.25,3.0,weak_sparse,1.5,10,3,1.0,0.8937182721336322,cocolasso_max,reweighted_frobenius,7.444116727574053,7.047863908797773,3.775789778193134,3.546511046313734,31.09169007418677,15.735733658773825,0.39625281877628016,0.22927873187940007,15.355956415412944,1.9758652979520197,high,weak α=1.5 (97% in first 3)
cs_sigma1.25_weak_sparse_a1.5,88,88,cs,100,500,1.25,3.0,weak_sparse,1.5,10,3,1.0,0.8937182721336322,cocolasso_max,reweighted_frobenius,11.493551467301884,11.560063611048353,6.558339916171124,6.566388735755042,30.945967151084915,10.483893685042858,-0.06651214374646841,-0.008048819583917677,20.462073466042057,2.951762778292463,high,weak α=1.5 (97% in first 3)
cs_sigma1.25_weak_sparse_a1.5,89,89,cs,100,500,1.25,3.0,weak_sparse,1.5,10,3,1.0,0.8937182721336322,cocolasso_max,reweighted_frobenius,8.453881101980397,8.31970216107843,4.285982028015713,4.206723995111025,30.549672089982774,13.339716880116612,0.13417894090196647,0.07925803290468814,17.209955209866163,2.290128970841825,high,weak α=1.5 (97% in first 3)
cs_sigma1.25_weak_sparse_a1.5,90,90,cs,100,500,1.25,3.0,weak_sparse,1.5,10,3,1.0,0.8937182721336322,cocolasso_max,reweighted_frobenius,11.426150842483835,11.539901026731329,5.892534715708671,5.963225982334745,30.474823033902798,14.217390364967288,-0.11375018424749328,-0.07069126662607328,16.257432668935508,2.1434892235212897,high,weak α=1.5 (97% in first 3)
cs_sigma1.25_weak_sparse_a1.5,91,91,cs,100,500,1.25,3.0,weak_sparse,1.5,10,3,1.0,0.8937182721336322,cocolasso_max,reweighted_frobenius,9.435062384663365,9.33781038152723,5.431114562241338,5.366072144656116,30.419650718802583,8.90018476289697,0.09725200313613414,0.06504241758522156,21.519465955905613,3.417867328509383,high,weak α=1.5 (97% in first 3)
cs_sigma1.25_weak_sparse_a1.5,92,92,cs,100,500,1.25,3.0,weak_sparse,1.5,10,3,1.0,0.8937182721336322,cocolasso_max,reweighted_frobenius,11.194437579668298,11.31584648993728,5.694045060335406,5.755133725347278,30.77598188491538,13.116619448876008,-0.1214089102689826,-0.061088665011872045,17.659362436039373,2.346334892528474,high,weak α=1.5 (97% in first 3)
cs_sigma1.25_weak_sparse_a1.5,93,93,cs,100,500,1.25,3.0,weak_sparse,1.5,10,3,1.0,0.8937182721336322,cocolasso_max,reweighted_frobenius,8.413997677624248,8.04418446585942,5.249889452997685,5.065037414576863,30.531647050054744,12.434037306113169,0.3698132117648285,0.18485203842082232,18.097609743941575,2.455489419759415,high,weak α=1.5 (97% in first 3)
cs_sigma1.25_weak_sparse_a1.5,94,94,cs,100,500,1.25,3.0,weak_sparse,1.5,10,3,1.0,0.8937182721336322,cocolasso_max,reweighted_frobenius,10.823321949661564,10.989181484051487,5.459460317064529,5.529072666949265,29.13289520703256,12.805356728844345,-0.16585953438992362,-0.06961234988473564,16.327538478188217,2.2750553400367273,high,weak α=1.5 (97% in first 3)
cs_sigma1.25_weak_sparse_a1.5,95,95,cs,100,500,1.25,3.0,weak_sparse,1.5,10,3,1.0,0.8937182721336322,cocolasso_max,reweighted_frobenius,10.088000169266934,10.05429056045804,5.051390501721512,5.03288745991624,30.530035314848647,13.254270853940398,0.033709608808893066,0.01850304180527207,17.27576446090825,2.303411153377199,high,weak α=1.5 (97% in first 3)
cs_sigma1.25_weak_sparse_a1.5,96,96,cs,100,500,1.25,3.0,weak_sparse,1.5,10,3,1.0,0.8937182721336322,cocolasso_max,reweighted_frobenius,7.06775994468259,6.705470980577614,3.631104258755789,3.4313922636448324,27.61480642296374,12.75306816608645,0.3622889641049758,0.1997119951109565,14.861738256877288,2.165346100509234,high,weak α=1.5 (97% in first 3)
cs_sigma1.25_weak_sparse_a1.5,97,97,cs,100,500,1.25,3.0,weak_sparse,1.5,10,3,1.0,0.8937182721336322,cocolasso_max,reweighted_frobenius,10.735690016747505,10.730352706359236,5.597037740333555,5.567783015649457,30.69495818810537,10.490599376847968,0.00533731038826879,0.02925472468409751,20.204358811257404,2.9259489458578543,high,weak α=1.5 (97% in first 3)
cs_sigma1.25_weak_sparse_a1.5,98,98,cs,100,500,1.25,3.0,weak_sparse,1.5,10,3,1.0,0.8937182721336322,cocolasso_max,reweighted_frobenius,9.699782755738529,9.731801278584411,4.85646224705348,4.875068709606343,30.894833107944574,12.416569693945348,-0.03201852284588291,-0.0186064625528628,18.478263413999226,2.4881939109969897,high,weak α=1.5 (97% in first 3)
cs_sigma1.25_weak_sparse_a1.5,99,99,cs,100,500,1.25,3.0,weak_sparse,1.5,10,3,1.0,0.8937182721336322,cocolasso_max,reweighted_frobenius,9.652531377038123,9.48532913040585,4.906728776843405,4.810049607405393,30.94371491088532,11.358701406046748,0.16720224663227334,0.09667916943801202,19.58501350483857,2.724229980586741,high,weak α=1.5 (97% in first 3)
cs_sigma1.25_weak_sparse_a2.0,0,0,cs,100,500,1.25,3.0,weak_sparse,2.0,10,3,1.0,0.8793859844187415,cocolasso_max,reweighted_frobenius,10.239768498319783,10.34696407269838,5.732511964374775,5.804853474242488,22.07179794111289,13.421512162080036,-0.10719557437859706,-0.07234150986771315,8.650285779032854,1.6445090295766087,high,weak α=2.0 (99% in first 3)
cs_sigma1.25_weak_sparse_a2.0,1,1,cs,100,500,1.25,3.0,weak_sparse,2.0,10,3,1.0,0.8793859844187415,cocolasso_max,reweighted_frobenius,8.103512595722753,8.016168837520903,4.57963789037741,4.506145106064873,21.72753039584495,14.33467829413712,0.08734375820185036,0.07349278431253659,7.392852101707831,1.5157319857489586,high,weak α=2.0 (99% in first 3)
cs_sigma1.25_weak_sparse_a2.0,2,2,cs,100,500,1.25,3.0,weak_sparse,2.0,10,3,1.0,0.8793859844187415,cocolasso_max,reweighted_frobenius,10.037267995349476,10.099050709544224,6.843922466939562,6.867705577364145,21.74781606392935,10.738345708930863,-0.06178271419474868,-0.023783110424583143,11.009470354998486,2.0252482694650196,high,weak α=2.0 (99% in first 3)
cs_sigma1.25_weak_sparse_a2.0,3,3,cs,100,500,1.25,3.0,weak_sparse,2.0,10,3,1.0,0.8793859844187415,cocolasso_max,reweighted_frobenius,6.826036312924271,6.4406689042206215,3.445944496294654,3.245605172185683,22.20013622310944,14.556867595994843,0.38536740870364916,0.20033932410897126,7.643268627114596,1.5250627291009746,high,weak α=2.0 (99% in first 3)
cs_sigma1.25_weak_sparse_a2.0,4,4,cs,100,500,1.25,3.0,weak_sparse,2.0,10,3,1.0,0.8793859844187415,cocolasso_max,reweighted_frobenius,8.313417907948066,8.362437047233291,4.165419948968762,4.184131984972639,21.68706105998717,11.333563794149086,-0.04901913928522461,-0.018712036003877053,10.353497265838083,1.9135253000634311,high,weak α=2.0 (99% in first 3)
cs_sigma1.25_weak_sparse_a2.0,5,5,cs,100,500,1.25,3.0,weak_sparse,2.0,10,3,1.0,0.8793859844187415,cocolasso_max,reweighted_frobenius,7.692713033979574,7.532506706634568,3.872908757136261,3.791634362095986,21.879984342027456,13.242227218812332,0.16020632734500584,0.08127439504027523,8.637757123215124,1.652288846920256,high,weak α=2.0 (99% in first 3)
cs_sigma1.25_weak_sparse_a2.0,6,6,cs,100,500,1.25,3.0,weak_sparse,2.0,10,3,1.0,0.8793859844187415,cocolasso_max,reweighted_frobenius,7.17808882116012,6.945372726694044,3.743249691055164,3.593632188061492,21.06545148906298,11.681209261994807,0.23271609446607577,0.1496175029936717,9.384242227068173,1.803362221889142,high,weak α=2.0 (99% in first 3)
cs_sigma1.25_weak_sparse_a2.0,7,7,cs,100,500,1.25,3.0,weak_sparse,2.0,10,3,1.0,0.8793859844187415,cocolasso_max,reweighted_frobenius,7.371480523895738,7.003040536822582,4.084443678442476,3.85145764093262,20.24163779290393,10.387070351978764,0.36843998707315606,0.23298603750985558,9.854567440925166,1.9487340613850608,high,weak α=2.0 (99% in first 3)
cs_sigma1.25_weak_sparse_a2.0,8,8,cs,100,500,1.25,3.0,weak_sparse,2.0,10,3,1.0,0.8793859844187415,cocolasso_max,reweighted_frobenius,6.795585791245284,6.5387529495678764,3.979437739685078,3.825389506634622,20.29321508598514,11.226918897824362,0.25683284167740794,0.15404823305045579,9.066296188160777,1.807549806912537,high,weak α=2.0 (99% in first 3)
cs_sigma1.25_weak_sparse_a2.0,9,9,cs,100,500,1.25,3.0,weak_sparse,2.0,10,3,1.0,0.8793859844187415,cocolasso_max,reweighted_frobenius,9.027568373828062,9.021987611949012,4.52133852522793,4.517111397430638,20.77417044597678,12.148073323071005,0.005580761879050655,0.004227127797292063,8.626097122905774,1.7100794416941432,high,weak α=2.0 (99% in first 3)
cs_sigma1.25_weak_sparse_a2.0,10,10,cs,100,500,1.25,3.0,weak_sparse,2.0,10,3,1.0,0.8793859844187415,cocolasso_max,reweighted_frobenius,7.6920310481143455,7.380294427124982,3.846780534003155,3.691094575089775,21.225961748044934,12.053240397945046,0.3117366209893637,0.15568595891337988,9.172721350099888,1.7610170416632314,high,weak α=2.0 (99% in first 3)
cs_sigma1.25_weak_sparse_a2.0,11,11,cs,100,500,1.25,3.0,weak_sparse,2.0,10,3,1.0,0.8793859844187415,cocolasso_max,reweighted_frobenius,7.814805495364323,7.809193374161284,3.928737652035032,3.915842970731366,20.74704832700081,9.506096728844568,0.005612121203038889,0.012894681303666111,11.240951598156244,2.1824991811883803,high,weak α=2.0 (99% in first 3)
cs_sigma1.25_weak_sparse_a2.0,12,12,cs,100,500,1.25,3.0,weak_sparse,2.0,10,3,1.0,0.8793859844187415,cocolasso_max,reweighted_frobenius,8.769549900320294,8.70221931093506,4.424656555895637,4.413019562829078,21.75899895792827,13.260557766770944,0.06733058938523406,0.011636993066558965,8.498441191157326,1.6408811258643434,high,weak α=2.0 (99% in first 3)
cs_sigma1.25_weak_sparse_a2.0,13,13,cs,100,500,1.25,3.0,weak_sparse,2.0,10,3,1.0,0.8793859844187415,cocolasso_max,reweighted_frobenius,8.433258708712126,8.29612777338731,4.578871376651485,4.477789954346132,20.57096394104883,11.288288722978905,0.1371309353248158,0.10108142230535222,9.282675218069926,1.822327940564962,high,weak α=2.0 (99% in first 3)
cs_sigma1.25_weak_sparse_a2.0,14,14,cs,100,500,1.25,3.0,weak_sparse,2.0,10,3,1.0,0.8793859844187415,cocolasso_max,reweighted_frobenius,9.457727914636186,9.673630633673673,4.754617765190789,4.846450295276585,21.30762666091323,11.448657345958054,-0.21590271903748715,-0.09183253008579673,9.858969314955175,1.8611463350709752,high,weak α=2.0 (99% in first 3)
cs_sigma1.25_weak_sparse_a2.0,15,15,cs,100,500,1.25,3.0,weak_sparse,2.0,10,3,1.0,0.8793859844187415,cocolasso_max,reweighted_frobenius,7.663331599549924,7.521519139686158,4.015078568595793,3.929126673054458,20.61458987602964,7.822647982975468,0.14181245986376556,0.08595189554133453,12.791941893054172,2.6352444748751886,high,weak α=2.0 (99% in first 3)
cs_sigma1.25_weak_sparse_a2.0,16,16,cs,100,500,1.25,3.0,weak_sparse,2.0,10,3,1.0,0.8793859844187415,cocolasso_max,reweighted_frobenius,8.580328219064645,8.524044183592139,4.678567802948082,4.632556545302294,21.036160707008094,11.778880842030048,0.05628403547250649,0.046011257645788284,9.257279864978045,1.785921853623454,high,weak α=2.0 (99% in first 3)
cs_sigma1.25_weak_sparse_a2.0,17,17,cs,100,500,1.25,3.0,weak_sparse,2.0,10,3,1.0,0.8793859844187415,cocolasso_max,reweighted_frobenius,9.434106294993908,9.49038184642166,4.730505096103538,4.768166696280578,21.210359086981043,9.884521282976491,-0.05627555142775087,-0.03766160017703957,11.325837804004552,2.145815510915066,high,weak α=2.0 (99% in first 3)
cs_sigma1.25_weak_sparse_a2.0,18,18,cs,100,500,1.25,3.0,weak_sparse,2.0,10,3,1.0,0.8793859844187415,cocolasso_max,reweighted_frobenius,10.348971565729592,10.465670991066045,5.184550678471976,5.24068870574773,21.490960179828107,9.046410179929808,-0.11669942533645283,-0.0561380272757539,12.4445499998983,2.375634063941467,high,weak α=2.0 (99% in first 3)
cs_sigma1.25_weak_sparse_a2.0,19,19,cs,100,500,1.25,3.0,weak_sparse,2.0,10,3,1.0,0.8793859844187415,cocolasso_max,reweighted_frobenius,6.112792586142597,5.934110330698841,3.087256715259926,2.985106776290679,21.799794741906226,9.982060933019966,0.17868225544375615,0.10214993896924707,11.81773380888626,2.1838971819731148,high,weak α=2.0 (99% in first 3)
cs_sigma1.25_weak_sparse_a2.0,20,20,cs,100,500,1.25,3.0,weak_sparse,2.0,10,3,1.0,0.8793859844187415,cocolasso_max,reweighted_frobenius,10.128970816222507,10.187749353012824,5.254242740429138,5.26223257038486,25.130329358158637,10.388821674045175,-0.058778536790317304,-0.007989829955722172,14.741507684113461,2.418977834699269,high,weak α=2.0 (99% in first 3)
cs_sigma1.25_weak_sparse_a2.0,21,21,cs,100,500,1.25,3.0,weak_sparse,2.0,10,3,1.0,0.8793859844187415,cocolasso_max,reweighted_frobenius,7.102663524792791,6.927668873910744,3.5514194589999195,3.4638434286430817,24.25265713105909,17.642021558946,0.1749946508820468,0.08757603035683781,6.610635572113093,1.374709641410734,high,weak α=2.0 (99% in first 3)
cs_sigma1.25_weak_sparse_a2.0,22,22,cs,100,500,1.25,3.0,weak_sparse,2.0,10,3,1.0,0.8793859844187415,cocolasso_max,reweighted_frobenius,8.191526364451834,7.984247445562865,4.971499714577069,4.815069262809077,22.23764681606553,8.169835302978754,0.207278918888969,0.1564304517679922,14.067811513086777,2.721921065894388,high,weak α=2.0 (99% in first 3)
cs_sigma1.25_weak_sparse_a2.0,23,23,cs,100,500,1.25,3.0,weak_sparse,2.0,10,3,1.0,0.8793859844187415,cocolasso_max,reweighted_frobenius,6.657094637624455,6.432603410675623,3.427052453019712,3.3164817706159875,23.290607961826023,10.45105956098996,0.2244912269488326,0.1105706824037247,12.839548400836064,2.228540352861587,high,weak α=2.0 (99% in first 3)
cs_sigma1.25_weak_sparse_a2.0,24,24,cs,100,500,1.25,3.0,weak_sparse,2.0,10,3,1.0,0.8793859844187415,cocolasso_max,reweighted_frobenius,8.351277288886775,8.08996663933305,4.317050160413322,4.154919395916001,25.75212741899304,9.7846930581145,0.2613106495537263,0.1621307644973209,15.96743436087854,2.631878922112601,high,weak α=2.0 (99% in first 3)
cs_sigma1.25_weak_sparse_a2.0,25,25,cs,100,500,1.25,3.0,weak_sparse,2.0,10,3,1.0,0.8793859844187415,cocolasso_max,reweighted_frobenius,7.468941603966127,7.2665711661445105,3.793717323460314,3.6847097234115966,27.688229461899027,12.288412431022152,0.20237043782161646,0.10900760004871746,15.399817030876875,2.2531982562694566,high,weak α=2.0 (99% in first 3)
cs_sigma1.25_weak_sparse_a2.0,26,26,cs,100,500,1.25,3.0,weak_sparse,2.0,10,3,1.0,0.8793859844187415,cocolasso_max,reweighted_frobenius,8.704754905551217,8.882018273823567,4.3803827039175145,4.465671551035255,28.125985831022263,11.80861506704241,-0.17726336827234945,-0.08528884711774065,16.317370763979852,2.38181917789168,high,weak α=2.0 (99% in first 3)
cs_sigma1.25_weak_sparse_a2.0,27,27,cs,100,500,1.25,3.0,weak_sparse,2.0,10,3,1.0,0.8793859844187415,cocolasso_max,reweighted_frobenius,8.542209392787102,8.556182505724024,4.483162464463101,4.479177357976959,27.83190204296261,10.052942771930248,-0.01397311293692205,0.0039851064861418095,17.778959271032363,2.7685328241074485,high,weak α=2.0 (99% in first 3)
cs_sigma1.25_weak_sparse_a2.0,28,28,cs,100,500,1.25,3.0,weak_sparse,2.0,10,3,1.0,0.8793859844187415,cocolasso_max,reweighted_frobenius,8.869516384438407,8.81139572353292,4.755404320219816,4.683583675983922,27.830913512036204,10.048889335012063,0.0581206609054874,0.07182064423589463,17.78202417702414,2.7695511995607816,high,weak α=2.0 (99% in first 3)
cs_sigma1.25_weak_sparse_a2.0,29,29,cs,100,500,1.25,3.0,weak_sparse,2.0,10,3,1.0,0.8793859844187415,cocolasso_max,reweighted_frobenius,7.815345885799467,7.668926537997579,4.159179032592861,4.051179095218444,27.39186983811669,8.328775194007903,0.14641934780188848,0.10799993737441671,19.063094644108787,3.2888232903468975,high,weak α=2.0 (99% in first 3)
cs_sigma1.25_weak_sparse_a2.0,30,30,cs,100,500,1.25,3.0,weak_sparse,2.0,10,3,1.0,0.8793859844187415,cocolasso_max,reweighted_frobenius,10.69705469111048,10.980903416571984,5.417133014552081,5.549335112679842,28.714714766014367,16.002150701126084,-0.2838487254615032,-0.13220209812776051,12.712564064888284,1.7944284679179836,high,weak α=2.0 (99% in first 3)
cs_sigma1.25_weak_sparse_a2.0,31,31,cs,100,500,1.25,3.0,weak_sparse,2.0,10,3,1.0,0.8793859844187415,cocolasso_max,reweighted_frobenius,9.664182119251306,9.745237228894162,4.943046014401904,5.0033510040599705,27.388614470139142,9.003258391981944,-0.08105510964285578,-0.06030498965806608,18.385356078157198,3.0420780208341784,high,weak α=2.0 (99% in first 3)
cs_sigma1.25_weak_sparse_a2.0,32,32,cs,100,500,1.25,3.0,weak_sparse,2.0,10,3,1.0,0.8793859844187415,cocolasso_max,reweighted_frobenius,10.352491183664242,10.528495475259808,5.681365723718169,5.756227420954921,28.25673001399264,10.973661338211969,-0.1760042915955662,-0.07486169723675129,17.283068675780672,2.57495918118034,high,weak α=2.0 (99% in first 3)
cs_sigma1.25_weak_sparse_a2.0,33,33,cs,100,500,1.25,3.0,weak_sparse,2.0,10,3,1.0,0.8793859844187415,cocolasso_max,reweighted_frobenius,8.200412748835996,8.030410567606369,4.149195575332318,4.059976035755613,27.15623177587986,11.232443783897908,0.17000218122962707,0.08921953957670503,15.923787991981952,2.417660154668145,high,weak α=2.0 (99% in first 3)
cs_sigma1.25_weak_sparse_a2.0,34,34,cs,100,500,1.25,3.0,weak_sparse,2.0,10,3,1.0,0.8793859844187415,cocolasso_max,reweighted_frobenius,8.220812057172756,8.058320513621101,4.120651419901467,4.042477263133534,27.838310167891905,9.839730415027589,0.16249154355165452,0.0781741567679326,17.998579752864316,2.829174072226231,high,weak α=2.0 (99% in first 3)
cs_sigma1.25_weak_sparse_a2.0,35,35,cs,100,500,1.25,3.0,weak_sparse,2.0,10,3,1.0,0.8793859844187415,cocolasso_max,reweighted_frobenius,6.749170808327899,6.484979227163716,3.617383563434244,3.448862150879467,26.340239179087803,12.199834455968812,0.26419158116418284,0.16852141255477715,14.14040472311899,2.159065295037733,high,weak α=2.0 (99% in first 3)
cs_sigma1.25_weak_sparse_a2.0,36,36,cs,100,500,1.25,3.0,weak_sparse,2.0,10,3,1.0,0.8793859844187415,cocolasso_max,reweighted_frobenius,10.281471067713346,10.373774976575904,5.201467816495272,5.249583149008245,25.06046308297664,9.932441796874627,-0.0923039088625579,-0.04811533251297284,15.128021286102012,2.5230918635598996,high,weak α=2.0 (99% in first 3)
cs_sigma1.25_weak_sparse_a2.0,37,37,cs,100,500,1.25,3.0,weak_sparse,2.0,10,3,1.0,0.8793859844187415,cocolasso_max,reweighted_frobenius,8.161658913421814,8.018627427717835,4.383203379665758,4.2741534203360345,24.33712423290126,10.94211156386882,0.14303148570397894,0.10904995932972383,13.39501266903244,2.2241707270892004,high,weak α=2.0 (99% in first 3)
cs_sigma1.25_weak_sparse_a2.0,38,38,cs,100,500,1.25,3.0,weak_sparse,2.0,10,3,1.0,0.8793859844187415,cocolasso_max,reweighted_frobenius,9.660039007030802,10.04548580057776,4.924104228340963,5.124978871184243,25.17937203287147,18.21264424198307,-0.3854467935469579,-0.20087464284327972,6.966727790888399,1.382521488825273,high,weak α=2.0 (99% in first 3)
cs_sigma1.25_weak_sparse_a2.0,39,39,cs,100,500,1.25,3.0,weak_sparse,2.0,10,3,1.0,0.8793859844187415,cocolasso_max,reweighted_frobenius,8.966715037628218,9.120545168885494,4.76528270974307,4.830575885154893,24.85725430282764,12.733449562918397,-0.1538301312572763,-0.06529317541182333,12.123804739909245,1.952122571342763,high,weak α=2.0 (99% in first 3)
cs_sigma1.25_weak_sparse_a2.0,40,40,cs,100,500,1.25,3.0,weak_sparse,2.0,10,3,1.0,0.8793859844187415,cocolasso_max,reweighted_frobenius,8.08120592701689,8.224441112151094,4.373242718972779,4.426146495429478,24.248627845896408,10.431709222029896,-0.14323518513420375,-0.05290377645669864,13.816918623866512,2.324511480313088,high,weak α=2.0 (99% in first 3)
cs_sigma1.25_weak_sparse_a2.0,41,41,cs,100,500,1.25,3.0,weak_sparse,2.0,10,3,1.0,0.8793859844187415,cocolasso_max,reweighted_frobenius,7.4011787013680115,7.199867483045861,4.029287448793574,3.894138889250432,23.85786948306486,12.58148717484437,0.20131121832215015,0.1351485595431421,11.27638230822049,1.8962678379362556,high,weak α=2.0 (99% in first 3)
cs_sigma1.25_weak_sparse_a2.0,42,42,cs,100,500,1.25,3.0,weak_sparse,2.0,10,3,1.0,0.8793859844187415,cocolasso_max,reweighted_frobenius,10.275678200551267,10.38838888155897,5.540950271752783,5.546621884640235,25.545912754023448,12.20214778999798,-0.11271068100770343,-0.005671612887451438,13.343764964025468,2.0935587073419373,high,weak α=2.0 (99% in first 3)
cs_sigma1.25_weak_sparse_a2.0,43,43,cs,100,500,1.25,3.0,weak_sparse,2.0,10,3,1.0,0.8793859844187415,cocolasso_max,reweighted_frobenius,8.179050692798908,7.989010615581981,4.261012015406979,4.17420822200809,26.22097064414993,12.981338251847774,0.19004007721692684,0.08680379339888855,13.239632392302155,2.0198973430507148,high,weak α=2.0 (99% in first 3)
cs_sigma1.25_weak_sparse_a2.0,44,44,cs,100,500,1.25,3.0,weak_sparse,2.0,10,3,1.0,0.8793859844187415,cocolasso_max,reweighted_frobenius,7.742683393527613,7.855531403775619,4.183612338689388,4.221440779954888,26.972391081042588,13.762549345148727,-0.1128480102480065,-0.03782844126549989,13.20984173589386,1.9598397364184788,high,weak α=2.0 (99% in first 3)
cs_sigma1.25_weak_sparse_a2.0,45,45,cs,100,500,1.25,3.0,weak_sparse,2.0,10,3,1.0,0.8793859844187415,cocolasso_max,reweighted_frobenius,10.26613906475086,10.373507788089547,5.296950576189401,5.3347753867387295,26.92043238482438,11.723823606967926,-0.10736872333868774,-0.037824810549328625,15.196608777856454,2.2962160884802563,high,weak α=2.0 (99% in first 3)
cs_sigma1.25_weak_sparse_a2.0,46,46,cs,100,500,1.25,3.0,weak_sparse,2.0,10,3,1.0,0.8793859844187415,cocolasso_max,reweighted_frobenius,6.196386234281271,6.413444372249183,3.207148808547375,3.3259243832814094,27.73110323306173,17.194077275926247,-0.2170581379679115,-0.11877557473403444,10.537025957135484,1.6128288123892855,high,weak α=2.0 (99% in first 3)
cs_sigma1.25_weak_sparse_a2.0,47,47,cs,100,500,1.25,3.0,weak_sparse,2.0,10,3,1.0,0.8793859844187415,cocolasso_max,reweighted_frobenius,7.013344818326842,6.688588717189186,3.5193527000895526,3.3553939365091474,25.297971217893064,15.723173212027175,0.3247561011376563,0.16395876358040518,9.574798005865889,1.6089609188138823,high,weak α=2.0 (99% in first 3)
cs_sigma1.25_weak_sparse_a2.0,48,48,cs,100,500,1.25,3.0,weak_sparse,2.0,10,3,1.0,0.8793859844187415,cocolasso_max,reweighted_frobenius,8.9913995300646,8.937859773329492,5.064332311613459,5.010754182254488,25.13450648682192,13.382091645151377,0.05353975673510725,0.05357812935897055,11.752414841670543,1.8782195753328814,high,weak α=2.0 (99% in first 3)
cs_sigma1.25_weak_sparse_a2.0,49,49,cs,100,500,1.25,3.0,weak_sparse,2.0,10,3,1.0,0.8793859844187415,cocolasso_max,reweighted_frobenius,7.948171877578614,7.841516134334628,4.07654299601648,4.018270944301314,27.33031023596413,16.803595094941556,0.10665574324398541,0.05827205171516603,10.526715141022574,1.6264561292714954,high,weak α=2.0 (99% in first 3)
cs_sigma1.25_weak_sparse_a2.0,50,50,cs,100,500,1.25,3.0,weak_sparse,2.0,10,3,1.0,0.8793859844187415,cocolasso_max,reweighted_frobenius,8.459892783820719,8.442781508639138,4.564707664892323,4.53885186447866,24.24362571001984,12.3767580750864,0.01711127518158051,0.025855800413662422,11.866867634933438,1.9588025848885793,high,weak α=2.0 (99% in first 3)
cs_sigma1.25_weak_sparse_a2.0,51,51,cs,100,500,1.25,3.0,weak_sparse,2.0,10,3,1.0,0.8793859844187415,cocolasso_max,reweighted_frobenius,7.911137493678482,7.710545521478524,4.018055842986402,3.905802014377216,23.900604211958125,14.218144158134235,0.20059197219995806,0.11225382860918609,9.68246005382389,1.6809932397741607,high,weak α=2.0 (99% in first 3)
cs_sigma1.25_weak_sparse_a2.0,52,52,cs,100,500,1.25,3.0,weak_sparse,2.0,10,3,1.0,0.8793859844187415,cocolasso_max,reweighted_frobenius,10.021131823328687,10.199574333168073,6.09733805576488,6.219836223764544,24.727005845867097,13.374739350983871,-0.17844250983938537,-0.12249816799966329,11.352266494883226,1.8487841293182383,high,weak α=2.0 (99% in first 3)
cs_sigma1.25_weak_sparse_a2.0,53,53,cs,100,500,1.25,3.0,weak_sparse,2.0,10,3,1.0,0.8793859844187415,cocolasso_max,reweighted_frobenius,7.396350623763635,7.302064136772072,3.7309017767419728,3.674591416709274,24.937499328982085,14.835170172154903,0.09428648699156383,0.056310360032698625,10.102329156827182,1.6809715722566432,high,weak α=2.0 (99% in first 3)
cs_sigma1.25_weak_sparse_a2.0,54,54,cs,100,500,1.25,3.0,weak_sparse,2.0,10,3,1.0,0.8793859844187415,cocolasso_max,reweighted_frobenius,6.958342246694354,6.648637709998768,3.6081672691058735,3.4312945720541044,24.501241988968104,10.761131771840155,0.30970453669558573,0.1768726970517691,13.740110217127949,2.276827615203376,high,weak α=2.0 (99% in first 3)
cs_sigma1.25_weak_sparse_a2.0,55,55,cs,100,500,1.25,3.0,weak_sparse,2.0,10,3,1.0,0.8793859844187415,cocolasso_max,reweighted_frobenius,10.288560135434471,10.404512983909214,5.146490612603622,5.205961455544741,25.13524456997402,15.62001674901694,-0.11595284847474296,-0.05947084294111882,9.51522782095708,1.6091688615862674,high,weak α=2.0 (99% in first 3)
cs_sigma1.25_weak_sparse_a2.0,56,56,cs,100,500,1.25,3.0,weak_sparse,2.0,10,3,1.0,0.8793859844187415,cocolasso_max,reweighted_frobenius,6.715966467419895,6.4956223235923884,3.526727202526596,3.3752336100799907,24.36406130203977,13.96830892493017,0.22034414382750622,0.15149359244660543,10.395752377109599,1.7442384352307392,high,weak α=2.0 (99% in first 3)
cs_sigma1.25_weak_sparse_a2.0,57,57,cs,100,500,1.25,3.0,weak_sparse,2.0,10,3,1.0,0.8793859844187415,cocolasso_max,reweighted_frobenius,10.057100894032514,10.142558473845927,5.135164997948605,5.182662988542768,25.506649313960224,15.607358825858682,-0.08545757981341318,-0.04749799059416304,9.899290488101542,1.634270705156092,high,weak α=2.0 (99% in first 3)
cs_sigma1.25_weak_sparse_a2.0,58,58,cs,100,500,1.25,3.0,weak_sparse,2.0,10,3,1.0,0.8793859844187415,cocolasso_max,reweighted_frobenius,8.492782253764023,8.390315735013004,4.331551433567096,4.26090374653445,25.429547944804654,11.838695427868515,0.10246651875101875,0.07064768703264601,13.590852516936138,2.1480025480631095,high,weak α=2.0 (99% in first 3)
cs_sigma1.25_weak_sparse_a2.0,59,59,cs,100,500,1.25,3.0,weak_sparse,2.0,10,3,1.0,0.8793859844187415,cocolasso_max,reweighted_frobenius,7.65600264416256,7.313137272512192,4.184847343288131,4.006196049662202,24.713579904986545,11.729350198991597,0.342865371650368,0.17865129362592835,12.984229705994949,2.1069862767940237,high,weak α=2.0 (99% in first 3)
cs_sigma1.25_weak_sparse_a2.0,60,60,cs,100,500,1.25,3.0,weak_sparse,2.0,10,3,1.0,0.8793859844187415,cocolasso_max,reweighted_frobenius,9.310298540765212,9.273367707382212,4.7084292435150585,4.691295376051111,25.064535320037976,15.25810115900822,0.03693083338299985,0.017133867463947183,9.806434161029756,1.6427034438187704,high,weak α=2.0 (99% in first 3)
cs_sigma1.25_weak_sparse_a2.0,61,61,cs,100,500,1.25,3.0,weak_sparse,2.0,10,3,1.0,0.8793859844187415,cocolasso_max,reweighted_frobenius,10.141466199001716,10.41474156720201,5.155259230823992,5.296618255178031,25.82075825589709,14.029413525946438,-0.2732753682002933,-0.14135902435403924,11.791344729950652,1.8404731037504432,high,weak α=2.0 (99% in first 3)
cs_sigma1.25_weak_sparse_a2.0,62,62,cs,100,500,1.25,3.0,weak_sparse,2.0,10,3,1.0,0.8793859844187415,cocolasso_max,reweighted_frobenius,6.800064193512802,6.650834792537027,3.4009676038533376,3.3289767936904098,27.64084615698084,17.408194619929418,0.1492294009757753,0.07199081016292785,10.23265153705142,1.5878065911175405,high,weak α=2.0 (99% in first 3)
cs_sigma1.25_weak_sparse_a2.0,63,63,cs,100,500,1.25,3.0,weak_sparse,2.0,10,3,1.0,0.8793859844187415,cocolasso_max,reweighted_frobenius,7.023570261721551,6.877117251176648,3.5388324756527094,3.457488845353325,27.216743242926896,13.326667863177136,0.14645301054490378,0.08134363029938463,13.89007537974976,2.0422766982982576,high,weak α=2.0 (99% in first 3)
cs_sigma1.25_weak_sparse_a2.0,64,64,cs,100,500,1.25,3.0,weak_sparse,2.0,10,3,1.0,0.8793859844187415,cocolasso_max,reweighted_frobenius,10.274887052230184,10.407551398374052,5.382867176179593,5.439074864929747,25.562039255164564,15.133858229033647,-0.13266434614386746,-0.05620768875015436,10.428181026130916,1.6890629519790865,high,weak α=2.0 (99% in first 3)
cs_sigma1.25_weak_sparse_a2.0,65,65,cs,100,500,1.25,3.0,weak_sparse,2.0,10,3,1.0,0.8793859844187415,cocolasso_max,reweighted_frobenius,5.873081938378661,5.607784044862055,3.1385207260368606,2.9872052906273403,25.008221104042605,15.328266066033391,0.26529789351660593,0.1513154354095203,9.679955038009213,1.6315101131666465,high,weak α=2.0 (99% in first 3)
cs_sigma1.25_weak_sparse_a2.0,66,66,cs,100,500,1.25,3.0,weak_sparse,2.0,10,3,1.0,0.8793859844187415,cocolasso_max,reweighted_frobenius,7.660096946691175,7.449372643922593,4.289636044374634,4.219192602857261,25.263035892043263,14.029562596930193,0.21072430276858167,0.0704434415173738,11.23347329511307,1.800700179888079,high,weak α=2.0 (99% in first 3)
cs_sigma1.25_weak_sparse_a2.0,67,67,cs,100,500,1.25,3.0,weak_sparse,2.0,10,3,1.0,0.8793859844187415,cocolasso_max,reweighted_frobenius,9.988366023441817,10.016265659300432,5.588058201040778,5.578195890117107,24.67717123404145,10.555439002113417,-0.027899635858615213,0.009862310923670847,14.121732231928032,2.337863089266166,high,weak α=2.0 (99% in first 3)
cs_sigma1.25_weak_sparse_a2.0,68,68,cs,100,500,1.25,3.0,weak_sparse,2.0,10,3,1.0,0.8793859844187415,cocolasso_max,reweighted_frobenius,8.261061983989578,8.101722113440042,4.3639969323960415,4.271685299076903,24.751289780950174,10.334500500932336,0.1593398705495357,0.09231163331913805,14.416789280017838,2.3950155867443437,high,weak α=2.0 (99% in first 3)
cs_sigma1.25_weak_sparse_a2.0,69,69,cs,100,500,1.25,3.0,weak_sparse,2.0,10,3,1.0,0.8793859844187415,cocolasso_max,reweighted_frobenius,8.64792806259881,8.577314076673497,4.327001468644214,4.2887836400338815,24.774489857023585,9.46330896881409,0.07061398592531276,0.03821782861033274,15.311180888209496,2.6179521284433176,high,weak α=2.0 (99% in first 3)
cs_sigma1.25_weak_sparse_a2.0,70,70,cs,100,500,1.25,3.0,weak_sparse,2.0,10,3,1.0,0.8793859844187415,cocolasso_max,reweighted_frobenius,7.886462291552209,7.729897255814207,4.260433974812049,4.195498958944484,24.90206809598021,9.938954829936849,0.1565650357380015,0.06493501586756434,14.96311326604336,2.505501687257234,high,weak α=2.0 (99% in first 3)
cs_sigma1.25_weak_sparse_a2.0,71,71,cs,100,500,1.25,3.0,weak_sparse,2.0,10,3,1.0,0.8793859844187415,cocolasso_max,reweighted_frobenius,8.006566673070305,7.935699024565234,4.022353563316313,3.98927587393398,22.90697787702084,13.03457052190788,0.07086764850507077,0.033077689382333464,9.87240735511296,1.7574018137782057,high,weak α=2.0 (99% in first 3)
cs_sigma1.25_weak_sparse_a2.0,72,72,cs,100,500,1.25,3.0,weak_sparse,2.0,10,3,1.0,0.8793859844187415,cocolasso_max,reweighted_frobenius,10.231380841614415,10.343884622444843,5.599010644125342,5.628063460183658,26.294983766041696,13.495508549036458,-0.11250378083042811,-0.02905281605831611,12.799475217005238,1.9484248163378093,high,weak α=2.0 (99% in first 3)
cs_sigma1.25_weak_sparse_a2.0,73,73,cs,100,500,1.25,3.0,weak_sparse,2.0,10,3,1.0,0.8793859844187415,cocolasso_max,reweighted_frobenius,8.772554817786006,8.76858813378076,5.099415893559342,5.0712685830316655,28.587253513978798,9.66882503288798,0.003966684005245469,0.02814731052767616,18.918428481090817,2.956641930817945,high,weak α=2.0 (99% in first 3)
cs_sigma1.25_weak_sparse_a2.0,74,74,cs,100,500,1.25,3.0,weak_sparse,2.0,10,3,1.0,0.8793859844187415,cocolasso_max,reweighted_frobenius,4.763278218645443,4.378972323394678,2.6136283662739124,2.409707680055867,29.2712460658513,12.80045498884283,0.38430589525076453,0.20392068621804516,16.47079107700847,2.286734814611261,high,weak α=2.0 (99% in first 3)
cs_sigma1.25_weak_sparse_a2.0,75,75,cs,100,500,1.25,3.0,weak_sparse,2.0,10,3,1.0,0.8793859844187415,cocolasso_max,reweighted_frobenius,7.61055436291361,7.657893973054553,3.8053187650090026,3.829904301222856,28.969418162014332,9.350302336970344,-0.04733961014094312,-0.0245855362138534,19.619115825043988,3.0982333103253334,high,weak α=2.0 (99% in first 3)
cs_sigma1.25_weak_sparse_a2.0,76,76,cs,100,500,1.25,3.0,weak_sparse,2.0,10,3,1.0,0.8793859844187415,cocolasso_max,reweighted_frobenius,4.495280990155773,4.36324869494112,2.3514149044070463,2.263485342873663,28.807622581953183,10.885042302077636,0.13203229521465243,0.08792956153338327,17.922580279875547,2.646532901066875,high,weak α=2.0 (99% in first 3)
cs_sigma1.25_weak_sparse_a2.0,77,77,cs,100,500,1.25,3.0,weak_sparse,2.0,10,3,1.0,0.8793859844187415,cocolasso_max,reweighted_frobenius,8.421886962003478,8.379360224578225,4.451782442790797,4.433854491284448,29.045895737130195,11.339856871170923,0.04252673742525381,0.017927951506348627,17.706038865959272,2.561398796044151,high,weak α=2.0 (99% in first 3)
cs_sigma1.25_weak_sparse_a2.0,78,78,cs,100,500,1.25,3.0,weak_sparse,2.0,10,3,1.0,0.8793859844187415,cocolasso_max,reweighted_frobenius,8.599608646555334,8.485241325470907,4.925079775905813,4.850347797600046,29.151301864068955,10.24617998697795,0.11436732108442627,0.07473197830576694,18.905121877091005,2.8450897701502273,high,weak α=2.0 (99% in first 3)
cs_sigma1.25_weak_sparse_a2.0,79,79,cs,100,500,1.25,3.0,weak_sparse,2.0,10,3,1.0,0.8793859844187415,cocolasso_max,reweighted_frobenius,8.321783807998372,8.244529560937776,4.395556034546368,4.326653521088533,29.31274596392177,13.918713574996218,0.07725424706059592,0.06890251345783494,15.394032388925552,2.105995342599737,high,weak α=2.0 (99% in first 3)
cs_sigma1.25_weak_sparse_a2.0,80,80,cs,100,500,1.25,3.0,weak_sparse,2.0,10,3,1.0,0.8793859844187415,cocolasso_max,reweighted_frobenius,6.247327520640845,6.020048106929319,3.1847257508706943,3.093237108628211,29.681837444892157,14.2252529298421,0.2272794137115266,0.09148864224248321,15.456584515050057,2.086559556535184,high,weak α=2.0 (99% in first 3)
cs_sigma1.25_weak_sparse_a2.0,81,81,cs,100,500,1.25,3.0,weak_sparse,2.0,10,3,1.0,0.8793859844187415,cocolasso_max,reweighted_frobenius,8.925770967904016,8.83020019466652,5.291388805947035,5.255387538121248,29.78616132820025,14.716634819982572,0.09557077323749574,0.03600126782578705,15.06952650821768,2.0239791020536804,high,weak α=2.0 (99% in first 3)
cs_sigma1.25_weak_sparse_a2.0,82,82,cs,100,500,1.25,3.0,weak_sparse,2.0,10,3,1.0,0.8793859844187415,cocolasso_max,reweighted_frobenius,7.994083617890012,7.872152868141383,5.020013002638255,4.946886899217343,29.29796666908078,13.295168122975156,0.12193074974862927,0.07312610342091119,16.002798546105623,2.2036552225655166,high,weak α=2.0 (99% in first 3)
cs_sigma1.25_weak_sparse_a2.0,83,83,cs,100,500,1.25,3.0,weak_sparse,2.0,10,3,1.0,0.8793859844187415,cocolasso_max,reweighted_frobenius,9.045828387100403,9.05242137856514,4.830564432789454,4.825153399026548,28.924356918083504,10.106431117048489,-0.006592991464737352,0.005411033762905859,18.817925801035017,2.861975368267355,high,weak α=2.0 (99% in first 3)
cs_sigma1.25_weak_sparse_a2.0,84,84,cs,100,500,1.25,3.0,weak_sparse,2.0,10,3,1.0,0.8793859844187415,cocolasso_max,reweighted_frobenius,9.160932667303417,9.196559480104456,5.011127830043208,5.014097599465254,29.43902090913616,13.88060305104591,-0.03562681280103952,-0.002969769422046298,15.558417858090252,2.1208747776212733,high,weak α=2.0 (99% in first 3)
cs_sigma1.25_weak_sparse_a2.0,85,85,cs,100,500,1.25,3.0,weak_sparse,2.0,10,3,1.0,0.8793859844187415,cocolasso_max,reweighted_frobenius,10.48114096830701,10.598472952454715,5.389592316085299,5.410699874167553,29.01284382096492,12.262358306907116,-0.11733198414770563,-0.021107558082253952,16.750485514057807,2.3660084866891085,high,weak α=2.0 (99% in first 3)
cs_sigma1.25_weak_sparse_a2.0,86,86,cs,100,500,1.25,3.0,weak_sparse,2.0,10,3,1.0,0.8793859844187415,cocolasso_max,reweighted_frobenius,6.604074905841087,6.551492325965454,3.399413180577848,3.3534014024364764,28.899461537133902,10.884952258085832,0.05258257987563297,0.04601177814137136,18.01450927904807,2.654992034132817,high,weak α=2.0 (99% in first 3)
cs_sigma1.25_weak_sparse_a2.0,87,87,cs,100,500,1.25,3.0,weak_sparse,2.0,10,3,1.0,0.8793859844187415,cocolasso_max,reweighted_frobenius,6.322608227573516,5.846598450728491,3.222857757887902,2.941462053536472,29.55207756604068,17.082828629994765,0.4760097768450251,0.2813957043514299,12.469248936045915,1.729928819525349,high,weak α=2.0 (99% in first 3)
cs_sigma1.25_weak_sparse_a2.0,88,88,cs,100,500,1.25,3.0,weak_sparse,2.0,10,3,1.0,0.8793859844187415,cocolasso_max,reweighted_frobenius,10.374513064508491,10.431865806070808,6.050718616119816,6.051468651448578,28.82708692899905,11.90758565091528,-0.05735274156231718,-0.0007500353287612782,16.91950127808377,2.4209010771871498,high,weak α=2.0 (99% in first 3)
cs_sigma1.25_weak_sparse_a2.0,89,89,cs,100,500,1.25,3.0,weak_sparse,2.0,10,3,1.0,0.8793859844187415,cocolasso_max,reweighted_frobenius,7.535882871027547,7.413128875422772,3.8809509842170304,3.802797621398926,28.42147149494849,13.79773560888134,0.12275399560477496,0.07815336281810437,14.623735886067152,2.059864915562966,high,weak α=2.0 (99% in first 3)
cs_sigma1.25_weak_sparse_a2.0,90,90,cs,100,500,1.25,3.0,weak_sparse,2.0,10,3,1.0,0.8793859844187415,cocolasso_max,reweighted_frobenius,10.29515305155048,10.390036610719829,5.36320642395244,5.424519439358863,29.161369035951797,14.162762984866276,-0.09488355916934843,-0.06131301540642298,14.99860605108552,2.0590169493842683,high,weak α=2.0 (99% in first 3)
cs_sigma1.25_weak_sparse_a2.0,91,91,cs,100,500,1.25,3.0,weak_sparse,2.0,10,3,1.0,0.8793859844187415,cocolasso_max,reweighted_frobenius,8.160865589337691,7.991814652202226,4.802985006201731,4.685009487500414,28.04116836306639,9.141903166892009,0.1690509371354647,0.11797551870131695,18.899265196174383,3.067322837614304,high,weak α=2.0 (99% in first 3)
cs_sigma1.25_weak_sparse_a2.0,92,92,cs,100,500,1.25,3.0,weak_sparse,2.0,10,3,1.0,0.8793859844187415,cocolasso_max,reweighted_frobenius,10.134559277106368,10.234034610111664,5.201296118431647,5.233843311846218,29.295813624979928,14.18352566100657,-0.09947533300529621,-0.032547193414571574,15.112287963973358,2.0654817656177085,high,weak α=2.0 (99% in first 3)
cs_sigma1.25_weak_sparse_a2.0,93,93,cs,100,500,1.25,3.0,weak_sparse,2.0,10,3,1.0,0.8793859844187415,cocolasso_max,reweighted_frobenius,7.174329708849889,6.782433880149807,4.823215398944584,4.609398186120308,29.485488534905016,12.694548725150526,0.39189582870008177,0.21381721282427613,16.79093980975449,2.3226889882653463,high,weak α=2.0 (99% in first 3)
cs_sigma1.25_weak_sparse_a2.0,94,94,cs,100,500,1.25,3.0,weak_sparse,2.0,10,3,1.0,0.8793859844187415,cocolasso_max,reweighted_frobenius,9.722532949142764,9.917955278857912,4.9262363539660186,5.014311840133162,29.34205750003457,10.163460926152766,-0.19542232971514828,-0.08807548616714378,19.178596573881805,2.887014346120145,high,weak α=2.0 (99% in first 3)
cs_sigma1.25_weak_sparse_a2.0,95,95,cs,100,500,1.25,3.0,weak_sparse,2.0,10,3,1.0,0.8793859844187415,cocolasso_max,reweighted_frobenius,8.866419581934784,8.845420568868303,4.441851436980303,4.428328999337952,28.541534636169672,13.562905550003052,0.020999013066480998,0.013522437642350837,14.97862908616662,2.1043820242605205,high,weak α=2.0 (99% in first 3)
cs_sigma1.25_weak_sparse_a2.0,96,96,cs,100,500,1.25,3.0,weak_sparse,2.0,10,3,1.0,0.8793859844187415,cocolasso_max,reweighted_frobenius,6.079432119428728,5.771259288274624,3.135031030742974,2.957678634778013,28.455291903112084,14.177841007011011,0.30817283115410365,0.17735239596496122,14.277450896101072,2.0070257445432493,high,weak α=2.0 (99% in first 3)
cs_sigma1.25_weak_sparse_a2.0,97,97,cs,100,500,1.25,3.0,weak_sparse,2.0,10,3,1.0,0.8793859844187415,cocolasso_max,reweighted_frobenius,9.50687985075906,9.501468807475566,5.014868519317968,4.991145658178433,29.01001181220636,10.398097560973838,0.005411043283492845,0.023722861139535034,18.611914251232523,2.789934566596759,high,weak α=2.0 (99% in first 3)
cs_sigma1.25_weak_sparse_a2.0,98,98,cs,100,500,1.25,3.0,weak_sparse,2.0,10,3,1.0,0.8793859844187415,cocolasso_max,reweighted_frobenius,8.619347785698858,8.542477986327594,4.30970629058285,4.271933122642241,28.55671606096439,14.697015827987345,0.07686979937126459,0.03777316794060859,13.859700232977046,1.9430281898849282,high,weak α=2.0 (99% in first 3)
cs_sigma1.25_weak_sparse_a2.0,99,99,cs,100,500,1.25,3.0,weak_sparse,2.0,10,3,1.0,0.8793859844187415,cocolasso_max,reweighted_frobenius,8.551454012629788,8.359806133853333,4.379539198552654,4.266646226508586,28.68861106201075,9.528425680939108,0.19164787877645573,0.1128929720440679,19.160185381071642,3.0108448155711742,high,weak α=2.0 (99% in first 3)
