setting,seed,rep_index,model,n,p,sigma_a,sigma_e,beta_preset,alpha,k,true_k,lam,snr,algo_a,algo_b,mse_cocolasso_max,mse_reweighted_max,pe_cocolasso_max,pe_reweighted_max,time_cocolasso_max,time_reweighted_max,mse_diff,pe_diff,time_diff,speedup,noise_level,sparsity
ar_sigma0.75_datta_zhang,0,0,ar,100,500,0.75,3.0,datta_zhang,1.0,10,3,1.0,2.361111111111111,cocolasso_max,reweighted_max,6.418870852277907,5.935366777612487,7.1914263918294825,6.473746501630656,15.183548683999106,168.84823392995168,0.48350407466541956,0.7176798901988262,-153.66468524595257,0.089924237468176,low,datta_zhang (exactly 3-sparse)
ar_sigma0.75_datta_zhang,1,1,ar,100,500,0.75,3.0,datta_zhang,1.0,10,3,1.0,2.361111111111111,cocolasso_max,reweighted_max,3.356332585962664,2.093729104905025,4.450401604755094,2.774866525679427,15.132628263090735,218.1633951920085,1.262603481057639,1.6755350790756673,-203.03076692891776,0.06936373652313353,low,datta_zhang (exactly 3-sparse)
ar_sigma0.75_datta_zhang,2,2,ar,100,500,0.75,3.0,datta_zhang,1.0,10,3,1.0,2.361111111111111,cocolasso_max,reweighted_max,8.098626261863322,5.468953320506459,10.397503655509082,6.993375438223292,15.226692261989228,200.95171804598067,2.629672941356863,3.4041282172857903,-185.72502578399144,0.07577288917980358,low,datta_zhang (exactly 3-sparse)
ar_sigma0.75_datta_zhang,3,3,ar,100,500,0.75,3.0,datta_zhang,1.0,10,3,1.0,2.361111111111111,cocolasso_max,reweighted_max,3.021594625796546,2.096070572998931,3.3897954536032757,2.0056645234321984,15.221440635970794,203.611858085962,0.925524052797615,1.3841309301710774,-188.39041744999122,0.07475714223650236,low,datta_zhang (exactly 3-sparse)
ar_sigma0.75_datta_zhang,4,4,ar,100,500,0.75,3.0,datta_zhang,1.0,10,3,1.0,2.361111111111111,cocolasso_max,reweighted_max,6.018536348278891,5.524703111861543,7.825041853729873,6.884833594258591,15.27379694301635,203.20967598306012,0.49383323641734833,0.940208259471282,-187.93587904004377,0.07516274443688202,low,datta_zhang (exactly 3-sparse)
ar_sigma0.75_datta_zhang,5,5,ar,100,500,0.75,3.0,datta_zhang,1.0,10,3,1.0,2.361111111111111,cocolasso_max,reweighted_max,4.617626361284503,4.209433735478197,4.979578709944181,4.247592390654448,15.170895808027126,235.72802062006667,0.408192625806306,0.7319863192897325,-220.55712481203955,0.06435762608162197,low,datta_zhang (exactly 3-sparse)
ar_sigma0.75_datta_zhang,6,6,ar,100,500,0.75,3.0,datta_zhang,1.0,10,3,1.0,2.361111111111111,cocolasso_max,reweighted_max,2.822767952370786,1.5942668783897351,3.0061809720230057,1.4310670180426863,15.235461644013412,218.45146776293404,1.228501073981051,1.5751139539803194,-203.21600611892063,0.06974300424727338,low,datta_zhang (exactly 3-sparse)
ar_sigma0.75_datta_zhang,7,7,ar,100,500,0.75,3.0,datta_zhang,1.0,10,3,1.0,2.361111111111111,cocolasso_max,reweighted_max,8.47870903096975,8.682232065282214,7.742840586997604,6.780426393124486,15.325861712917686,203.49500864301808,-0.20352303431246455,0.9624141938731174,-188.1691469301004,0.07531320701729416,low,datta_zhang (exactly 3-sparse)
ar_sigma0.75_datta_zhang,8,8,ar,100,500,0.75,3.0,datta_zhang,1.0,10,3,1.0,2.361111111111111,cocolasso_max,reweighted_max,5.997804455297196,5.028164741649312,6.325307166687258,5.005085243127459,15.27740707306657,184.06693459895905,0.9696397136478838,1.3202219235597994,-168.78952752589248,0.08299919323561641,low,datta_zhang (exactly 3-sparse)
ar_sigma0.75_datta_zhang,9,9,ar,100,500,0.75,3.0,datta_zhang,1.0,10,3,1.0,2.361111111111111,cocolasso_max,reweighted_max,5.408788627859263,4.687156961375363,7.806952069869132,6.623647188253178,15.305248857010156,202.2274187220028,0.7216316664838995,1.1833048816159533,-186.92216986499264,0.07568335171231116,low,datta_zhang (exactly 3-sparse)
ar_sigma0.75_datta_zhang,10,10,ar,100,500,0.75,3.0,datta_zhang,1.0,10,3,1.0,2.361111111111111,cocolasso_max,reweighted_max,2.746133708842752,1.9434712356268944,3.460629672012911,2.344948173923239,15.32098911399953,185.31360587198287,0.8026624732158576,1.115681498089672,-169.99261675798334,0.08267600774323865,low,datta_zhang (exactly 3-sparse)
ar_sigma0.75_datta_zhang,11,11,ar,100,500,0.75,3.0,datta_zhang,1.0,10,3,1.0,2.361111111111111,cocolasso_max,reweighted_max,4.052264612614774,2.8336310100317834,5.708030413016102,3.894350679027238,15.340859854011796,187.6212725099176,1.2186336025829907,1.813679733988864,-172.2804126559058,0.08176503468283898,low,datta_zhang (exactly 3-sparse)
ar_sigma0.75_datta_zhang,12,12,ar,100,500,0.75,3.0,datta_zhang,1.0,10,3,1.0,2.361111111111111,cocolasso_max,reweighted_max,3.2096851381858027,2.271804736179822,3.610278073381052,2.453670496629934,15.408854246023113,204.59885533794292,0.9378804020059808,1.1566075767511181,-189.1900010919198,0.07531251443499908,low,datta_zhang (exactly 3-sparse)
ar_sigma0.75_datta_zhang,13,13,ar,100,500,0.75,3.0,datta_zhang,1.0,10,3,1.0,2.361111111111111,cocolasso_max,reweighted_max,6.555119323255595,5.426500887964577,7.904067224555053,6.533874637925432,15.359112820005976,205.53470961609852,1.1286184352910178,1.3701925866296207,-190.17559679609255,0.0747275866382569,low,datta_zhang (exactly 3-sparse)
ar_sigma0.75_datta_zhang,14,14,ar,100,500,0.75,3.0,datta_zhang,1.0,10,3,1.0,2.361111111111111,cocolasso_max,reweighted_max,4.211255303050479,3.0826974349279967,5.872046015230915,4.172239955445394,15.350411813007668,188.3548213450704,1.1285578681224826,1.6998060597855211,-173.00440953206274,0.08149731290862662,low,datta_zhang (exactly 3-sparse)
ar_sigma0.75_datta_zhang,15,15,ar,100,500,0.75,3.0,datta_zhang,1.0,10,3,1.0,2.361111111111111,cocolasso_max,reweighted_max,4.782070454771171,3.4176757591480715,6.3282675487751545,4.559958504185266,15.273618903011084,205.0065588050056,1.3643946956230995,1.7683090445898886,-189.7329399019945,0.07450307439938429,low,datta_zhang (exactly 3-sparse)
ar_sigma0.75_datta_zhang,16,16,ar,100,500,0.75,3.0,datta_zhang,1.0,10,3,1.0,2.361111111111111,cocolasso_max,reweighted_max,5.713346784549606,4.337050070370861,6.056382057741319,4.351172464990075,15.336507324012928,188.8068816460436,1.3762967141787454,1.7052095927512445,-173.47037432203066,0.08122853992559599,low,datta_zhang (exactly 3-sparse)
ar_sigma0.75_datta_zhang,17,17,ar,100,500,0.75,3.0,datta_zhang,1.0,10,3,1.0,2.361111111111111,cocolasso_max,reweighted_max,7.101654287554163,6.2198847883941575,7.153798610307872,5.676968864086542,15.35938536701724,173.64032009302173,0.8817694991600051,1.4768297462213296,-158.2809347260045,0.08845517768447435,low,datta_zhang (exactly 3-sparse)
ar_sigma0.75_datta_zhang,18,18,ar,100,500,0.75,3.0,datta_zhang,1.0,10,3,1.0,2.361111111111111,cocolasso_max,reweighted_max,7.339861323062832,8.629373177235264,6.7478400709355855,6.285939964488847,15.344036519061774,188.20978767995257,-1.2895118541724324,0.4619001064467385,-172.8657511608908,0.0815262410537014,low,datta_zhang (exactly 3-sparse)
ar_sigma0.75_datta_zhang,19,19,ar,100,500,0.75,3.0,datta_zhang,1.0,10,3,1.0,2.361111111111111,cocolasso_max,reweighted_max,3.525839995061837,2.0128697736267047,4.147555730614469,2.0232268482607774,15.350380450021476,206.26952503994107,1.5129702214351322,2.1243288823536917,-190.9191445899196,0.0744190420133517,low,datta_zhang (exactly 3-sparse)
ar_sigma0.75_datta_zhang,20,20,ar,100,500,0.75,3.0,datta_zhang,1.0,10,3,1.0,2.361111111111111,cocolasso_max,reweighted_max,14.078654028481282,14.738733155156543,13.466409401614346,12.976942240334678,15.322340780985542,173.0487530180253,-0.6600791266752619,0.48946716127966816,-157.72641223703977,0.08854349143671389,low,datta_zhang (exactly 3-sparse)
ar_sigma0.75_datta_zhang,21,21,ar,100,500,0.75,3.0,datta_zhang,1.0,10,3,1.0,2.361111111111111,cocolasso_max,reweighted_max,1.753596625914909,1.3117796850184882,2.13516552135147,1.3673529266544926,15.36716756306123,174.17851307906676,0.44181694089642076,0.7678125946969776,-158.81134551600553,0.08822654006746196,low,datta_zhang (exactly 3-sparse)
ar_sigma0.75_datta_zhang,22,22,ar,100,500,0.75,3.0,datta_zhang,1.0,10,3,1.0,2.361111111111111,cocolasso_max,reweighted_max,6.098605274839384,4.762510937270316,7.601273430098155,5.468922535260309,15.29847623698879,203.9249273720197,1.336094337569068,2.1323508948378462,-188.62645113503092,0.07502013821527478,low,datta_zhang (exactly 3-sparse)
ar_sigma0.75_datta_zhang,23,23,ar,100,500,0.75,3.0,datta_zhang,1.0,10,3,1.0,2.361111111111111,cocolasso_max,reweighted_max,2.981675185433758,2.452812178009301,3.483201191629697,2.54991881086826,15.317399384919554,205.20831319596616,0.5288630074244574,0.9332823807614372,-189.8909138110466,0.07464317184017794,low,datta_zhang (exactly 3-sparse)
ar_sigma0.75_datta_zhang,24,24,ar,100,500,0.75,3.0,datta_zhang,1.0,10,3,1.0,2.361111111111111,cocolasso_max,reweighted_max,4.616116237072956,3.130805116621001,6.271566408395639,4.125719247843896,15.281495269038714,233.8764679079177,1.485311120451955,2.1458471605517433,-218.59497263887897,0.0653400293143446,low,datta_zhang (exactly 3-sparse)
ar_sigma0.75_datta_zhang,25,25,ar,100,500,0.75,3.0,datta_zhang,1.0,10,3,1.0,2.361111111111111,cocolasso_max,reweighted_max,2.981091951797377,2.382543066841996,3.567687279613023,2.634459755993894,15.277746964013204,204.5662768559996,0.598548884955381,0.933227523619129,-189.2885298919864,0.07468360474081304,low,datta_zhang (exactly 3-sparse)
ar_sigma0.75_datta_zhang,26,26,ar,100,500,0.75,3.0,datta_zhang,1.0,10,3,1.0,2.361111111111111,cocolasso_max,reweighted_max,4.410604224680814,4.35469988221832,4.793861657476282,4.285146354504063,15.332208348088898,216.99088017712347,0.05590434246249387,0.5087153029722193,-201.65867182903457,0.07065830755455553,low,datta_zhang (exactly 3-sparse)
ar_sigma0.75_datta_zhang,27,27,ar,100,500,0.75,3.0,datta_zhang,1.0,10,3,1.0,2.361111111111111,cocolasso_max,reweighted_max,3.905998522671332,3.051652698720419,4.31462895445542,3.129934193800609,15.252916636993175,184.92223097593524,0.8543458239509127,1.1846947606548115,-169.66931433894206,0.08248287161849192,low,datta_zhang (exactly 3-sparse)
ar_sigma0.75_datta_zhang,28,28,ar,100,500,0.75,3.0,datta_zhang,1.0,10,3,1.0,2.361111111111111,cocolasso_max,reweighted_max,3.339125908953128,2.27256672941412,3.973308270795397,2.531706591095706,15.319888376048766,175.35753153287806,1.066559179539008,1.441601679699691,-160.0376431568293,0.08736373192603031,low,datta_zhang (exactly 3-sparse)
ar_sigma0.75_datta_zhang,29,29,ar,100,500,0.75,3.0,datta_zhang,1.0,10,3,1.0,2.361111111111111,cocolasso_max,reweighted_max,7.325090219224947,6.561301615931283,10.122674411073294,8.973707564014536,15.317664296017028,175.97376676090062,0.7637886032936638,1.1489668470587588,-160.6561024648836,0.08704515779803403,low,datta_zhang (exactly 3-sparse)
ar_sigma0.75_datta_zhang,30,30,ar,100,500,0.75,3.0,datta_zhang,1.0,10,3,1.0,2.361111111111111,cocolasso_max,reweighted_max,5.137375060089156,4.184941653890489,6.383332279961885,5.1248805820625005,15.391092962934636,224.1864622910507,0.9524334061986677,1.2584516978993845,-208.79536932811607,0.06865308817333093,low,datta_zhang (exactly 3-sparse)
ar_sigma0.75_datta_zhang,31,31,ar,100,500,0.75,3.0,datta_zhang,1.0,10,3,1.0,2.361111111111111,cocolasso_max,reweighted_max,2.8942698807780065,1.8633788342157092,3.290124963462204,1.975031910858604,15.316029348992744,222.1252790801227,1.0308910465622974,1.3150930526035998,-206.80924973112997,0.06895221206888437,low,datta_zhang (exactly 3-sparse)
ar_sigma0.75_datta_zhang,32,32,ar,100,500,0.75,3.0,datta_zhang,1.0,10,3,1.0,2.361111111111111,cocolasso_max,reweighted_max,7.936118454391154,7.356377782115357,9.741912876833386,8.686676829319712,15.311163455946373,206.2597043500282,0.579740672275797,1.0552360475136737,-190.94854089408182,0.0742324512885121,low,datta_zhang (exactly 3-sparse)
ar_sigma0.75_datta_zhang,33,33,ar,100,500,0.75,3.0,datta_zhang,1.0,10,3,1.0,2.361111111111111,cocolasso_max,reweighted_max,4.56193657516426,3.882399042984252,5.341138307365144,4.422159365341788,15.348629661020825,215.085921243066,0.6795375321800083,0.9189789420233563,-199.73729158204517,0.0713604571248321,low,datta_zhang (exactly 3-sparse)
ar_sigma0.75_datta_zhang,34,34,ar,100,500,0.75,3.0,datta_zhang,1.0,10,3,1.0,2.361111111111111,cocolasso_max,reweighted_max,4.157543335239779,3.2433301377620367,5.548005505581152,4.2750890808814805,15.3133397300262,233.7216663060244,0.9142131974777419,1.2729164246996714,-218.4083265759982,0.06551955568370635,low,datta_zhang (exactly 3-sparse)
ar_sigma0.75_datta_zhang,35,35,ar,100,500,0.75,3.0,datta_zhang,1.0,10,3,1.0,2.361111111111111,cocolasso_max,reweighted_max,3.8428370397243543,2.7299045242779867,4.888427510591216,3.388300936132452,15.331244923989289,233.84366429178044,1.1129325154463676,1.5001265744587635,-218.51241936779115,0.06556194272109761,low,datta_zhang (exactly 3-sparse)
ar_sigma0.75_datta_zhang,36,36,ar,100,500,0.75,3.0,datta_zhang,1.0,10,3,1.0,2.361111111111111,cocolasso_max,reweighted_max,7.838906789031618,7.831492872266819,7.093411809541788,6.33010017495624,15.343603692017496,197.36517827003263,0.007413916764799744,0.7633116345855484,-182.02157457801513,0.07774220268493647,low,datta_zhang (exactly 3-sparse)
ar_sigma0.75_datta_zhang,37,37,ar,100,500,0.75,3.0,datta_zhang,1.0,10,3,1.0,2.361111111111111,cocolasso_max,reweighted_max,4.779962346976921,3.4064383499930084,5.4981777332236685,3.634884652350786,15.326541604008526,233.6845274940133,1.3735239969839128,1.8632930808728827,-218.35798589000478,0.06558646294800656,low,datta_zhang (exactly 3-sparse)
ar_sigma0.75_datta_zhang,38,38,ar,100,500,0.75,3.0,datta_zhang,1.0,10,3,1.0,2.361111111111111,cocolasso_max,reweighted_max,4.090370041055562,3.2222531493081363,5.690579050165189,4.033492469616819,15.366473744041286,197.5242227341514,0.8681168917474253,1.6570865805483699,-182.15774899011012,0.0777953889975463,low,datta_zhang (exactly 3-sparse)
ar_sigma0.75_datta_zhang,39,39,ar,100,500,0.75,3.0,datta_zhang,1.0,10,3,1.0,2.361111111111111,cocolasso_max,reweighted_max,5.82224687065116,4.886050184464534,6.549362139644384,4.894817740998953,15.325331637985071,232.13850245112556,0.9361966861866255,1.6545443986454318,-216.8131708131405,0.0660180516207632,low,datta_zhang (exactly 3-sparse)
ar_sigma0.75_datta_zhang,40,40,ar,100,500,0.75,3.0,datta_zhang,1.0,10,3,1.0,2.361111111111111,cocolasso_max,reweighted_max,5.758531535452219,5.033804830561362,6.634839099604886,5.298875333841987,15.358714849920943,214.7052831610199,0.7247267048908572,1.3359637657628989,-199.34656831109896,0.07153394003072833,low,datta_zhang (exactly 3-sparse)
ar_sigma0.75_datta_zhang,41,41,ar,100,500,0.75,3.0,datta_zhang,1.0,10,3,1.0,2.361111111111111,cocolasso_max,reweighted_max,4.063033249537735,2.670102328669813,5.74764826477456,3.727994993790882,15.354621689999476,251.349914052058,1.3929309208679221,2.0196532709836785,-235.99529236205854,0.061088629164278624,low,datta_zhang (exactly 3-sparse)
ar_sigma0.75_datta_zhang,42,42,ar,100,500,0.75,3.0,datta_zhang,1.0,10,3,1.0,2.361111111111111,cocolasso_max,reweighted_max,7.028916353727174,5.733329618723143,8.287306385370886,6.676118030044207,15.494104168959892,196.96573546808213,1.295586735004031,1.6111883553266795,-181.47163129912224,0.07866395711994627,low,datta_zhang (exactly 3-sparse)
ar_sigma0.75_datta_zhang,43,43,ar,100,500,0.75,3.0,datta_zhang,1.0,10,3,1.0,2.361111111111111,cocolasso_max,reweighted_max,6.418068333000322,6.315064021249492,5.718146535169257,5.036151636760829,15.430628856061958,233.3598401169293,0.10300431175082991,0.6819948984084281,-217.92921126086733,0.06612375483429433,low,datta_zhang (exactly 3-sparse)
ar_sigma0.75_datta_zhang,44,44,ar,100,500,0.75,3.0,datta_zhang,1.0,10,3,1.0,2.361111111111111,cocolasso_max,reweighted_max,4.217216794586758,4.002523296935316,3.7989825952809264,3.0235192644190523,15.48651952308137,285.3044923739508,0.2146934976514414,0.7754633308618741,-269.8179728508694,0.05428067183317629,low,datta_zhang (exactly 3-sparse)
ar_sigma0.75_datta_zhang,45,45,ar,100,500,0.75,3.0,datta_zhang,1.0,10,3,1.0,2.361111111111111,cocolasso_max,reweighted_max,4.995858013316614,3.6266625483052186,6.1565913571232,4.373835131110228,15.43682041298598,215.1738052079454,1.369195465011395,1.782756226012972,-199.73698479495943,0.07174116941450068,low,datta_zhang (exactly 3-sparse)
ar_sigma0.75_datta_zhang,46,46,ar,100,500,0.75,3.0,datta_zhang,1.0,10,3,1.0,2.361111111111111,cocolasso_max,reweighted_max,1.3842643417785716,1.604505053621755,1.693347612957438,1.2461452361349303,15.469462509965524,249.2171672149561,-0.2202407118431835,0.44720237682250774,-233.74770470499058,0.06207221871125243,low,datta_zhang (exactly 3-sparse)
ar_sigma0.75_datta_zhang,47,47,ar,100,500,0.75,3.0,datta_zhang,1.0,10,3,1.0,2.361111111111111,cocolasso_max,reweighted_max,7.195333037091938,6.593176025962277,7.962568696306048,6.74008425602249,15.422686657053418,249.69812323711807,0.6021570111296608,1.2224844402835577,-234.27543658006465,0.061765328698156624,low,datta_zhang (exactly 3-sparse)
ar_sigma0.75_datta_zhang,48,48,ar,100,500,0.75,3.0,datta_zhang,1.0,10,3,1.0,2.361111111111111,cocolasso_max,reweighted_max,4.18966503175137,2.808184747027932,5.2989611657966105,3.5637218081945248,15.517738125054166,227.6718235439621,1.381480284723438,1.7352393576020857,-212.15408541890793,0.06815836006187995,low,datta_zhang (exactly 3-sparse)
ar_sigma0.75_datta_zhang,49,49,ar,100,500,0.75,3.0,datta_zhang,1.0,10,3,1.0,2.361111111111111,cocolasso_max,reweighted_max,5.447943419556991,5.532038724928408,5.4270633613505215,5.082876147007083,15.540183877921663,232.95914294896647,-0.08409530537141663,0.3441872143434388,-217.4189590710448,0.06670776549571182,low,datta_zhang (exactly 3-sparse)
ar_sigma0.75_datta_zhang,50,50,ar,100,500,0.75,3.0,datta_zhang,1.0,10,3,1.0,2.361111111111111,cocolasso_max,reweighted_max,5.011009972616377,3.600096639347664,6.324875996075829,4.570808835674118,15.562699228990825,266.4785529531073,1.4109133332687134,1.7540671604017115,-250.91585372411646,0.05840131994310785,low,datta_zhang (exactly 3-sparse)
ar_sigma0.75_datta_zhang,51,51,ar,100,500,0.75,3.0,datta_zhang,1.0,10,3,1.0,2.361111111111111,cocolasso_max,reweighted_max,4.8662453775015,4.103973239351355,5.84784550997481,4.489842946915152,15.335185897070916,314.60463846311904,0.7622721381501458,1.3580025630596584,-299.26945256604813,0.04874430959436936,low,datta_zhang (exactly 3-sparse)
ar_sigma0.75_datta_zhang,52,52,ar,100,500,0.75,3.0,datta_zhang,1.0,10,3,1.0,2.361111111111111,cocolasso_max,reweighted_max,7.665851099009899,6.322540272947747,10.360816134746656,8.509005604190538,15.419538201997057,257.3021724310238,1.3433108260621518,1.8518105305561186,-241.88263422902673,0.05992774198644065,low,datta_zhang (exactly 3-sparse)
ar_sigma0.75_datta_zhang,53,53,ar,100,500,0.75,3.0,datta_zhang,1.0,10,3,1.0,2.361111111111111,cocolasso_max,reweighted_max,2.757339496477064,2.043642460444085,3.411208665847492,2.0210097903610067,15.513494892977178,351.8144054990262,0.7136970360329791,1.3901988754864854,-336.300910606049,0.04409567843298594,low,datta_zhang (exactly 3-sparse)
ar_sigma0.75_datta_zhang,54,54,ar,100,500,0.75,3.0,datta_zhang,1.0,10,3,1.0,2.361111111111111,cocolasso_max,reweighted_max,3.7903449076833935,2.388046766466421,4.838171696679311,3.219481360209146,15.455553660984153,2572.4901401249226,1.4022981412169724,1.6186903364701646,-2557.0345864639385,0.006008012788820102,low,datta_zhang (exactly 3-sparse)
ar_sigma0.75_datta_zhang,55,55,ar,100,500,0.75,3.0,datta_zhang,1.0,10,3,1.0,2.361111111111111,cocolasso_max,reweighted_max,7.084550330287909,6.3812588925153335,6.147979224820726,5.255250363011697,15.47028012399096,306.34984011086635,0.7032914377725756,0.8927288618090286,-290.8795599868754,0.050498737385964845,low,datta_zhang (exactly 3-sparse)
ar_sigma0.75_datta_zhang,56,56,ar,100,500,0.75,3.0,datta_zhang,1.0,10,3,1.0,2.361111111111111,cocolasso_max,reweighted_max,3.656568050216205,2.350698604770709,4.511744569209763,2.832001283146111,15.483000673004426,255.55456771189347,1.305869445445496,1.679743286063652,-240.07156703888904,0.06058588900066,low,datta_zhang (exactly 3-sparse)
ar_sigma0.75_datta_zhang,57,57,ar,100,500,0.75,3.0,datta_zhang,1.0,10,3,1.0,2.361111111111111,cocolasso_max,reweighted_max,7.184912436448263,6.855660373978589,7.602432579837302,6.800265996612393,15.416865000035614,242.87848202511668,0.3292520624696742,0.802166583224909,-227.46161702508107,0.06347563140007322,low,datta_zhang (exactly 3-sparse)
ar_sigma0.75_datta_zhang,58,58,ar,100,500,0.75,3.0,datta_zhang,1.0,10,3,1.0,2.361111111111111,cocolasso_max,reweighted_max,5.478610858561002,4.6029477749098255,6.571308658687737,5.093655588730352,15.415812909952365,274.0176177821122,0.8756630836511761,1.4776530699573858,-258.60180487215985,0.05625847357818576,low,datta_zhang (exactly 3-sparse)
ar_sigma0.75_datta_zhang,59,59,ar,100,500,0.75,3.0,datta_zhang,1.0,10,3,1.0,2.361111111111111,cocolasso_max,reweighted_max,4.277611098058059,3.136560467483747,5.728146806769514,4.246874755947859,15.462519597960636,304.7365496910643,1.1410506305743118,1.481272050821655,-289.27403009310365,0.050740613863470674,low,datta_zhang (exactly 3-sparse)
ar_sigma0.75_datta_zhang,60,60,ar,100,500,0.75,3.0,datta_zhang,1.0,10,3,1.0,2.361111111111111,cocolasso_max,reweighted_max,3.74934481273273,2.6936613512912086,4.350389241166004,2.8576242870264275,15.534384944941849,256.62432609382086,1.0556834614415211,1.4927649541395769,-241.089941148879,0.06053356352219913,low,datta_zhang (exactly 3-sparse)
ar_sigma0.75_datta_zhang,61,61,ar,100,500,0.75,3.0,datta_zhang,1.0,10,3,1.0,2.361111111111111,cocolasso_max,reweighted_max,6.954078211802429,6.729866513313777,6.714718980363399,5.543933362604284,15.478960441076197,257.9366626699921,0.2242116984886522,1.1707856177591145,-242.45770222891588,0.060010702940978204,low,datta_zhang (exactly 3-sparse)
ar_sigma0.75_datta_zhang,62,62,ar,100,500,0.75,3.0,datta_zhang,1.0,10,3,1.0,2.361111111111111,cocolasso_max,reweighted_max,5.044117619129474,4.429117254828784,4.711832001917148,3.836233531842099,15.466262190020643,284.8472518019844,0.6150003643006903,0.8755984700750488,-269.38098961196374,0.05429668740765045,low,datta_zhang (exactly 3-sparse)
ar_sigma0.75_datta_zhang,63,63,ar,100,500,0.75,3.0,datta_zhang,1.0,10,3,1.0,2.361111111111111,cocolasso_max,reweighted_max,3.135872905989132,2.4177270650901628,3.5377191422109724,2.330221630021267,15.429655991028994,226.855491990922,0.7181458408989694,1.2074975121897054,-211.425835999893,0.06801535133937352,low,datta_zhang (exactly 3-sparse)
ar_sigma0.75_datta_zhang,64,64,ar,100,500,0.75,3.0,datta_zhang,1.0,10,3,1.0,2.361111111111111,cocolasso_max,reweighted_max,5.107090988000553,4.289857682482426,6.518761664896864,5.553628017131215,15.400181062053887,202.46064945310357,0.8172333055181271,0.9651336477656489,-187.06046839104968,0.07606505809229397,low,datta_zhang (exactly 3-sparse)
ar_sigma0.75_datta_zhang,65,65,ar,100,500,0.75,3.0,datta_zhang,1.0,10,3,1.0,2.361111111111111,cocolasso_max,reweighted_max,6.684983419346843,6.423732284826174,7.283288841220199,6.190688277025105,15.299251460004598,219.27272732183337,0.26125113452066895,1.0926005641950942,-203.97347586182877,0.06977270564774529,low,datta_zhang (exactly 3-sparse)
ar_sigma0.75_datta_zhang,66,66,ar,100,500,0.75,3.0,datta_zhang,1.0,10,3,1.0,2.361111111111111,cocolasso_max,reweighted_max,5.778798764940223,4.87185160953669,6.2796918644888216,5.046776838315756,15.452779390034266,258.3674379999284,0.9069471554035333,1.2329150261730657,-242.91465860989416,0.05980931463212693,low,datta_zhang (exactly 3-sparse)
ar_sigma0.75_datta_zhang,67,67,ar,100,500,0.75,3.0,datta_zhang,1.0,10,3,1.0,2.361111111111111,cocolasso_max,reweighted_max,7.978280852514161,6.714495892875445,8.851512273652528,6.888238039399269,15.485251680016518,251.6098623930011,1.2637849596387163,1.9632742342532588,-236.12461071298458,0.06154469277452004,low,datta_zhang (exactly 3-sparse)
ar_sigma0.75_datta_zhang,68,68,ar,100,500,0.75,3.0,datta_zhang,1.0,10,3,1.0,2.361111111111111,cocolasso_max,reweighted_max,7.165619598334257,5.7208016208448935,10.05568688016739,8.174267295750123,15.483696660026908,236.4452201051172,1.4448179774893637,1.8814195844172659,-220.96152344509028,0.0654853443564783,low,datta_zhang (exactly 3-sparse)
ar_sigma0.75_datta_zhang,69,69,ar,100,500,0.75,3.0,datta_zhang,1.0,10,3,1.0,2.361111111111111,cocolasso_max,reweighted_max,7.426229370989332,6.320330378006403,8.80238385072814,7.437583137070512,15.5333124010358,226.8326836579945,1.1058989929829286,1.364800713657627,-211.2993712569587,0.06847916336631651,low,datta_zhang (exactly 3-sparse)
ar_sigma0.75_datta_zhang,70,70,ar,100,500,0.75,3.0,datta_zhang,1.0,10,3,1.0,2.361111111111111,cocolasso_max,reweighted_max,3.2072730096748048,1.7690422780655446,4.121708085835589,2.271234480795192,15.489084710017778,248.56781927403063,1.4382307316092602,1.8504736050403974,-233.07873456401285,0.06231331455236376,low,datta_zhang (exactly 3-sparse)
ar_sigma0.75_datta_zhang,71,71,ar,100,500,0.75,3.0,datta_zhang,1.0,10,3,1.0,2.361111111111111,cocolasso_max,reweighted_max,3.363672125477067,2.343110731014177,3.8869344974086895,2.5383912381746474,15.525993586983532,226.53062715916892,1.0205613944628902,1.348543259234042,-211.00463357218538,0.0685381653760857,low,datta_zhang (exactly 3-sparse)
ar_sigma0.75_datta_zhang,72,72,ar,100,500,0.75,3.0,datta_zhang,1.0,10,3,1.0,2.361111111111111,cocolasso_max,reweighted_max,6.609279806954181,6.255555628815762,7.373394089601967,6.450030411558653,15.51243688503746,220.9335042058956,0.3537241781384184,0.9233636780433141,-205.42106732085813,0.07021314825378808,low,datta_zhang (exactly 3-sparse)
ar_sigma0.75_datta_zhang,73,73,ar,100,500,0.75,3.0,datta_zhang,1.0,10,3,1.0,2.361111111111111,cocolasso_max,reweighted_max,4.122429579460619,2.746747475305396,5.411530539168906,3.595606556134927,15.43859452509787,222.1676269909367,1.3756821041552234,1.8159239830339788,-206.72903246583883,0.0694907477484453,low,datta_zhang (exactly 3-sparse)
ar_sigma0.75_datta_zhang,74,74,ar,100,500,0.75,3.0,datta_zhang,1.0,10,3,1.0,2.361111111111111,cocolasso_max,reweighted_max,2.899264464834295,2.068629779488416,3.9151828886669335,2.3484726288811744,15.438584632007403,232.9216789221391,0.830634685345879,1.5667102597857592,-217.4830942901317,0.06628230014247924,low,datta_zhang (exactly 3-sparse)
ar_sigma0.75_datta_zhang,75,75,ar,100,500,0.75,3.0,datta_zhang,1.0,10,3,1.0,2.361111111111111,cocolasso_max,reweighted_max,5.380159425506994,4.21704150412425,5.457309413358208,3.825811468292776,15.49911907792557,242.25108930992428,1.163117921382744,1.6314979450654317,-226.7519702319987,0.06397956402209094,low,datta_zhang (exactly 3-sparse)
ar_sigma0.75_datta_zhang,76,76,ar,100,500,0.75,3.0,datta_zhang,1.0,10,3,1.0,2.361111111111111,cocolasso_max,reweighted_max,3.5887490168298197,3.3023061827725133,3.306906342047497,2.7146042046232544,15.492301362915896,245.13613492401785,0.2864428340573064,0.5923021374242428,-229.64383356110196,0.06319876654544575,low,datta_zhang (exactly 3-sparse)
ar_sigma0.75_datta_zhang,77,77,ar,100,500,0.75,3.0,datta_zhang,1.0,10,3,1.0,2.361111111111111,cocolasso_max,reweighted_max,5.4295974273014505,4.373299440765818,7.445748258462684,5.825835553874481,15.486388426972551,246.0884168050252,1.0562979865356326,1.6199127045882031,-230.60202837805264,0.06293018024998044,low,datta_zhang (exactly 3-sparse)
ar_sigma0.75_datta_zhang,78,78,ar,100,500,0.75,3.0,datta_zhang,1.0,10,3,1.0,2.361111111111111,cocolasso_max,reweighted_max,6.889074733380012,6.184668508339447,8.929173268191402,7.7399897341788195,15.468196133966558,290.38855174405035,0.7044062250405645,1.1891835340125825,-274.9203556100838,0.05326723812307962,low,datta_zhang (exactly 3-sparse)
ar_sigma0.75_datta_zhang,79,79,ar,100,500,0.75,3.0,datta_zhang,1.0,10,3,1.0,2.361111111111111,cocolasso_max,reweighted_max,4.514618531607171,3.100535434062344,5.622136817224239,3.717439669857917,15.508564605028369,225.55473619909023,1.414083097544827,1.904697147366322,-210.04617159406186,0.06875743274723096,low,datta_zhang (exactly 3-sparse)
ar_sigma0.75_datta_zhang,80,80,ar,100,500,0.75,3.0,datta_zhang,1.0,10,3,1.0,2.361111111111111,cocolasso_max,reweighted_max,1.9772674872425364,1.1423994163061562,2.529498852433411,1.3170215215896308,15.466781545081176,248.51688124996144,0.8348680709363803,1.2124773308437804,-233.05009970488027,0.06223634172168968,low,datta_zhang (exactly 3-sparse)
ar_sigma0.75_datta_zhang,81,81,ar,100,500,0.75,3.0,datta_zhang,1.0,10,3,1.0,2.361111111111111,cocolasso_max,reweighted_max,7.454553985689949,6.963373639122516,8.315995326016061,7.374532832952972,15.49280920100864,245.4937391070416,0.49118034656743337,0.9414624930630895,-230.00092990603295,0.06310877522727118,low,datta_zhang (exactly 3-sparse)
ar_sigma0.75_datta_zhang,82,82,ar,100,500,0.75,3.0,datta_zhang,1.0,10,3,1.0,2.361111111111111,cocolasso_max,reweighted_max,7.282580933462619,6.371678294944257,9.168910998129231,7.801884120609099,15.451490722014569,252.91009115392808,0.9109026385183618,1.3670268775201322,-237.4586004319135,0.061094797172843385,low,datta_zhang (exactly 3-sparse)
ar_sigma0.75_datta_zhang,83,83,ar,100,500,0.75,3.0,datta_zhang,1.0,10,3,1.0,2.361111111111111,cocolasso_max,reweighted_max,4.534977212102198,3.413310969333759,5.370894664925196,3.7897747182050336,15.50928911101073,290.7903591990471,1.1216662427684385,1.581119946720162,-275.28107008803636,0.053334949458879975,low,datta_zhang (exactly 3-sparse)
ar_sigma0.75_datta_zhang,84,84,ar,100,500,0.75,3.0,datta_zhang,1.0,10,3,1.0,2.361111111111111,cocolasso_max,reweighted_max,6.671284801234022,6.008698221749841,7.805404364718965,6.613862828527488,15.464850532938726,230.0521842209855,0.6625865794841816,1.191541536191477,-214.58733368804678,0.06722322843969769,low,datta_zhang (exactly 3-sparse)
ar_sigma0.75_datta_zhang,85,85,ar,100,500,0.75,3.0,datta_zhang,1.0,10,3,1.0,2.361111111111111,cocolasso_max,reweighted_max,5.060798771090456,4.132501859586534,6.683744876376624,5.257931563069056,15.499783116974868,226.3255609649932,0.9282969115039217,1.4258133133075672,-210.82577784801833,0.06848445686332481,low,datta_zhang (exactly 3-sparse)
ar_sigma0.75_datta_zhang,86,86,ar,100,500,0.75,3.0,datta_zhang,1.0,10,3,1.0,2.361111111111111,cocolasso_max,reweighted_max,5.508415290308824,4.971658673765086,7.340651846532445,6.24999087985017,15.451538498979062,267.77820806996897,0.5367566165437383,1.0906609666822753,-252.3266695709899,0.05770274814499341,low,datta_zhang (exactly 3-sparse)
ar_sigma0.75_datta_zhang,87,87,ar,100,500,0.75,3.0,datta_zhang,1.0,10,3,1.0,2.361111111111111,cocolasso_max,reweighted_max,4.107105812642294,2.488706692930475,5.664170826539635,3.26657809737482,15.46013284404762,241.1979921789607,1.6183991197118188,2.397592729164815,-225.73785933491308,0.06409727006589974,low,datta_zhang (exactly 3-sparse)
ar_sigma0.75_datta_zhang,88,88,ar,100,500,0.75,3.0,datta_zhang,1.0,10,3,1.0,2.361111111111111,cocolasso_max,reweighted_max,6.11667283012951,4.476155107205043,8.051004072853377,5.76097302894337,15.427629056968726,303.6756223210832,1.640517722924467,2.290031043910007,-288.2479932641145,0.05080298819856122,low,datta_zhang (exactly 3-sparse)
ar_sigma0.75_datta_zhang,89,89,ar,100,500,0.75,3.0,datta_zhang,1.0,10,3,1.0,2.361111111111111,cocolasso_max,reweighted_max,4.994715610747593,4.545539235942736,4.666875596310902,3.858951999036473,15.394378972006962,261.00415605294984,0.44917637480485695,0.8079235972744292,-245.60977708094288,0.058981355717890975,low,datta_zhang (exactly 3-sparse)
ar_sigma0.75_datta_zhang,90,90,ar,100,500,0.75,3.0,datta_zhang,1.0,10,3,1.0,2.361111111111111,cocolasso_max,reweighted_max,7.648679135111046,7.58525612955639,8.026951497152528,7.05309388726398,15.468723975936882,265.1328896280611,0.06342300555465652,0.9738576098885474,-249.6641656521242,0.05834328588066543,low,datta_zhang (exactly 3-sparse)
ar_sigma0.75_datta_zhang,91,91,ar,100,500,0.75,3.0,datta_zhang,1.0,10,3,1.0,2.361111111111111,cocolasso_max,reweighted_max,4.717262625984742,3.622804018395476,6.186403700284876,4.637736183981523,15.418539765989408,346.541461757035,1.094458607589266,1.548667516303353,-331.1229219910456,0.04449262633052422,low,datta_zhang (exactly 3-sparse)
ar_sigma0.75_datta_zhang,92,92,ar,100,500,0.75,3.0,datta_zhang,1.0,10,3,1.0,2.361111111111111,cocolasso_max,reweighted_max,5.920799232003433,4.933054543778495,7.264827924634719,5.96213595046286,15.443884907988831,230.5977092760149,0.9877446882249377,1.302691974171859,-215.15382436802608,0.06697327981477565,low,datta_zhang (exactly 3-sparse)
ar_sigma0.75_datta_zhang,93,93,ar,100,500,0.75,3.0,datta_zhang,1.0,10,3,1.0,2.361111111111111,cocolasso_max,reweighted_max,5.621781384216457,4.637598587907848,6.846882581437431,5.540256125404559,15.463839191943409,243.4438336279709,0.9841827963086089,1.3066264560328715,-227.97999443602748,0.0635211784233366,low,datta_zhang (exactly 3-sparse)
ar_sigma0.75_datta_zhang,94,94,ar,100,500,0.75,3.0,datta_zhang,1.0,10,3,1.0,2.361111111111111,cocolasso_max,reweighted_max,5.149965874918387,3.862841832525251,5.95839504916677,4.066801866478851,15.535276216920463,259.55592667800374,1.2871240423931365,1.8915931826879184,-244.02065046108328,0.05985329025521732,low,datta_zhang (exactly 3-sparse)
ar_sigma0.75_datta_zhang,95,95,ar,100,500,0.75,3.0,datta_zhang,1.0,10,3,1.0,2.361111111111111,cocolasso_max,reweighted_max,3.0049045886944112,1.909099370971508,3.9465232577753646,2.5050270738149534,15.441102745011449,260.41568136098795,1.0958052177229032,1.4414961839604112,-244.9745786159765,0.059294058884292025,low,datta_zhang (exactly 3-sparse)
ar_sigma0.75_datta_zhang,96,96,ar,100,500,0.75,3.0,datta_zhang,1.0,10,3,1.0,2.361111111111111,cocolasso_max,reweighted_max,4.723294298702273,4.209748312206877,5.797202851999399,4.715228709672333,15.419360070955008,238.7031909079524,0.5135459864953962,1.0819741423270663,-223.2838308369974,0.06459637180510482,low,datta_zhang (exactly 3-sparse)
ar_sigma0.75_datta_zhang,97,97,ar,100,500,0.75,3.0,datta_zhang,1.0,10,3,1.0,2.361111111111111,cocolasso_max,reweighted_max,5.22869571562588,3.70484934669256,6.766909800740163,4.710331589354469,15.456861644983292,237.74254198593556,1.5238463689333206,2.056578211385694,-222.28568034095227,0.06501512735527869,low,datta_zhang (exactly 3-sparse)
ar_sigma0.75_datta_zhang,98,98,ar,100,500,0.75,3.0,datta_zhang,1.0,10,3,1.0,2.361111111111111,cocolasso_max,reweighted_max,5.985626790107955,5.397290109013536,5.153233370282145,4.122285819059993,15.48058596404735,257.29566628299654,0.5883366810944191,1.0309475512221518,-241.81508031894919,0.06016652432466714,low,datta_zhang (exactly 3-sparse)
ar_sigma0.75_datta_zhang,99,99,ar,100,500,0.75,3.0,datta_zhang,1.0,10,3,1.0,2.361111111111111,cocolasso_max,reweighted_max,7.534155662800105,8.061469850830594,7.749418265767731,7.009006598637656,15.46915897994768,271.4705157709541,-0.5273141880304895,0.7404116671300747,-256.0013567910064,0.0569828326881707,low,datta_zhang (exactly 3-sparse)
ar_sigma0.75_weak_sparse_a1.0,0,0,ar,100,500,0.75,3.0,weak_sparse,1.0,10,3,1.0,0.9118424939558302,cocolasso_max,reweighted_max,10.989748709381784,10.34961137995376,5.3401541218831845,4.927766992438146,17.574322787928395,246.6308415120002,0.6401373294280237,0.4123871294450385,-229.0565187240718,0.07125760379434658,low,weak α=1.0 (83% in first 3)
ar_sigma0.75_weak_sparse_a1.0,1,1,ar,100,500,0.75,3.0,weak_sparse,1.0,10,3,1.0,0.9118424939558302,cocolasso_max,reweighted_max,9.73121935829128,8.842486532302283,4.35554247009421,3.767479961905,17.648488802020438,232.593342075008,0.8887328259889973,0.5880625081892097,-214.94485327298756,0.07587701627473523,low,weak α=1.0 (83% in first 3)
ar_sigma0.75_weak_sparse_a1.0,2,2,ar,100,500,0.75,3.0,weak_sparse,1.0,10,3,1.0,0.9118424939558302,cocolasso_max,reweighted_max,15.225392899595551,15.382107875115905,8.592341349771399,8.739770934904437,17.637719471938908,275.0822957650525,-0.1567149755203534,-0.14742958513303783,-257.4445762931136,0.06411797394261703,low,weak α=1.0 (83% in first 3)
ar_sigma0.75_weak_sparse_a1.0,3,3,ar,100,500,0.75,3.0,weak_sparse,1.0,10,3,1.0,0.9118424939558302,cocolasso_max,reweighted_max,9.075214734157374,8.626754358308098,4.065469370163136,3.93454542229832,17.627135136979632,243.07086934207476,0.448460375849276,0.1309239478648161,-225.44373420509513,0.07251850122843344,low,weak α=1.0 (83% in first 3)
ar_sigma0.75_weak_sparse_a1.0,4,4,ar,100,500,0.75,3.0,weak_sparse,1.0,10,3,1.0,0.9118424939558302,cocolasso_max,reweighted_max,9.148955902223047,8.472287423978335,3.9756679249515385,3.542713900076917,17.654878555913456,283.0916839360725,0.6766684782447125,0.43295402487462153,-265.43680538015906,0.06236452555031699,low,weak α=1.0 (83% in first 3)
ar_sigma0.75_weak_sparse_a1.0,5,5,ar,100,500,0.75,3.0,weak_sparse,1.0,10,3,1.0,0.9118424939558302,cocolasso_max,reweighted_max,8.738297058185363,7.912461641718583,3.6885313218198026,3.192391408729799,17.684490257990547,268.1875959759345,0.8258354164667807,0.4961399130900035,-250.50310571794398,0.06594074641534667,low,weak α=1.0 (83% in first 3)
ar_sigma0.75_weak_sparse_a1.0,6,6,ar,100,500,0.75,3.0,weak_sparse,1.0,10,3,1.0,0.9118424939558302,cocolasso_max,reweighted_max,10.21019682106636,9.465275880873588,4.682300334476709,4.154956512467614,17.68045683996752,265.9044579039328,0.7449209401927721,0.5273438220090947,-248.22400106396526,0.06649176542333562,low,weak α=1.0 (83% in first 3)
ar_sigma0.75_weak_sparse_a1.0,7,7,ar,100,500,0.75,3.0,weak_sparse,1.0,10,3,1.0,0.9118424939558302,cocolasso_max,reweighted_max,11.131761627169016,10.515828432446716,5.335196475915917,4.87850177738743,17.65409353293944,409.2264909700025,0.6159331947223006,0.4566946985284872,-391.57239743706305,0.04314015324641712,low,weak α=1.0 (83% in first 3)
ar_sigma0.75_weak_sparse_a1.0,8,8,ar,100,500,0.75,3.0,weak_sparse,1.0,10,3,1.0,0.9118424939558302,cocolasso_max,reweighted_max,10.272782037760242,9.66731244548879,4.7155305107978975,4.285414525089591,17.563045868068002,269.45850427402183,0.6054695922714526,0.4301159857083068,-251.89545840595383,0.06517903717823477,low,weak α=1.0 (83% in first 3)
ar_sigma0.75_weak_sparse_a1.0,9,9,ar,100,500,0.75,3.0,weak_sparse,1.0,10,3,1.0,0.9118424939558302,cocolasso_max,reweighted_max,10.907010744326213,10.46007691721906,5.344560098208442,5.057875212149523,17.648034394020215,265.24959040398244,0.4469338271071521,0.28668488605891884,-247.60155600996222,0.06653369140793684,low,weak α=1.0 (83% in first 3)
ar_sigma0.75_weak_sparse_a1.0,10,10,ar,100,500,0.75,3.0,weak_sparse,1.0,10,3,1.0,0.9118424939558302,cocolasso_max,reweighted_max,9.403406333663265,9.111274141425762,4.222266536865332,4.095028786983155,16.464601429994218,292.819491325994,0.29213219223750286,0.12723774988217684,-276.3548898959998,0.056227819246036065,low,weak α=1.0 (83% in first 3)
ar_sigma0.75_weak_sparse_a1.0,11,11,ar,100,500,0.75,3.0,weak_sparse,1.0,10,3,1.0,0.9118424939558302,cocolasso_max,reweighted_max,9.79315214402374,8.9351279182974,4.407465016667272,3.844687944441701,16.215630340971984,266.5734756930033,0.8580242257263393,0.5627770722255714,-250.3578453520313,0.060829871759809126,low,weak α=1.0 (83% in first 3)
ar_sigma0.75_weak_sparse_a1.0,12,12,ar,100,500,0.75,3.0,weak_sparse,1.0,10,3,1.0,0.9118424939558302,cocolasso_max,reweighted_max,8.765058421330519,7.984317642587474,3.718138497292233,3.268094379243547,16.77934411598835,306.9353728770511,0.7807407787430449,0.45004411804868605,-290.15602876106277,0.05466735214878489,low,weak α=1.0 (83% in first 3)
ar_sigma0.75_weak_sparse_a1.0,13,13,ar,100,500,0.75,3.0,weak_sparse,1.0,10,3,1.0,0.9118424939558302,cocolasso_max,reweighted_max,11.276673609415283,10.592022296254228,5.462370462010995,4.956607046236229,17.707950667012483,283.58728279091883,0.684651313161055,0.5057634157747657,-265.87933212390635,0.062442682523489855,low,weak α=1.0 (83% in first 3)
ar_sigma0.75_weak_sparse_a1.0,14,14,ar,100,500,0.75,3.0,weak_sparse,1.0,10,3,1.0,0.9118424939558302,cocolasso_max,reweighted_max,11.457437835853032,11.26479352973906,5.8946790430231575,5.876846764862286,17.704340472002514,237.93765126296785,0.1926443061139711,0.017832278160871518,-220.23331079096533,0.07440747766496081,low,weak α=1.0 (83% in first 3)
ar_sigma0.75_weak_sparse_a1.0,15,15,ar,100,500,0.75,3.0,weak_sparse,1.0,10,3,1.0,0.9118424939558302,cocolasso_max,reweighted_max,9.441565722265908,8.794738875427987,4.136911723405537,3.720252899007297,17.617491238983348,280.1019900350366,0.6468268468379215,0.41665882439823987,-262.48449879605323,0.06289670143642914,low,weak α=1.0 (83% in first 3)
ar_sigma0.75_weak_sparse_a1.0,16,16,ar,100,500,0.75,3.0,weak_sparse,1.0,10,3,1.0,0.9118424939558302,cocolasso_max,reweighted_max,10.950062966022635,10.34533159196815,5.449456130715565,5.088419749486563,17.67626954091247,287.339799682959,0.6047313740544844,0.3610363812290025,-269.6635301420465,0.061516955049094726,low,weak α=1.0 (83% in first 3)
ar_sigma0.75_weak_sparse_a1.0,17,17,ar,100,500,0.75,3.0,weak_sparse,1.0,10,3,1.0,0.9118424939558302,cocolasso_max,reweighted_max,9.98685505297396,9.260514082003766,4.593746582689215,4.121659072295969,17.63408619398251,285.83577740797773,0.7263409709701936,0.47208751039324603,-268.2016912139952,0.061693068495106945,low,weak α=1.0 (83% in first 3)
ar_sigma0.75_weak_sparse_a1.0,18,18,ar,100,500,0.75,3.0,weak_sparse,1.0,10,3,1.0,0.9118424939558302,cocolasso_max,reweighted_max,11.943381246704025,11.37374445616141,6.038883995382869,5.633831653999393,17.627058334997855,245.32995328307152,0.5696367905426154,0.4050523413834757,-227.70289494807366,0.07185041247148101,low,weak α=1.0 (83% in first 3)
ar_sigma0.75_weak_sparse_a1.0,19,19,ar,100,500,0.75,3.0,weak_sparse,1.0,10,3,1.0,0.9118424939558302,cocolasso_max,reweighted_max,8.739200163491203,7.453069621964392,3.6470528820636794,2.875017134855181,17.72380876506213,265.62293050799053,1.286130541526811,0.7720357472084984,-247.8991217429284,0.0667254469754032,low,weak α=1.0 (83% in first 3)
ar_sigma0.75_weak_sparse_a1.0,20,20,ar,100,500,0.75,3.0,weak_sparse,1.0,10,3,1.0,0.9118424939558302,cocolasso_max,reweighted_max,15.034927561599462,15.227407462152344,8.6810757400102,8.915806448978836,17.612596941995434,256.0485457159812,-0.19247990055288255,-0.23473070896863568,-238.43594877398579,0.06878616276747768,low,weak α=1.0 (83% in first 3)
ar_sigma0.75_weak_sparse_a1.0,21,21,ar,100,500,0.75,3.0,weak_sparse,1.0,10,3,1.0,0.9118424939558302,cocolasso_max,reweighted_max,7.559837557351635,6.877561884219379,3.0319947242844,2.839363322425775,17.67644058400765,258.0578291959828,0.6822756731322563,0.19263140185862504,-240.38138861197513,0.06849798217353532,low,weak α=1.0 (83% in first 3)
ar_sigma0.75_weak_sparse_a1.0,22,22,ar,100,500,0.75,3.0,weak_sparse,1.0,10,3,1.0,0.9118424939558302,cocolasso_max,reweighted_max,11.217485491966949,10.529354913533233,5.432670492001191,4.936346946372568,17.62976581195835,257.6807797669899,0.6881305784337162,0.4963235456286226,-240.05101395503152,0.0684170772375814,low,weak α=1.0 (83% in first 3)
ar_sigma0.75_weak_sparse_a1.0,23,23,ar,100,500,0.75,3.0,weak_sparse,1.0,10,3,1.0,0.9118424939558302,cocolasso_max,reweighted_max,7.208320503362015,6.603339289167712,2.8236731894171685,2.705316509109973,17.618906495976262,313.7785711430479,0.6049812141943027,0.11835668030719537,-296.1596646470716,0.05615076399829743,low,weak α=1.0 (83% in first 3)
ar_sigma0.75_weak_sparse_a1.0,24,24,ar,100,500,0.75,3.0,weak_sparse,1.0,10,3,1.0,0.9118424939558302,cocolasso_max,reweighted_max,10.2507867230563,9.374155017550132,4.703211858936051,4.08949564432473,17.65474725596141,292.28886942507233,0.8766317055061688,0.6137162146113209,-274.6341221691109,0.06040170907187819,low,weak α=1.0 (83% in first 3)
ar_sigma0.75_weak_sparse_a1.0,25,25,ar,100,500,0.75,3.0,weak_sparse,1.0,10,3,1.0,0.9118424939558302,cocolasso_max,reweighted_max,8.329840195963852,7.646649917845661,3.3478907750226656,2.927328549667315,17.629995479946956,199.48950840195172,0.6831902781181913,0.4205622253553507,-181.85951292200477,0.08837555228430485,low,weak α=1.0 (83% in first 3)
ar_sigma0.75_weak_sparse_a1.0,26,26,ar,100,500,0.75,3.0,weak_sparse,1.0,10,3,1.0,0.9118424939558302,cocolasso_max,reweighted_max,8.68736448778851,8.017086551615003,3.690444011726801,3.3170414079346715,17.604466662975028,194.46915380295832,0.6702779361735072,0.37340260379212964,-176.8646871399833,0.0905257534097792,low,weak α=1.0 (83% in first 3)
ar_sigma0.75_weak_sparse_a1.0,27,27,ar,100,500,0.75,3.0,weak_sparse,1.0,10,3,1.0,0.9118424939558302,cocolasso_max,reweighted_max,10.594736378617707,9.894489920194044,5.093938968396167,4.618867556442523,17.61107856000308,193.27583729103208,0.7002464584236634,0.47507141195364433,-175.664758731029,0.09111888380276197,low,weak α=1.0 (83% in first 3)
ar_sigma0.75_weak_sparse_a1.0,28,28,ar,100,500,0.75,3.0,weak_sparse,1.0,10,3,1.0,0.9118424939558302,cocolasso_max,reweighted_max,10.079475618320505,9.4479633801804,4.592115405748228,4.169739596462772,17.566394870984368,180.77571479603648,0.6315122381401039,0.42237580928545526,-163.2093199250521,0.09717231593194901,low,weak α=1.0 (83% in first 3)
ar_sigma0.75_weak_sparse_a1.0,29,29,ar,100,500,0.75,3.0,weak_sparse,1.0,10,3,1.0,0.9118424939558302,cocolasso_max,reweighted_max,10.039805024010334,9.455543407714972,4.643712589604123,4.273912814740928,17.630681886919774,155.5282958309399,0.5842616162953629,0.3697997748631945,-137.89761394402012,0.11335996316763106,low,weak α=1.0 (83% in first 3)
ar_sigma0.75_weak_sparse_a1.0,30,30,ar,100,500,0.75,3.0,weak_sparse,1.0,10,3,1.0,0.9118424939558302,cocolasso_max,reweighted_max,11.453097340878202,11.004133362823543,5.781371685489249,5.530775064904828,17.676276862970553,169.0879660800565,0.4489639780546586,0.250596620584421,-151.41168921708595,0.10453894072273323,low,weak α=1.0 (83% in first 3)
ar_sigma0.75_weak_sparse_a1.0,31,31,ar,100,500,0.75,3.0,weak_sparse,1.0,10,3,1.0,0.9118424939558302,cocolasso_max,reweighted_max,8.817406367928706,8.049663988650689,3.701704915945962,3.2281164482180733,17.63017050398048,225.47740140999667,0.7677423792780171,0.47358846772788876,-207.8472309060162,0.07819041018626373,low,weak α=1.0 (83% in first 3)
ar_sigma0.75_weak_sparse_a1.0,32,32,ar,100,500,0.75,3.0,weak_sparse,1.0,10,3,1.0,0.9118424939558302,cocolasso_max,reweighted_max,9.645122163710422,8.914006082401166,4.571274014763239,4.157369550231142,17.684315926977433,199.193394189002,0.7311160813092563,0.4139044645320977,-181.50907826202456,0.08877963046403992,low,weak α=1.0 (83% in first 3)
ar_sigma0.75_weak_sparse_a1.0,33,33,ar,100,500,0.75,3.0,weak_sparse,1.0,10,3,1.0,0.9118424939558302,cocolasso_max,reweighted_max,9.187827892094866,8.631209641131468,3.950027097441736,3.5894260268651434,17.67402471904643,183.07022572297137,0.5566182509633979,0.3606010705765925,-165.39620100392494,0.09654232221132134,low,weak α=1.0 (83% in first 3)
ar_sigma0.75_weak_sparse_a1.0,34,34,ar,100,500,0.75,3.0,weak_sparse,1.0,10,3,1.0,0.9118424939558302,cocolasso_max,reweighted_max,10.05336147763688,9.43905619123743,4.595641738861012,4.177077141143561,17.60691028495785,209.3039128750097,0.6143052863994498,0.4185645977174506,-191.69700259005185,0.0841212667413064,low,weak α=1.0 (83% in first 3)
ar_sigma0.75_weak_sparse_a1.0,35,35,ar,100,500,0.75,3.0,weak_sparse,1.0,10,3,1.0,0.9118424939558302,cocolasso_max,reweighted_max,10.191984967311493,9.682143873766758,4.658493520955723,4.308277146889106,17.695470954990014,197.81701689201876,0.5098410935447344,0.3502163740666173,-180.12154593702874,0.08945373473430418,low,weak α=1.0 (83% in first 3)
ar_sigma0.75_weak_sparse_a1.0,36,36,ar,100,500,0.75,3.0,weak_sparse,1.0,10,3,1.0,0.9118424939558302,cocolasso_max,reweighted_max,11.69896517979578,11.345952744054063,6.07081440990714,5.95337536814692,17.693921948084608,181.946496627992,0.35301243574171615,0.11743904176021935,-164.25257467990738,0.09724793978452699,low,weak α=1.0 (83% in first 3)
ar_sigma0.75_weak_sparse_a1.0,37,37,ar,100,500,0.75,3.0,weak_sparse,1.0,10,3,1.0,0.9118424939558302,cocolasso_max,reweighted_max,10.653022443707547,9.755528443172352,5.008597454905642,4.367848353776324,17.682308321003802,213.30942120193504,0.897494000535195,0.6407491011293178,-195.62711288093124,0.08289511181160805,low,weak α=1.0 (83% in first 3)
ar_sigma0.75_weak_sparse_a1.0,38,38,ar,100,500,0.75,3.0,weak_sparse,1.0,10,3,1.0,0.9118424939558302,cocolasso_max,reweighted_max,9.526376646959005,8.596813129251299,4.284830937877639,3.733711874206099,17.70870452595409,184.0137584360782,0.929563517707706,0.55111906367154,-166.30505391012412,0.09623576343670874,low,weak α=1.0 (83% in first 3)
ar_sigma0.75_weak_sparse_a1.0,39,39,ar,100,500,0.75,3.0,weak_sparse,1.0,10,3,1.0,0.9118424939558302,cocolasso_max,reweighted_max,10.015333496375083,8.981253193366674,4.575165701128398,3.8866435095903062,17.648434615926817,167.8087954899529,1.034080303008409,0.6885221915380919,-150.16036087402608,0.10516990223544909,low,weak α=1.0 (83% in first 3)
ar_sigma0.75_weak_sparse_a1.0,40,40,ar,100,500,0.75,3.0,weak_sparse,1.0,10,3,1.0,0.9118424939558302,cocolasso_max,reweighted_max,10.172019745234715,9.347800794160452,4.682140752789895,4.132938138097313,17.744015206000768,168.59804416901898,0.824218951074263,0.5492026146925815,-150.8540289630182,0.10524449019238,low,weak α=1.0 (83% in first 3)
ar_sigma0.75_weak_sparse_a1.0,41,41,ar,100,500,0.75,3.0,weak_sparse,1.0,10,3,1.0,0.9118424939558302,cocolasso_max,reweighted_max,9.311240430566947,8.462945515356608,4.029034082593296,3.470357966139486,17.652830228907987,240.3354761239607,0.8482949152103387,0.5586761164538099,-222.6826458950527,0.07345078851281604,low,weak α=1.0 (83% in first 3)
ar_sigma0.75_weak_sparse_a1.0,42,42,ar,100,500,0.75,3.0,weak_sparse,1.0,10,3,1.0,0.9118424939558302,cocolasso_max,reweighted_max,13.669659583413932,13.628970536881946,7.441131328406661,7.467061089394733,17.63530655496288,182.9903914809693,0.040689046531985795,-0.025929760988071315,-165.3550849260064,0.09637285549387398,low,weak α=1.0 (83% in first 3)
ar_sigma0.75_weak_sparse_a1.0,43,43,ar,100,500,0.75,3.0,weak_sparse,1.0,10,3,1.0,0.9118424939558302,cocolasso_max,reweighted_max,10.208473630041246,9.510369107328806,4.712278675928074,4.239116092559669,17.613535156007856,197.713436759077,0.6981045227124394,0.47316258336840455,-180.09990160306916,0.08908618172203828,low,weak α=1.0 (83% in first 3)
ar_sigma0.75_weak_sparse_a1.0,44,44,ar,100,500,0.75,3.0,weak_sparse,1.0,10,3,1.0,0.9118424939558302,cocolasso_max,reweighted_max,10.81061821348109,10.334421062799926,5.130719054124199,4.791878718505454,17.655517179053277,182.8033640559297,0.4761971506811644,0.3388403356187455,-165.14784687687643,0.09658201461572377,low,weak α=1.0 (83% in first 3)
ar_sigma0.75_weak_sparse_a1.0,45,45,ar,100,500,0.75,3.0,weak_sparse,1.0,10,3,1.0,0.9118424939558302,cocolasso_max,reweighted_max,11.333590200575468,10.60704142231255,5.539877595418326,5.033732037563832,17.63017115194816,237.3772835060954,0.7265487782629183,0.5061455578544942,-219.74711235414725,0.07427067532136221,low,weak α=1.0 (83% in first 3)
ar_sigma0.75_weak_sparse_a1.0,46,46,ar,100,500,0.75,3.0,weak_sparse,1.0,10,3,1.0,0.9118424939558302,cocolasso_max,reweighted_max,7.191101256535943,6.490609177868682,2.962322208622149,2.850399833181666,17.66075831791386,216.1664584700484,0.7004920786672617,0.111922375440483,-198.50570015213455,0.08169980876270358,low,weak α=1.0 (83% in first 3)
ar_sigma0.75_weak_sparse_a1.0,47,47,ar,100,500,0.75,3.0,weak_sparse,1.0,10,3,1.0,0.9118424939558302,cocolasso_max,reweighted_max,9.34170285345801,8.713266025133482,4.060805118189147,3.633712796053667,17.663806910975836,211.16429593390785,0.6284368283245279,0.42709232213547965,-193.50048902293202,0.08364959063204708,low,weak α=1.0 (83% in first 3)
ar_sigma0.75_weak_sparse_a1.0,48,48,ar,100,500,0.75,3.0,weak_sparse,1.0,10,3,1.0,0.9118424939558302,cocolasso_max,reweighted_max,11.453868879944515,10.767581509464272,5.625032100021833,5.130765035981186,17.683208297006786,214.47642939607613,0.6862873704802439,0.49426706404064635,-196.79322109906934,0.08244825945116327,low,weak α=1.0 (83% in first 3)
ar_sigma0.75_weak_sparse_a1.0,49,49,ar,100,500,0.75,3.0,weak_sparse,1.0,10,3,1.0,0.9118424939558302,cocolasso_max,reweighted_max,9.693438865596946,9.167900595656963,4.43847224312158,4.138300857930393,17.686606711009517,168.94966660195496,0.5255382699399824,0.30017138519118713,-151.26305989094544,0.10468565618823696,low,weak α=1.0 (83% in first 3)
ar_sigma0.75_weak_sparse_a1.0,50,50,ar,100,500,0.75,3.0,weak_sparse,1.0,10,3,1.0,0.9118424939558302,cocolasso_max,reweighted_max,11.208694040278122,10.437873476319972,5.401089853067468,4.837375773680871,17.66192326392047,199.94054893392604,0.77082056395815,0.5637140793865969,-182.27862567000557,0.08833587462919876,low,weak α=1.0 (83% in first 3)
ar_sigma0.75_weak_sparse_a1.0,51,51,ar,100,500,0.75,3.0,weak_sparse,1.0,10,3,1.0,0.9118424939558302,cocolasso_max,reweighted_max,10.190576958242534,9.507684813724492,4.676338232579946,4.206380199567727,17.691472116974182,189.71783345099536,0.6828921445180427,0.46995803301221883,-172.02636133402117,0.09325149773831852,low,weak α=1.0 (83% in first 3)
ar_sigma0.75_weak_sparse_a1.0,52,52,ar,100,500,0.75,3.0,weak_sparse,1.0,10,3,1.0,0.9118424939558302,cocolasso_max,reweighted_max,12.606151636297067,12.16684665485498,6.615357495411313,6.301425072278953,17.717062972020358,166.4172920070123,0.43930498144208663,0.3139324231323606,-148.70022903499193,0.1064616708897884,low,weak α=1.0 (83% in first 3)
ar_sigma0.75_weak_sparse_a1.0,53,53,ar,100,500,0.75,3.0,weak_sparse,1.0,10,3,1.0,0.9118424939558302,cocolasso_max,reweighted_max,8.987481788691408,7.991391085257694,3.8133314112482775,3.1898494081537425,17.55403300304897,194.7398880990222,0.9960907034337136,0.6234820030945349,-177.18585509597324,0.09014092168997764,low,weak α=1.0 (83% in first 3)
ar_sigma0.75_weak_sparse_a1.0,54,54,ar,100,500,0.75,3.0,weak_sparse,1.0,10,3,1.0,0.9118424939558302,cocolasso_max,reweighted_max,10.162023965346972,9.554181326699377,4.627047673168685,4.195398807520836,17.614650779985823,191.66144098399675,0.607842638647595,0.43164886564784943,-174.04679020401093,0.09190503154704238,low,weak α=1.0 (83% in first 3)
ar_sigma0.75_weak_sparse_a1.0,55,55,ar,100,500,0.75,3.0,weak_sparse,1.0,10,3,1.0,0.9118424939558302,cocolasso_max,reweighted_max,10.143329151141293,9.503436244418475,4.923859793762306,4.568320741396134,17.647647559992038,164.7701642040629,0.6398929067228174,0.3555390523661721,-147.12251664407086,0.10710463053332858,low,weak α=1.0 (83% in first 3)
ar_sigma0.75_weak_sparse_a1.0,56,56,ar,100,500,0.75,3.0,weak_sparse,1.0,10,3,1.0,0.9118424939558302,cocolasso_max,reweighted_max,9.465899335287297,8.528792183388244,4.1579569539316354,3.557192048702211,17.653204733040184,176.76225178304594,0.9371071518990526,0.6007649052294246,-159.10904705000576,0.09986976605563576,low,weak α=1.0 (83% in first 3)
ar_sigma0.75_weak_sparse_a1.0,57,57,ar,100,500,0.75,3.0,weak_sparse,1.0,10,3,1.0,0.9118424939558302,cocolasso_max,reweighted_max,10.547250578433705,9.900528739404397,4.920588971130397,4.475768471915557,17.604336527059786,190.8645743119996,0.6467218390293077,0.4448204992148401,-173.26023778493982,0.09223469881992138,low,weak α=1.0 (83% in first 3)
ar_sigma0.75_weak_sparse_a1.0,58,58,ar,100,500,0.75,3.0,weak_sparse,1.0,10,3,1.0,0.9118424939558302,cocolasso_max,reweighted_max,10.899343100189206,10.526269951428858,5.296240429184465,5.1076351727463445,17.595019611995667,164.67191870405804,0.3730731487603478,0.18860525643812043,-147.07689909206238,0.10684893787881801,low,weak α=1.0 (83% in first 3)
ar_sigma0.75_weak_sparse_a1.0,59,59,ar,100,500,0.75,3.0,weak_sparse,1.0,10,3,1.0,0.9118424939558302,cocolasso_max,reweighted_max,10.309757461107614,9.716774406692355,4.755764249622563,4.345647384712965,17.589307541958988,374.1771656370256,0.5929830544152583,0.41011686490959764,-356.5878580950666,0.04700796616494144,low,weak α=1.0 (83% in first 3)
ar_sigma0.75_weak_sparse_a1.0,60,60,ar,100,500,0.75,3.0,weak_sparse,1.0,10,3,1.0,0.9118424939558302,cocolasso_max,reweighted_max,10.124730306866573,9.378064661664007,4.659993915400466,4.150890483770846,17.67485609895084,158.82531245599966,0.7466656452025653,0.5091034316296197,-141.15045635704882,0.11128488164534486,low,weak α=1.0 (83% in first 3)
ar_sigma0.75_weak_sparse_a1.0,61,61,ar,100,500,0.75,3.0,weak_sparse,1.0,10,3,1.0,0.9118424939558302,cocolasso_max,reweighted_max,10.83575803578212,10.143324843263567,5.204612955300812,4.733018130678231,17.64464684901759,147.99428338103462,0.6924331925185534,0.4715948246225805,-130.34963653201703,0.1192251919865625,low,weak α=1.0 (83% in first 3)
ar_sigma0.75_weak_sparse_a1.0,62,62,ar,100,500,0.75,3.0,weak_sparse,1.0,10,3,1.0,0.9118424939558302,cocolasso_max,reweighted_max,7.910009320475834,7.009094334310991,3.1790934578277987,2.68016926607184,17.609953113016672,135.21579480997752,0.9009149861648433,0.4989241917559588,-117.60584169696085,0.13023591761424338,low,weak α=1.0 (83% in first 3)
ar_sigma0.75_weak_sparse_a1.0,63,63,ar,100,500,0.75,3.0,weak_sparse,1.0,10,3,1.0,0.9118424939558302,cocolasso_max,reweighted_max,8.67824742727646,7.598893269473709,3.654640203572072,3.0043827855623646,17.64188362902496,160.2118455490563,1.0793541578027517,0.6502574180097076,-142.56996192003135,0.1101159753110957,low,weak α=1.0 (83% in first 3)
ar_sigma0.75_weak_sparse_a1.0,64,64,ar,100,500,0.75,3.0,weak_sparse,1.0,10,3,1.0,0.9118424939558302,cocolasso_max,reweighted_max,12.42371965670424,12.300620143938232,6.417685582489622,6.364118706668795,17.611697180080228,156.78050604299642,0.12309951276600728,0.05356687582082742,-139.1688088629162,0.11233346303430282,low,weak α=1.0 (83% in first 3)
ar_sigma0.75_weak_sparse_a1.0,65,65,ar,100,500,0.75,3.0,weak_sparse,1.0,10,3,1.0,0.9118424939558302,cocolasso_max,reweighted_max,7.96723173456417,7.163541532429332,3.1360453397409405,2.6761336978589028,16.381455030990764,166.30070799798705,0.8036902021348382,0.4599116418820377,-149.91925296699628,0.09850502278793095,low,weak α=1.0 (83% in first 3)
ar_sigma0.75_weak_sparse_a1.0,66,66,ar,100,500,0.75,3.0,weak_sparse,1.0,10,3,1.0,0.9118424939558302,cocolasso_max,reweighted_max,10.447958076225763,9.95042914697414,4.965251568106115,4.646084972947072,16.16517077793833,189.9666795330122,0.49752892925162406,0.319166595159043,-173.80150875507388,0.08509476934416366,low,weak α=1.0 (83% in first 3)
ar_sigma0.75_weak_sparse_a1.0,67,67,ar,100,500,0.75,3.0,weak_sparse,1.0,10,3,1.0,0.9118424939558302,cocolasso_max,reweighted_max,13.720837555601593,13.511416917059371,7.373809944016774,7.22278465913248,16.767230047960766,183.27968579903245,0.20942063854222148,0.15102528488429368,-166.51245575107168,0.09148438887191328,low,weak α=1.0 (83% in first 3)
ar_sigma0.75_weak_sparse_a1.0,68,68,ar,100,500,0.75,3.0,weak_sparse,1.0,10,3,1.0,0.9118424939558302,cocolasso_max,reweighted_max,9.643826393967466,8.92805637534557,4.319489929794805,3.841876099351364,17.585450129932724,184.2810069329571,0.715770018621896,0.4776138304434405,-166.69555680302437,0.0954273607606803,low,weak α=1.0 (83% in first 3)
ar_sigma0.75_weak_sparse_a1.0,69,69,ar,100,500,0.75,3.0,weak_sparse,1.0,10,3,1.0,0.9118424939558302,cocolasso_max,reweighted_max,10.700351283818298,10.167707554651088,5.098148877666761,4.745874820015239,17.64498075307347,149.07928150997031,0.5326437291672104,0.3522740576515213,-131.43430075689685,0.11835971151962779,low,weak α=1.0 (83% in first 3)
ar_sigma0.75_weak_sparse_a1.0,70,70,ar,100,500,0.75,3.0,weak_sparse,1.0,10,3,1.0,0.9118424939558302,cocolasso_max,reweighted_max,11.178831670441534,10.494720272466273,5.412019177184186,4.915249282632613,17.623300998006016,169.67612601898145,0.6841113979752613,0.4967698945515737,-152.05282502097543,0.10386435270236262,low,weak α=1.0 (83% in first 3)
ar_sigma0.75_weak_sparse_a1.0,71,71,ar,100,500,0.75,3.0,weak_sparse,1.0,10,3,1.0,0.9118424939558302,cocolasso_max,reweighted_max,9.773341068959756,9.286823233557106,4.5782300032435215,4.323224439017558,17.621491054072976,182.73131512489635,0.48651783540264937,0.25500556422596343,-165.10982407082338,0.09643388732811743,low,weak α=1.0 (83% in first 3)
ar_sigma0.75_weak_sparse_a1.0,72,72,ar,100,500,0.75,3.0,weak_sparse,1.0,10,3,1.0,0.9118424939558302,cocolasso_max,reweighted_max,13.986300751961869,14.038764017740352,7.62993680089756,7.704810800247073,17.642160719027743,169.49991470295936,-0.05246326577848315,-0.07487399934951355,-151.85775398393162,0.1040835964427758,low,weak α=1.0 (83% in first 3)
ar_sigma0.75_weak_sparse_a1.0,73,73,ar,100,500,0.75,3.0,weak_sparse,1.0,10,3,1.0,0.9118424939558302,cocolasso_max,reweighted_max,10.990081364012038,10.202809784522604,5.231736808607906,4.650760665430644,17.592243161052465,248.86375893291552,0.7872715794894347,0.5809761431772618,-231.27151577186305,0.07069025733793037,low,weak α=1.0 (83% in first 3)
ar_sigma0.75_weak_sparse_a1.0,74,74,ar,100,500,0.75,3.0,weak_sparse,1.0,10,3,1.0,0.9118424939558302,cocolasso_max,reweighted_max,7.170265426231621,6.400610078930949,2.6999948566902936,2.432784662314405,17.547046530991793,167.98892546910793,0.769655347300672,0.26721019437588867,-150.44187893811613,0.10445359110424562,low,weak α=1.0 (83% in first 3)
ar_sigma0.75_weak_sparse_a1.0,75,75,ar,100,500,0.75,3.0,weak_sparse,1.0,10,3,1.0,0.9118424939558302,cocolasso_max,reweighted_max,8.56273219254963,7.631630157187176,3.66172528941219,3.139016934060856,17.69362085906323,208.17080746707504,0.9311020353624544,0.5227083553513339,-190.4771866080118,0.08499568731250519,low,weak α=1.0 (83% in first 3)
ar_sigma0.75_weak_sparse_a1.0,76,76,ar,100,500,0.75,3.0,weak_sparse,1.0,10,3,1.0,0.9118424939558302,cocolasso_max,reweighted_max,7.943949391232673,6.715307084035861,3.1010707142008624,2.445384748932812,17.648280825000256,110.90807462111115,1.2286423071968118,0.6556859652680505,-93.2597937961109,0.1591253016093829,low,weak α=1.0 (83% in first 3)
ar_sigma0.75_weak_sparse_a1.0,77,77,ar,100,500,0.75,3.0,weak_sparse,1.0,10,3,1.0,0.9118424939558302,cocolasso_max,reweighted_max,9.942624868853043,9.280242239690464,4.5351088492178,4.112444666397597,17.63647907495033,190.86746303900145,0.662382629162579,0.42266418282020357,-173.23098396405112,0.09240170532023328,low,weak α=1.0 (83% in first 3)
ar_sigma0.75_weak_sparse_a1.0,78,78,ar,100,500,0.75,3.0,weak_sparse,1.0,10,3,1.0,0.9118424939558302,cocolasso_max,reweighted_max,10.05654180011262,9.304436359653586,4.560372840666272,4.018377124684234,17.594085739925504,265.3007615660317,0.7521054404590348,0.5419957159820381,-247.70667582610622,0.06631750936586152,low,weak α=1.0 (83% in first 3)
ar_sigma0.75_weak_sparse_a1.0,79,79,ar,100,500,0.75,3.0,weak_sparse,1.0,10,3,1.0,0.9118424939558302,cocolasso_max,reweighted_max,10.437510819735618,9.613079966877066,4.895103976290605,4.324657971108356,17.669128766981885,314.61620781803504,0.8244308528585513,0.5704460051822489,-296.94707905105315,0.0561608980335851,low,weak α=1.0 (83% in first 3)
ar_sigma0.75_weak_sparse_a1.0,80,80,ar,100,500,0.75,3.0,weak_sparse,1.0,10,3,1.0,0.9118424939558302,cocolasso_max,reweighted_max,8.093998399747965,7.353307492788957,3.3261865726364883,2.9535306837850417,17.745698906015605,270.9292445720639,0.7406909069590082,0.3726558888514466,-253.1835456660483,0.0654993850296418,low,weak α=1.0 (83% in first 3)
ar_sigma0.75_weak_sparse_a1.0,81,81,ar,100,500,0.75,3.0,weak_sparse,1.0,10,3,1.0,0.9118424939558302,cocolasso_max,reweighted_max,11.8276692819256,11.52539006503986,6.033668838513754,5.871944595538537,17.697178340982646,382.6660740831867,0.30227921688574,0.16172424297521726,-364.96889574220404,0.046247053343786905,low,weak α=1.0 (83% in first 3)
ar_sigma0.75_weak_sparse_a1.0,82,82,ar,100,500,0.75,3.0,weak_sparse,1.0,10,3,1.0,0.9118424939558302,cocolasso_max,reweighted_max,11.050083638916956,10.429642888112994,5.2713565043536645,4.8093727478148285,17.625461492920294,409.4042030440178,0.6204407508039615,0.46198375653883605,-391.7787415510975,0.043051491318044095,low,weak α=1.0 (83% in first 3)
ar_sigma0.75_weak_sparse_a1.0,83,83,ar,100,500,0.75,3.0,weak_sparse,1.0,10,3,1.0,0.9118424939558302,cocolasso_max,reweighted_max,11.77078955197272,11.294384272473916,5.95498155144209,5.636822934926386,17.708725066040643,378.1281404341571,0.4764052794988043,0.31815861651570465,-360.41941536811646,0.046832602952290026,low,weak α=1.0 (83% in first 3)
ar_sigma0.75_weak_sparse_a1.0,84,84,ar,100,500,0.75,3.0,weak_sparse,1.0,10,3,1.0,0.9118424939558302,cocolasso_max,reweighted_max,10.538024939589008,9.937967945127252,5.121347072558643,4.714944065812998,17.657217751955613,349.67342336894944,0.600056994461756,0.406403006745645,-332.01620561699383,0.0504963104768904,low,weak α=1.0 (83% in first 3)
ar_sigma0.75_weak_sparse_a1.0,85,85,ar,100,500,0.75,3.0,weak_sparse,1.0,10,3,1.0,0.9118424939558302,cocolasso_max,reweighted_max,12.334742604900969,11.98130247995811,6.469751286926344,6.247404297173021,17.725381504977122,349.5951151009649,0.3534401249428587,0.2223469897533228,-331.8697335959878,0.05070260063518891,low,weak α=1.0 (83% in first 3)
ar_sigma0.75_weak_sparse_a1.0,86,86,ar,100,500,0.75,3.0,weak_sparse,1.0,10,3,1.0,0.9118424939558302,cocolasso_max,reweighted_max,8.861454215642052,8.368219867667584,3.71403988507732,3.395540703937074,17.492527847061865,344.3753126251977,0.4932343479744681,0.318499181140246,-326.88278477813583,0.050794953081029735,low,weak α=1.0 (83% in first 3)
ar_sigma0.75_weak_sparse_a1.0,87,87,ar,100,500,0.75,3.0,weak_sparse,1.0,10,3,1.0,0.9118424939558302,cocolasso_max,reweighted_max,8.530680662099485,7.379028737551808,3.502562088005067,2.803980729103927,17.603960009058937,339.097217471106,1.1516519245476768,0.6985813589011398,-321.49325746204704,0.05191419776412334,low,weak α=1.0 (83% in first 3)
ar_sigma0.75_weak_sparse_a1.0,88,88,ar,100,500,0.75,3.0,weak_sparse,1.0,10,3,1.0,0.9118424939558302,cocolasso_max,reweighted_max,12.779975058537506,12.16633277225841,6.6204211443182,6.143145747120621,17.698684032890014,326.2123369139153,0.6136422862790951,0.4772753971975794,-308.5136528810253,0.05425510328740433,low,weak α=1.0 (83% in first 3)
ar_sigma0.75_weak_sparse_a1.0,89,89,ar,100,500,0.75,3.0,weak_sparse,1.0,10,3,1.0,0.9118424939558302,cocolasso_max,reweighted_max,8.512699604172184,7.84018706797442,3.488535120772141,3.077731869246182,17.6078860219568,316.41364032798447,0.6725125361977637,0.41080325152595876,-298.80575430602767,0.05564831529925517,low,weak α=1.0 (83% in first 3)
ar_sigma0.75_weak_sparse_a1.0,90,90,ar,100,500,0.75,3.0,weak_sparse,1.0,10,3,1.0,0.9118424939558302,cocolasso_max,reweighted_max,11.483830727988098,11.019107315523984,5.650738769364041,5.32288246198552,17.677616398083046,309.66042879992165,0.46472341246411375,0.32785630737852145,-291.9828124018386,0.05708710172168927,low,weak α=1.0 (83% in first 3)
ar_sigma0.75_weak_sparse_a1.0,91,91,ar,100,500,0.75,3.0,weak_sparse,1.0,10,3,1.0,0.9118424939558302,cocolasso_max,reweighted_max,12.27573376748069,11.881167798973228,6.272705651850893,5.9823947976154965,17.694628278026357,351.929559384007,0.39456596850746095,0.29031085423539604,-334.23493110598065,0.05027889191518269,low,weak α=1.0 (83% in first 3)
ar_sigma0.75_weak_sparse_a1.0,92,92,ar,100,500,0.75,3.0,weak_sparse,1.0,10,3,1.0,0.9118424939558302,cocolasso_max,reweighted_max,10.306928212810012,9.75585224477286,4.936196296624116,4.608556383065023,17.642572245094925,316.29355222499,0.5510759680371518,0.32763991355909283,-298.65097997989506,0.05577910811329213,low,weak α=1.0 (83% in first 3)
ar_sigma0.75_weak_sparse_a1.0,93,93,ar,100,500,0.75,3.0,weak_sparse,1.0,10,3,1.0,0.9118424939558302,cocolasso_max,reweighted_max,11.670258968128806,11.223453363345993,5.780705258627222,5.453219219227064,17.6110839539906,331.61093964311294,0.4468056047828135,0.3274860394001582,-313.99985568912234,0.05310766880291718,low,weak α=1.0 (83% in first 3)
ar_sigma0.75_weak_sparse_a1.0,94,94,ar,100,500,0.75,3.0,weak_sparse,1.0,10,3,1.0,0.9118424939558302,cocolasso_max,reweighted_max,10.90795354002095,10.162115159094958,5.204689408802223,4.671026867540004,17.606246583047323,301.3431679229252,0.7458383809259921,0.5336625412622196,-283.7369213398779,0.05842590261595208,low,weak α=1.0 (83% in first 3)
ar_sigma0.75_weak_sparse_a1.0,95,95,ar,100,500,0.75,3.0,weak_sparse,1.0,10,3,1.0,0.9118424939558302,cocolasso_max,reweighted_max,9.816655434000772,9.152447494157862,4.391143999161903,3.935192522594758,17.62837932992261,301.32628052914515,0.6642079398429104,0.4559514765671451,-283.69790119922254,0.05850262811118309,low,weak α=1.0 (83% in first 3)
ar_sigma0.75_weak_sparse_a1.0,96,96,ar,100,500,0.75,3.0,weak_sparse,1.0,10,3,1.0,0.9118424939558302,cocolasso_max,reweighted_max,8.556724211423308,7.809452530783368,3.603467123299286,3.175352752870029,17.58150797302369,244.51183101604693,0.7472716806399404,0.42811437042925693,-226.93032304302324,0.07190452870916436,low,weak α=1.0 (83% in first 3)
ar_sigma0.75_weak_sparse_a1.0,97,97,ar,100,500,0.75,3.0,weak_sparse,1.0,10,3,1.0,0.9118424939558302,cocolasso_max,reweighted_max,12.004612732892811,11.367391252188296,6.050904007713447,5.5865104948776,17.638393358909525,264.7886903360486,0.6372214807045147,0.46439351283584696,-247.15029697713908,0.0666130918829059,low,weak α=1.0 (83% in first 3)
ar_sigma0.75_weak_sparse_a1.0,98,98,ar,100,500,0.75,3.0,weak_sparse,1.0,10,3,1.0,0.9118424939558302,cocolasso_max,reweighted_max,9.48482731115913,8.871096269986154,4.241123310948962,3.8384654904869007,17.656899692956358,226.5013907358516,0.6137310411729757,0.402657820462061,-208.84449104289524,0.07795492838076225,low,weak α=1.0 (83% in first 3)
ar_sigma0.75_weak_sparse_a1.0,99,99,ar,100,500,0.75,3.0,weak_sparse,1.0,10,3,1.0,0.9118424939558302,cocolasso_max,reweighted_max,10.250740454601663,9.734517226009324,4.726291198617357,4.371084554504729,17.719233758049086,257.18957502697594,0.5162232285923398,0.35520664411262803,-239.47034126892686,0.06889561428059657,low,weak α=1.0 (83% in first 3)
ar_sigma0.75_weak_sparse_a1.5,0,0,ar,100,500,0.75,3.0,weak_sparse,1.5,10,3,1.0,0.829919708757592,cocolasso_max,reweighted_max,6.81946528238557,6.110854507318663,4.196616000208956,3.671751601491499,22.21367582801031,246.35972227493767,0.7086107750669068,0.5248643987174573,-224.14604644692736,0.09016764438149442,low,weak α=1.5 (97% in first 3)
ar_sigma0.75_weak_sparse_a1.5,1,1,ar,100,500,0.75,3.0,weak_sparse,1.5,10,3,1.0,0.829919708757592,cocolasso_max,reweighted_max,5.652005071597253,4.729399514066365,3.1982992141731934,2.497313773711764,22.02609906700673,311.33693886804394,0.922605557530888,0.7009854404614293,-289.3108398010372,0.07074682222767727,low,weak α=1.5 (97% in first 3)
ar_sigma0.75_weak_sparse_a1.5,2,2,ar,100,500,0.75,3.0,weak_sparse,1.5,10,3,1.0,0.829919708757592,cocolasso_max,reweighted_max,11.11363940820017,11.225112002743842,7.749017418592456,7.857824387156171,22.35086395201506,223.4207148940768,-0.11147259454367209,-0.10880696856371497,-201.06985094206175,0.10003935383794448,low,weak α=1.5 (97% in first 3)
ar_sigma0.75_weak_sparse_a1.5,3,3,ar,100,500,0.75,3.0,weak_sparse,1.5,10,3,1.0,0.829919708757592,cocolasso_max,reweighted_max,4.537584758404826,3.873860996586188,2.3875130856047897,1.959236881212909,22.34438655700069,241.15702761593275,0.663723761818638,0.42827620439188063,-218.81264105893206,0.09265492603676644,low,weak α=1.5 (97% in first 3)
ar_sigma0.75_weak_sparse_a1.5,4,4,ar,100,500,0.75,3.0,weak_sparse,1.5,10,3,1.0,0.829919708757592,cocolasso_max,reweighted_max,5.00984355991067,4.32379470657772,2.701405846597239,2.19700435239936,19.09339062101208,296.93421974999364,0.6860488533329496,0.5044014941978787,-277.84082912898157,0.06430175220992693,low,weak α=1.5 (97% in first 3)
ar_sigma0.75_weak_sparse_a1.5,5,5,ar,100,500,0.75,3.0,weak_sparse,1.5,10,3,1.0,0.829919708757592,cocolasso_max,reweighted_max,4.300561447252807,3.497781835996591,2.1695129909395217,1.6149820105995554,14.522350874962283,287.8950160230743,0.8027796112562164,0.5545309803399663,-273.372665148112,0.050443217376845255,low,weak α=1.5 (97% in first 3)
ar_sigma0.75_weak_sparse_a1.5,6,6,ar,100,500,0.75,3.0,weak_sparse,1.5,10,3,1.0,0.829919708757592,cocolasso_max,reweighted_max,5.528816800551824,4.71604182863736,3.0948015151805133,2.471535591658807,14.70908329600934,309.4704477800988,0.8127749719144637,0.6232659235217062,-294.7613644840895,0.047529847846606695,low,weak α=1.5 (97% in first 3)
ar_sigma0.75_weak_sparse_a1.5,7,7,ar,100,500,0.75,3.0,weak_sparse,1.5,10,3,1.0,0.829919708757592,cocolasso_max,reweighted_max,6.258912985845487,5.525620339733319,3.666286064387987,3.087688008314939,14.76887013099622,243.82634627795775,0.7332926461121678,0.5785980560730479,-229.05747614696153,0.06057126457597805,low,weak α=1.5 (97% in first 3)
ar_sigma0.75_weak_sparse_a1.5,8,8,ar,100,500,0.75,3.0,weak_sparse,1.5,10,3,1.0,0.829919708757592,cocolasso_max,reweighted_max,5.792654956822209,5.142985596589772,3.295909274087968,2.7911896808918875,14.770219513971824,265.8192487480119,0.649669360232437,0.5047195931960804,-251.04902923404006,0.05556489826654171,low,weak α=1.5 (97% in first 3)
ar_sigma0.75_weak_sparse_a1.5,9,9,ar,100,500,0.75,3.0,weak_sparse,1.5,10,3,1.0,0.829919708757592,cocolasso_max,reweighted_max,6.1415894590240585,5.618371810922524,3.6194998835262018,3.2202208543569086,14.848370367020834,270.88894748396706,0.5232176481015349,0.39927902916929314,-256.0405771169462,0.05481349647127872,low,weak α=1.5 (97% in first 3)
ar_sigma0.75_weak_sparse_a1.5,10,10,ar,100,500,0.75,3.0,weak_sparse,1.5,10,3,1.0,0.829919708757592,cocolasso_max,reweighted_max,4.7539213236544695,4.346113918331167,2.5542335685028648,2.2828233254851806,14.651223918015605,226.57467343402092,0.40780740532330295,0.2714102430176841,-211.92344951600532,0.06466399662397429,low,weak α=1.5 (97% in first 3)
ar_sigma0.75_weak_sparse_a1.5,11,11,ar,100,500,0.75,3.0,weak_sparse,1.5,10,3,1.0,0.829919708757592,cocolasso_max,reweighted_max,5.130250068527783,4.211772341981705,2.7964982894193904,2.124847528027938,14.422062916972209,295.8040525430115,0.9184777265460777,0.6716507613914522,-281.3819896260393,0.04875546089712603,low,weak α=1.5 (97% in first 3)
ar_sigma0.75_weak_sparse_a1.5,12,12,ar,100,500,0.75,3.0,weak_sparse,1.5,10,3,1.0,0.829919708757592,cocolasso_max,reweighted_max,4.786372421117112,3.961345421564893,2.5913067454393017,2.0267135472501296,14.263954303984065,288.5899298210861,0.825026999552219,0.5645931981891721,-274.32597551710205,0.0494263757326083,low,weak α=1.5 (97% in first 3)
ar_sigma0.75_weak_sparse_a1.5,13,13,ar,100,500,0.75,3.0,weak_sparse,1.5,10,3,1.0,0.829919708757592,cocolasso_max,reweighted_max,7.120855105529035,6.419128610343342,4.367883595357525,3.801818025283601,14.437773162033409,328.83526746102143,0.7017264951856932,0.5660655700739241,-314.397494298988,0.04390579293245909,low,weak α=1.5 (97% in first 3)
ar_sigma0.75_weak_sparse_a1.5,14,14,ar,100,500,0.75,3.0,weak_sparse,1.5,10,3,1.0,0.829919708757592,cocolasso_max,reweighted_max,6.090979272621947,5.485391302899253,3.639546282097389,3.202936025461001,14.547882368962746,287.4896095620934,0.605587969722694,0.4366102566363881,-272.94172719313065,0.05060315881023388,low,weak α=1.5 (97% in first 3)
ar_sigma0.75_weak_sparse_a1.5,15,15,ar,100,500,0.75,3.0,weak_sparse,1.5,10,3,1.0,0.829919708757592,cocolasso_max,reweighted_max,5.351577771879783,4.712560532766182,2.9788507806039406,2.5092003281990185,14.61484376201406,299.1260534019675,0.6390172391136009,0.4696504524049221,-284.51120963995345,0.04885847820943413,low,weak α=1.5 (97% in first 3)
ar_sigma0.75_weak_sparse_a1.5,16,16,ar,100,500,0.75,3.0,weak_sparse,1.5,10,3,1.0,0.829919708757592,cocolasso_max,reweighted_max,6.453329930100167,5.686730411519767,3.885055940265319,3.3197195501175,14.723297782998998,242.08050569402985,0.7665995185803993,0.5653363901478188,-227.35720791103086,0.060819840659156806,low,weak α=1.5 (97% in first 3)
ar_sigma0.75_weak_sparse_a1.5,17,17,ar,100,500,0.75,3.0,weak_sparse,1.5,10,3,1.0,0.829919708757592,cocolasso_max,reweighted_max,5.785566939131007,5.0480551730645296,3.3515076483697643,2.8035067851061206,14.676131243992131,266.637743173982,0.7375117660664774,0.5480008632636437,-251.96161192998989,0.05504146213244802,low,weak α=1.5 (97% in first 3)
ar_sigma0.75_weak_sparse_a1.5,18,18,ar,100,500,0.75,3.0,weak_sparse,1.5,10,3,1.0,0.829919708757592,cocolasso_max,reweighted_max,7.389844952994516,6.745218115939301,4.643427582440233,4.14357508906941,14.531278092996216,244.9999413540354,0.6446268370552151,0.49985249337082305,-230.46866326103918,0.059311353352521405,low,weak α=1.5 (97% in first 3)
ar_sigma0.75_weak_sparse_a1.5,19,19,ar,100,500,0.75,3.0,weak_sparse,1.5,10,3,1.0,0.829919708757592,cocolasso_max,reweighted_max,4.246938744361339,2.976074786436226,2.125917399340058,1.2800459566550484,14.9476074189879,351.3450720860856,1.2708639579251129,0.8458714426850098,-336.3974646670977,0.04254395068141294,low,weak α=1.5 (97% in first 3)
ar_sigma0.75_weak_sparse_a1.5,20,20,ar,100,500,0.75,3.0,weak_sparse,1.5,10,3,1.0,0.829919708757592,cocolasso_max,reweighted_max,11.149483023435629,11.301580507070955,7.8377028406968225,7.996816421937218,15.22619798098458,341.76653849100694,-0.15209748363532682,-0.15911358124039587,-326.54034051002236,0.04455145915750682,low,weak α=1.5 (97% in first 3)
ar_sigma0.75_weak_sparse_a1.5,21,21,ar,100,500,0.75,3.0,weak_sparse,1.5,10,3,1.0,0.829919708757592,cocolasso_max,reweighted_max,3.43817600303817,2.771356073933536,1.6477870638142411,1.347030594476944,16.36678772297455,300.0331974590663,0.666819929104634,0.30075646933729705,-283.66640973609174,0.05454992268049765,low,weak α=1.5 (97% in first 3)
ar_sigma0.75_weak_sparse_a1.5,22,22,ar,100,500,0.75,3.0,weak_sparse,1.5,10,3,1.0,0.829919708757592,cocolasso_max,reweighted_max,7.344990099714936,6.661889195025546,4.553013830769677,4.0022373755620775,18.16540678398451,258.9081698100781,0.6831009046893897,0.5507764552075995,-240.7427630260936,0.07016158198989908,low,weak α=1.5 (97% in first 3)
ar_sigma0.75_weak_sparse_a1.5,23,23,ar,100,500,0.75,3.0,weak_sparse,1.5,10,3,1.0,0.829919708757592,cocolasso_max,reweighted_max,3.188721008349762,2.5432389502196964,1.4499000875819734,1.1446192009722425,18.93322690302739,295.860438767937,0.6454820581300655,0.30528088660973096,-276.9272118649096,0.06399377686949885,low,weak α=1.5 (97% in first 3)
ar_sigma0.75_weak_sparse_a1.5,24,24,ar,100,500,0.75,3.0,weak_sparse,1.5,10,3,1.0,0.829919708757592,cocolasso_max,reweighted_max,6.148354663959496,5.279249395155643,3.581677004261666,2.90331634032306,18.910579804040022,276.53510265098885,0.8691052688038523,0.678360663938606,-257.6245228469488,0.0683840120937804,low,weak α=1.5 (97% in first 3)
ar_sigma0.75_weak_sparse_a1.5,25,25,ar,100,500,0.75,3.0,weak_sparse,1.5,10,3,1.0,0.829919708757592,cocolasso_max,reweighted_max,4.207490577741099,3.524735115780839,2.0852327078010666,1.6034563622037228,18.761229100986384,228.55239562795032,0.6827554619602605,0.48177634559734384,-209.79116652696393,0.08208721264740933,low,weak α=1.5 (97% in first 3)
ar_sigma0.75_weak_sparse_a1.5,26,26,ar,100,500,0.75,3.0,weak_sparse,1.5,10,3,1.0,0.829919708757592,cocolasso_max,reweighted_max,4.0096830009597815,3.301718827267707,2.003119347439764,1.5509042838789375,18.739822472969536,295.0462806200376,0.7079641736920745,0.4522150635608264,-276.30645814706804,0.06351485751180437,low,weak α=1.5 (97% in first 3)
ar_sigma0.75_weak_sparse_a1.5,27,27,ar,100,500,0.75,3.0,weak_sparse,1.5,10,3,1.0,0.829919708757592,cocolasso_max,reweighted_max,6.165276615637451,5.36182048318215,3.653309693572104,3.033628748894938,17.51256965601351,285.0959224769613,0.8034561324553007,0.6196809446771661,-267.58335282094777,0.061426938357663496,low,weak α=1.5 (97% in first 3)
ar_sigma0.75_weak_sparse_a1.5,28,28,ar,100,500,0.75,3.0,weak_sparse,1.5,10,3,1.0,0.829919708757592,cocolasso_max,reweighted_max,6.281661958157628,5.644150944432916,3.6967752934385127,3.2012669686836976,17.29122010798892,2064.1630810149945,0.637511013724712,0.4955083247548151,-2046.8718609070056,0.00837686724805021,low,weak α=1.5 (97% in first 3)
ar_sigma0.75_weak_sparse_a1.5,29,29,ar,100,500,0.75,3.0,weak_sparse,1.5,10,3,1.0,0.829919708757592,cocolasso_max,reweighted_max,5.9642886949485785,5.353887201543785,3.4656024620829227,3.005858522207396,16.787914962973446,253.1360339130042,0.6104014934047939,0.45974393987552675,-236.34811895003077,0.06631973608602473,low,weak α=1.5 (97% in first 3)
ar_sigma0.75_weak_sparse_a1.5,30,30,ar,100,500,0.75,3.0,weak_sparse,1.5,10,3,1.0,0.829919708757592,cocolasso_max,reweighted_max,6.844847743474405,6.228001565308106,4.246680600263059,3.800327056217143,16.555859340005554,273.67974779801443,0.6168461781662993,0.4463535440459161,-257.1238884580089,0.06049354938833245,low,weak α=1.5 (97% in first 3)
ar_sigma0.75_weak_sparse_a1.5,31,31,ar,100,500,0.75,3.0,weak_sparse,1.5,10,3,1.0,0.829919708757592,cocolasso_max,reweighted_max,4.508031164499093,3.73779037137952,2.324976048340592,1.7835461998415216,16.091229132027365,369.1707409969531,0.7702407931195734,0.5414298484990703,-353.07951186492573,0.04358749853407308,low,weak α=1.5 (97% in first 3)
ar_sigma0.75_weak_sparse_a1.5,32,32,ar,100,500,0.75,3.0,weak_sparse,1.5,10,3,1.0,0.829919708757592,cocolasso_max,reweighted_max,5.975476034296321,5.267441136652694,3.628769484256862,3.1345722220466903,16.662500770005863,247.3190663850401,0.7080348976436266,0.4941972622101716,-230.65656561503422,0.06737248774853757,low,weak α=1.5 (97% in first 3)
ar_sigma0.75_weak_sparse_a1.5,33,33,ar,100,500,0.75,3.0,weak_sparse,1.5,10,3,1.0,0.829919708757592,cocolasso_max,reweighted_max,4.77762135368026,4.20249351414404,2.5286297489766403,2.117595342859361,16.86133551801322,282.5355873560766,0.5751278395362203,0.41103440611727926,-265.67425183806336,0.059678625534570484,low,weak α=1.5 (97% in first 3)
ar_sigma0.75_weak_sparse_a1.5,34,34,ar,100,500,0.75,3.0,weak_sparse,1.5,10,3,1.0,0.829919708757592,cocolasso_max,reweighted_max,5.490601955143673,4.8360152321513095,3.084078908692662,2.591356669268257,17.835062472964637,283.0045745819807,0.6545867229923639,0.49272223942440485,-265.16951210901607,0.06302040346629867,low,weak α=1.5 (97% in first 3)
ar_sigma0.75_weak_sparse_a1.5,35,35,ar,100,500,0.75,3.0,weak_sparse,1.5,10,3,1.0,0.829919708757592,cocolasso_max,reweighted_max,5.524692873477159,4.943049376277212,3.098867675124321,2.6609472843485253,17.435885347018484,264.8369627000065,0.5816434971999467,0.4379203907757958,-247.401077352988,0.0658362985636901,low,weak α=1.5 (97% in first 3)
ar_sigma0.75_weak_sparse_a1.5,36,36,ar,100,500,0.75,3.0,weak_sparse,1.5,10,3,1.0,0.829919708757592,cocolasso_max,reweighted_max,7.768646661792885,7.463485677500673,4.91750657359152,4.712948961376422,18.793807395966724,267.90458446205594,0.30516098429221206,0.2045576122150985,-249.1107770660892,0.07015112277269948,low,weak α=1.5 (97% in first 3)
ar_sigma0.75_weak_sparse_a1.5,37,37,ar,100,500,0.75,3.0,weak_sparse,1.5,10,3,1.0,0.829919708757592,cocolasso_max,reweighted_max,5.886620093131603,4.909744147551664,3.396225507245534,2.6493514890630387,18.60489844303811,2009.1569469759704,0.9768759455799385,0.7468740181824951,-1990.5520485329323,0.009260052317486089,low,weak α=1.5 (97% in first 3)
ar_sigma0.75_weak_sparse_a1.5,38,38,ar,100,500,0.75,3.0,weak_sparse,1.5,10,3,1.0,0.829919708757592,cocolasso_max,reweighted_max,5.319757341585179,4.31938524900581,2.97513423905735,2.2529198462366806,18.953862169000782,240.75336727290411,1.0003720925793687,0.7222143928206695,-221.79950510390333,0.07872729832898154,low,weak α=1.5 (97% in first 3)
ar_sigma0.75_weak_sparse_a1.5,39,39,ar,100,500,0.75,3.0,weak_sparse,1.5,10,3,1.0,0.829919708757592,cocolasso_max,reweighted_max,5.717228855281412,4.611959169937234,3.2682262730807587,2.44171367248215,18.568428398983087,294.8607746739872,1.1052696853441786,0.8265126005986088,-276.2923462750041,0.06297354546230596,low,weak α=1.5 (97% in first 3)
ar_sigma0.75_weak_sparse_a1.5,40,40,ar,100,500,0.75,3.0,weak_sparse,1.5,10,3,1.0,0.829919708757592,cocolasso_max,reweighted_max,5.806565376067916,5.070278790066107,3.3661008100403853,2.83082011404857,17.983748362981714,247.98952630301935,0.7362865860018095,0.5352806959918155,-230.00577794003763,0.07251817700158555,low,weak α=1.5 (97% in first 3)
ar_sigma0.75_weak_sparse_a1.5,41,41,ar,100,500,0.75,3.0,weak_sparse,1.5,10,3,1.0,0.829919708757592,cocolasso_max,reweighted_max,5.261100531371776,4.425377236127222,2.892774546977131,2.2730712670476154,16.885554787004367,213.5145402089693,0.8357232952445539,0.6197032799295155,-196.62898542196493,0.07908386365855116,low,weak α=1.5 (97% in first 3)
ar_sigma0.75_weak_sparse_a1.5,42,42,ar,100,500,0.75,3.0,weak_sparse,1.5,10,3,1.0,0.829919708757592,cocolasso_max,reweighted_max,8.621002614299497,8.202716724056327,5.661181478680206,5.336886090624117,16.780559355043806,283.1801474140957,0.41828589024317075,0.3242953880560888,-266.3995880590519,0.059257541562422855,low,weak α=1.5 (97% in first 3)
ar_sigma0.75_weak_sparse_a1.5,43,43,ar,100,500,0.75,3.0,weak_sparse,1.5,10,3,1.0,0.829919708757592,cocolasso_max,reweighted_max,5.407997572707544,4.610327433277914,3.017312525714798,2.41898066715158,16.842694310995284,229.58049471105917,0.7976701394296306,0.5983318585632178,-212.7378004000639,0.07336291496450004,low,weak α=1.5 (97% in first 3)
ar_sigma0.75_weak_sparse_a1.5,44,44,ar,100,500,0.75,3.0,weak_sparse,1.5,10,3,1.0,0.829919708757592,cocolasso_max,reweighted_max,5.560438943142737,4.892384010669503,3.1329320621571344,2.629932927268401,16.23403757897904,266.025722131948,0.6680549324732334,0.5029991348887335,-249.79168455296895,0.0610243154266376,low,weak α=1.5 (97% in first 3)
ar_sigma0.75_weak_sparse_a1.5,45,45,ar,100,500,0.75,3.0,weak_sparse,1.5,10,3,1.0,0.829919708757592,cocolasso_max,reweighted_max,6.779895480426557,5.940986782331825,4.10597193368614,3.449153379605772,16.801881505991332,296.3903646210674,0.8389086980947322,0.6568185540803682,-279.5884831150761,0.05668835263073547,low,weak α=1.5 (97% in first 3)
ar_sigma0.75_weak_sparse_a1.5,46,46,ar,100,500,0.75,3.0,weak_sparse,1.5,10,3,1.0,0.829919708757592,cocolasso_max,reweighted_max,3.0280660499009984,2.3939207436349785,1.436421394801468,1.236139031106298,17.455119493009988,239.69032138492912,0.6341453062660198,0.20028236369516983,-222.23520189191913,0.07282363089237154,low,weak α=1.5 (97% in first 3)
ar_sigma0.75_weak_sparse_a1.5,47,47,ar,100,500,0.75,3.0,weak_sparse,1.5,10,3,1.0,0.829919708757592,cocolasso_max,reweighted_max,4.871913919691357,4.222793047435274,2.5820005792718868,2.103021762528697,18.20600328495493,256.8918723600218,0.6491208722560833,0.47897881674318965,-238.68586907506688,0.07087029697630946,low,weak α=1.5 (97% in first 3)
ar_sigma0.75_weak_sparse_a1.5,48,48,ar,100,500,0.75,3.0,weak_sparse,1.5,10,3,1.0,0.829919708757592,cocolasso_max,reweighted_max,6.674828063591622,5.796617362930531,4.011735753650142,3.317267129022873,17.55295321997255,233.5335947300773,0.8782107006610911,0.6944686246272691,-215.98064151010476,0.07516243322619427,low,weak α=1.5 (97% in first 3)
ar_sigma0.75_weak_sparse_a1.5,49,49,ar,100,500,0.75,3.0,weak_sparse,1.5,10,3,1.0,0.829919708757592,cocolasso_max,reweighted_max,4.728900072253483,4.088777248131439,2.538184705164919,2.103561534512852,18.121372031979263,266.0360768220853,0.6401228241220434,0.4346231706520669,-247.91470479010604,0.06811622035795596,low,weak α=1.5 (97% in first 3)
ar_sigma0.75_weak_sparse_a1.5,50,50,ar,100,500,0.75,3.0,weak_sparse,1.5,10,3,1.0,0.829919708757592,cocolasso_max,reweighted_max,6.753761091308325,5.928020445166396,4.086524513749761,3.437365122548929,18.058916245994624,268.2587228330085,0.825740646141929,0.6491593912008318,-250.19980658701388,0.0673190271513979,low,weak α=1.5 (97% in first 3)
ar_sigma0.75_weak_sparse_a1.5,51,51,ar,100,500,0.75,3.0,weak_sparse,1.5,10,3,1.0,0.829919708757592,cocolasso_max,reweighted_max,5.7675065268636505,5.012731331696683,3.3133775192434443,2.739152500205304,18.020059837959707,245.61904542101547,0.7547751951669674,0.5742250190381402,-227.59898558305576,0.0733658898766239,low,weak α=1.5 (97% in first 3)
ar_sigma0.75_weak_sparse_a1.5,52,52,ar,100,500,0.75,3.0,weak_sparse,1.5,10,3,1.0,0.829919708757592,cocolasso_max,reweighted_max,7.99650822930445,7.39736606757502,5.098904318103646,4.612806241704519,17.891197667981032,245.0610826739576,0.5991421617294295,0.48609807639912717,-227.16988500597657,0.07300709469150775,low,weak α=1.5 (97% in first 3)
ar_sigma0.75_weak_sparse_a1.5,53,53,ar,100,500,0.75,3.0,weak_sparse,1.5,10,3,1.0,0.829919708757592,cocolasso_max,reweighted_max,4.590562884695618,3.559090949393987,2.3799300516972983,1.6539521376110289,17.695734495995566,257.2157038549194,1.0314719353016315,0.7259779140862694,-239.51996935892384,0.06879725549718657,low,weak α=1.5 (97% in first 3)
ar_sigma0.75_weak_sparse_a1.5,54,54,ar,100,500,0.75,3.0,weak_sparse,1.5,10,3,1.0,0.829919708757592,cocolasso_max,reweighted_max,5.588314827717683,4.942165288920308,3.1445968499999477,2.6528582303604686,16.517898999038152,239.4719865049701,0.646149538797375,0.49173861963947907,-222.95408750593194,0.06897633096928159,low,weak α=1.5 (97% in first 3)
ar_sigma0.75_weak_sparse_a1.5,55,55,ar,100,500,0.75,3.0,weak_sparse,1.5,10,3,1.0,0.829919708757592,cocolasso_max,reweighted_max,5.828795056146559,5.088626282010091,3.433897168940088,2.9284742376137336,16.7960940709454,363.06509813002776,0.7401687741364675,0.5054229313263545,-346.26900405908236,0.04626193527676974,low,weak α=1.5 (97% in first 3)
ar_sigma0.75_weak_sparse_a1.5,56,56,ar,100,500,0.75,3.0,weak_sparse,1.5,10,3,1.0,0.829919708757592,cocolasso_max,reweighted_max,4.995105338768631,3.967357180099485,2.689923436957348,1.9454044982361345,17.105945623014122,307.21031614393,1.0277481586691457,0.7445189387212134,-290.1043705209159,0.05568154688854875,low,weak α=1.5 (97% in first 3)
ar_sigma0.75_weak_sparse_a1.5,57,57,ar,100,500,0.75,3.0,weak_sparse,1.5,10,3,1.0,0.829919708757592,cocolasso_max,reweighted_max,5.868544038125721,5.136077771290188,3.3652520832780475,2.8042741220720577,16.86843361397041,257.8952344029676,0.7324662668355328,0.5609779612059898,-241.0268007889972,0.06540808577956532,low,weak α=1.5 (97% in first 3)
ar_sigma0.75_weak_sparse_a1.5,58,58,ar,100,500,0.75,3.0,weak_sparse,1.5,10,3,1.0,0.829919708757592,cocolasso_max,reweighted_max,6.255325098746963,5.7834397795299575,3.735036755350211,3.4162986111886915,16.99855199601734,366.76394891599193,0.47188531921700516,0.31873814416151935,-349.7653969199746,0.04634739059348195,low,weak α=1.5 (97% in first 3)
ar_sigma0.75_weak_sparse_a1.5,59,59,ar,100,500,0.75,3.0,weak_sparse,1.5,10,3,1.0,0.829919708757592,cocolasso_max,reweighted_max,5.858946326538556,5.228118386511344,3.375301156963091,2.899917898360268,17.067958323052153,263.627880354994,0.6308279400272117,0.47538325860282304,-246.55992203194182,0.064742614855716,low,weak α=1.5 (97% in first 3)
ar_sigma0.75_weak_sparse_a1.5,60,60,ar,100,500,0.75,3.0,weak_sparse,1.5,10,3,1.0,0.829919708757592,cocolasso_max,reweighted_max,5.668772781332793,4.905667649968576,3.206009580597334,2.620409839757192,16.770580251002684,334.827292941045,0.7631051313642168,0.5855997408401419,-318.05671269004233,0.05008725574218819,low,weak α=1.5 (97% in first 3)
ar_sigma0.75_weak_sparse_a1.5,61,61,ar,100,500,0.75,3.0,weak_sparse,1.5,10,3,1.0,0.829919708757592,cocolasso_max,reweighted_max,6.442024617328617,5.761390817663109,3.819749579503243,3.279567301455813,18.06523404194741,284.678899438004,0.6806337996655074,0.5401822780474301,-266.6136653960566,0.06345828256892488,low,weak α=1.5 (97% in first 3)
ar_sigma0.75_weak_sparse_a1.5,62,62,ar,100,500,0.75,3.0,weak_sparse,1.5,10,3,1.0,0.829919708757592,cocolasso_max,reweighted_max,3.6637212741117873,2.739468964590629,1.797258084720704,1.2012760369169395,16.796272223989945,384.490786892944,0.9242523095211581,0.5959820478037645,-367.69451466895407,0.04368445954120255,low,weak α=1.5 (97% in first 3)
ar_sigma0.75_weak_sparse_a1.5,63,63,ar,100,500,0.75,3.0,weak_sparse,1.5,10,3,1.0,0.829919708757592,cocolasso_max,reweighted_max,4.442351963002595,3.3278082790885395,2.2760916742047037,1.495623804770733,16.993481351004448,318.4615491770673,1.114543683914056,0.7804678694339706,-301.46806782606285,0.05336117152892429,low,weak α=1.5 (97% in first 3)
ar_sigma0.75_weak_sparse_a1.5,64,64,ar,100,500,0.75,3.0,weak_sparse,1.5,10,3,1.0,0.829919708757592,cocolasso_max,reweighted_max,7.785440720581725,7.569635591565907,4.965802041764558,4.817308717845991,17.947145561978687,256.6728864500765,0.21580512901581805,0.14849332391856684,-238.7257408880978,0.06992224932752861,low,weak α=1.5 (97% in first 3)
ar_sigma0.75_weak_sparse_a1.5,65,65,ar,100,500,0.75,3.0,weak_sparse,1.5,10,3,1.0,0.829919708757592,cocolasso_max,reweighted_max,3.823688952920298,3.0342702141238,1.8115688253764397,1.2870329390924764,18.581976681016386,256.02043198700994,0.7894187387964982,0.5245358862839633,-237.43845530599356,0.07258005361837373,low,weak α=1.5 (97% in first 3)
ar_sigma0.75_weak_sparse_a1.5,66,66,ar,100,500,0.75,3.0,weak_sparse,1.5,10,3,1.0,0.829919708757592,cocolasso_max,reweighted_max,5.95878625024832,5.428153424923204,3.482217156529344,3.0824569942682416,18.32468445500126,307.5829179449938,0.5306328253251156,0.39976016226110245,-289.25823348999256,0.05957640488435165,low,weak α=1.5 (97% in first 3)
ar_sigma0.75_weak_sparse_a1.5,67,67,ar,100,500,0.75,3.0,weak_sparse,1.5,10,3,1.0,0.829919708757592,cocolasso_max,reweighted_max,8.828912504657215,8.360259612740155,5.78718822092674,5.401614704451587,18.4948903460172,281.5500708570471,0.46865289191705983,0.38557351647515237,-263.0551805110299,0.06568952474321241,low,weak α=1.5 (97% in first 3)
ar_sigma0.75_weak_sparse_a1.5,68,68,ar,100,500,0.75,3.0,weak_sparse,1.5,10,3,1.0,0.829919708757592,cocolasso_max,reweighted_max,5.750466666078538,5.039807866484748,3.279288499842199,2.732458077192513,17.948245136998594,305.0694679690059,0.7106587995937907,0.5468304226496858,-287.12122283200733,0.05883330526810398,low,weak α=1.5 (97% in first 3)
ar_sigma0.75_weak_sparse_a1.5,69,69,ar,100,500,0.75,3.0,weak_sparse,1.5,10,3,1.0,0.829919708757592,cocolasso_max,reweighted_max,5.940836414781675,5.265871535279501,3.433078332943555,2.9169215498330927,17.169974712014664,260.084813588066,0.6749648795021734,0.5161567831104623,-242.91483887605136,0.06601682918407238,low,weak α=1.5 (97% in first 3)
ar_sigma0.75_weak_sparse_a1.5,70,70,ar,100,500,0.75,3.0,weak_sparse,1.5,10,3,1.0,0.829919708757592,cocolasso_max,reweighted_max,5.98874973159281,5.161624866735604,3.4653111923235573,2.8268337684478158,16.944827981002163,235.20917144208212,0.8271248648572058,0.6384774238757416,-218.26434346107996,0.0720415274502791,low,weak α=1.5 (97% in first 3)
ar_sigma0.75_weak_sparse_a1.5,71,71,ar,100,500,0.75,3.0,weak_sparse,1.5,10,3,1.0,0.829919708757592,cocolasso_max,reweighted_max,4.978659723967808,4.360410003043401,2.814021748653793,2.40216345424664,16.909087652980816,257.58033991011325,0.6182497209244069,0.41185829440715294,-240.67125225713244,0.06564587832627874,low,weak α=1.5 (97% in first 3)
ar_sigma0.75_weak_sparse_a1.5,72,72,ar,100,500,0.75,3.0,weak_sparse,1.5,10,3,1.0,0.829919708757592,cocolasso_max,reweighted_max,9.408638795475976,9.392065292940364,6.304346131171552,6.310923100084279,17.26459061098285,256.7837669058936,0.016573502535612405,-0.006576968912727743,-239.51917629491072,0.06723396427668264,low,weak α=1.5 (97% in first 3)
ar_sigma0.75_weak_sparse_a1.5,73,73,ar,100,500,0.75,3.0,weak_sparse,1.5,10,3,1.0,0.829919708757592,cocolasso_max,reweighted_max,6.739853280023636,5.943820209372758,4.053797579041837,3.418373263087104,17.5861452120007,212.87024932098572,0.7960330706508785,0.635424315954733,-195.28410410898502,0.0826143872527845,low,weak α=1.5 (97% in first 3)
ar_sigma0.75_weak_sparse_a1.5,74,74,ar,100,500,0.75,3.0,weak_sparse,1.5,10,3,1.0,0.829919708757592,cocolasso_max,reweighted_max,3.109154703855122,2.343969730297773,1.348390172545887,0.9739135766279072,17.245736967015546,296.6226430919487,0.765184973557349,0.37447659591797966,-279.37690612493316,0.05814032532125209,low,weak α=1.5 (97% in first 3)
ar_sigma0.75_weak_sparse_a1.5,75,75,ar,100,500,0.75,3.0,weak_sparse,1.5,10,3,1.0,0.829919708757592,cocolasso_max,reweighted_max,4.837432479861303,3.964693502015007,2.6306763220988665,2.030081269871839,18.618179682991467,199.43858894798905,0.8727389778462964,0.6005950522270274,-180.82040926499758,0.09335294529107827,low,weak α=1.5 (97% in first 3)
ar_sigma0.75_weak_sparse_a1.5,76,76,ar,100,500,0.75,3.0,weak_sparse,1.5,10,3,1.0,0.829919708757592,cocolasso_max,reweighted_max,3.4535432627783678,2.3238696796263767,1.5525540079184612,0.9005940297733941,18.26803979696706,124.2172633379232,1.129673583151991,0.6519599781450671,-105.94922354095614,0.1470652251230999,low,weak α=1.5 (97% in first 3)
ar_sigma0.75_weak_sparse_a1.5,77,77,ar,100,500,0.75,3.0,weak_sparse,1.5,10,3,1.0,0.829919708757592,cocolasso_max,reweighted_max,5.69618815962116,4.998804749388711,3.2720534837824475,2.760130221873802,18.43702266999753,228.96715974004476,0.6973834102324492,0.5119232619086453,-210.53013707004723,0.08052256354548744,low,weak α=1.5 (97% in first 3)
ar_sigma0.75_weak_sparse_a1.5,78,78,ar,100,500,0.75,3.0,weak_sparse,1.5,10,3,1.0,0.829919708757592,cocolasso_max,reweighted_max,6.380551688279215,5.681857189889058,3.7700881752427766,3.219823485408503,18.260268030979205,250.23506283701863,0.6986944983901564,0.5502646898342736,-231.97479480603943,0.07297245967033947,low,weak α=1.5 (97% in first 3)
ar_sigma0.75_weak_sparse_a1.5,79,79,ar,100,500,0.75,3.0,weak_sparse,1.5,10,3,1.0,0.829919708757592,cocolasso_max,reweighted_max,6.1164420418603065,5.271008372329987,3.591094115781099,2.945134120547096,18.77179186802823,250.4001778010279,0.8454336695303191,0.6459599952340032,-231.62838593299966,0.07496716668845421,low,weak α=1.5 (97% in first 3)
ar_sigma0.75_weak_sparse_a1.5,80,80,ar,100,500,0.75,3.0,weak_sparse,1.5,10,3,1.0,0.829919708757592,cocolasso_max,reweighted_max,3.543931349316714,2.781564749932377,1.652327693991736,1.1868781015497485,18.489251509017777,268.55111941392533,0.7623665993843369,0.46544959244198747,-250.06186790490756,0.06884816398966402,low,weak α=1.5 (97% in first 3)
ar_sigma0.75_weak_sparse_a1.5,81,81,ar,100,500,0.75,3.0,weak_sparse,1.5,10,3,1.0,0.829919708757592,cocolasso_max,reweighted_max,7.415257548585345,7.026447005034498,4.678734602727693,4.403594212581224,18.92965206800727,247.14942173205785,0.38881054355084643,0.2751403901464693,-228.21976966405057,0.0765919334762979,low,weak α=1.5 (97% in first 3)
ar_sigma0.75_weak_sparse_a1.5,82,82,ar,100,500,0.75,3.0,weak_sparse,1.5,10,3,1.0,0.829919708757592,cocolasso_max,reweighted_max,6.773920352852147,6.105762306807659,4.076271256369777,3.5388859491373648,21.40627588698408,286.4588419939392,0.6681580460444883,0.5373853072324124,-265.0525661069551,0.07472723040413948,low,weak α=1.5 (97% in first 3)
ar_sigma0.75_weak_sparse_a1.5,83,83,ar,100,500,0.75,3.0,weak_sparse,1.5,10,3,1.0,0.829919708757592,cocolasso_max,reweighted_max,7.111365617828214,6.475473021853853,4.395899941928361,3.898316259074022,21.35290730901761,268.07784676598385,0.6358925959743607,0.49758368285433896,-246.72493945696624,0.07965189054826093,low,weak α=1.5 (97% in first 3)
ar_sigma0.75_weak_sparse_a1.5,84,84,ar,100,500,0.75,3.0,weak_sparse,1.5,10,3,1.0,0.829919708757592,cocolasso_max,reweighted_max,6.392042756416726,5.754906627018295,3.850183729893959,3.357959135464288,21.69774757296545,245.22280786908232,0.6371361293984306,0.49222459442967104,-223.52506029611686,0.08848176791348576,low,weak α=1.5 (97% in first 3)
ar_sigma0.75_weak_sparse_a1.5,85,85,ar,100,500,0.75,3.0,weak_sparse,1.5,10,3,1.0,0.829919708757592,cocolasso_max,reweighted_max,7.623792199509253,7.03731584001531,4.837630961352535,4.3720763464427375,21.31633000599686,235.0069565960439,0.5864763594939424,0.46555461490979777,-213.69062659004703,0.0907051021584767,low,weak α=1.5 (97% in first 3)
ar_sigma0.75_weak_sparse_a1.5,86,86,ar,100,500,0.75,3.0,weak_sparse,1.5,10,3,1.0,0.829919708757592,cocolasso_max,reweighted_max,4.676440226360646,4.197922397530472,2.451412382489054,2.107265302276356,21.298608329030685,253.11156289896465,0.47851782883017435,0.34414708021269824,-231.81295456993396,0.08414711712531489,low,weak α=1.5 (97% in first 3)
ar_sigma0.75_weak_sparse_a1.5,87,87,ar,100,500,0.75,3.0,weak_sparse,1.5,10,3,1.0,0.829919708757592,cocolasso_max,reweighted_max,4.073009875988971,2.9417442748399942,1.9895517117567707,1.230780054889873,21.75553196202964,235.64489875594157,1.1312656011489768,0.7587716568668976,-213.88936679391193,0.09232337333371234,low,weak α=1.5 (97% in first 3)
ar_sigma0.75_weak_sparse_a1.5,88,88,ar,100,500,0.75,3.0,weak_sparse,1.5,10,3,1.0,0.829919708757592,cocolasso_max,reweighted_max,7.738269357451302,6.920533838352877,4.872903562175233,4.207693493627763,23.31456149800215,235.09481782699004,0.8177355190984255,0.66521006854747,-211.7802563289879,0.09917088651081922,low,weak α=1.5 (97% in first 3)
ar_sigma0.75_weak_sparse_a1.5,89,89,ar,100,500,0.75,3.0,weak_sparse,1.5,10,3,1.0,0.829919708757592,cocolasso_max,reweighted_max,4.620570657451128,3.940911255937829,2.3980015860128407,1.9070312921066197,22.080658514983952,177.46266231802292,0.6796594015132991,0.49097029390622104,-155.38200380303897,0.12442424917199872,low,weak α=1.5 (97% in first 3)
ar_sigma0.75_weak_sparse_a1.5,90,90,ar,100,500,0.75,3.0,weak_sparse,1.5,10,3,1.0,0.829919708757592,cocolasso_max,reweighted_max,6.658450525129768,6.122397707147951,4.0247813159008885,3.6126105945948654,20.29320236097556,254.08731711795556,0.5360528179818171,0.41217072130602306,-233.79411475698,0.07986704173650193,low,weak α=1.5 (97% in first 3)
ar_sigma0.75_weak_sparse_a1.5,91,91,ar,100,500,0.75,3.0,weak_sparse,1.5,10,3,1.0,0.829919708757592,cocolasso_max,reweighted_max,7.180399489016392,6.586000452504331,4.433626092196838,3.956479518386623,18.845886803988837,289.83147167693824,0.594399036512061,0.4771465738102152,-270.9855848729494,0.06502360387209943,low,weak α=1.5 (97% in first 3)
ar_sigma0.75_weak_sparse_a1.5,92,92,ar,100,500,0.75,3.0,weak_sparse,1.5,10,3,1.0,0.829919708757592,cocolasso_max,reweighted_max,6.305779276151843,5.74889296024362,3.7762252863613055,3.367351185340213,21.360410563007463,253.701095936005,0.5568863159082227,0.40887410102109234,-232.34068537299754,0.08419518443229561,low,weak α=1.5 (97% in first 3)
ar_sigma0.75_weak_sparse_a1.5,93,93,ar,100,500,0.75,3.0,weak_sparse,1.5,10,3,1.0,0.829919708757592,cocolasso_max,reweighted_max,7.0750555549160135,6.535729824219171,4.3312717391523545,3.897390815201547,22.373759476002306,231.53478657302912,0.5393257306968424,0.4338809239508077,-209.16102709702682,0.09663238862357872,low,weak α=1.5 (97% in first 3)
ar_sigma0.75_weak_sparse_a1.5,94,94,ar,100,500,0.75,3.0,weak_sparse,1.5,10,3,1.0,0.829919708757592,cocolasso_max,reweighted_max,6.464839027237341,5.691544995001751,3.86003207679079,3.260336959212799,21.42993268603459,253.7741080420092,0.7732940322355901,0.599695117577991,-232.3441753559746,0.0844449138305596,low,weak α=1.5 (97% in first 3)
ar_sigma0.75_weak_sparse_a1.5,95,95,ar,100,500,0.75,3.0,weak_sparse,1.5,10,3,1.0,0.829919708757592,cocolasso_max,reweighted_max,5.095773768581132,4.387922731508582,2.759027830845684,2.232402362732854,21.43196512700524,235.70989464200105,0.7078510370725501,0.52662546811283,-214.2779295149958,0.09092518224386108,low,weak α=1.5 (97% in first 3)
ar_sigma0.75_weak_sparse_a1.5,96,96,ar,100,500,0.75,3.0,weak_sparse,1.5,10,3,1.0,0.829919708757592,cocolasso_max,reweighted_max,4.236602842255653,3.5974764614676813,2.126743500023104,1.6856644585466949,22.30390202498529,385.878954119049,0.6391263807879719,0.4410790414764092,-363.5750520940637,0.05780025520154237,low,weak α=1.5 (97% in first 3)
ar_sigma0.75_weak_sparse_a1.5,97,97,ar,100,500,0.75,3.0,weak_sparse,1.5,10,3,1.0,0.829919708757592,cocolasso_max,reweighted_max,7.15814790898356,6.338807513649991,4.397245176890269,3.739505880884502,22.11162769899238,170.1175036180066,0.819340395333569,0.6577392960057673,-148.00587591901422,0.12997855734259617,low,weak α=1.5 (97% in first 3)
ar_sigma0.75_weak_sparse_a1.5,98,98,ar,100,500,0.75,3.0,weak_sparse,1.5,10,3,1.0,0.829919708757592,cocolasso_max,reweighted_max,5.173862711112187,4.484016499001962,2.86874800482342,2.3652019033474097,23.289611392014194,158.64980253693648,0.6898462121102247,0.5035461014760103,-135.36019114492228,0.14679886781826887,low,weak α=1.5 (97% in first 3)
ar_sigma0.75_weak_sparse_a1.5,99,99,ar,100,500,0.75,3.0,weak_sparse,1.5,10,3,1.0,0.829919708757592,cocolasso_max,reweighted_max,5.844961477351366,5.262795706632038,3.3524446912315264,2.9065840609406326,23.02947863197187,188.8893985139439,0.5821657707193282,0.44586063029089384,-165.85991988197202,0.12192044028491003,low,weak α=1.5 (97% in first 3)
ar_sigma0.75_weak_sparse_a2.0,0,0,ar,100,500,0.75,3.0,weak_sparse,2.0,10,3,1.0,0.8450879387313912,cocolasso_max,reweighted_max,5.501365012491142,4.715700859007445,3.932991266779679,3.297772627791425,20.374383946997117,267.75495929201134,0.7856641534836974,0.6352186389882539,-247.38057534501422,0.07609339524791764,low,weak α=2.0 (99% in first 3)
ar_sigma0.75_weak_sparse_a2.0,1,1,ar,100,500,0.75,3.0,weak_sparse,2.0,10,3,1.0,0.8450879387313912,cocolasso_max,reweighted_max,4.31057955722357,3.386262755204281,2.8792348430306305,2.1261769818117724,20.814181986963376,289.7010788109619,0.9243168020192889,0.7530578612188581,-268.88689682399854,0.07184709864523912,low,weak α=2.0 (99% in first 3)
ar_sigma0.75_weak_sparse_a2.0,2,2,ar,100,500,0.75,3.0,weak_sparse,2.0,10,3,1.0,0.8450879387313912,cocolasso_max,reweighted_max,9.984183593751553,10.078154639404138,7.843978236870403,7.937184968210887,21.706125819007863,242.37408661097288,-0.09397104565258552,-0.09320673134048363,-220.66796079196502,0.08955629755027274,low,weak α=2.0 (99% in first 3)
ar_sigma0.75_weak_sparse_a2.0,3,3,ar,100,500,0.75,3.0,weak_sparse,2.0,10,3,1.0,0.8450879387313912,cocolasso_max,reweighted_max,3.21741255733128,2.5044432964027865,1.9929889861639245,1.4571505633960624,20.077516073011797,323.5217166860821,0.7129692609284937,0.5358384227678621,-303.4442006130703,0.062059253019151446,low,weak α=2.0 (99% in first 3)
ar_sigma0.75_weak_sparse_a2.0,4,4,ar,100,500,0.75,3.0,weak_sparse,2.0,10,3,1.0,0.8450879387313912,cocolasso_max,reweighted_max,3.75388807113246,3.080109984105726,2.4173828561735733,1.87890174253368,19.191879378049634,343.9384214960737,0.6737780870267338,0.5384811136398933,-324.7465421180241,0.05580033569546612,low,weak α=2.0 (99% in first 3)
ar_sigma0.75_weak_sparse_a2.0,5,5,ar,100,500,0.75,3.0,weak_sparse,2.0,10,3,1.0,0.8450879387313912,cocolasso_max,reweighted_max,2.957753713212747,2.156841999994068,1.7659178607957842,1.1575287881377556,20.90515535697341,266.93116539204493,0.8009117132186789,0.6083890726580286,-246.02601003507152,0.07831665263316018,low,weak α=2.0 (99% in first 3)
ar_sigma0.75_weak_sparse_a2.0,6,6,ar,100,500,0.75,3.0,weak_sparse,2.0,10,3,1.0,0.8450879387313912,cocolasso_max,reweighted_max,4.125160608536503,3.28965059853822,2.714208556899509,2.029161694630395,21.584423476015218,323.6058689269703,0.8355100099982833,0.6850468622691137,-302.02144545095507,0.06669972812169943,low,weak α=2.0 (99% in first 3)
ar_sigma0.75_weak_sparse_a2.0,7,7,ar,100,500,0.75,3.0,weak_sparse,2.0,10,3,1.0,0.8450879387313912,cocolasso_max,reweighted_max,4.651524778671592,3.86687085190282,3.153748208927617,2.499944976742208,21.616329638054594,265.8886676039547,0.7846539267687724,0.653803232185409,-244.27233796590008,0.08129842400900085,low,weak α=2.0 (99% in first 3)
ar_sigma0.75_weak_sparse_a2.0,8,8,ar,100,500,0.75,3.0,weak_sparse,2.0,10,3,1.0,0.8450879387313912,cocolasso_max,reweighted_max,4.340331661475516,3.6726037700234326,2.891063021972636,2.3390160797431823,18.38158869999461,268.3086281820433,0.6677278914520834,0.5520469422294538,-249.9270394820487,0.06850912258968794,low,weak α=2.0 (99% in first 3)
ar_sigma0.75_weak_sparse_a2.0,9,9,ar,100,500,0.75,3.0,weak_sparse,2.0,10,3,1.0,0.8450879387313912,cocolasso_max,reweighted_max,4.687160241934686,4.141261905707197,3.2065958555471865,2.758446137262584,20.603876148932613,266.9073654250242,0.5458983362274887,0.44814971828460237,-246.30348927609157,0.07719485790930847,low,weak α=2.0 (99% in first 3)
ar_sigma0.75_weak_sparse_a2.0,10,10,ar,100,500,0.75,3.0,weak_sparse,2.0,10,3,1.0,0.8450879387313912,cocolasso_max,reweighted_max,3.210555926938126,2.7505929167524514,1.9955382190249789,1.6499497845731503,21.61293108202517,333.7816045379732,0.45996301018567465,0.3455884344518285,-312.168673455948,0.0647517142592151,low,weak α=2.0 (99% in first 3)
ar_sigma0.75_weak_sparse_a2.0,11,11,ar,100,500,0.75,3.0,weak_sparse,2.0,10,3,1.0,0.8450879387313912,cocolasso_max,reweighted_max,3.754183422702042,2.809577242119373,2.415228541453465,1.6638589204978154,21.96409925399348,330.24252881796565,0.9446061805826691,0.7513696209556497,-308.27842956397217,0.06650899668376875,low,weak α=2.0 (99% in first 3)
ar_sigma0.75_weak_sparse_a2.0,12,12,ar,100,500,0.75,3.0,weak_sparse,2.0,10,3,1.0,0.8450879387313912,cocolasso_max,reweighted_max,3.656076403917067,2.8432143269614887,2.38941200910232,1.7674746274848403,20.28441569895949,284.6979643799132,0.8128620769555783,0.6219373816174796,-264.4135486809537,0.07124889615259453,low,weak α=2.0 (99% in first 3)
ar_sigma0.75_weak_sparse_a2.0,13,13,ar,100,500,0.75,3.0,weak_sparse,2.0,10,3,1.0,0.8450879387313912,cocolasso_max,reweighted_max,5.979042921857789,5.262868764523235,4.290113130004755,3.675867078629244,18.70155081502162,264.0835834280588,0.7161741573345539,0.6142460513755115,-245.38203261303715,0.0708167867621967,low,weak α=2.0 (99% in first 3)
ar_sigma0.75_weak_sparse_a2.0,14,14,ar,100,500,0.75,3.0,weak_sparse,2.0,10,3,1.0,0.8450879387313912,cocolasso_max,reweighted_max,4.301853104397244,3.5622392196057366,2.9226844995854044,2.3294514211955226,21.031122670974582,2027.368117938051,0.7396138847915075,0.5932330783898818,-2006.3369952670764,0.010373608268223353,low,weak α=2.0 (99% in first 3)
ar_sigma0.75_weak_sparse_a2.0,15,15,ar,100,500,0.75,3.0,weak_sparse,2.0,10,3,1.0,0.8450879387313912,cocolasso_max,reweighted_max,4.0965557529493895,3.463347571946137,2.7101647306531387,2.203086082289277,21.551901386934333,215.9502264149487,0.6332081810032526,0.5070786483638616,-194.39832502801437,0.09980031854897119,low,weak α=2.0 (99% in first 3)
ar_sigma0.75_weak_sparse_a2.0,16,16,ar,100,500,0.75,3.0,weak_sparse,2.0,10,3,1.0,0.8450879387313912,cocolasso_max,reweighted_max,5.040958727622543,4.2011778210530695,3.5033356801898834,2.830752008200601,22.11114528600592,337.1414276440628,0.8397809065694739,0.6725836719892824,-315.03028235805687,0.06558418358882247,low,weak α=2.0 (99% in first 3)
ar_sigma0.75_weak_sparse_a2.0,17,17,ar,100,500,0.75,3.0,weak_sparse,2.0,10,3,1.0,0.8450879387313912,cocolasso_max,reweighted_max,4.390188814616068,3.619588167521396,2.9800168580069624,2.361561420938108,18.382427778909918,317.62658046290744,0.770600647094672,0.6184554370688544,-299.2441526839975,0.057874337066247596,low,weak α=2.0 (99% in first 3)
ar_sigma0.75_weak_sparse_a2.0,18,18,ar,100,500,0.75,3.0,weak_sparse,2.0,10,3,1.0,0.8450879387313912,cocolasso_max,reweighted_max,5.93156682219225,5.240754128140258,4.29916466568226,3.7270977024243,21.111441596993245,264.1830272609368,0.6908126940519921,0.5720669632579596,-243.07158566394355,0.07991217988482363,low,weak α=2.0 (99% in first 3)
ar_sigma0.75_weak_sparse_a2.0,19,19,ar,100,500,0.75,3.0,weak_sparse,2.0,10,3,1.0,0.8450879387313912,cocolasso_max,reweighted_max,2.8805235671014477,1.659161584196044,1.7053628630885296,0.8083844089969768,21.84903161705006,232.14107576897368,1.2213619829054037,0.8969784540915527,-210.29204415192362,0.09411962766466271,low,weak α=2.0 (99% in first 3)
ar_sigma0.75_weak_sparse_a2.0,20,20,ar,100,500,0.75,3.0,weak_sparse,2.0,10,3,1.0,0.8450879387313912,cocolasso_max,reweighted_max,10.072913971919103,10.207651181982897,7.945531798660836,8.081903721250573,22.011659689014778,258.9245079010725,-0.13473721006379336,-0.13637192258973663,-236.91284821205772,0.08501188190893381,low,weak α=2.0 (99% in first 3)
ar_sigma0.75_weak_sparse_a2.0,21,21,ar,100,500,0.75,3.0,weak_sparse,2.0,10,3,1.0,0.8450879387313912,cocolasso_max,reweighted_max,2.2533900691496,1.6419702377661678,1.3022943856272238,0.9699674359145906,20.29227215598803,291.23042992292903,0.611419831383432,0.3323269497126332,-270.938157766941,0.06967771932815592,low,weak α=2.0 (99% in first 3)
ar_sigma0.75_weak_sparse_a2.0,22,22,ar,100,500,0.75,3.0,weak_sparse,2.0,10,3,1.0,0.8450879387313912,cocolasso_max,reweighted_max,6.180490669188508,5.482475042521415,4.464569915829737,3.86545333921918,19.38410602195654,228.33392703603025,0.6980156266670932,0.5991165766105575,-208.9498210140737,0.084893674249722,low,weak α=2.0 (99% in first 3)
ar_sigma0.75_weak_sparse_a2.0,23,23,ar,100,500,0.75,3.0,weak_sparse,2.0,10,3,1.0,0.8450879387313912,cocolasso_max,reweighted_max,2.023301091722653,1.384546416327381,1.092616364075231,0.7071036821373844,21.22496580798179,355.91137182794046,0.638754675395272,0.3855126819378467,-334.68640601995867,0.05963553706916297,low,weak α=2.0 (99% in first 3)
ar_sigma0.75_weak_sparse_a2.0,24,24,ar,100,500,0.75,3.0,weak_sparse,2.0,10,3,1.0,0.8450879387313912,cocolasso_max,reweighted_max,4.978493592408412,4.102618037469576,3.4334640325027923,2.700579010082245,22.20605343207717,267.9381092360709,0.875875554938836,0.7328850224205472,-245.73205580399372,0.0828775477120061,low,weak α=2.0 (99% in first 3)
ar_sigma0.75_weak_sparse_a2.0,25,25,ar,100,500,0.75,3.0,weak_sparse,2.0,10,3,1.0,0.8450879387313912,cocolasso_max,reweighted_max,2.9807051841050405,2.299700397281062,1.778756758460614,1.2507732924472466,19.92528659896925,226.47870311094448,0.6810047868239786,0.5279834660133675,-206.55341651197523,0.0879786325392746,low,weak α=2.0 (99% in first 3)
ar_sigma0.75_weak_sparse_a2.0,26,26,ar,100,500,0.75,3.0,weak_sparse,2.0,10,3,1.0,0.8450879387313912,cocolasso_max,reweighted_max,2.55547852459166,1.85764202775468,1.4918121235392836,1.002651639050096,20.14934821799397,292.4876029880252,0.6978364968369799,0.4891604844891877,-272.3382547700312,0.06888958031776449,low,weak α=2.0 (99% in first 3)
ar_sigma0.75_weak_sparse_a2.0,27,27,ar,100,500,0.75,3.0,weak_sparse,2.0,10,3,1.0,0.8450879387313912,cocolasso_max,reweighted_max,4.702741969686938,3.85392726692274,3.238134247989778,2.5358360882983133,20.294382262974977,265.8610319340369,0.8488147027641983,0.7022981596914648,-245.5666496710619,0.0763345501043953,low,weak α=2.0 (99% in first 3)
ar_sigma0.75_weak_sparse_a2.0,28,28,ar,100,500,0.75,3.0,weak_sparse,2.0,10,3,1.0,0.8450879387313912,cocolasso_max,reweighted_max,5.064586638713265,4.398825914058849,3.508665805517454,2.951620102616036,19.764930600998923,300.38477552402765,0.6657607246544162,0.5570457029014184,-280.6198449230287,0.06579870956015857,low,weak α=2.0 (99% in first 3)
ar_sigma0.75_weak_sparse_a2.0,29,29,ar,100,500,0.75,3.0,weak_sparse,2.0,10,3,1.0,0.8450879387313912,cocolasso_max,reweighted_max,4.717538476306824,4.086613751933214,3.2250599527554806,2.707043147329025,18.517443847027607,240.8698024110636,0.6309247243736102,0.5180168054264556,-222.352358564036,0.07687739875099041,low,weak α=2.0 (99% in first 3)
ar_sigma0.75_weak_sparse_a2.0,30,30,ar,100,500,0.75,3.0,weak_sparse,2.0,10,3,1.0,0.8450879387313912,cocolasso_max,reweighted_max,5.312610876125012,4.618258257723398,3.7824728676769337,3.2260834120788484,18.421901139896363,288.79689623892773,0.6943526184016138,0.5563894555980853,-270.37499509903137,0.06378843186962625,low,weak α=2.0 (99% in first 3)
ar_sigma0.75_weak_sparse_a2.0,31,31,ar,100,500,0.75,3.0,weak_sparse,2.0,10,3,1.0,0.8450879387313912,cocolasso_max,reweighted_max,3.1385025223281278,2.374699233851588,1.920515303918092,1.3357501371613327,17.839988507097587,2061.4918249500915,0.7638032884765398,0.5847651667567593,-2043.651836442994,0.0086539215393345,low,weak α=2.0 (99% in first 3)
ar_sigma0.75_weak_sparse_a2.0,32,32,ar,100,500,0.75,3.0,weak_sparse,2.0,10,3,1.0,0.8450879387313912,cocolasso_max,reweighted_max,4.964100365619219,4.252929639590873,3.5422991420246768,2.984664293538084,18.12561375007499,345.9488679859787,0.711170726028346,0.5576348484865927,-327.82325423590373,0.05239390970000116,low,weak α=2.0 (99% in first 3)
ar_sigma0.75_weak_sparse_a2.0,33,33,ar,100,500,0.75,3.0,weak_sparse,2.0,10,3,1.0,0.8450879387313912,cocolasso_max,reweighted_max,3.451853136443157,2.8908098239765003,2.1784109425005997,1.7464300275432798,17.908164541935548,280.5194049660349,0.5610433124666567,0.43198091495731994,-262.6112404240994,0.06383930745933193,low,weak α=2.0 (99% in first 3)
ar_sigma0.75_weak_sparse_a2.0,34,34,ar,100,500,0.75,3.0,weak_sparse,2.0,10,3,1.0,0.8450879387313912,cocolasso_max,reweighted_max,4.019395162776208,3.3556429350683814,2.6449009575427045,2.110152312118837,17.86121911497321,260.5086940010078,0.6637522277078265,0.5347486454238677,-242.64747488603462,0.06856285232040706,low,weak α=2.0 (99% in first 3)
ar_sigma0.75_weak_sparse_a2.0,35,35,ar,100,500,0.75,3.0,weak_sparse,2.0,10,3,1.0,0.8450879387313912,cocolasso_max,reweighted_max,4.114945391303752,3.5028989591633573,2.712080737374861,2.2144362531743798,17.782596395001747,283.89160730398726,0.6120464321403944,0.49764448420048124,-266.1090109089855,0.0626386829955152,low,weak α=2.0 (99% in first 3)
ar_sigma0.75_weak_sparse_a2.0,36,36,ar,100,500,0.75,3.0,weak_sparse,2.0,10,3,1.0,0.8450879387313912,cocolasso_max,reweighted_max,6.737520515163778,6.196189589335271,4.682363392511902,4.340734271039735,18.801141525036652,286.3714963529492,0.5413309258285075,0.34162912147216673,-267.5703548279125,0.0656529779132225,low,weak α=2.0 (99% in first 3)
ar_sigma0.75_weak_sparse_a2.0,37,37,ar,100,500,0.75,3.0,weak_sparse,2.0,10,3,1.0,0.8450879387313912,cocolasso_max,reweighted_max,4.498919370124345,3.502023038159042,3.048495918250057,2.2347549007040035,20.374232326983478,248.2357395030558,0.9968963319653033,0.8137410175460533,-227.86150717607234,0.08207614410306405,low,weak α=2.0 (99% in first 3)
ar_sigma0.75_weak_sparse_a2.0,38,38,ar,100,500,0.75,3.0,weak_sparse,2.0,10,3,1.0,0.8450879387313912,cocolasso_max,reweighted_max,4.016575131316986,3.0246849192824707,2.653714446068302,1.877181524265348,19.78698289196473,288.2867994219996,0.9918902120345154,0.7765329218029542,-268.4998165300349,0.0686364513797948,low,weak α=2.0 (99% in first 3)
ar_sigma0.75_weak_sparse_a2.0,39,39,ar,100,500,0.75,3.0,weak_sparse,2.0,10,3,1.0,0.8450879387313912,cocolasso_max,reweighted_max,4.314169398985259,3.169821836772306,2.8928191888693098,1.9722361627476288,18.0275813130429,236.86947908601724,1.1443475622129529,0.920583026121681,-218.84189777297433,0.07610765803430644,low,weak α=2.0 (99% in first 3)
ar_sigma0.75_weak_sparse_a2.0,40,40,ar,100,500,0.75,3.0,weak_sparse,2.0,10,3,1.0,0.8450879387313912,cocolasso_max,reweighted_max,4.500403046700417,3.754987759898845,3.071987583127904,2.482198218936682,20.15331434109248,260.23435748997144,0.7454152868015722,0.5897893641912222,-240.08104314887896,0.07744294233657875,low,weak α=2.0 (99% in first 3)
ar_sigma0.75_weak_sparse_a2.0,41,41,ar,100,500,0.75,3.0,weak_sparse,2.0,10,3,1.0,0.8450879387313912,cocolasso_max,reweighted_max,4.009631295678743,3.1594074358176907,2.629004939556909,1.948559411527801,21.40440253599081,258.730582676013,0.8502238598610528,0.6804455280291077,-237.3261801400222,0.08272853682238941,low,weak α=2.0 (99% in first 3)
ar_sigma0.75_weak_sparse_a2.0,42,42,ar,100,500,0.75,3.0,weak_sparse,2.0,10,3,1.0,0.8450879387313912,cocolasso_max,reweighted_max,7.0827485627570095,6.555188991039618,5.280576235729247,4.833356483883558,21.913695517927408,275.53653256502,0.5275595717173918,0.4472197518456884,-253.62283704709262,0.0795309983541159,low,weak α=2.0 (99% in first 3)
ar_sigma0.75_weak_sparse_a2.0,43,43,ar,100,500,0.75,3.0,weak_sparse,2.0,10,3,1.0,0.8450879387313912,cocolasso_max,reweighted_max,3.944706804659565,3.022329642275706,2.522749237399874,1.8296089245487064,17.828793026972562,237.37492398603356,0.9223771623838588,0.6931403128511677,-219.546130959061,0.07510815686673608,low,weak α=2.0 (99% in first 3)
ar_sigma0.75_weak_sparse_a2.0,44,44,ar,100,500,0.75,3.0,weak_sparse,2.0,10,3,1.0,0.8450879387313912,cocolasso_max,reweighted_max,3.814889020656859,3.1039709702334872,2.4732125330078305,1.9045518142600972,19.9516821319703,230.1585594350472,0.7109180504233716,0.5686607187477333,-210.2068773030769,0.08668668321936053,low,weak α=2.0 (99% in first 3)
ar_sigma0.75_weak_sparse_a2.0,45,45,ar,100,500,0.75,3.0,weak_sparse,2.0,10,3,1.0,0.8450879387313912,cocolasso_max,reweighted_max,5.30321701785547,4.416401710005581,3.7305927888510015,2.9914584729471656,21.09674125595484,234.6732613440836,0.886815307849889,0.7391343159038359,-213.57652008812877,0.08989835968155864,low,weak α=2.0 (99% in first 3)
ar_sigma0.75_weak_sparse_a2.0,46,46,ar,100,500,0.75,3.0,weak_sparse,2.0,10,3,1.0,0.8450879387313912,cocolasso_max,reweighted_max,1.805804577564452,1.2552723759382844,0.9949247020210996,0.769600600323819,21.76287063001655,220.5711874229601,0.5505322016261676,0.22532410169728057,-198.80831679294354,0.09866597212574633,low,weak α=2.0 (99% in first 3)
ar_sigma0.75_weak_sparse_a2.0,47,47,ar,100,500,0.75,3.0,weak_sparse,2.0,10,3,1.0,0.8450879387313912,cocolasso_max,reweighted_max,3.4864751349171788,2.836662766303925,2.187626129157759,1.6716382109559285,19.463987358030863,285.7644556190353,0.6498123686132535,0.5159879182018305,-266.3004682610044,0.0681119956499388,low,weak α=2.0 (99% in first 3)
ar_sigma0.75_weak_sparse_a2.0,48,48,ar,100,500,0.75,3.0,weak_sparse,2.0,10,3,1.0,0.8450879387313912,cocolasso_max,reweighted_max,5.050373758720648,4.1121712971201045,3.4952169385751723,2.709495501100726,18.47784833004698,267.9359162088949,0.9382024616005431,0.7857214374744466,-249.45806787884794,0.06896368576298229,low,weak α=2.0 (99% in first 3)
ar_sigma0.75_weak_sparse_a2.0,49,49,ar,100,500,0.75,3.0,weak_sparse,2.0,10,3,1.0,0.8450879387313912,cocolasso_max,reweighted_max,3.239396033044563,2.603185373439718,2.030649549581278,1.559658447508706,20.636857317993417,1852.6837204559704,0.6362106596048447,0.4709911020725721,-1832.046863137977,0.01113889925740504,low,weak α=2.0 (99% in first 3)
ar_sigma0.75_weak_sparse_a2.0,50,50,ar,100,500,0.75,3.0,weak_sparse,2.0,10,3,1.0,0.8450879387313912,cocolasso_max,reweighted_max,5.37208721782072,4.527992490326881,3.7896162355026446,3.0846770021887457,21.994030322995968,252.72433506697416,0.8440947274938395,0.7049392333138988,-230.7303047439782,0.08702775028438539,low,weak α=2.0 (99% in first 3)
ar_sigma0.75_weak_sparse_a2.0,51,51,ar,100,500,0.75,3.0,weak_sparse,2.0,10,3,1.0,0.8450879387313912,cocolasso_max,reweighted_max,4.39144518043112,3.613488621421574,2.9626339978387644,2.3266200332544216,21.54270213493146,273.46496505790856,0.7779565590095459,0.6360139645843428,-251.9222629229771,0.07877682660508123,low,weak α=2.0 (99% in first 3)
ar_sigma0.75_weak_sparse_a2.0,52,52,ar,100,500,0.75,3.0,weak_sparse,2.0,10,3,1.0,0.8450879387313912,cocolasso_max,reweighted_max,6.4012548899489765,5.702930184089128,4.665569125927419,4.069374576258536,18.801635661977343,266.976995302015,0.6983247058598483,0.5961945496688834,-248.17535964003764,0.07042417883498983,low,weak α=2.0 (99% in first 3)
ar_sigma0.75_weak_sparse_a2.0,53,53,ar,100,500,0.75,3.0,weak_sparse,2.0,10,3,1.0,0.8450879387313912,cocolasso_max,reweighted_max,3.208120313382227,2.177325380824215,1.9674639140277683,1.176958555514695,18.59218057699036,269.30669865605887,1.030794932558012,0.7905053585130732,-250.7145180790685,0.06903720059609468,low,weak α=2.0 (99% in first 3)
ar_sigma0.75_weak_sparse_a2.0,54,54,ar,100,500,0.75,3.0,weak_sparse,2.0,10,3,1.0,0.8450879387313912,cocolasso_max,reweighted_max,4.298370400189516,3.652161281894297,2.867982566576253,2.341690538856054,20.96315141802188,263.0831719270209,0.6462091182952197,0.5262920277201992,-242.120020508999,0.07968260099827687,low,weak α=2.0 (99% in first 3)
ar_sigma0.75_weak_sparse_a2.0,55,55,ar,100,500,0.75,3.0,weak_sparse,2.0,10,3,1.0,0.8450879387313912,cocolasso_max,reweighted_max,4.503792026937559,3.7153786748398088,3.017332913285474,2.4228482093476607,21.41663112200331,314.9391547529958,0.7884133520977499,0.5944847039378134,-293.5225236309925,0.06800244046758872,low,weak α=2.0 (99% in first 3)
ar_sigma0.75_weak_sparse_a2.0,56,56,ar,100,500,0.75,3.0,weak_sparse,2.0,10,3,1.0,0.8450879387313912,cocolasso_max,reweighted_max,3.579448108661337,2.550760356671415,2.2708771537148715,1.4632686200126566,20.78014503896702,272.5696231640177,1.028687751989922,0.807608533702215,-251.78947812505066,0.07623793435874786,low,weak α=2.0 (99% in first 3)
ar_sigma0.75_weak_sparse_a2.0,57,57,ar,100,500,0.75,3.0,weak_sparse,2.0,10,3,1.0,0.8450879387313912,cocolasso_max,reweighted_max,4.488076558855224,3.740904931041381,3.0329449358426066,2.42230764461924,17.969850247958675,327.6954484350281,0.7471716278138429,0.6106372912233664,-309.7255981870694,0.05483704559760324,low,weak α=2.0 (99% in first 3)
ar_sigma0.75_weak_sparse_a2.0,58,58,ar,100,500,0.75,3.0,weak_sparse,2.0,10,3,1.0,0.8450879387313912,cocolasso_max,reweighted_max,4.72138868725849,4.1853387471724215,3.256914042253632,2.8423796953851057,19.88099360000342,311.6675363439135,0.5360499400860688,0.4145343468685261,-291.7865427439101,0.06378910628043559,low,weak α=2.0 (99% in first 3)
ar_sigma0.75_weak_sparse_a2.0,59,59,ar,100,500,0.75,3.0,weak_sparse,2.0,10,3,1.0,0.8450879387313912,cocolasso_max,reweighted_max,4.478024845409581,3.819723388211559,3.0275926526252124,2.492938007069765,21.34388569998555,251.2519226069562,0.6583014571980219,0.5346546455554475,-229.90803690697066,0.08495013880301594,low,weak α=2.0 (99% in first 3)
ar_sigma0.75_weak_sparse_a2.0,60,60,ar,100,500,0.75,3.0,weak_sparse,2.0,10,3,1.0,0.8450879387313912,cocolasso_max,reweighted_max,4.260710406305774,3.499910793329021,2.827367386972941,2.2023846280272825,19.15123942203354,272.9534718299983,0.7607996129767534,0.6249827589456585,-253.80223240796477,0.07016301823763346,low,weak α=2.0 (99% in first 3)
ar_sigma0.75_weak_sparse_a2.0,61,61,ar,100,500,0.75,3.0,weak_sparse,2.0,10,3,1.0,0.8450879387313912,cocolasso_max,reweighted_max,5.091188661987565,4.365060066170162,3.520550276942068,2.903854112179686,19.893284269957803,275.85101674695034,0.7261285958174026,0.6166961647623821,-255.95773247699253,0.07211604475689407,low,weak α=2.0 (99% in first 3)
ar_sigma0.75_weak_sparse_a2.0,62,62,ar,100,500,0.75,3.0,weak_sparse,2.0,10,3,1.0,0.8450879387313912,cocolasso_max,reweighted_max,2.457263446868247,1.5102729313940475,1.430003183710347,0.7716781285886588,20.202290513087064,310.4310144879855,0.9469905154741995,0.6583250551216883,-290.22872397489846,0.06507819634712737,low,weak α=2.0 (99% in first 3)
ar_sigma0.75_weak_sparse_a2.0,63,63,ar,100,500,0.75,3.0,weak_sparse,2.0,10,3,1.0,0.8450879387313912,cocolasso_max,reweighted_max,3.1943063399358294,2.090736392931604,1.956672358312329,1.1070196272370727,18.95781331695616,2045.107507165987,1.1035699470042255,0.8496527310752564,-2026.1496938490309,0.009269837038164804,low,weak α=2.0 (99% in first 3)
ar_sigma0.75_weak_sparse_a2.0,64,64,ar,100,500,0.75,3.0,weak_sparse,2.0,10,3,1.0,0.8450879387313912,cocolasso_max,reweighted_max,6.239177215859511,5.956163620288816,4.550115225075964,4.323886978146859,20.050525268074125,256.78918789408635,0.2830135955706954,0.2262282469291046,-236.73866262601223,0.07808165691284494,low,weak α=2.0 (99% in first 3)
ar_sigma0.75_weak_sparse_a2.0,65,65,ar,100,500,0.75,3.0,weak_sparse,2.0,10,3,1.0,0.8450879387313912,cocolasso_max,reweighted_max,2.497782456939168,1.7272006686128158,1.4017935017323369,0.8372245866971022,20.337151761050336,323.7045410340652,0.7705817883263519,0.5645689150352347,-303.36738927301485,0.06282627885319084,low,weak α=2.0 (99% in first 3)
ar_sigma0.75_weak_sparse_a2.0,66,66,ar,100,500,0.75,3.0,weak_sparse,2.0,10,3,1.0,0.8450879387313912,cocolasso_max,reweighted_max,4.624757439390366,4.064488507961364,3.161906241220391,2.7039460572837446,20.563196526025425,277.5979408340063,0.5602689314290012,0.4579601839366463,-257.0347443079809,0.07407546491247745,low,weak α=2.0 (99% in first 3)
ar_sigma0.75_weak_sparse_a2.0,67,67,ar,100,500,0.75,3.0,weak_sparse,2.0,10,3,1.0,0.8450879387313912,cocolasso_max,reweighted_max,7.178684598905482,6.582473055024831,5.339111964068108,4.823579317080508,20.684507137048055,220.28618948406077,0.596211543880651,0.5155326469875998,-199.6016823470127,0.09389833827301608,low,weak α=2.0 (99% in first 3)
ar_sigma0.75_weak_sparse_a2.0,68,68,ar,100,500,0.75,3.0,weak_sparse,2.0,10,3,1.0,0.8450879387313912,cocolasso_max,reweighted_max,4.622062447454571,3.903866777659587,3.1393218261076257,2.543506011131349,20.58167285192758,256.8012800019933,0.7181956697949841,0.5958158149762767,-236.2196071500657,0.08014630165304404,low,weak α=2.0 (99% in first 3)
ar_sigma0.75_weak_sparse_a2.0,69,69,ar,100,500,0.75,3.0,weak_sparse,2.0,10,3,1.0,0.8450879387313912,cocolasso_max,reweighted_max,4.517246963780976,3.8075385728263216,3.0533945833349034,2.470067547776948,20.160160023951903,223.1810772829922,0.7097083909546544,0.5833270355579554,-203.0209172590403,0.09033095578434254,low,weak α=2.0 (99% in first 3)
ar_sigma0.75_weak_sparse_a2.0,70,70,ar,100,500,0.75,3.0,weak_sparse,2.0,10,3,1.0,0.8450879387313912,cocolasso_max,reweighted_max,4.331981680450121,3.458112331313364,2.897775464065725,2.1877104350292904,21.00410543999169,385.0927149440394,0.8738693491367568,0.7100650290364348,-364.0886095040477,0.05454298309186126,low,weak α=2.0 (99% in first 3)
ar_sigma0.75_weak_sparse_a2.0,71,71,ar,100,500,0.75,3.0,weak_sparse,2.0,10,3,1.0,0.8450879387313912,cocolasso_max,reweighted_max,3.406867230039148,2.7403079329629194,2.228017650735296,1.7348427130539763,21.54261705593672,247.60783562099093,0.6665592970762284,0.4931749376813195,-226.0652185650542,0.08700296984507241,low,weak α=2.0 (99% in first 3)
ar_sigma0.75_weak_sparse_a2.0,72,72,ar,100,500,0.75,3.0,weak_sparse,2.0,10,3,1.0,0.8450879387313912,cocolasso_max,reweighted_max,7.946583952638621,7.895859445335145,6.039564375844896,6.013090466099474,21.43650301010348,270.25792918901425,0.05072450730347544,0.026473909745422297,-248.82142617891077,0.07931868298713678,low,weak α=2.0 (99% in first 3)
ar_sigma0.75_weak_sparse_a2.0,73,73,ar,100,500,0.75,3.0,weak_sparse,2.0,10,3,1.0,0.8450879387313912,cocolasso_max,reweighted_max,5.3131635500653,4.471981536688529,3.7174163395145072,3.0068872316396167,18.351005301927216,207.16236202791333,0.8411820133767716,0.7105291078748905,-188.81135672598612,0.08858271899532878,low,weak α=2.0 (99% in first 3)
ar_sigma0.75_weak_sparse_a2.0,74,74,ar,100,500,0.75,3.0,weak_sparse,2.0,10,3,1.0,0.8450879387313912,cocolasso_max,reweighted_max,1.9136524835645068,1.1745260925629168,0.978500048717438,0.5340358397719026,20.340305356075987,266.73259580205195,0.7391263910015899,0.4444642089455354,-246.39229044597596,0.076257291670385,low,weak α=2.0 (99% in first 3)
ar_sigma0.75_weak_sparse_a2.0,75,75,ar,100,500,0.75,3.0,weak_sparse,2.0,10,3,1.0,0.8450879387313912,cocolasso_max,reweighted_max,3.625347628956497,2.753121554593881,2.3583964448385526,1.6911747876517027,21.740064120967872,200.5636526629678,0.872226074362616,0.6672216571868499,-178.82358854199992,0.10839483541666656,low,weak α=2.0 (99% in first 3)
ar_sigma0.75_weak_sparse_a2.0,76,76,ar,100,500,0.75,3.0,weak_sparse,2.0,10,3,1.0,0.8450879387313912,cocolasso_max,reweighted_max,2.0759797352675853,1.0401273909028734,1.0826914050758432,0.4234838962650816,22.136979334056377,110.62042662897149,1.0358523443647119,0.6592075088107616,-88.48344729491511,0.20011656082565407,low,weak α=2.0 (99% in first 3)
ar_sigma0.75_weak_sparse_a2.0,77,77,ar,100,500,0.75,3.0,weak_sparse,2.0,10,3,1.0,0.8450879387313912,cocolasso_max,reweighted_max,4.383608598414446,3.6785620232603233,2.972715727315151,2.413850433269763,17.95117410493549,226.1450518100173,0.7050465751541224,0.5588652940453884,-208.1938777050818,0.0793790266966183,low,weak α=2.0 (99% in first 3)
ar_sigma0.75_weak_sparse_a2.0,78,78,ar,100,500,0.75,3.0,weak_sparse,2.0,10,3,1.0,0.8450879387313912,cocolasso_max,reweighted_max,5.155810263178397,4.433841338508613,3.614682715469813,3.0124645175999603,20.699381627957337,228.53390705800848,0.7219689246697838,0.6022181978698526,-207.83452543005114,0.09057466305296762,low,weak α=2.0 (99% in first 3)
ar_sigma0.75_weak_sparse_a2.0,79,79,ar,100,500,0.75,3.0,weak_sparse,2.0,10,3,1.0,0.8450879387313912,cocolasso_max,reweighted_max,4.735692512534532,3.852710655753357,3.251474783305119,2.5264844523323697,21.214782060007565,260.81518152402714,0.8829818567811754,0.7249903309727492,-239.60039946401957,0.08134028830700252,low,weak α=2.0 (99% in first 3)
ar_sigma0.75_weak_sparse_a2.0,80,80,ar,100,500,0.75,3.0,weak_sparse,2.0,10,3,1.0,0.8450879387313912,cocolasso_max,reweighted_max,2.252377466567027,1.5141609055702554,1.2353045079424092,0.7239233717852817,21.96744145604316,1636.6657847649767,0.7382165609967715,0.5113811361571275,-1614.6983433089335,0.01342206922178535,low,weak α=2.0 (99% in first 3)
ar_sigma0.75_weak_sparse_a2.0,81,81,ar,100,500,0.75,3.0,weak_sparse,2.0,10,3,1.0,0.8450879387313912,cocolasso_max,reweighted_max,5.868979123943388,5.434415576609773,4.256830673622645,3.916515895614944,19.43329799093772,188.1222322289832,0.4345635473336156,0.3403147780077007,-168.68893423804548,0.10330144268798291,low,weak α=2.0 (99% in first 3)
ar_sigma0.75_weak_sparse_a2.0,82,82,ar,100,500,0.75,3.0,weak_sparse,2.0,10,3,1.0,0.8450879387313912,cocolasso_max,reweighted_max,5.345818434861123,4.64328609899517,3.7402015775939104,3.1432159816291443,19.403766332077797,204.5223257949692,0.7025323358659525,0.5969855959647661,-185.1185594628914,0.09487358534896481,low,weak α=2.0 (99% in first 3)
ar_sigma0.75_weak_sparse_a2.0,83,83,ar,100,500,0.75,3.0,weak_sparse,2.0,10,3,1.0,0.8450879387313912,cocolasso_max,reweighted_max,5.64640066369804,4.957069233846011,4.0262578216340765,3.449460030145783,21.162001081975177,277.358121895988,0.6893314298520297,0.5767977914882936,-256.19612081401283,0.07629847266528265,low,weak α=2.0 (99% in first 3)
ar_sigma0.75_weak_sparse_a2.0,84,84,ar,100,500,0.75,3.0,weak_sparse,2.0,10,3,1.0,0.8450879387313912,cocolasso_max,reweighted_max,5.024813047070162,4.352660090653572,3.514587282400264,2.9606978138886526,22.220432917005382,224.23325708002085,0.67215295641659,0.5538894685116116,-202.01282416301547,0.09909517083398428,low,weak α=2.0 (99% in first 3)
ar_sigma0.75_weak_sparse_a2.0,85,85,ar,100,500,0.75,3.0,weak_sparse,2.0,10,3,1.0,0.8450879387313912,cocolasso_max,reweighted_max,6.115701896540078,5.450951829412697,4.434755086986067,3.869433823066632,22.147845347994007,206.64045586797877,0.6647500671273816,0.5653212639194352,-184.49261051998477,0.1071805869521703,low,weak α=2.0 (99% in first 3)
ar_sigma0.75_weak_sparse_a2.0,86,86,ar,100,500,0.75,3.0,weak_sparse,2.0,10,3,1.0,0.8450879387313912,cocolasso_max,reweighted_max,3.40686723657147,2.921548537864729,2.1391292071813544,1.7609286366552324,18.145169007009827,219.9703332430217,0.48531869870674127,0.378200570526122,-201.8251642360119,0.08248916451366725,low,weak α=2.0 (99% in first 3)
ar_sigma0.75_weak_sparse_a2.0,87,87,ar,100,500,0.75,3.0,weak_sparse,2.0,10,3,1.0,0.8450879387313912,cocolasso_max,reweighted_max,2.770822908268539,1.6600101141299537,1.6146251809515428,0.7935231760178673,20.11927212891169,222.8769016780425,1.1108127941385852,0.8211020049336756,-202.7576295491308,0.09027078166213494,low,weak α=2.0 (99% in first 3)
ar_sigma0.75_weak_sparse_a2.0,88,88,ar,100,500,0.75,3.0,weak_sparse,2.0,10,3,1.0,0.8450879387313912,cocolasso_max,reweighted_max,6.225418927755452,5.338606641581637,4.509278685465105,3.751353386365734,21.342630078084767,227.11367478000463,0.8868122861738152,0.7579252990993712,-205.77104470191986,0.09397333779552669,low,weak α=2.0 (99% in first 3)
ar_sigma0.75_weak_sparse_a2.0,89,89,ar,100,500,0.75,3.0,weak_sparse,2.0,10,3,1.0,0.8450879387313912,cocolasso_max,reweighted_max,3.436657619673213,2.7525199416881105,2.151593718250844,1.6113155624624111,21.891628514043987,273.086217937991,0.6841376779851025,0.5402781557884326,-251.19458942394704,0.08016379837599444,low,weak α=2.0 (99% in first 3)
ar_sigma0.75_weak_sparse_a2.0,90,90,ar,100,500,0.75,3.0,weak_sparse,2.0,10,3,1.0,0.8450879387313912,cocolasso_max,reweighted_max,5.19430416317936,4.622404608479514,3.643519221866673,3.1735552747411653,20.0729728450533,235.62964985403232,0.5718995546998453,0.4699639471255077,-215.55667700897902,0.0851886545580664,low,weak α=2.0 (99% in first 3)
ar_sigma0.75_weak_sparse_a2.0,91,91,ar,100,500,0.75,3.0,weak_sparse,2.0,10,3,1.0,0.8450879387313912,cocolasso_max,reweighted_max,5.575283541010445,4.903907390574097,3.949767355250192,3.379970283533648,18.83480671897996,263.83522962400457,0.6713761504363482,0.5697970717165441,-245.0004229050246,0.07138852057711063,low,weak α=2.0 (99% in first 3)
ar_sigma0.75_weak_sparse_a2.0,92,92,ar,100,500,0.75,3.0,weak_sparse,2.0,10,3,1.0,0.8450879387313912,cocolasso_max,reweighted_max,5.02700949489029,4.4591387254151655,3.5166351228609387,3.060754549944049,20.972337329993024,220.92196415102808,0.5678707694751246,0.45588057291688955,-199.94962682103505,0.09493097443066269,low,weak α=2.0 (99% in first 3)
ar_sigma0.75_weak_sparse_a2.0,93,93,ar,100,500,0.75,3.0,weak_sparse,2.0,10,3,1.0,0.8450879387313912,cocolasso_max,reweighted_max,5.653862420972932,5.072706098618552,4.010450568104463,3.515854244857058,21.686114001087844,215.41537136299303,0.5811563223543805,0.49459632324740443,-193.72925736190518,0.10067115389154341,low,weak α=2.0 (99% in first 3)
ar_sigma0.75_weak_sparse_a2.0,94,94,ar,100,500,0.75,3.0,weak_sparse,2.0,10,3,1.0,0.8450879387313912,cocolasso_max,reweighted_max,5.007800246120529,4.180069085107253,3.476283464864055,2.7900565461707125,19.23010120296385,211.4154849019833,0.8277311610132756,0.6862269186933423,-192.18538369901944,0.09095881132774798,low,weak α=2.0 (99% in first 3)
ar_sigma0.75_weak_sparse_a2.0,95,95,ar,100,500,0.75,3.0,weak_sparse,2.0,10,3,1.0,0.8450879387313912,cocolasso_max,reweighted_max,3.5993796530629805,2.880704986665808,2.284280525595713,1.7123662576230103,20.57514089695178,244.80821193102747,0.7186746663971726,0.5719142679727027,-224.2330710340757,0.08404595881264246,low,weak α=2.0 (99% in first 3)
ar_sigma0.75_weak_sparse_a2.0,96,96,ar,100,500,0.75,3.0,weak_sparse,2.0,10,3,1.0,0.8450879387313912,cocolasso_max,reweighted_max,2.9223028697579743,2.2913871464768576,1.747559771965526,1.2694055620789804,19.996114189969376,220.44387069699587,0.6309157232811167,0.47815420988654567,-200.4477565070265,0.09070841537460754,low,weak α=2.0 (99% in first 3)
ar_sigma0.75_weak_sparse_a2.0,97,97,ar,100,500,0.75,3.0,weak_sparse,2.0,10,3,1.0,0.8450879387313912,cocolasso_max,reweighted_max,5.517062853743003,4.585545921971476,3.890167941943007,3.100148194451208,19.47144118102733,234.23981815797745,0.9315169317715268,0.7900197474917992,-214.76837697695012,0.083126094163441,low,weak α=2.0 (99% in first 3)
ar_sigma0.75_weak_sparse_a2.0,98,98,ar,100,500,0.75,3.0,weak_sparse,2.0,10,3,1.0,0.8450879387313912,cocolasso_max,reweighted_max,3.885794690448671,3.195133115876895,2.5563119606739124,2.011330049559358,20.06936461199075,207.52270534500715,0.6906615745717759,0.5449819111145544,-187.4533407330164,0.09670924720562682,low,weak α=2.0 (99% in first 3)
ar_sigma0.75_weak_sparse_a2.0,99,99,ar,100,500,0.75,3.0,weak_sparse,2.0,10,3,1.0,0.8450879387313912,cocolasso_max,reweighted_max,4.5277526494547065,3.934570142786148,3.0565604269478053,2.566020251553925,20.34076968592126,269.4500376780052,0.5931825066685583,0.49054017539388006,-249.10926799208391,0.07548994931011527,low,weak α=2.0 (99% in first 3)
ar_sigma1.0_datta_zhang,0,0,ar,100,500,1.0,3.0,datta_zhang,1.0,10,3,1.0,2.361111111111111,cocolasso_max,reweighted_max,8.804057356219085,8.112890686106184,9.820854077119476,8.332424239624352,15.473775506019592,231.92202801106032,0.6911666701129011,1.488429837495124,-216.44825250504073,0.06671973179400471,medium,datta_zhang (exactly 3-sparse)
ar_sigma1.0_datta_zhang,1,1,ar,100,500,1.0,3.0,datta_zhang,1.0,10,3,1.0,2.361111111111111,cocolasso_max,reweighted_max,5.969581508859283,3.699108895005472,7.678852565578419,4.6814543577035135,17.383035251987167,227.63531010597944,2.2704726138538116,2.9973982078749053,-210.25227485399228,0.07636352745052691,medium,datta_zhang (exactly 3-sparse)
ar_sigma1.0_datta_zhang,2,2,ar,100,500,1.0,3.0,datta_zhang,1.0,10,3,1.0,2.361111111111111,cocolasso_max,reweighted_max,12.140093328084102,12.327214552053306,15.347806560750486,14.74685412471912,16.470521524955984,262.37924505898263,-0.1871212239692035,0.6009524360313669,-245.90872353402665,0.06277372099783816,medium,datta_zhang (exactly 3-sparse)
ar_sigma1.0_datta_zhang,3,3,ar,100,500,1.0,3.0,datta_zhang,1.0,10,3,1.0,2.361111111111111,cocolasso_max,reweighted_max,5.182457283347435,3.922095422049336,5.932886095332459,3.754541229400817,18.306166505033616,234.1296660139924,1.2603618612980987,2.178344865931642,-215.82349950895878,0.07818815452433771,medium,datta_zhang (exactly 3-sparse)
ar_sigma1.0_datta_zhang,4,4,ar,100,500,1.0,3.0,datta_zhang,1.0,10,3,1.0,2.361111111111111,cocolasso_max,reweighted_max,8.5286664915608,8.279915696854935,11.208623316118643,10.271999532880976,18.21775345900096,238.84892135299745,0.24875079470586492,0.9366237832376676,-220.6311678939965,0.07627312426534572,medium,datta_zhang (exactly 3-sparse)
ar_sigma1.0_datta_zhang,5,5,ar,100,500,1.0,3.0,datta_zhang,1.0,10,3,1.0,2.361111111111111,cocolasso_max,reweighted_max,6.476136427618735,5.875064099664431,7.18806706569122,5.907610749517417,18.18224323500181,213.05556954292115,0.601072327954304,1.2804563161738027,-194.87332630791934,0.08534037985493217,medium,datta_zhang (exactly 3-sparse)
ar_sigma1.0_datta_zhang,6,6,ar,100,500,1.0,3.0,datta_zhang,1.0,10,3,1.0,2.361111111111111,cocolasso_max,reweighted_max,4.808624296511341,2.91389217406686,5.321631760355347,2.600055282960042,17.932462669967208,236.04240364802536,1.8947321224444806,2.721576477395305,-218.10994097805815,0.07597136104709051,medium,datta_zhang (exactly 3-sparse)
ar_sigma1.0_datta_zhang,7,7,ar,100,500,1.0,3.0,datta_zhang,1.0,10,3,1.0,2.361111111111111,cocolasso_max,reweighted_max,10.76211706861608,11.647071927052478,10.167641086989132,9.087276511192655,17.317884185991716,215.02859383192845,-0.884954858436398,1.0803645757964766,-197.71070964593673,0.08053758747791372,medium,datta_zhang (exactly 3-sparse)
ar_sigma1.0_datta_zhang,8,8,ar,100,500,1.0,3.0,datta_zhang,1.0,10,3,1.0,2.361111111111111,cocolasso_max,reweighted_max,8.637949366145119,8.069723212524233,9.201154539735567,7.882087465472986,15.496532862016466,196.258905390976,0.5682261536208859,1.3190670742625814,-180.76237252895953,0.07895964176068923,medium,datta_zhang (exactly 3-sparse)
ar_sigma1.0_datta_zhang,9,9,ar,100,500,1.0,3.0,datta_zhang,1.0,10,3,1.0,2.361111111111111,cocolasso_max,reweighted_max,7.327642539622568,6.757663971648588,10.360882668985916,9.395651034426322,15.689719835994763,188.3044711670373,0.5699785679739797,0.9652316345595935,-172.61475133104253,0.08332101589917663,medium,datta_zhang (exactly 3-sparse)
ar_sigma1.0_datta_zhang,10,10,ar,100,500,1.0,3.0,datta_zhang,1.0,10,3,1.0,2.361111111111111,cocolasso_max,reweighted_max,4.605069694595235,2.9949309331564757,6.0102827861672194,3.679386532286878,15.861736740043852,204.83284507296048,1.6101387614387592,2.3308962538803413,-188.97110833291663,0.0774374672889691,medium,datta_zhang (exactly 3-sparse)
ar_sigma1.0_datta_zhang,11,11,ar,100,500,1.0,3.0,datta_zhang,1.0,10,3,1.0,2.361111111111111,cocolasso_max,reweighted_max,6.692895580078762,5.271791185459452,9.207731652819184,6.934168688190251,15.640061918995343,187.79691356397237,1.4211043946193103,2.2735629646289333,-172.15685164497702,0.0832817836149773,medium,datta_zhang (exactly 3-sparse)
ar_sigma1.0_datta_zhang,12,12,ar,100,500,1.0,3.0,datta_zhang,1.0,10,3,1.0,2.361111111111111,cocolasso_max,reweighted_max,5.671027142567058,4.282440543958746,6.658876579899203,4.786067473369847,15.817684089008251,186.58791674207896,1.3885865986083124,1.8728091065293553,-170.7702326530707,0.08477335705973439,medium,datta_zhang (exactly 3-sparse)
ar_sigma1.0_datta_zhang,13,13,ar,100,500,1.0,3.0,datta_zhang,1.0,10,3,1.0,2.361111111111111,cocolasso_max,reweighted_max,9.141264172603996,8.064240025400565,11.124617264593706,9.42515339096972,16.34762179898098,203.47334211098496,1.0770241472034314,1.6994638736239853,-187.12572031200398,0.08034281852049266,medium,datta_zhang (exactly 3-sparse)
ar_sigma1.0_datta_zhang,14,14,ar,100,500,1.0,3.0,datta_zhang,1.0,10,3,1.0,2.361111111111111,cocolasso_max,reweighted_max,7.098118059650001,5.469569374955606,9.622950937139908,7.285675103743877,15.808993685990572,201.40460838202853,1.6285486846943948,2.3372758333960313,-185.59561469603796,0.07849370385807528,medium,datta_zhang (exactly 3-sparse)
ar_sigma1.0_datta_zhang,15,15,ar,100,500,1.0,3.0,datta_zhang,1.0,10,3,1.0,2.361111111111111,cocolasso_max,reweighted_max,6.897655298491547,4.944531077635281,8.807804200750612,6.089287465096918,15.966607378039043,213.39902795793023,1.9531242208562665,2.7185167356536937,-197.4324205798912,0.07482043161502461,medium,datta_zhang (exactly 3-sparse)
ar_sigma1.0_datta_zhang,16,16,ar,100,500,1.0,3.0,datta_zhang,1.0,10,3,1.0,2.361111111111111,cocolasso_max,reweighted_max,8.107397538390543,6.213184972777581,9.191681672944233,6.5317113420741295,15.672813376004342,154.56524864793755,1.8942125656129623,2.6599703308701033,-138.8924352719332,0.10139933467000231,medium,datta_zhang (exactly 3-sparse)
ar_sigma1.0_datta_zhang,17,17,ar,100,500,1.0,3.0,datta_zhang,1.0,10,3,1.0,2.361111111111111,cocolasso_max,reweighted_max,10.08034618578206,10.02532493220898,11.010380872396135,9.611732238489848,15.890095788054168,140.12099233898334,0.05502125357308074,1.3986486339062871,-124.23089655092917,0.11340267809132089,medium,datta_zhang (exactly 3-sparse)
ar_sigma1.0_datta_zhang,18,18,ar,100,500,1.0,3.0,datta_zhang,1.0,10,3,1.0,2.361111111111111,cocolasso_max,reweighted_max,8.8404165846158,11.362389240236665,8.96949440585296,7.993288907082446,17.1586355670006,168.95530563301872,-2.521972655620864,0.9762054987705131,-151.79667006601812,0.10155724617651374,medium,datta_zhang (exactly 3-sparse)
ar_sigma1.0_datta_zhang,19,19,ar,100,500,1.0,3.0,datta_zhang,1.0,10,3,1.0,2.361111111111111,cocolasso_max,reweighted_max,5.366877077714317,2.6300832600425847,6.566165062943817,2.637663322225408,15.980720517982263,166.3418867890723,2.7367938176717326,3.928501740718409,-150.36116627109004,0.09607153571755749,medium,datta_zhang (exactly 3-sparse)
ar_sigma1.0_datta_zhang,20,20,ar,100,500,1.0,3.0,datta_zhang,1.0,10,3,1.0,2.361111111111111,cocolasso_max,reweighted_max,15.130619309426178,15.787304963715206,16.197557878102607,15.530399608702757,16.908041913004126,151.42413397494238,-0.6566856542890278,0.6671582693998506,-134.51609206193825,0.11166015263988278,medium,datta_zhang (exactly 3-sparse)
ar_sigma1.0_datta_zhang,21,21,ar,100,500,1.0,3.0,datta_zhang,1.0,10,3,1.0,2.361111111111111,cocolasso_max,reweighted_max,3.457827990930172,2.9506215672495717,4.321537723466138,3.129862350054559,17.16580044903094,161.9103065970121,0.5072064236806004,1.191675373411579,-144.74450614798116,0.1060204307546393,medium,datta_zhang (exactly 3-sparse)
ar_sigma1.0_datta_zhang,22,22,ar,100,500,1.0,3.0,datta_zhang,1.0,10,3,1.0,2.361111111111111,cocolasso_max,reweighted_max,7.322962256548125,5.514206658379115,9.53426660982186,6.689604419069338,16.856731016014237,160.98590459604748,1.80875559816901,2.844662190752522,-144.12917358003324,0.10470935985552181,medium,datta_zhang (exactly 3-sparse)
ar_sigma1.0_datta_zhang,23,23,ar,100,500,1.0,3.0,datta_zhang,1.0,10,3,1.0,2.361111111111111,cocolasso_max,reweighted_max,5.044309253785591,4.175220684567065,5.869235642246728,4.106293068981307,16.8013498299988,132.87426751095336,0.8690885692185262,1.7629425732654207,-116.07291768095456,0.12644547469368964,medium,datta_zhang (exactly 3-sparse)
ar_sigma1.0_datta_zhang,24,24,ar,100,500,1.0,3.0,datta_zhang,1.0,10,3,1.0,2.361111111111111,cocolasso_max,reweighted_max,8.767134280144635,6.513888195120272,12.069112407642022,8.676319372956971,16.9662397330394,166.62461855600122,2.2532460850243634,3.3927930346850506,-149.65837882296182,0.10182312721896604,medium,datta_zhang (exactly 3-sparse)
ar_sigma1.0_datta_zhang,25,25,ar,100,500,1.0,3.0,datta_zhang,1.0,10,3,1.0,2.361111111111111,cocolasso_max,reweighted_max,5.57243753160064,4.89243278723843,6.899531988399462,5.563167236672578,16.394534754974302,304.5873417891562,0.6800047443622095,1.336364751726884,-288.1928070341819,0.053825397531861496,medium,datta_zhang (exactly 3-sparse)
ar_sigma1.0_datta_zhang,26,26,ar,100,500,1.0,3.0,datta_zhang,1.0,10,3,1.0,2.361111111111111,cocolasso_max,reweighted_max,5.41379957294342,5.039868170500553,6.252455659891823,5.123369147706075,16.09513639798388,234.42420387198217,0.37393140244286727,1.129086512185748,-218.3290674739983,0.06865816810781769,medium,datta_zhang (exactly 3-sparse)
ar_sigma1.0_datta_zhang,27,27,ar,100,500,1.0,3.0,datta_zhang,1.0,10,3,1.0,2.361111111111111,cocolasso_max,reweighted_max,5.34068606872414,4.436194421364897,6.268934376909184,4.472005744910603,16.152841295988765,263.16623484995216,0.9044916473592428,1.7969286319985809,-247.0133935539634,0.06137885167980812,medium,datta_zhang (exactly 3-sparse)
ar_sigma1.0_datta_zhang,28,28,ar,100,500,1.0,3.0,datta_zhang,1.0,10,3,1.0,2.361111111111111,cocolasso_max,reweighted_max,5.16039603829948,3.5920263635283294,6.092953748825902,4.033513486395395,15.925317672023084,223.21051098313183,1.5683696747711502,2.059440262430507,-207.28519331110874,0.07134662969893282,medium,datta_zhang (exactly 3-sparse)
ar_sigma1.0_datta_zhang,29,29,ar,100,500,1.0,3.0,datta_zhang,1.0,10,3,1.0,2.361111111111111,cocolasso_max,reweighted_max,10.107893645863324,9.668891921488012,13.975302436791688,12.95291075457342,16.0079670449486,310.21101599000394,0.4390017243753128,1.0223916822182684,-294.20304894505534,0.051603477052099375,medium,datta_zhang (exactly 3-sparse)
ar_sigma1.0_datta_zhang,30,30,ar,100,500,1.0,3.0,datta_zhang,1.0,10,3,1.0,2.361111111111111,cocolasso_max,reweighted_max,7.918954414113978,6.403738338771313,9.796455494132488,7.764443266000248,16.089723540004343,230.40625624288805,1.5152160753426651,2.03201222813224,-214.3165327028837,0.06983197332559837,medium,datta_zhang (exactly 3-sparse)
ar_sigma1.0_datta_zhang,31,31,ar,100,500,1.0,3.0,datta_zhang,1.0,10,3,1.0,2.361111111111111,cocolasso_max,reweighted_max,5.672530256483158,4.285395545548584,6.543738002109697,4.460104579134543,16.949296923994552,203.83918174612336,1.387134710934574,2.0836334229751534,-186.8898848221288,0.08315033831476266,medium,datta_zhang (exactly 3-sparse)
ar_sigma1.0_datta_zhang,32,32,ar,100,500,1.0,3.0,datta_zhang,1.0,10,3,1.0,2.361111111111111,cocolasso_max,reweighted_max,10.382439973893106,10.040249714539698,13.104659054716084,11.944356165356524,16.654504514997825,205.0373018530663,0.3421902593534085,1.16030288935956,-188.38279733806849,0.08122670540667164,medium,datta_zhang (exactly 3-sparse)
ar_sigma1.0_datta_zhang,33,33,ar,100,500,1.0,3.0,datta_zhang,1.0,10,3,1.0,2.361111111111111,cocolasso_max,reweighted_max,7.291265545299504,7.354573374444005,8.313087853924724,7.770969277591628,16.609367939003278,244.10338441305797,-0.06330782914450062,0.5421185763330962,-227.4940164740547,0.06804235008433084,medium,datta_zhang (exactly 3-sparse)
ar_sigma1.0_datta_zhang,34,34,ar,100,500,1.0,3.0,datta_zhang,1.0,10,3,1.0,2.361111111111111,cocolasso_max,reweighted_max,6.544377007667871,5.625607472352957,8.57025794980686,7.048887135105699,16.592175402969588,263.42085394007154,0.9187695353149135,1.5213708147011618,-246.82867853710195,0.06298732676170096,medium,datta_zhang (exactly 3-sparse)
ar_sigma1.0_datta_zhang,35,35,ar,100,500,1.0,3.0,datta_zhang,1.0,10,3,1.0,2.361111111111111,cocolasso_max,reweighted_max,5.7961113886503135,4.233491169082519,7.345667019958109,5.068228229763773,16.878609148028772,341.5007649350446,1.562620219567794,2.277438790194336,-324.6221557870158,0.049424806270168035,medium,datta_zhang (exactly 3-sparse)
ar_sigma1.0_datta_zhang,36,36,ar,100,500,1.0,3.0,datta_zhang,1.0,10,3,1.0,2.361111111111111,cocolasso_max,reweighted_max,10.285095102202208,11.170979448448668,9.798725021634134,8.976488126399078,18.490452983009163,210.60597413801588,-0.8858843462464598,0.822236895235056,-192.11552115500672,0.08779643150527089,medium,datta_zhang (exactly 3-sparse)
ar_sigma1.0_datta_zhang,37,37,ar,100,500,1.0,3.0,datta_zhang,1.0,10,3,1.0,2.361111111111111,cocolasso_max,reweighted_max,8.312302556161642,6.882858812957464,9.50213351531576,7.200189434493484,18.701520939008333,217.2031261739321,1.4294437432041782,2.3019440808222766,-198.50160523492377,0.08610152748921539,medium,datta_zhang (exactly 3-sparse)
ar_sigma1.0_datta_zhang,38,38,ar,100,500,1.0,3.0,datta_zhang,1.0,10,3,1.0,2.361111111111111,cocolasso_max,reweighted_max,6.412991998184024,5.285125053941238,8.872246164501252,6.630932347539738,18.836414402991068,232.3840330520179,1.1278669442427862,2.2413138169615143,-213.54761864902684,0.08105726609355574,medium,datta_zhang (exactly 3-sparse)
ar_sigma1.0_datta_zhang,39,39,ar,100,500,1.0,3.0,datta_zhang,1.0,10,3,1.0,2.361111111111111,cocolasso_max,reweighted_max,7.102525411354711,5.681217612139318,8.180990984678006,5.574313743625461,19.7464954740135,245.9361637539696,1.421307799215393,2.6066772410525454,-226.1896682799561,0.08029114211022484,medium,datta_zhang (exactly 3-sparse)
ar_sigma1.0_datta_zhang,40,40,ar,100,500,1.0,3.0,datta_zhang,1.0,10,3,1.0,2.361111111111111,cocolasso_max,reweighted_max,6.9835442426619885,6.031284500427446,8.368301161467393,6.302488676105647,20.134683842014056,253.49581124586985,0.9522597422345429,2.0658124853617457,-233.3611274038558,0.07942807316245983,medium,datta_zhang (exactly 3-sparse)
ar_sigma1.0_datta_zhang,41,41,ar,100,500,1.0,3.0,datta_zhang,1.0,10,3,1.0,2.361111111111111,cocolasso_max,reweighted_max,6.674262158379815,4.711057100840408,9.34201571834643,6.394599532697054,21.89768881897908,231.5393733419478,1.9632050575394064,2.9474161856493755,-209.64168452296872,0.0945743633271374,medium,datta_zhang (exactly 3-sparse)
ar_sigma1.0_datta_zhang,42,42,ar,100,500,1.0,3.0,datta_zhang,1.0,10,3,1.0,2.361111111111111,cocolasso_max,reweighted_max,10.29024152017804,9.015719986186877,12.561837210811982,10.94022120410813,23.25978086097166,200.26505866204388,1.2745215339911624,1.6216160067038512,-177.00527780107222,0.11614497814231071,medium,datta_zhang (exactly 3-sparse)
ar_sigma1.0_datta_zhang,43,43,ar,100,500,1.0,3.0,datta_zhang,1.0,10,3,1.0,2.361111111111111,cocolasso_max,reweighted_max,8.467635993658622,8.25633063747274,8.095607655968552,6.808980765191023,21.7442022599862,225.9922978379764,0.21130535618588198,1.2866268907775291,-204.2480955779902,0.09621656343162435,medium,datta_zhang (exactly 3-sparse)
ar_sigma1.0_datta_zhang,44,44,ar,100,500,1.0,3.0,datta_zhang,1.0,10,3,1.0,2.361111111111111,cocolasso_max,reweighted_max,6.294828946413204,5.248955733138309,5.570260655314405,3.6697241164184486,20.96048338903347,240.2914175100159,1.045873213274895,1.900536538895956,-219.33093412098242,0.08722943002389917,medium,datta_zhang (exactly 3-sparse)
ar_sigma1.0_datta_zhang,45,45,ar,100,500,1.0,3.0,datta_zhang,1.0,10,3,1.0,2.361111111111111,cocolasso_max,reweighted_max,7.095459110494117,5.475617059222637,8.773849758685817,6.397013615916647,20.608637329016343,202.8542639249936,1.6198420512714797,2.3768361427691698,-182.24562659597726,0.10159331596123851,medium,datta_zhang (exactly 3-sparse)
ar_sigma1.0_datta_zhang,46,46,ar,100,500,1.0,3.0,datta_zhang,1.0,10,3,1.0,2.361111111111111,cocolasso_max,reweighted_max,2.114735991685301,2.3371928509959075,2.7211937203324825,1.8729482764262788,20.022987756994556,219.8258723160252,-0.22245685931060644,0.8482454439062037,-199.80288455903064,0.09108567406574049,medium,datta_zhang (exactly 3-sparse)
ar_sigma1.0_datta_zhang,47,47,ar,100,500,1.0,3.0,datta_zhang,1.0,10,3,1.0,2.361111111111111,cocolasso_max,reweighted_max,8.596500948039008,7.634783546980939,10.426936556798374,8.43481467775111,20.41146836197004,198.28847074205987,0.9617174010580687,1.9921218790472643,-177.87700238008983,0.10293825095117076,medium,datta_zhang (exactly 3-sparse)
ar_sigma1.0_datta_zhang,48,48,ar,100,500,1.0,3.0,datta_zhang,1.0,10,3,1.0,2.361111111111111,cocolasso_max,reweighted_max,6.200053035230828,4.131713815046006,7.820823924639009,4.974108005836626,21.76580788497813,207.95663647097533,2.0683392201848214,2.846715918802383,-186.1908285859972,0.10466512756863136,medium,datta_zhang (exactly 3-sparse)
ar_sigma1.0_datta_zhang,49,49,ar,100,500,1.0,3.0,datta_zhang,1.0,10,3,1.0,2.361111111111111,cocolasso_max,reweighted_max,7.493176278648704,6.970754931271417,7.874383341843027,6.390211449775519,21.856748845952097,176.64276361395605,0.5224213473772874,1.4841718920675078,-154.78601476800395,0.12373418757033791,medium,datta_zhang (exactly 3-sparse)
ar_sigma1.0_datta_zhang,50,50,ar,100,500,1.0,3.0,datta_zhang,1.0,10,3,1.0,2.361111111111111,cocolasso_max,reweighted_max,7.550223275919015,5.765945206594717,9.325362021520242,7.005734772917041,21.965064663032532,264.58779821801,1.7842780693242979,2.319627248603201,-242.62273355497746,0.0830161663197113,medium,datta_zhang (exactly 3-sparse)
ar_sigma1.0_datta_zhang,51,51,ar,100,500,1.0,3.0,datta_zhang,1.0,10,3,1.0,2.361111111111111,cocolasso_max,reweighted_max,6.961115171152618,6.570550258590622,8.102993208493883,6.767360692672019,22.091893344011623,287.8198709229473,0.3905649125619961,1.3356325158218638,-265.7279775789357,0.07675596988203041,medium,datta_zhang (exactly 3-sparse)
ar_sigma1.0_datta_zhang,52,52,ar,100,500,1.0,3.0,datta_zhang,1.0,10,3,1.0,2.361111111111111,cocolasso_max,reweighted_max,12.60756859794975,12.536759822752751,16.771223699012946,16.294589326001322,22.85449406300904,281.88600560906343,0.07080877519699946,0.47663437301162404,-259.0315115460544,0.08107707941594318,medium,datta_zhang (exactly 3-sparse)
ar_sigma1.0_datta_zhang,53,53,ar,100,500,1.0,3.0,datta_zhang,1.0,10,3,1.0,2.361111111111111,cocolasso_max,reweighted_max,4.4549051294429525,4.537486262867684,5.623244927350789,4.203580070880488,22.90582261403324,261.1631203030702,-0.08258113342473195,1.419664856470301,-238.25729768903693,0.08770695719767736,medium,datta_zhang (exactly 3-sparse)
ar_sigma1.0_datta_zhang,54,54,ar,100,500,1.0,3.0,datta_zhang,1.0,10,3,1.0,2.361111111111111,cocolasso_max,reweighted_max,6.086475208370064,4.103547379126949,7.227099480041104,4.758153967365013,21.03953833400737,263.806083482923,1.9829278292431152,2.4689455126760906,-242.7665451489156,0.07975380270322435,medium,datta_zhang (exactly 3-sparse)
ar_sigma1.0_datta_zhang,55,55,ar,100,500,1.0,3.0,datta_zhang,1.0,10,3,1.0,2.361111111111111,cocolasso_max,reweighted_max,9.51103294503622,9.645686770513448,8.62859415789225,8.137088643529005,20.815264224016573,283.8474529539235,-0.13465382547722804,0.4915055143632454,-263.0321887299069,0.07333257356160065,medium,datta_zhang (exactly 3-sparse)
ar_sigma1.0_datta_zhang,56,56,ar,100,500,1.0,3.0,datta_zhang,1.0,10,3,1.0,2.361111111111111,cocolasso_max,reweighted_max,7.166591045257927,5.553810742005232,8.309604483794844,6.135428078261111,20.28821503400104,255.1027192000765,1.6127803032526948,2.174176405533734,-234.81450416607547,0.07952959144308078,medium,datta_zhang (exactly 3-sparse)
ar_sigma1.0_datta_zhang,57,57,ar,100,500,1.0,3.0,datta_zhang,1.0,10,3,1.0,2.361111111111111,cocolasso_max,reweighted_max,9.648562280758036,9.910066271140815,10.794103630543372,9.89589469165172,19.94282553199446,245.2519445128273,-0.2615039903827796,0.8982089388916528,-225.30911898083284,0.08131566732981152,medium,datta_zhang (exactly 3-sparse)
ar_sigma1.0_datta_zhang,58,58,ar,100,500,1.0,3.0,datta_zhang,1.0,10,3,1.0,2.361111111111111,cocolasso_max,reweighted_max,7.904529420798728,6.722476587209482,9.856815084421262,7.432409803387285,19.88783899502596,269.12163492804393,1.1820528335892453,2.4244052810339767,-249.23379593301797,0.07389907169798313,medium,datta_zhang (exactly 3-sparse)
ar_sigma1.0_datta_zhang,59,59,ar,100,500,1.0,3.0,datta_zhang,1.0,10,3,1.0,2.361111111111111,cocolasso_max,reweighted_max,6.792271700590099,5.3943416831081095,8.618363448740446,6.827911499221825,19.877231548016425,259.9591544971336,1.3979300174819898,1.790451949518621,-240.0819229491172,0.07646290274511412,medium,datta_zhang (exactly 3-sparse)
ar_sigma1.0_datta_zhang,60,60,ar,100,500,1.0,3.0,datta_zhang,1.0,10,3,1.0,2.361111111111111,cocolasso_max,reweighted_max,5.6903542837228285,4.319356292634115,6.810404352906256,4.571133003045289,20.137287098972596,238.6887630149722,1.3709979910887133,2.2392713498609673,-218.55147591599962,0.08436629711684185,medium,datta_zhang (exactly 3-sparse)
ar_sigma1.0_datta_zhang,61,61,ar,100,500,1.0,3.0,datta_zhang,1.0,10,3,1.0,2.361111111111111,cocolasso_max,reweighted_max,9.489800670106856,10.28954981249041,9.739369213470818,8.19165188641027,21.796719503006894,235.47183396108449,-0.7997491423835541,1.547717327060548,-213.6751144580776,0.09256614320424053,medium,datta_zhang (exactly 3-sparse)
ar_sigma1.0_datta_zhang,62,62,ar,100,500,1.0,3.0,datta_zhang,1.0,10,3,1.0,2.361111111111111,cocolasso_max,reweighted_max,6.00348252735052,4.927774439477147,6.2003812226745,4.565374085325984,21.417146706953645,224.92164679593407,1.0757080878733722,1.6350071373485164,-203.50450008898042,0.09522047793996859,medium,datta_zhang (exactly 3-sparse)
ar_sigma1.0_datta_zhang,63,63,ar,100,500,1.0,3.0,datta_zhang,1.0,10,3,1.0,2.361111111111111,cocolasso_max,reweighted_max,4.753624115476663,3.821000224470312,5.641233988272651,3.826220212322864,22.733176262001507,212.20665112207644,0.9326238910063513,1.815013775949787,-189.47347486007493,0.10712753884855267,medium,datta_zhang (exactly 3-sparse)
ar_sigma1.0_datta_zhang,64,64,ar,100,500,1.0,3.0,datta_zhang,1.0,10,3,1.0,2.361111111111111,cocolasso_max,reweighted_max,7.452009996303138,6.800368493247732,9.076520405178831,8.149001669445742,22.767473949992564,202.74206428113396,0.6516415030554059,0.9275187357330896,-179.9745903311414,0.11229773175448118,medium,datta_zhang (exactly 3-sparse)
ar_sigma1.0_datta_zhang,65,65,ar,100,500,1.0,3.0,datta_zhang,1.0,10,3,1.0,2.361111111111111,cocolasso_max,reweighted_max,7.706331435223751,7.173105075257033,9.064279212251527,7.308223869070323,22.652311214013025,239.78600289998576,0.5332263599667177,1.7560553431812043,-217.13369168597274,0.09446886365365229,medium,datta_zhang (exactly 3-sparse)
ar_sigma1.0_datta_zhang,66,66,ar,100,500,1.0,3.0,datta_zhang,1.0,10,3,1.0,2.361111111111111,cocolasso_max,reweighted_max,7.925008664333799,6.991373885615498,9.07846375359966,7.381153125404054,22.565490094013512,243.04077673098072,0.933634778718301,1.6973106281956065,-220.4752866369672,0.09284651899788411,medium,datta_zhang (exactly 3-sparse)
ar_sigma1.0_datta_zhang,67,67,ar,100,500,1.0,3.0,datta_zhang,1.0,10,3,1.0,2.361111111111111,cocolasso_max,reweighted_max,10.685046497451594,9.177889824649746,12.107403037407112,9.464215360741743,21.166713873972185,216.9399009468034,1.5071566728018482,2.6431876766653684,-195.7731870728312,0.09756948252300784,medium,datta_zhang (exactly 3-sparse)
ar_sigma1.0_datta_zhang,68,68,ar,100,500,1.0,3.0,datta_zhang,1.0,10,3,1.0,2.361111111111111,cocolasso_max,reweighted_max,10.085863861940926,8.317934453557994,13.871975089622248,11.534787262831236,21.01239683298627,201.6081910559442,1.7679294083829316,2.3371878267910127,-180.59579422295792,0.10422392425095241,medium,datta_zhang (exactly 3-sparse)
ar_sigma1.0_datta_zhang,69,69,ar,100,500,1.0,3.0,datta_zhang,1.0,10,3,1.0,2.361111111111111,cocolasso_max,reweighted_max,10.1564605785251,9.687802180412238,12.017692424460115,10.94199062997534,19.64421015797416,211.7488127080724,0.46865839811286314,1.0757017944847753,-192.10460255009824,0.09277128833329829,medium,datta_zhang (exactly 3-sparse)
ar_sigma1.0_datta_zhang,70,70,ar,100,500,1.0,3.0,datta_zhang,1.0,10,3,1.0,2.361111111111111,cocolasso_max,reweighted_max,5.342341901393003,3.009974631248603,6.957010115888947,3.761344328709278,16.98932920995867,215.82087315502577,2.3323672701444003,3.195665787179669,-198.8315439450671,0.07871958333592277,medium,datta_zhang (exactly 3-sparse)
ar_sigma1.0_datta_zhang,71,71,ar,100,500,1.0,3.0,datta_zhang,1.0,10,3,1.0,2.361111111111111,cocolasso_max,reweighted_max,6.079258937889569,4.614417257246602,7.211440918806626,4.981403821769225,18.876629491045605,194.21281643398103,1.4648416806429667,2.2300370970374006,-175.33618694293543,0.09719559109252894,medium,datta_zhang (exactly 3-sparse)
ar_sigma1.0_datta_zhang,72,72,ar,100,500,1.0,3.0,datta_zhang,1.0,10,3,1.0,2.361111111111111,cocolasso_max,reweighted_max,8.252799786574442,7.991433310961618,9.525013419795677,8.334936065232954,17.256173970003147,209.4088836379815,0.26136647561282444,1.1900773545627228,-192.15270966797834,0.08240421165624949,medium,datta_zhang (exactly 3-sparse)
ar_sigma1.0_datta_zhang,73,73,ar,100,500,1.0,3.0,datta_zhang,1.0,10,3,1.0,2.361111111111111,cocolasso_max,reweighted_max,6.205860455735453,4.159187377728929,8.206457528123078,5.415289489352263,17.725865771004464,204.20435842196457,2.046673078006524,2.791168038770815,-186.4784926509601,0.0868045418226384,medium,datta_zhang (exactly 3-sparse)
ar_sigma1.0_datta_zhang,74,74,ar,100,500,1.0,3.0,datta_zhang,1.0,10,3,1.0,2.361111111111111,cocolasso_max,reweighted_max,5.125166250632477,3.68789244426673,6.883292231069895,4.442195936313978,17.811828417994548,206.66870562313125,1.4372738063657469,2.4410962947559165,-188.8568772051367,0.08618541624040138,medium,datta_zhang (exactly 3-sparse)
ar_sigma1.0_datta_zhang,75,75,ar,100,500,1.0,3.0,datta_zhang,1.0,10,3,1.0,2.361111111111111,cocolasso_max,reweighted_max,8.878326045645023,8.417574891486767,9.419029206661534,7.813653117098893,18.29773018701235,169.51833496597828,0.46075115415825607,1.6053760895626414,-151.22060477896594,0.10793953462724039,medium,datta_zhang (exactly 3-sparse)
ar_sigma1.0_datta_zhang,76,76,ar,100,500,1.0,3.0,datta_zhang,1.0,10,3,1.0,2.361111111111111,cocolasso_max,reweighted_max,5.071701871362654,4.583040637831644,5.159746215678637,3.729321845339015,19.680601679021493,235.8092497269972,0.4886612335310101,1.430424370339622,-216.1286480479757,0.08345983756704312,medium,datta_zhang (exactly 3-sparse)
ar_sigma1.0_datta_zhang,77,77,ar,100,500,1.0,3.0,datta_zhang,1.0,10,3,1.0,2.361111111111111,cocolasso_max,reweighted_max,7.578185739499288,7.308573792259409,10.571131342233375,9.958902337247824,18.60613310500048,209.4426711010165,0.2696119472398788,0.6122290049855508,-190.836537996016,0.08883640094537631,medium,datta_zhang (exactly 3-sparse)
ar_sigma1.0_datta_zhang,78,78,ar,100,500,1.0,3.0,datta_zhang,1.0,10,3,1.0,2.361111111111111,cocolasso_max,reweighted_max,8.67427915129963,7.749088916580869,11.443993500819506,9.869932300849024,19.290149779000785,210.47760463203304,0.9251902347187597,1.5740611999704814,-191.18745485303225,0.09164941710888787,medium,datta_zhang (exactly 3-sparse)
ar_sigma1.0_datta_zhang,79,79,ar,100,500,1.0,3.0,datta_zhang,1.0,10,3,1.0,2.361111111111111,cocolasso_max,reweighted_max,7.5702231807099185,6.747820156401277,9.184039648837858,7.546979172817226,19.168348484963644,177.48093320196494,0.8224030243086418,1.6370604760206326,-158.3125847170013,0.10800229714338366,medium,datta_zhang (exactly 3-sparse)
ar_sigma1.0_datta_zhang,80,80,ar,100,500,1.0,3.0,datta_zhang,1.0,10,3,1.0,2.361111111111111,cocolasso_max,reweighted_max,4.142637142764987,3.789499069425237,5.036068563257787,3.951716381219589,19.52819213399198,212.34970185603012,0.3531380733397502,1.0843521820381983,-192.82150972203814,0.09196241842256882,medium,datta_zhang (exactly 3-sparse)
ar_sigma1.0_datta_zhang,81,81,ar,100,500,1.0,3.0,datta_zhang,1.0,10,3,1.0,2.361111111111111,cocolasso_max,reweighted_max,9.934645655977558,9.884403873684796,11.05262890607637,9.964581887676568,19.40001170698088,213.66706968698415,0.05024178229276188,1.0880470183998021,-194.26705798000327,0.09079551535667764,medium,datta_zhang (exactly 3-sparse)
ar_sigma1.0_datta_zhang,82,82,ar,100,500,1.0,3.0,datta_zhang,1.0,10,3,1.0,2.361111111111111,cocolasso_max,reweighted_max,8.605634032267224,7.278822748857191,11.128514263886116,9.17652717966988,18.00839445798192,231.3724334530416,1.3268112834100325,1.9519870842162348,-213.36403899505967,0.07783293017764294,medium,datta_zhang (exactly 3-sparse)
ar_sigma1.0_datta_zhang,83,83,ar,100,500,1.0,3.0,datta_zhang,1.0,10,3,1.0,2.361111111111111,cocolasso_max,reweighted_max,7.0799099432864985,5.6779552326677045,8.683250246734886,6.491490384774479,17.72930589102907,218.6134465310024,1.401954710618794,2.1917598619604073,-200.88414063997334,0.08109888102658319,medium,datta_zhang (exactly 3-sparse)
ar_sigma1.0_datta_zhang,84,84,ar,100,500,1.0,3.0,datta_zhang,1.0,10,3,1.0,2.361111111111111,cocolasso_max,reweighted_max,9.00260923535913,8.506842531352303,10.769850035123028,9.24827928312016,17.930043578031473,221.88523331703615,0.4957667040068259,1.5215707520028676,-203.95518973900468,0.08080773699984126,medium,datta_zhang (exactly 3-sparse)
ar_sigma1.0_datta_zhang,85,85,ar,100,500,1.0,3.0,datta_zhang,1.0,10,3,1.0,2.361111111111111,cocolasso_max,reweighted_max,6.5447674636651225,5.011997697909756,8.631646702765924,6.363768436003192,17.718648460984696,270.92131273500854,1.5327697657553667,2.2678782667627315,-253.20266427402385,0.06540145654142582,medium,datta_zhang (exactly 3-sparse)
ar_sigma1.0_datta_zhang,86,86,ar,100,500,1.0,3.0,datta_zhang,1.0,10,3,1.0,2.361111111111111,cocolasso_max,reweighted_max,7.164885719686136,6.12267220827707,9.625668334915256,7.924671850150038,17.90298186597647,297.3216105159954,1.0422135114090665,1.7009964847652173,-279.41862865001895,0.06021419645516591,medium,datta_zhang (exactly 3-sparse)
ar_sigma1.0_datta_zhang,87,87,ar,100,500,1.0,3.0,datta_zhang,1.0,10,3,1.0,2.361111111111111,cocolasso_max,reweighted_max,6.810726254106835,4.003291192035282,9.459785516760691,5.494507754401952,18.05022083700169,278.93872289697174,2.807435062071553,3.965277762358739,-260.88850205997005,0.06471034444245549,medium,datta_zhang (exactly 3-sparse)
ar_sigma1.0_datta_zhang,88,88,ar,100,500,1.0,3.0,datta_zhang,1.0,10,3,1.0,2.361111111111111,cocolasso_max,reweighted_max,8.761534325122101,6.861413249614481,11.274336539666562,8.320484322111477,19.1877107169712,259.70176225400064,1.90012107550762,2.9538522175550845,-240.51405153702945,0.07388363694738702,medium,datta_zhang (exactly 3-sparse)
ar_sigma1.0_datta_zhang,89,89,ar,100,500,1.0,3.0,datta_zhang,1.0,10,3,1.0,2.361111111111111,cocolasso_max,reweighted_max,7.080238141164782,6.978522149030676,7.214565326573384,6.38157882661858,19.053471223975063,266.6361108860001,0.10171599213410598,0.8329864999548038,-247.58263966202503,0.07145870512685863,medium,datta_zhang (exactly 3-sparse)
ar_sigma1.0_datta_zhang,90,90,ar,100,500,1.0,3.0,datta_zhang,1.0,10,3,1.0,2.361111111111111,cocolasso_max,reweighted_max,9.663430990878703,9.96841614503482,10.880159571804985,9.781234501059515,20.09986276802374,237.56208265101304,-0.3049851541561157,1.0989250707454694,-217.4622198829893,0.08460888431236367,medium,datta_zhang (exactly 3-sparse)
ar_sigma1.0_datta_zhang,91,91,ar,100,500,1.0,3.0,datta_zhang,1.0,10,3,1.0,2.361111111111111,cocolasso_max,reweighted_max,6.231203538477327,4.766466122098231,8.120963456297789,5.938159884031293,19.757124300987925,288.6744543609675,1.464737416379096,2.1828035722664954,-268.9173300599796,0.06844084747548532,medium,datta_zhang (exactly 3-sparse)
ar_sigma1.0_datta_zhang,92,92,ar,100,500,1.0,3.0,datta_zhang,1.0,10,3,1.0,2.361111111111111,cocolasso_max,reweighted_max,9.747618714757364,8.660329387894881,11.620457191467422,9.875091936103832,20.665065490989942,231.2561364400317,1.0872893268624821,1.7453652553635894,-210.59107094904175,0.08936007411136834,medium,datta_zhang (exactly 3-sparse)
ar_sigma1.0_datta_zhang,93,93,ar,100,500,1.0,3.0,datta_zhang,1.0,10,3,1.0,2.361111111111111,cocolasso_max,reweighted_max,7.558970300448234,6.371594067568363,9.131990845968552,7.305501330817112,19.74071607098449,256.8856156870024,1.1873762328798705,1.8264895151514402,-237.14489961601794,0.07684632718025444,medium,datta_zhang (exactly 3-sparse)
ar_sigma1.0_datta_zhang,94,94,ar,100,500,1.0,3.0,datta_zhang,1.0,10,3,1.0,2.361111111111111,cocolasso_max,reweighted_max,7.729589632245077,5.935879163146401,9.597635642503686,6.984656793066684,20.325703276030254,221.0446952919592,1.7937104690986754,2.6129788494370025,-200.71899201592893,0.09195291137470527,medium,datta_zhang (exactly 3-sparse)
ar_sigma1.0_datta_zhang,95,95,ar,100,500,1.0,3.0,datta_zhang,1.0,10,3,1.0,2.361111111111111,cocolasso_max,reweighted_max,4.486843905260301,2.596773525562638,5.819799598411703,3.360131745122412,19.574113959039096,228.85483231098624,1.8900703796976628,2.459667853289291,-209.28071835194714,0.08553069979505709,medium,datta_zhang (exactly 3-sparse)
ar_sigma1.0_datta_zhang,96,96,ar,100,500,1.0,3.0,datta_zhang,1.0,10,3,1.0,2.361111111111111,cocolasso_max,reweighted_max,5.928266352716117,5.062029354428347,7.628137472317324,5.9094530208597575,18.7305657180259,230.048515736009,0.8662369982877696,1.718684451457566,-211.3179500179831,0.0814200676674657,medium,datta_zhang (exactly 3-sparse)
ar_sigma1.0_datta_zhang,97,97,ar,100,500,1.0,3.0,datta_zhang,1.0,10,3,1.0,2.361111111111111,cocolasso_max,reweighted_max,7.563868238989051,5.535057276646783,9.948099570833945,7.036275288993047,18.30245672201272,244.9307553130202,2.028810962342268,2.9118242818408975,-226.62829859100748,0.07472502462429546,medium,datta_zhang (exactly 3-sparse)
ar_sigma1.0_datta_zhang,98,98,ar,100,500,1.0,3.0,datta_zhang,1.0,10,3,1.0,2.361111111111111,cocolasso_max,reweighted_max,8.956520689187643,9.436748750978472,7.919328338349526,6.926940734955076,18.95384935598122,245.29558439005632,-0.4802280617908288,0.9923876033944508,-226.3417350340751,0.07726942742614475,medium,datta_zhang (exactly 3-sparse)
ar_sigma1.0_datta_zhang,99,99,ar,100,500,1.0,3.0,datta_zhang,1.0,10,3,1.0,2.361111111111111,cocolasso_max,reweighted_max,9.66613557386675,12.184233441197154,10.008812011207564,9.643347774668335,18.8946176940226,207.68748631502967,-2.518097867330404,0.36546423653922844,-188.79286862100707,0.09097619711840702,medium,datta_zhang (exactly 3-sparse)
ar_sigma1.0_weak_sparse_a1.0,0,0,ar,100,500,1.0,3.0,weak_sparse,1.0,10,3,1.0,0.9118424939558304,cocolasso_max,reweighted_max,12.373875258869614,11.695670484181369,6.4069366126411,5.995444764352334,16.109785115986597,202.01167713600444,0.6782047746882451,0.4114918482887653,-185.90189202001784,0.07974680149376057,medium,weak α=1.0 (83% in first 3)
ar_sigma1.0_weak_sparse_a1.0,1,1,ar,100,500,1.0,3.0,weak_sparse,1.0,10,3,1.0,0.9118424939558304,cocolasso_max,reweighted_max,10.595551420177674,9.300237885730064,5.027107145514832,4.155957736976319,15.91288097098004,181.9505956720095,1.2953135344476099,0.8711494085385132,-166.03771470102947,0.08745715237813871,medium,weak α=1.0 (83% in first 3)
ar_sigma1.0_weak_sparse_a1.0,2,2,ar,100,500,1.0,3.0,weak_sparse,1.0,10,3,1.0,0.9118424939558304,cocolasso_max,reweighted_max,15.209298133060456,15.490206670123918,8.592352045172035,8.85573249984501,15.913940622005612,186.21948768297443,-0.2809085370634623,-0.26338045467297455,-170.30554706096882,0.08545797660606808,medium,weak α=1.0 (83% in first 3)
ar_sigma1.0_weak_sparse_a1.0,3,3,ar,100,500,1.0,3.0,weak_sparse,1.0,10,3,1.0,0.9118424939558304,cocolasso_max,reweighted_max,10.335964069321872,9.986811771763598,5.000094259085,5.060571495071462,17.168000350007787,184.76972938800463,0.34915229755827326,-0.06047723598646204,-167.60172903799685,0.09291565456566797,medium,weak α=1.0 (83% in first 3)
ar_sigma1.0_weak_sparse_a1.0,4,4,ar,100,500,1.0,3.0,weak_sparse,1.0,10,3,1.0,0.9118424939558304,cocolasso_max,reweighted_max,10.268533469323277,9.460648671257427,4.794529194604451,4.30018693398148,17.460868950001895,212.9922522560228,0.8078847980658495,0.4943422606229708,-195.5313833060209,0.08197889249517598,medium,weak α=1.0 (83% in first 3)
ar_sigma1.0_weak_sparse_a1.0,5,5,ar,100,500,1.0,3.0,weak_sparse,1.0,10,3,1.0,0.9118424939558304,cocolasso_max,reweighted_max,9.97694432435782,8.95115140908029,4.60623095884966,3.9691655990316215,17.673477770993486,204.27323829499076,1.0257929152775294,0.6370653598180387,-186.59976052399728,0.08651881136515414,medium,weak α=1.0 (83% in first 3)
ar_sigma1.0_weak_sparse_a1.0,6,6,ar,100,500,1.0,3.0,weak_sparse,1.0,10,3,1.0,0.9118424939558304,cocolasso_max,reweighted_max,11.329830310996227,10.584417339814948,5.552170568416392,5.038632813636439,17.672710273996927,231.59405421599516,0.7454129711812794,0.5135377547799527,-213.92134394199823,0.07630899823323854,medium,weak α=1.0 (83% in first 3)
ar_sigma1.0_weak_sparse_a1.0,7,7,ar,100,500,1.0,3.0,weak_sparse,1.0,10,3,1.0,0.9118424939558304,cocolasso_max,reweighted_max,11.821120009301044,10.968693906961814,6.028856610778237,5.492494387259228,17.52110149199143,221.565606218006,0.8524261023392299,0.5363622235190091,-204.04450472601457,0.07907861599580496,medium,weak α=1.0 (83% in first 3)
ar_sigma1.0_weak_sparse_a1.0,8,8,ar,100,500,1.0,3.0,weak_sparse,1.0,10,3,1.0,0.9118424939558304,cocolasso_max,reweighted_max,11.01433345672164,10.285020766295208,5.280025329778288,4.766915377747895,16.574128304957412,232.5478622049559,0.7293126904264327,0.5131099520303932,-215.97373389999848,0.07127190139615137,medium,weak α=1.0 (83% in first 3)
ar_sigma1.0_weak_sparse_a1.0,9,9,ar,100,500,1.0,3.0,weak_sparse,1.0,10,3,1.0,0.9118424939558304,cocolasso_max,reweighted_max,12.418627864344993,12.14200259626327,6.566232186682101,6.467629902958999,16.42819528200198,245.08263597200855,0.27662526808172316,0.09860228372310242,-228.65444069000657,0.06703124934513223,medium,weak α=1.0 (83% in first 3)
ar_sigma1.0_weak_sparse_a1.0,10,10,ar,100,500,1.0,3.0,weak_sparse,1.0,10,3,1.0,0.9118424939558304,cocolasso_max,reweighted_max,11.167202436290411,11.503470639610198,5.603634608126318,6.104339405680378,15.883728176995646,235.2499796390184,-0.33626820331978635,-0.5007047975540599,-219.36625146202275,0.06751851031557404,medium,weak α=1.0 (83% in first 3)
ar_sigma1.0_weak_sparse_a1.0,11,11,ar,100,500,1.0,3.0,weak_sparse,1.0,10,3,1.0,0.9118424939558304,cocolasso_max,reweighted_max,10.825903328019455,9.836905370556206,5.2063416472426445,4.593069776927326,15.907956500013825,230.29160625697116,0.9889979574632495,0.6132718703153186,-214.38364975695734,0.0690774481908946,medium,weak α=1.0 (83% in first 3)
ar_sigma1.0_weak_sparse_a1.0,12,12,ar,100,500,1.0,3.0,weak_sparse,1.0,10,3,1.0,0.9118424939558304,cocolasso_max,reweighted_max,10.440212975075005,9.58824695558708,5.002592354088151,4.549684352375724,16.332421893021092,211.44788903096924,0.851966019487925,0.4529080017124265,-195.11546713794814,0.07724088411508805,medium,weak α=1.0 (83% in first 3)
ar_sigma1.0_weak_sparse_a1.0,13,13,ar,100,500,1.0,3.0,weak_sparse,1.0,10,3,1.0,0.9118424939558304,cocolasso_max,reweighted_max,11.994697614634294,11.207443844061478,6.049451774138201,5.474374458972672,16.13417468802072,250.97932312299963,0.787253770572816,0.5750773151655286,-234.8451484349789,0.06428487608962793,medium,weak α=1.0 (83% in first 3)
ar_sigma1.0_weak_sparse_a1.0,14,14,ar,100,500,1.0,3.0,weak_sparse,1.0,10,3,1.0,0.9118424939558304,cocolasso_max,reweighted_max,12.692294245190654,12.727307917229371,6.894073506630903,7.166285587603837,16.544213804998435,208.66544417804107,-0.0350136720387173,-0.2722120809729338,-192.12123037304264,0.07928583417425983,medium,weak α=1.0 (83% in first 3)
ar_sigma1.0_weak_sparse_a1.0,15,15,ar,100,500,1.0,3.0,weak_sparse,1.0,10,3,1.0,0.9118424939558304,cocolasso_max,reweighted_max,10.51614704241678,9.752635948777383,4.959066588794901,4.485062128851595,16.710750806960277,227.9457290139981,0.7635110936393961,0.47400445994330553,-211.2349782070378,0.07331021677503803,medium,weak α=1.0 (83% in first 3)
ar_sigma1.0_weak_sparse_a1.0,16,16,ar,100,500,1.0,3.0,weak_sparse,1.0,10,3,1.0,0.9118424939558304,cocolasso_max,reweighted_max,12.145451820934005,11.410932780628302,6.347801699682945,5.954920456199652,17.14768085902324,213.3735419739969,0.7345190403057025,0.3928812434832931,-196.22586111497367,0.08036460706601087,medium,weak α=1.0 (83% in first 3)
ar_sigma1.0_weak_sparse_a1.0,17,17,ar,100,500,1.0,3.0,weak_sparse,1.0,10,3,1.0,0.9118424939558304,cocolasso_max,reweighted_max,11.644026936763591,10.783739978767615,5.844983923615136,5.267675559073462,17.23110497399466,214.24036050098948,0.8602869579959762,0.5773083645416746,-197.00925552699482,0.08042884605730057,medium,weak α=1.0 (83% in first 3)
ar_sigma1.0_weak_sparse_a1.0,18,18,ar,100,500,1.0,3.0,weak_sparse,1.0,10,3,1.0,0.9118424939558304,cocolasso_max,reweighted_max,12.814407239299031,12.275285340383464,6.739683283075205,6.375934532406154,17.89565198699711,369.1552467119764,0.5391218989155675,0.36374875066905155,-351.2595947249793,0.04847730635387587,medium,weak α=1.0 (83% in first 3)
ar_sigma1.0_weak_sparse_a1.0,19,19,ar,100,500,1.0,3.0,weak_sparse,1.0,10,3,1.0,0.9118424939558304,cocolasso_max,reweighted_max,10.045418247006884,8.118007201658397,4.603599824967624,3.3629587172844864,18.552391755976718,214.3089818599983,1.927411045348487,1.2406411076831376,-195.7565901040216,0.08656842842030972,medium,weak α=1.0 (83% in first 3)
ar_sigma1.0_weak_sparse_a1.0,20,20,ar,100,500,1.0,3.0,weak_sparse,1.0,10,3,1.0,0.9118424939558304,cocolasso_max,reweighted_max,15.055799000366797,15.401115480804537,8.729931842819717,9.147442064892802,23.73153849603841,275.9975867799949,-0.34531648043773977,-0.4175102220730853,-252.26604828395648,0.085984586941173,medium,weak α=1.0 (83% in first 3)
ar_sigma1.0_weak_sparse_a1.0,21,21,ar,100,500,1.0,3.0,weak_sparse,1.0,10,3,1.0,0.9118424939558304,cocolasso_max,reweighted_max,9.079079356138775,8.25777332144532,4.063913688038872,3.826150797077637,19.982450690004043,244.0650198310032,0.8213060346934551,0.23776289096123548,-224.08256914099917,0.08187347250269783,medium,weak α=1.0 (83% in first 3)
ar_sigma1.0_weak_sparse_a1.0,22,22,ar,100,500,1.0,3.0,weak_sparse,1.0,10,3,1.0,0.9118424939558304,cocolasso_max,reweighted_max,12.096403298831866,11.333837164324194,6.123502171870452,5.582862683183492,18.83007315301802,243.22932325699367,0.7625661345076722,0.5406394886869599,-224.39925010397565,0.07741695327221033,medium,weak α=1.0 (83% in first 3)
ar_sigma1.0_weak_sparse_a1.0,23,23,ar,100,500,1.0,3.0,weak_sparse,1.0,10,3,1.0,0.9118424939558304,cocolasso_max,reweighted_max,8.191534447450252,7.328042266803541,3.4667535013331108,3.2336473158751557,15.90842837805394,242.28271096601384,0.8634921806467108,0.23310618545795503,-226.3742825879599,0.06566060085189278,medium,weak α=1.0 (83% in first 3)
ar_sigma1.0_weak_sparse_a1.0,24,24,ar,100,500,1.0,3.0,weak_sparse,1.0,10,3,1.0,0.9118424939558304,cocolasso_max,reweighted_max,11.373744311255766,10.127584357573024,5.55191622649,4.6565246392023365,15.282119999988936,221.34642197401263,1.2461599536827421,0.8953915872876639,-206.0643019740237,0.06904164008480403,medium,weak α=1.0 (83% in first 3)
ar_sigma1.0_weak_sparse_a1.0,25,25,ar,100,500,1.0,3.0,weak_sparse,1.0,10,3,1.0,0.9118424939558304,cocolasso_max,reweighted_max,9.289421148656167,8.349343342823262,4.02894309936077,3.427164524467616,15.195712296001147,214.68134458293207,0.9400778058329049,0.6017785748931543,-199.48563228693092,0.07078263984941177,medium,weak α=1.0 (83% in first 3)
ar_sigma1.0_weak_sparse_a1.0,26,26,ar,100,500,1.0,3.0,weak_sparse,1.0,10,3,1.0,0.9118424939558304,cocolasso_max,reweighted_max,10.250441942707548,9.256405744192168,4.807426377051492,4.187637246193516,15.178153561020736,214.31687894184145,0.9940361985153796,0.6197891308579759,-199.13872538082072,0.07082108341611108,medium,weak α=1.0 (83% in first 3)
ar_sigma1.0_weak_sparse_a1.0,27,27,ar,100,500,1.0,3.0,weak_sparse,1.0,10,3,1.0,0.9118424939558304,cocolasso_max,reweighted_max,11.42209030521387,10.595149327258746,5.770439669610084,5.25054333857198,15.568254424026236,215.2534881620668,0.8269409779551236,0.5198963310381046,-199.68523373804055,0.07232521320307117,medium,weak α=1.0 (83% in first 3)
ar_sigma1.0_weak_sparse_a1.0,28,28,ar,100,500,1.0,3.0,weak_sparse,1.0,10,3,1.0,0.9118424939558304,cocolasso_max,reweighted_max,11.03412021992832,10.33361085411703,5.306268825185294,4.842019432728065,15.82403225399321,213.7759972079657,0.7005093658112909,0.46424939245722907,-197.9519649539725,0.07402155742769972,medium,weak α=1.0 (83% in first 3)
ar_sigma1.0_weak_sparse_a1.0,29,29,ar,100,500,1.0,3.0,weak_sparse,1.0,10,3,1.0,0.9118424939558304,cocolasso_max,reweighted_max,11.050357321059067,10.426399181827524,5.403083701237015,5.026475216579888,17.206220922002103,198.50407082610764,0.6239581392315436,0.37660848465712693,-181.29784990410553,0.08667943609617455,medium,weak α=1.0 (83% in first 3)
ar_sigma1.0_weak_sparse_a1.0,30,30,ar,100,500,1.0,3.0,weak_sparse,1.0,10,3,1.0,0.9118424939558304,cocolasso_max,reweighted_max,13.29921069414409,13.228185021447269,7.226735148752491,7.292890667134251,17.180673977010883,197.79848492797464,0.07102567269682147,-0.06615551838175993,-180.61781095096376,0.0868594821809023,medium,weak α=1.0 (83% in first 3)
ar_sigma1.0_weak_sparse_a1.0,31,31,ar,100,500,1.0,3.0,weak_sparse,1.0,10,3,1.0,0.9118424939558304,cocolasso_max,reweighted_max,10.221111385777789,9.271359370818857,4.71711119431871,4.093002392463226,17.52318041899707,214.22837048000656,0.949752014958932,0.6241088018554839,-196.7051900610095,0.08179673112265246,medium,weak α=1.0 (83% in first 3)
ar_sigma1.0_weak_sparse_a1.0,32,32,ar,100,500,1.0,3.0,weak_sparse,1.0,10,3,1.0,0.9118424939558304,cocolasso_max,reweighted_max,11.190996078013647,10.38089707702736,5.846124917480516,5.474304608357105,16.86209114000667,197.8954112420324,0.8100990009862876,0.3718203091234109,-181.03332010202573,0.08520708506668603,medium,weak α=1.0 (83% in first 3)
ar_sigma1.0_weak_sparse_a1.0,33,33,ar,100,500,1.0,3.0,weak_sparse,1.0,10,3,1.0,0.9118424939558304,cocolasso_max,reweighted_max,10.543526174183317,10.209975138043216,4.974434727217665,4.846206769315342,17.874957639956847,215.79346081102267,0.3335510361401006,0.12822795790232355,-197.91850317106582,0.08283363903974146,medium,weak α=1.0 (83% in first 3)
ar_sigma1.0_weak_sparse_a1.0,34,34,ar,100,500,1.0,3.0,weak_sparse,1.0,10,3,1.0,0.9118424939558304,cocolasso_max,reweighted_max,11.123444567344134,10.444356043229044,5.454486670647785,5.004338942447086,17.919461550016422,198.03374801087196,0.6790885241150892,0.45014772820069826,-180.11428646085554,0.09048690806494583,medium,weak α=1.0 (83% in first 3)
ar_sigma1.0_weak_sparse_a1.0,35,35,ar,100,500,1.0,3.0,weak_sparse,1.0,10,3,1.0,0.9118424939558304,cocolasso_max,reweighted_max,10.838907520835605,10.2520368808886,5.14804848237929,4.756624037693229,17.038677306030877,215.0150653149467,0.586870639947005,0.3914244446860602,-197.97638800891582,0.07924410915613381,medium,weak α=1.0 (83% in first 3)
ar_sigma1.0_weak_sparse_a1.0,36,36,ar,100,500,1.0,3.0,weak_sparse,1.0,10,3,1.0,0.9118424939558304,cocolasso_max,reweighted_max,13.39132926500595,13.296511914581016,7.302523162051988,7.460929832332725,15.984544417995494,181.26670449296944,0.09481735042493433,-0.15840667028073696,-165.28216007497394,0.08818246275677984,medium,weak α=1.0 (83% in first 3)
ar_sigma1.0_weak_sparse_a1.0,37,37,ar,100,500,1.0,3.0,weak_sparse,1.0,10,3,1.0,0.9118424939558304,cocolasso_max,reweighted_max,12.02078223637912,11.04418386655385,6.089705230370941,5.405790499111914,15.700446414004546,198.8902635560371,0.97659836982527,0.6839147312590272,-183.18981714203255,0.0789402464117152,medium,weak α=1.0 (83% in first 3)
ar_sigma1.0_weak_sparse_a1.0,38,38,ar,100,500,1.0,3.0,weak_sparse,1.0,10,3,1.0,0.9118424939558304,cocolasso_max,reweighted_max,11.047851754877897,10.093862908607134,5.489716776676681,5.0071677291502565,15.256190023035742,197.98368925089017,0.9539888462707626,0.48254904752642425,-182.72749922785442,0.07705781259436324,medium,weak α=1.0 (83% in first 3)
ar_sigma1.0_weak_sparse_a1.0,39,39,ar,100,500,1.0,3.0,weak_sparse,1.0,10,3,1.0,0.9118424939558304,cocolasso_max,reweighted_max,11.2153609348913,9.676961522083513,5.480710540846316,4.410268747539339,15.726481416961178,215.949913270073,1.538399412807788,1.0704417933069772,-200.22343185311183,0.07282467114165125,medium,weak α=1.0 (83% in first 3)
ar_sigma1.0_weak_sparse_a1.0,40,40,ar,100,500,1.0,3.0,weak_sparse,1.0,10,3,1.0,0.9118424939558304,cocolasso_max,reweighted_max,11.442512761679962,10.422578853619036,5.643548955484026,4.921953155244234,15.619232810975518,198.1741437560413,1.019933908060926,0.7215958002397924,-182.55491094506579,0.07881569469629345,medium,weak α=1.0 (83% in first 3)
ar_sigma1.0_weak_sparse_a1.0,41,41,ar,100,500,1.0,3.0,weak_sparse,1.0,10,3,1.0,0.9118424939558304,cocolasso_max,reweighted_max,10.012855603152213,8.757360037671226,4.541491489779726,3.694250579787927,15.942941282992251,232.26315981405787,1.2554955654809863,0.847240909991799,-216.32021853106562,0.06864171354491017,medium,weak α=1.0 (83% in first 3)
ar_sigma1.0_weak_sparse_a1.0,42,42,ar,100,500,1.0,3.0,weak_sparse,1.0,10,3,1.0,0.9118424939558304,cocolasso_max,reweighted_max,14.962109350478553,15.386178688952723,8.485288977592969,8.919949377929564,15.71249472803902,214.2596127621364,-0.4240693384741707,-0.43466040033659503,-198.5471180340974,0.07333390798891477,medium,weak α=1.0 (83% in first 3)
ar_sigma1.0_weak_sparse_a1.0,43,43,ar,100,500,1.0,3.0,weak_sparse,1.0,10,3,1.0,0.9118424939558304,cocolasso_max,reweighted_max,11.455790369017452,10.761374680777472,5.653801071943534,5.184372967426566,15.876440961030312,231.80711637600325,0.6944156882399799,0.46942810451696815,-215.93067541497294,0.0684898773136796,medium,weak α=1.0 (83% in first 3)
ar_sigma1.0_weak_sparse_a1.0,44,44,ar,100,500,1.0,3.0,weak_sparse,1.0,10,3,1.0,0.9118424939558304,cocolasso_max,reweighted_max,11.7303789771786,10.984136703508474,5.857756604243212,5.348137995107147,16.246688641957007,214.4962268511299,0.7462422736701253,0.5096186091360648,-198.2495382091729,0.07574347055173583,medium,weak α=1.0 (83% in first 3)
ar_sigma1.0_weak_sparse_a1.0,45,45,ar,100,500,1.0,3.0,weak_sparse,1.0,10,3,1.0,0.9118424939558304,cocolasso_max,reweighted_max,12.413470050451744,11.627696748242276,6.386606489112167,5.877786041175109,15.79340406495612,215.86688837083057,0.7857733022094688,0.5088204479370582,-200.07348430587444,0.07316269847659616,medium,weak α=1.0 (83% in first 3)
ar_sigma1.0_weak_sparse_a1.0,46,46,ar,100,500,1.0,3.0,weak_sparse,1.0,10,3,1.0,0.9118424939558304,cocolasso_max,reweighted_max,8.213045678729188,7.168813405506207,3.637406725056236,3.5201147065838296,15.895611895015463,198.1651465089526,1.0442322732229803,0.11729201847240622,-182.26953461393714,0.08021396383292528,medium,weak α=1.0 (83% in first 3)
ar_sigma1.0_weak_sparse_a1.0,47,47,ar,100,500,1.0,3.0,weak_sparse,1.0,10,3,1.0,0.9118424939558304,cocolasso_max,reweighted_max,10.2661092745895,9.472768136156429,4.772531366412604,4.237123232016966,16.407223507994786,230.6461513710674,0.7933411384330711,0.5354081343956381,-214.2389278630726,0.07113590844877603,medium,weak α=1.0 (83% in first 3)
ar_sigma1.0_weak_sparse_a1.0,48,48,ar,100,500,1.0,3.0,weak_sparse,1.0,10,3,1.0,0.9118424939558304,cocolasso_max,reweighted_max,13.201686844836798,12.95525648904956,7.055057415505048,6.976290336221251,16.136323385988362,196.33749464689757,0.24643035578723804,0.07876707928379645,-180.2011712609092,0.08218666238462843,medium,weak α=1.0 (83% in first 3)
ar_sigma1.0_weak_sparse_a1.0,49,49,ar,100,500,1.0,3.0,weak_sparse,1.0,10,3,1.0,0.9118424939558304,cocolasso_max,reweighted_max,10.811737004464124,10.197812317770351,5.284290782369889,4.967357253805055,15.702273603004867,246.5160538610071,0.6139246866937729,0.31693352856483425,-230.81378025800223,0.06369675871843326,medium,weak α=1.0 (83% in first 3)
ar_sigma1.0_weak_sparse_a1.0,50,50,ar,100,500,1.0,3.0,weak_sparse,1.0,10,3,1.0,0.9118424939558304,cocolasso_max,reweighted_max,11.970661198093964,11.018728957416052,5.995927030064263,5.302758300479583,15.728389748022892,188.4388802520116,0.9519322406779125,0.6931687295846798,-172.7104905039887,0.08346679691042683,medium,weak α=1.0 (83% in first 3)
ar_sigma1.0_weak_sparse_a1.0,51,51,ar,100,500,1.0,3.0,weak_sparse,1.0,10,3,1.0,0.9118424939558304,cocolasso_max,reweighted_max,11.265547495734378,10.425365048761964,5.4950839252428105,4.920034285718312,16.015719635004643,187.5773515829933,0.8401824469724133,0.5750496395244982,-171.56163194798864,0.08538194776632463,medium,weak α=1.0 (83% in first 3)
ar_sigma1.0_weak_sparse_a1.0,52,52,ar,100,500,1.0,3.0,weak_sparse,1.0,10,3,1.0,0.9118424939558304,cocolasso_max,reweighted_max,13.720935131894851,13.481814390196972,7.62311833106758,7.550193269328705,15.681854477035811,204.52556418301535,0.23912074169787978,0.07292506173887503,-188.84370970597953,0.07667430005475129,medium,weak α=1.0 (83% in first 3)
ar_sigma1.0_weak_sparse_a1.0,53,53,ar,100,500,1.0,3.0,weak_sparse,1.0,10,3,1.0,0.9118424939558304,cocolasso_max,reweighted_max,9.91872777766881,8.49674130827957,4.51281654494297,3.6492999176341496,15.78102061903337,210.12110169796503,1.421986469389239,0.8635166273088202,-194.34008107893166,0.07510440641853063,medium,weak α=1.0 (83% in first 3)
ar_sigma1.0_weak_sparse_a1.0,54,54,ar,100,500,1.0,3.0,weak_sparse,1.0,10,3,1.0,0.9118424939558304,cocolasso_max,reweighted_max,11.105942244078824,10.346197617873704,5.35586656110912,4.825179065076182,15.636224952002522,232.4854804570205,0.7597446262051193,0.5306874960329377,-216.84925550501796,0.06725678060094245,medium,weak α=1.0 (83% in first 3)
ar_sigma1.0_weak_sparse_a1.0,55,55,ar,100,500,1.0,3.0,weak_sparse,1.0,10,3,1.0,0.9118424939558304,cocolasso_max,reweighted_max,11.410306170690037,10.712113792792394,5.872537630435588,5.531162192080109,16.229745781980455,196.72800019395072,0.6981923778976427,0.34137543835547834,-180.49825441197027,0.08249840269803907,medium,weak α=1.0 (83% in first 3)
ar_sigma1.0_weak_sparse_a1.0,56,56,ar,100,500,1.0,3.0,weak_sparse,1.0,10,3,1.0,0.9118424939558304,cocolasso_max,reweighted_max,10.548936644698989,9.260056597370385,4.988233073246793,4.155539196189435,15.780320325982755,253.2605866760132,1.288880047328604,0.8326938770573582,-237.48026635003043,0.06230863054175077,medium,weak α=1.0 (83% in first 3)
ar_sigma1.0_weak_sparse_a1.0,57,57,ar,100,500,1.0,3.0,weak_sparse,1.0,10,3,1.0,0.9118424939558304,cocolasso_max,reweighted_max,12.302786719727395,12.12026094476188,6.306083080715249,6.288676794696521,16.04716640501283,212.79422464896925,0.1825257749655158,0.017406286018728068,-196.74705824395642,0.07541166322293119,medium,weak α=1.0 (83% in first 3)
ar_sigma1.0_weak_sparse_a1.0,58,58,ar,100,500,1.0,3.0,weak_sparse,1.0,10,3,1.0,0.9118424939558304,cocolasso_max,reweighted_max,11.643194803410932,11.222248877648871,5.825287671806823,5.630713987965882,15.579827875015326,225.25154715694956,0.42094592576206047,0.1945736838409413,-209.67171928193423,0.06916635233657106,medium,weak α=1.0 (83% in first 3)
ar_sigma1.0_weak_sparse_a1.0,59,59,ar,100,500,1.0,3.0,weak_sparse,1.0,10,3,1.0,0.9118424939558304,cocolasso_max,reweighted_max,11.194497890990656,10.59755512838139,5.43895874262343,5.056005302496952,16.148205922043417,258.1368703120388,0.5969427626092649,0.38295344012647803,-241.9886643899954,0.06255675875562945,medium,weak α=1.0 (83% in first 3)
ar_sigma1.0_weak_sparse_a1.0,60,60,ar,100,500,1.0,3.0,weak_sparse,1.0,10,3,1.0,0.9118424939558304,cocolasso_max,reweighted_max,11.6094188799828,11.002700514471004,5.8031447544614245,5.388769277010275,15.925061561982147,213.6982362190029,0.6067183655117958,0.41437547745114944,-197.77317465702075,0.07452125877942098,medium,weak α=1.0 (83% in first 3)
ar_sigma1.0_weak_sparse_a1.0,61,61,ar,100,500,1.0,3.0,weak_sparse,1.0,10,3,1.0,0.9118424939558304,cocolasso_max,reweighted_max,13.002383652578612,12.725881080409197,6.89931970445372,6.789640778616405,15.600333671958651,180.67583987297257,0.27650257216941476,0.10967892583731498,-165.07550620101392,0.08634432629690139,medium,weak α=1.0 (83% in first 3)
ar_sigma1.0_weak_sparse_a1.0,62,62,ar,100,500,1.0,3.0,weak_sparse,1.0,10,3,1.0,0.9118424939558304,cocolasso_max,reweighted_max,8.878144781572196,7.575080432198842,3.8290791280965415,3.0770279363721533,15.426219401997514,229.47925735195167,1.3030643493733542,0.7520511917243882,-214.05303794995416,0.06722271799205959,medium,weak α=1.0 (83% in first 3)
ar_sigma1.0_weak_sparse_a1.0,63,63,ar,100,500,1.0,3.0,weak_sparse,1.0,10,3,1.0,0.9118424939558304,cocolasso_max,reweighted_max,9.706348460414464,8.052115827209368,4.402653797172181,3.395728655512666,15.304331382038072,214.24526188301388,1.6542326332050958,1.0069251416595146,-198.9409305009758,0.07143369821823561,medium,weak α=1.0 (83% in first 3)
ar_sigma1.0_weak_sparse_a1.0,64,64,ar,100,500,1.0,3.0,weak_sparse,1.0,10,3,1.0,0.9118424939558304,cocolasso_max,reweighted_max,13.755747440208122,14.125376520617548,7.528787996070021,7.948868862070201,15.30058562301565,211.584866124962,-0.36962908040942644,-0.42008086600018046,-196.28428050194634,0.07231417777289953,medium,weak α=1.0 (83% in first 3)
ar_sigma1.0_weak_sparse_a1.0,65,65,ar,100,500,1.0,3.0,weak_sparse,1.0,10,3,1.0,0.9118424939558304,cocolasso_max,reweighted_max,8.891199795618585,7.647206698142131,3.755029442649866,2.971706288329772,15.12675145600224,211.2587387370295,1.2439930974764533,0.7833231543200943,-196.13198728102725,0.07160296206649093,medium,weak α=1.0 (83% in first 3)
ar_sigma1.0_weak_sparse_a1.0,66,66,ar,100,500,1.0,3.0,weak_sparse,1.0,10,3,1.0,0.9118424939558304,cocolasso_max,reweighted_max,11.59009754972201,11.061951129919676,5.845145716004243,5.538424905901427,15.0697088779998,193.02092228102265,0.5281464198023347,0.30672081010281627,-177.95121340302285,0.07807292960739011,medium,weak α=1.0 (83% in first 3)
ar_sigma1.0_weak_sparse_a1.0,67,67,ar,100,500,1.0,3.0,weak_sparse,1.0,10,3,1.0,0.9118424939558304,cocolasso_max,reweighted_max,14.233952848140962,14.124837532519203,7.774893634855106,7.705232183485572,15.085576848010533,226.97241860296344,0.10911531562175902,0.06966145136953372,-211.8868417549529,0.06646436135660745,medium,weak α=1.0 (83% in first 3)
ar_sigma1.0_weak_sparse_a1.0,68,68,ar,100,500,1.0,3.0,weak_sparse,1.0,10,3,1.0,0.9118424939558304,cocolasso_max,reweighted_max,10.80331976801835,9.962982269295775,5.227385020856214,4.673447645258499,15.794736051990183,211.6265349380556,0.8403374987225742,0.5539373755977142,-195.83179888606543,0.07463495093662711,medium,weak α=1.0 (83% in first 3)
ar_sigma1.0_weak_sparse_a1.0,69,69,ar,100,500,1.0,3.0,weak_sparse,1.0,10,3,1.0,0.9118424939558304,cocolasso_max,reweighted_max,12.644989189054431,12.68065425210584,6.636819381933183,6.791456361117609,16.684141926001757,194.25346608401745,-0.03566506305140926,-0.15463697918442598,-177.5693241580157,0.08588851598038216,medium,weak α=1.0 (83% in first 3)
ar_sigma1.0_weak_sparse_a1.0,70,70,ar,100,500,1.0,3.0,weak_sparse,1.0,10,3,1.0,0.9118424939558304,cocolasso_max,reweighted_max,12.07905670917964,11.251620440966466,6.146224325881265,5.566309914248887,16.40499605401419,193.8882590380381,0.8274362682131748,0.5799144116323784,-177.4832629840239,0.0846105696931126,medium,weak α=1.0 (83% in first 3)
ar_sigma1.0_weak_sparse_a1.0,71,71,ar,100,500,1.0,3.0,weak_sparse,1.0,10,3,1.0,0.9118424939558304,cocolasso_max,reweighted_max,11.446849422205478,10.97625664020796,5.959382931139928,5.81383564012449,17.366898885986302,201.36185095697877,0.4705927819975173,0.14554729101543717,-183.99495207099247,0.08624721516736933,medium,weak α=1.0 (83% in first 3)
ar_sigma1.0_weak_sparse_a1.0,72,72,ar,100,500,1.0,3.0,weak_sparse,1.0,10,3,1.0,0.9118424939558304,cocolasso_max,reweighted_max,14.822132109534165,15.366506772364106,8.330254024586596,8.852899360512058,16.621867965033744,178.57877198699862,-0.5443746628299415,-0.5226453359254624,-161.95690402196487,0.09307863291972852,medium,weak α=1.0 (83% in first 3)
ar_sigma1.0_weak_sparse_a1.0,73,73,ar,100,500,1.0,3.0,weak_sparse,1.0,10,3,1.0,0.9118424939558304,cocolasso_max,reweighted_max,11.87695136376147,10.908582993198946,5.914253650769758,5.1870929476503225,16.62023501895601,234.6951722439844,0.9683683705625246,0.7271607031194351,-218.07493722502838,0.07081626289985184,medium,weak α=1.0 (83% in first 3)
ar_sigma1.0_weak_sparse_a1.0,74,74,ar,100,500,1.0,3.0,weak_sparse,1.0,10,3,1.0,0.9118424939558304,cocolasso_max,reweighted_max,8.178776936761405,6.882966005607568,3.3360201831608616,2.650129731809135,16.204551743052434,204.93395874398996,1.295810931153837,0.6858904513517268,-188.72940700093753,0.07907206713015132,medium,weak α=1.0 (83% in first 3)
ar_sigma1.0_weak_sparse_a1.0,75,75,ar,100,500,1.0,3.0,weak_sparse,1.0,10,3,1.0,0.9118424939558304,cocolasso_max,reweighted_max,9.89585429075282,8.805690392500551,4.608881437689669,3.974737634239093,16.2406277260161,196.069744960987,1.0901638982522694,0.6341438034505757,-179.8291172349709,0.08283087086815756,medium,weak α=1.0 (83% in first 3)
ar_sigma1.0_weak_sparse_a1.0,76,76,ar,100,500,1.0,3.0,weak_sparse,1.0,10,3,1.0,0.9118424939558304,cocolasso_max,reweighted_max,8.50790481985576,6.632481998002338,3.458919278747361,2.4143994687853,16.600328464002814,198.0592837599688,1.8754228218534221,1.0445198099620612,-181.45895529596598,0.08381494746856208,medium,weak α=1.0 (83% in first 3)
ar_sigma1.0_weak_sparse_a1.0,77,77,ar,100,500,1.0,3.0,weak_sparse,1.0,10,3,1.0,0.9118424939558304,cocolasso_max,reweighted_max,11.004452234386465,10.227249925387689,5.343649122370201,4.851287848413638,17.256091247021686,187.95981944003145,0.7772023089987758,0.49236127395656304,-170.70372819300977,0.09180734104996967,medium,weak α=1.0 (83% in first 3)
ar_sigma1.0_weak_sparse_a1.0,78,78,ar,100,500,1.0,3.0,weak_sparse,1.0,10,3,1.0,0.9118424939558304,cocolasso_max,reweighted_max,11.07836999421111,10.147678170153728,5.438921340601025,4.816052272883574,16.815606181975454,189.51493627094897,0.9306918240573818,0.6228690677174509,-172.6993300889735,0.08872971446395249,medium,weak α=1.0 (83% in first 3)
ar_sigma1.0_weak_sparse_a1.0,79,79,ar,100,500,1.0,3.0,weak_sparse,1.0,10,3,1.0,0.9118424939558304,cocolasso_max,reweighted_max,11.548975531567631,10.672120191861213,5.79370034581625,5.193297176369654,17.35031735699158,186.7199249860132,0.8768553397064185,0.6004031694465954,-169.36960762902163,0.09292161700627963,medium,weak α=1.0 (83% in first 3)
ar_sigma1.0_weak_sparse_a1.0,80,80,ar,100,500,1.0,3.0,weak_sparse,1.0,10,3,1.0,0.9118424939558304,cocolasso_max,reweighted_max,9.156636268378309,8.054968263337232,4.066966354879538,3.475639302056771,15.425222438992932,180.86700035404647,1.101668005041077,0.5913270528227672,-165.44177791505354,0.08528489115647475,medium,weak α=1.0 (83% in first 3)
ar_sigma1.0_weak_sparse_a1.0,81,81,ar,100,500,1.0,3.0,weak_sparse,1.0,10,3,1.0,0.9118424939558304,cocolasso_max,reweighted_max,12.786625230428264,12.66163391210542,6.805617585046529,6.8349034114727605,15.932886588037944,213.92273993697015,0.12499131832284327,-0.029285826426231232,-197.9898533489322,0.0744796303222948,medium,weak α=1.0 (83% in first 3)
ar_sigma1.0_weak_sparse_a1.0,82,82,ar,100,500,1.0,3.0,weak_sparse,1.0,10,3,1.0,0.9118424939558304,cocolasso_max,reweighted_max,12.133999655817645,11.430251934088188,6.118652697367303,5.59173046313653,16.42142241296824,231.15626915101893,0.7037477217294565,0.5269222342307733,-214.7348467380507,0.07104035063933223,medium,weak α=1.0 (83% in first 3)
ar_sigma1.0_weak_sparse_a1.0,83,83,ar,100,500,1.0,3.0,weak_sparse,1.0,10,3,1.0,0.9118424939558304,cocolasso_max,reweighted_max,13.09741720293139,12.69719312787132,7.026867892750436,6.81837031857056,16.15105842804769,217.8687500919914,0.40022407506006985,0.20849757417987647,-201.7176916639437,0.07413205620920017,medium,weak α=1.0 (83% in first 3)
ar_sigma1.0_weak_sparse_a1.0,84,84,ar,100,500,1.0,3.0,weak_sparse,1.0,10,3,1.0,0.9118424939558304,cocolasso_max,reweighted_max,11.659852712055224,11.041192688728746,6.028875611999617,5.612159169559663,16.949289676966146,213.25420840200968,0.6186600233264787,0.4167164424399541,-196.30491872504354,0.0794792740737604,medium,weak α=1.0 (83% in first 3)
ar_sigma1.0_weak_sparse_a1.0,85,85,ar,100,500,1.0,3.0,weak_sparse,1.0,10,3,1.0,0.9118424939558304,cocolasso_max,reweighted_max,13.530792089683942,13.469873226067593,7.460211255076418,7.556183582484749,17.08110550697893,191.24902611697323,0.06091886361634913,-0.09597232740833128,-174.1679206099943,0.08931342477284904,medium,weak α=1.0 (83% in first 3)
ar_sigma1.0_weak_sparse_a1.0,86,86,ar,100,500,1.0,3.0,weak_sparse,1.0,10,3,1.0,0.9118424939558304,cocolasso_max,reweighted_max,9.79207094974724,9.16079680357015,4.392954870282264,3.9843377928264,16.4237833149964,206.911984262988,0.6312741461770894,0.4086170774558635,-190.4882009479916,0.07937569867447379,medium,weak α=1.0 (83% in first 3)
ar_sigma1.0_weak_sparse_a1.0,87,87,ar,100,500,1.0,3.0,weak_sparse,1.0,10,3,1.0,0.9118424939558304,cocolasso_max,reweighted_max,9.868313859263512,8.154499726632311,4.478060512574456,3.353688587081037,16.416254858020693,215.47310884000035,1.7138141326312013,1.1243719254934188,-199.05685398197966,0.07618702373766088,medium,weak α=1.0 (83% in first 3)
ar_sigma1.0_weak_sparse_a1.0,88,88,ar,100,500,1.0,3.0,weak_sparse,1.0,10,3,1.0,0.9118424939558304,cocolasso_max,reweighted_max,15.246129038033722,15.681542622790523,8.640010733446344,9.005815003816485,16.524240327009466,212.6751975769876,-0.4354135847568017,-0.3658042703701412,-196.15095724997815,0.07769707288518095,medium,weak α=1.0 (83% in first 3)
ar_sigma1.0_weak_sparse_a1.0,89,89,ar,100,500,1.0,3.0,weak_sparse,1.0,10,3,1.0,0.9118424939558304,cocolasso_max,reweighted_max,9.432067245735231,8.594943831744564,4.177037272565412,3.642707028717589,16.09678562299814,228.42948837700533,0.8371234139906676,0.5343302438478235,-212.3327027540072,0.07046719640868622,medium,weak α=1.0 (83% in first 3)
ar_sigma1.0_weak_sparse_a1.0,90,90,ar,100,500,1.0,3.0,weak_sparse,1.0,10,3,1.0,0.9118424939558304,cocolasso_max,reweighted_max,13.27210113405013,13.257313218575122,7.103297226327538,7.169468491228828,16.890878061996773,180.7296650729841,0.014787915475007907,-0.06617126490129,-163.83878701098732,0.0934593557464721,medium,weak α=1.0 (83% in first 3)
ar_sigma1.0_weak_sparse_a1.0,91,91,ar,100,500,1.0,3.0,weak_sparse,1.0,10,3,1.0,0.9118424939558304,cocolasso_max,reweighted_max,13.28847193440382,13.20099264582836,7.110994236307079,7.091356780685843,17.25020685000345,212.2209568019607,0.08747928857545872,0.01963745562123531,-194.97074995195726,0.08128418187323938,medium,weak α=1.0 (83% in first 3)
ar_sigma1.0_weak_sparse_a1.0,92,92,ar,100,500,1.0,3.0,weak_sparse,1.0,10,3,1.0,0.9118424939558304,cocolasso_max,reweighted_max,11.57350896209564,11.039574409834769,5.976009602993843,5.73017816973296,16.887630281038582,194.0959316339577,0.533934552260872,0.24583143326088308,-177.2083013529191,0.0870066164647216,medium,weak α=1.0 (83% in first 3)
ar_sigma1.0_weak_sparse_a1.0,93,93,ar,100,500,1.0,3.0,weak_sparse,1.0,10,3,1.0,0.9118424939558304,cocolasso_max,reweighted_max,12.131491212857757,11.696699001449517,6.174750841504284,5.882257406711848,16.452177778002806,192.87132690503492,0.4347922114082401,0.29249343479243617,-176.4191491270321,0.08530131482998222,medium,weak α=1.0 (83% in first 3)
ar_sigma1.0_weak_sparse_a1.0,94,94,ar,100,500,1.0,3.0,weak_sparse,1.0,10,3,1.0,0.9118424939558304,cocolasso_max,reweighted_max,12.482483997585692,11.736826525382554,6.457083051457174,5.928981627129221,16.130046118982136,193.28393912501636,0.7456574722031384,0.5281014243279536,-177.15389300603422,0.08345259410586203,medium,weak α=1.0 (83% in first 3)
ar_sigma1.0_weak_sparse_a1.0,95,95,ar,100,500,1.0,3.0,weak_sparse,1.0,10,3,1.0,0.9118424939558304,cocolasso_max,reweighted_max,10.811504707930114,9.977019712775949,5.147558591627639,4.574785306518152,15.451445322018117,207.21835104899947,0.8344849951541651,0.5727732851094878,-191.76690572698135,0.07456600848234923,medium,weak α=1.0 (83% in first 3)
ar_sigma1.0_weak_sparse_a1.0,96,96,ar,100,500,1.0,3.0,weak_sparse,1.0,10,3,1.0,0.9118424939558304,cocolasso_max,reweighted_max,9.326395398947197,8.216610494582433,4.380205338279994,3.8361856104262335,15.560361851006746,195.95699298696127,1.1097849043647638,0.5440197278537608,-180.39663113595452,0.07940702505085957,medium,weak α=1.0 (83% in first 3)
ar_sigma1.0_weak_sparse_a1.0,97,97,ar,100,500,1.0,3.0,weak_sparse,1.0,10,3,1.0,0.9118424939558304,cocolasso_max,reweighted_max,13.11541273173591,12.69907135663972,6.998847897131311,6.77252669165381,15.266898193978705,207.27384087798416,0.41634137509618974,0.22632120547750123,-192.00694268400545,0.07365569205120229,medium,weak α=1.0 (83% in first 3)
ar_sigma1.0_weak_sparse_a1.0,98,98,ar,100,500,1.0,3.0,weak_sparse,1.0,10,3,1.0,0.9118424939558304,cocolasso_max,reweighted_max,10.834640237263622,10.269298882314924,5.285948775064413,4.917516940717048,15.661446832004003,192.639180408034,0.5653413549486981,0.3684318343473647,-176.97773357603,0.08129938467777474,medium,weak α=1.0 (83% in first 3)
ar_sigma1.0_weak_sparse_a1.0,99,99,ar,100,500,1.0,3.0,weak_sparse,1.0,10,3,1.0,0.9118424939558304,cocolasso_max,reweighted_max,11.247010637002957,10.676772805664534,5.588869359782556,5.265318846013353,16.353970300988294,183.99031485494925,0.5702378313384227,0.3235505137692023,-167.63634455396095,0.08888495198174493,medium,weak α=1.0 (83% in first 3)
ar_sigma1.0_weak_sparse_a1.5,0,0,ar,100,500,1.0,3.0,weak_sparse,1.5,10,3,1.0,0.829919708757592,cocolasso_max,reweighted_max,8.471212634681232,7.631441043184752,5.5874113816158255,4.963171656719723,18.45804050104925,168.44320747209713,0.8397715914964792,0.6242397248961025,-149.98516697104787,0.10958020081698369,medium,weak α=1.5 (97% in first 3)
ar_sigma1.0_weak_sparse_a1.5,1,1,ar,100,500,1.0,3.0,weak_sparse,1.5,10,3,1.0,0.829919708757592,cocolasso_max,reweighted_max,6.7083051750252825,5.429625260206878,4.070777614301854,3.086542046872108,19.150171581015456,172.5445747319609,1.2786799148184045,0.9842355674297463,-153.39440315094544,0.1109868079640537,medium,weak α=1.5 (97% in first 3)
ar_sigma1.0_weak_sparse_a1.5,2,2,ar,100,500,1.0,3.0,weak_sparse,1.5,10,3,1.0,0.829919708757592,cocolasso_max,reweighted_max,11.110710896962583,11.324942430230166,7.74312875722469,7.956205524177224,21.412057767040096,202.127380919992,-0.21423153326758282,-0.2130767669525344,-180.7153231529519,0.10593348446698383,medium,weak α=1.5 (97% in first 3)
ar_sigma1.0_weak_sparse_a1.5,3,3,ar,100,500,1.0,3.0,weak_sparse,1.5,10,3,1.0,0.829919708757592,cocolasso_max,reweighted_max,6.133012597773112,5.322049273336926,3.421444500026154,2.964971532157641,21.40820025501307,178.5989400249673,0.8109633244361856,0.4564729678685131,-157.19073976995423,0.11986745415185725,medium,weak α=1.5 (97% in first 3)
ar_sigma1.0_weak_sparse_a1.5,4,4,ar,100,500,1.0,3.0,weak_sparse,1.5,10,3,1.0,0.829919708757592,cocolasso_max,reweighted_max,6.086148626993574,5.158367989719,3.5741716684209206,2.873964302328773,19.993003720999692,178.5866027600132,0.9277806372745738,0.7002073660921475,-158.5935990390135,0.11195130772416635,medium,weak α=1.5 (97% in first 3)
ar_sigma1.0_weak_sparse_a1.5,5,5,ar,100,500,1.0,3.0,weak_sparse,1.5,10,3,1.0,0.829919708757592,cocolasso_max,reweighted_max,5.62699456189401,4.5025069130155,3.1888158882925817,2.365761742378227,19.90363364102086,194.39013138308653,1.1244876488785103,0.8230541459143548,-174.48649774206567,0.10239014449656694,medium,weak α=1.5 (97% in first 3)
ar_sigma1.0_weak_sparse_a1.5,6,6,ar,100,500,1.0,3.0,weak_sparse,1.5,10,3,1.0,0.829919708757592,cocolasso_max,reweighted_max,6.690817761608119,5.7476168075701874,4.04096143146179,3.303486857462488,22.984252201975323,223.66027629899327,0.9432009540379314,0.737474573999302,-200.67602409701794,0.10276412326008907,medium,weak α=1.5 (97% in first 3)
ar_sigma1.0_weak_sparse_a1.5,7,7,ar,100,500,1.0,3.0,weak_sparse,1.5,10,3,1.0,0.829919708757592,cocolasso_max,reweighted_max,7.310124856498612,6.422338928243459,4.535023737100945,3.829381874708591,16.995725600980222,191.56658463110216,0.8877859282551528,0.7056418623923544,-174.57085903012194,0.08871967746206219,medium,weak α=1.5 (97% in first 3)
ar_sigma1.0_weak_sparse_a1.5,8,8,ar,100,500,1.0,3.0,weak_sparse,1.5,10,3,1.0,0.829919708757592,cocolasso_max,reweighted_max,6.520401289211234,5.686070352147796,3.885933912377809,3.2306875189344786,15.91984897601651,176.74926445295569,0.834330937063438,0.6552463934433304,-160.82941547693918,0.09007024173644469,medium,weak α=1.5 (97% in first 3)
ar_sigma1.0_weak_sparse_a1.5,9,9,ar,100,500,1.0,3.0,weak_sparse,1.5,10,3,1.0,0.829919708757592,cocolasso_max,reweighted_max,7.508308410932447,7.09207956479439,4.794117917227869,4.5137949638095725,16.075715748011135,193.1740457259584,0.4162288461380568,0.2803229534182963,-177.09832997794726,0.08321881797110857,medium,weak α=1.5 (97% in first 3)
ar_sigma1.0_weak_sparse_a1.5,10,10,ar,100,500,1.0,3.0,weak_sparse,1.5,10,3,1.0,0.829919708757592,cocolasso_max,reweighted_max,6.481691865805932,6.391951345504188,3.9639662386682737,4.013542765698071,16.1176664410159,176.6471063789213,0.08974052030174473,-0.049576527029797646,-160.5294399379054,0.09124217640136315,medium,weak α=1.5 (97% in first 3)
ar_sigma1.0_weak_sparse_a1.5,11,11,ar,100,500,1.0,3.0,weak_sparse,1.5,10,3,1.0,0.829919708757592,cocolasso_max,reweighted_max,6.194288259023972,5.021964002441445,3.659218830903959,2.7848378196199794,16.196166418027133,192.48065447900444,1.1723242565825274,0.8743810112839796,-176.2844880609773,0.08414438563639542,medium,weak α=1.5 (97% in first 3)
ar_sigma1.0_weak_sparse_a1.5,12,12,ar,100,500,1.0,3.0,weak_sparse,1.5,10,3,1.0,0.829919708757592,cocolasso_max,reweighted_max,6.399878403473886,5.472562977441364,3.9027568386315488,3.2925805701924307,16.23437181900954,177.62093731597997,0.9273154260325214,0.6101762684391181,-161.38656549697043,0.09139897618110918,medium,weak α=1.5 (97% in first 3)
ar_sigma1.0_weak_sparse_a1.5,13,13,ar,100,500,1.0,3.0,weak_sparse,1.5,10,3,1.0,0.829919708757592,cocolasso_max,reweighted_max,7.91346245349949,7.08346476302812,5.024575369398148,4.349885946606377,16.219318688032217,221.99862891295925,0.8299976904713704,0.6746894227917712,-205.77931022492703,0.07306044531649541,medium,weak α=1.5 (97% in first 3)
ar_sigma1.0_weak_sparse_a1.5,14,14,ar,100,500,1.0,3.0,weak_sparse,1.5,10,3,1.0,0.829919708757592,cocolasso_max,reweighted_max,7.48912167272189,6.943135613863709,4.810403882768418,4.465850312960417,16.75102748197969,179.9959123849403,0.5459860588581806,0.3445535698080011,-163.24488490296062,0.0930633771624538,medium,weak α=1.5 (97% in first 3)
ar_sigma1.0_weak_sparse_a1.5,15,15,ar,100,500,1.0,3.0,weak_sparse,1.5,10,3,1.0,0.829919708757592,cocolasso_max,reweighted_max,6.368052620149795,5.5476475335948905,3.808948132105591,3.205074820299315,20.61967965000076,208.08694636495784,0.8204050865549046,0.603873311806276,-187.46726671495708,0.09909165380242778,medium,weak α=1.5 (97% in first 3)
ar_sigma1.0_weak_sparse_a1.5,16,16,ar,100,500,1.0,3.0,weak_sparse,1.5,10,3,1.0,0.829919708757592,cocolasso_max,reweighted_max,7.926182426114109,6.912089665729205,5.083333738235003,4.325086909533845,18.71908339904621,193.99977021699303,1.0140927603849041,0.7582468287011572,-175.28068681794682,0.09649023490135324,medium,weak α=1.5 (97% in first 3)
ar_sigma1.0_weak_sparse_a1.5,17,17,ar,100,500,1.0,3.0,weak_sparse,1.5,10,3,1.0,0.829919708757592,cocolasso_max,reweighted_max,7.473680920676901,6.471592079632351,4.732844833134164,3.97141980487152,17.798238189017866,178.0405006299261,1.00208884104455,0.7614250282626442,-160.24226244090823,0.09996735645005389,medium,weak α=1.5 (97% in first 3)
ar_sigma1.0_weak_sparse_a1.5,18,18,ar,100,500,1.0,3.0,weak_sparse,1.5,10,3,1.0,0.829919708757592,cocolasso_max,reweighted_max,8.446905983097663,7.80424296817091,5.540508527471767,5.052427901616487,16.70005442004185,236.3280553621007,0.6426630149267529,0.48808062585527967,-219.62800094205886,0.07066471390565165,medium,weak α=1.5 (97% in first 3)
ar_sigma1.0_weak_sparse_a1.5,19,19,ar,100,500,1.0,3.0,weak_sparse,1.5,10,3,1.0,0.829919708757592,cocolasso_max,reweighted_max,5.516564836868978,3.5703345278409366,3.111439827715595,1.713572307624638,16.6366446739994,208.1971658950206,1.9462303090280417,1.397867520090957,-191.5605212210212,0.07990812268015265,medium,weak α=1.5 (97% in first 3)
ar_sigma1.0_weak_sparse_a1.5,20,20,ar,100,500,1.0,3.0,weak_sparse,1.5,10,3,1.0,0.829919708757592,cocolasso_max,reweighted_max,11.201645114498268,11.496672490244892,7.904119678285818,8.214837075076987,16.57051979599055,190.67574377800335,-0.2950273757466242,-0.31071739679116916,-174.1052239820128,0.08690418334113324,medium,weak α=1.5 (97% in first 3)
ar_sigma1.0_weak_sparse_a1.5,21,21,ar,100,500,1.0,3.0,weak_sparse,1.5,10,3,1.0,0.829919708757592,cocolasso_max,reweighted_max,4.711325505530059,3.76584726859155,2.586051740713207,2.1123941400733908,16.285339692025445,161.38936564791948,0.9454782369385093,0.4736576006398163,-145.10402595589403,0.10090714234265524,medium,weak α=1.5 (97% in first 3)
ar_sigma1.0_weak_sparse_a1.5,22,22,ar,100,500,1.0,3.0,weak_sparse,1.5,10,3,1.0,0.829919708757592,cocolasso_max,reweighted_max,8.228963026504672,7.463281053297113,5.296974071025669,4.682798591615984,16.86019755405141,160.3559102549916,0.7656819732075597,0.6141754794096856,-143.4957127009402,0.1051423519547299,medium,weak α=1.5 (97% in first 3)
ar_sigma1.0_weak_sparse_a1.5,23,23,ar,100,500,1.0,3.0,weak_sparse,1.5,10,3,1.0,0.829919708757592,cocolasso_max,reweighted_max,4.289911938820339,3.367290526527785,2.264072291076785,1.792991406127424,16.818817925988697,156.1775476899929,0.9226214122925538,0.47108088494936107,-139.3587297640042,0.10769037018927634,medium,weak α=1.5 (97% in first 3)
ar_sigma1.0_weak_sparse_a1.5,24,24,ar,100,500,1.0,3.0,weak_sparse,1.5,10,3,1.0,0.829919708757592,cocolasso_max,reweighted_max,7.39132631610315,6.203648035080117,4.6039886592805415,3.660451400582892,16.198686825984623,181.27184587391093,1.1876782810230333,0.9435372586976496,-165.0731590479263,0.08936129462295046,medium,weak α=1.5 (97% in first 3)
ar_sigma1.0_weak_sparse_a1.5,25,25,ar,100,500,1.0,3.0,weak_sparse,1.5,10,3,1.0,0.829919708757592,cocolasso_max,reweighted_max,5.296647897186774,4.343585146692801,2.9286504478126,2.22842018258638,16.108835879014805,179.18292949197348,0.9530627504939728,0.70023026522622,-163.07409361295868,0.08990162134689511,medium,weak α=1.5 (97% in first 3)
ar_sigma1.0_weak_sparse_a1.5,26,26,ar,100,500,1.0,3.0,weak_sparse,1.5,10,3,1.0,0.829919708757592,cocolasso_max,reweighted_max,5.535735823732155,4.4613543697279,3.175554187332032,2.42057549442346,16.45327981101582,166.2886447040364,1.0743814540042553,0.7549786929085722,-149.83536489302057,0.09894409711679153,medium,weak α=1.5 (97% in first 3)
ar_sigma1.0_weak_sparse_a1.5,27,27,ar,100,500,1.0,3.0,weak_sparse,1.5,10,3,1.0,0.829919708757592,cocolasso_max,reweighted_max,7.170803160504461,6.219660810239486,4.50667049599792,3.786052368813642,17.187409292033408,153.9236684020143,0.9511423502649743,0.7206181271842778,-136.7362591099809,0.11166190015133817,medium,weak α=1.5 (97% in first 3)
ar_sigma1.0_weak_sparse_a1.5,28,28,ar,100,500,1.0,3.0,weak_sparse,1.5,10,3,1.0,0.829919708757592,cocolasso_max,reweighted_max,7.227040510800461,6.47596554575099,4.465411765753535,3.87549494183712,16.483084651990794,169.0837887841044,0.7510749650494715,0.5899168239164148,-152.6007041321136,0.09748471317399514,medium,weak α=1.5 (97% in first 3)
ar_sigma1.0_weak_sparse_a1.5,29,29,ar,100,500,1.0,3.0,weak_sparse,1.5,10,3,1.0,0.829919708757592,cocolasso_max,reweighted_max,6.87188796533742,6.202056463996575,4.2087771902983055,3.710172011352686,16.599506651982665,163.80322382599115,0.6698315013408447,0.4986051789456196,-147.2037171740085,0.10133809496702208,medium,weak α=1.5 (97% in first 3)
ar_sigma1.0_weak_sparse_a1.5,30,30,ar,100,500,1.0,3.0,weak_sparse,1.5,10,3,1.0,0.829919708757592,cocolasso_max,reweighted_max,8.63468149135626,8.224919110561169,5.73620768495444,5.463343968113302,18.51890302903485,168.17218777991366,0.4097623807950903,0.2728637168411385,-149.6532847508788,0.1101187019893591,medium,weak α=1.5 (97% in first 3)
ar_sigma1.0_weak_sparse_a1.5,31,31,ar,100,500,1.0,3.0,weak_sparse,1.5,10,3,1.0,0.829919708757592,cocolasso_max,reweighted_max,5.9868811068565,4.936552236369161,3.4854384391344104,2.699541634999201,18.43561684997985,182.63396910903973,1.0503288704873386,0.7858968041352092,-164.19835225905987,0.10094297867979345,medium,weak α=1.5 (97% in first 3)
ar_sigma1.0_weak_sparse_a1.5,32,32,ar,100,500,1.0,3.0,weak_sparse,1.5,10,3,1.0,0.829919708757592,cocolasso_max,reweighted_max,7.564041869160993,6.796889534376657,4.988778716801427,4.484472187751297,19.765471883991268,183.5754119569901,0.7671523347843365,0.5043065290501296,-163.80994007299884,0.10766949491374216,medium,weak α=1.5 (97% in first 3)
ar_sigma1.0_weak_sparse_a1.5,33,33,ar,100,500,1.0,3.0,weak_sparse,1.5,10,3,1.0,0.829919708757592,cocolasso_max,reweighted_max,6.064193635297403,5.592024182696476,3.571669344150675,3.300515198958802,18.38647797703743,199.11146264208944,0.4721694526009266,0.27115414519187286,-180.724984665052,0.0923426393089575,medium,weak α=1.5 (97% in first 3)
ar_sigma1.0_weak_sparse_a1.5,34,34,ar,100,500,1.0,3.0,weak_sparse,1.5,10,3,1.0,0.829919708757592,cocolasso_max,reweighted_max,6.658278045646326,5.9236180891398345,4.047963459181563,3.486691700257846,17.89807793800719,185.1738224000437,0.7346599565064915,0.5612717589237173,-167.2757444620365,0.09665555155707024,medium,weak α=1.5 (97% in first 3)
ar_sigma1.0_weak_sparse_a1.5,35,35,ar,100,500,1.0,3.0,weak_sparse,1.5,10,3,1.0,0.829919708757592,cocolasso_max,reweighted_max,6.283655893604196,5.606801273691941,3.709672259159773,3.201587847607307,17.878270322980825,171.18899408204015,0.6768546199122554,0.5080844115524661,-153.31072375905933,0.10443586294112395,medium,weak α=1.5 (97% in first 3)
ar_sigma1.0_weak_sparse_a1.5,36,36,ar,100,500,1.0,3.0,weak_sparse,1.5,10,3,1.0,0.829919708757592,cocolasso_max,reweighted_max,9.634133682613443,9.202392663094788,6.149183798148113,6.021635016218269,16.900080811989028,172.06227076100186,0.43174101951865573,0.12754878192984354,-155.16218994901283,0.09822072402766088,medium,weak α=1.5 (97% in first 3)
ar_sigma1.0_weak_sparse_a1.5,37,37,ar,100,500,1.0,3.0,weak_sparse,1.5,10,3,1.0,0.829919708757592,cocolasso_max,reweighted_max,7.356076508955965,6.193553500477469,4.603486359387517,3.698049960667743,18.287140315049328,167.14149528497364,1.1625230084784963,0.9054363987197744,-148.85435496992432,0.10941113266858142,medium,weak α=1.5 (97% in first 3)
ar_sigma1.0_weak_sparse_a1.5,38,38,ar,100,500,1.0,3.0,weak_sparse,1.5,10,3,1.0,0.829919708757592,cocolasso_max,reweighted_max,6.873537575025047,5.642184894100561,4.274732491081228,3.3808725906619923,17.177879315975588,162.93695220397785,1.231352680924486,0.893859900419236,-145.75907288800227,0.10542654127021418,medium,weak α=1.5 (97% in first 3)
ar_sigma1.0_weak_sparse_a1.5,39,39,ar,100,500,1.0,3.0,weak_sparse,1.5,10,3,1.0,0.829919708757592,cocolasso_max,reweighted_max,6.92669987293975,5.39610534537457,4.252416023069813,3.072002978598657,17.03428201598581,178.5309549199883,1.5305945275651798,1.1804130444711558,-161.49667290400248,0.09541360501667633,medium,weak α=1.5 (97% in first 3)
ar_sigma1.0_weak_sparse_a1.5,40,40,ar,100,500,1.0,3.0,weak_sparse,1.5,10,3,1.0,0.829919708757592,cocolasso_max,reweighted_max,6.900703313393509,5.919800147079235,4.243843359085032,3.512538759412475,17.082398564030882,165.9797175959684,0.980903166314274,0.7313045996725571,-148.8973190319375,0.10291859036423502,medium,weak α=1.5 (97% in first 3)
ar_sigma1.0_weak_sparse_a1.5,41,41,ar,100,500,1.0,3.0,weak_sparse,1.5,10,3,1.0,0.829919708757592,cocolasso_max,reweighted_max,5.991014564525958,4.773647747899947,3.474120788125579,2.5601794461363943,16.65762408298906,166.68906522798352,1.2173668166260114,0.9139413419891849,-150.03144114499446,0.09993231445749688,medium,weak α=1.5 (97% in first 3)
ar_sigma1.0_weak_sparse_a1.5,42,42,ar,100,500,1.0,3.0,weak_sparse,1.5,10,3,1.0,0.829919708757592,cocolasso_max,reweighted_max,10.051023949697804,10.069655240804355,6.8897997486718925,6.957677632488988,17.578455297043547,166.20913512003608,-0.018631291106551373,-0.06787788381709525,-148.63067982299253,0.10576106592666164,medium,weak α=1.5 (97% in first 3)
ar_sigma1.0_weak_sparse_a1.5,43,43,ar,100,500,1.0,3.0,weak_sparse,1.5,10,3,1.0,0.829919708757592,cocolasso_max,reweighted_max,6.775316147923243,5.881794031195916,4.102885899256181,3.434316159484379,17.159312764997594,193.2016951390542,0.8935221167273264,0.6685697397718022,-176.04238237405661,0.08881553939082894,medium,weak α=1.5 (97% in first 3)
ar_sigma1.0_weak_sparse_a1.5,44,44,ar,100,500,1.0,3.0,weak_sparse,1.5,10,3,1.0,0.829919708757592,cocolasso_max,reweighted_max,6.466498927451144,5.478661134418311,3.867564646328877,3.1150049533611446,18.2418225450092,228.51200808701105,0.987837793032833,0.7525596929677323,-210.27018554200185,0.07982872627885367,medium,weak α=1.5 (97% in first 3)
ar_sigma1.0_weak_sparse_a1.5,45,45,ar,100,500,1.0,3.0,weak_sparse,1.5,10,3,1.0,0.829919708757592,cocolasso_max,reweighted_max,7.949280526060565,6.98019252131103,5.072456682172012,4.317075185764124,17.96686971699819,174.99075480294414,0.9690880047495352,0.755381496407888,-157.02388508594595,0.10267325115107112,medium,weak α=1.5 (97% in first 3)
ar_sigma1.0_weak_sparse_a1.5,46,46,ar,100,500,1.0,3.0,weak_sparse,1.5,10,3,1.0,0.829919708757592,cocolasso_max,reweighted_max,3.8457392119171065,2.7280350868926124,2.0021293106713367,1.5440997378993675,19.22658273403067,171.99883227306418,1.1177041250244941,0.4580295727719692,-152.7722495390335,0.11178321666455665,medium,weak α=1.5 (97% in first 3)
ar_sigma1.0_weak_sparse_a1.5,47,47,ar,100,500,1.0,3.0,weak_sparse,1.5,10,3,1.0,0.829919708757592,cocolasso_max,reweighted_max,5.805295367314593,4.975729038208794,3.3292427637658024,2.7128342455343053,17.071489316993393,187.15692019206472,0.8295663291057993,0.6164085182314971,-170.08543087507132,0.09121484420385974,medium,weak α=1.5 (97% in first 3)
ar_sigma1.0_weak_sparse_a1.5,48,48,ar,100,500,1.0,3.0,weak_sparse,1.5,10,3,1.0,0.829919708757592,cocolasso_max,reweighted_max,8.295841762427276,7.53868674673202,5.384182171960141,4.809006540396741,18.51963009499013,162.0799153249245,0.7571550156952558,0.5751756315634005,-143.56028522993438,0.1142623381673386,medium,weak α=1.5 (97% in first 3)
ar_sigma1.0_weak_sparse_a1.5,49,49,ar,100,500,1.0,3.0,weak_sparse,1.5,10,3,1.0,0.829919708757592,cocolasso_max,reweighted_max,5.886234594597019,5.139449942088738,3.4633611742680555,2.9727491528951617,19.8079553199932,164.45119576400612,0.7467846525082811,0.4906120213728937,-144.64324044401292,0.12044883728555182,medium,weak α=1.5 (97% in first 3)
ar_sigma1.0_weak_sparse_a1.5,50,50,ar,100,500,1.0,3.0,weak_sparse,1.5,10,3,1.0,0.829919708757592,cocolasso_max,reweighted_max,7.641077686688322,6.6235567409285965,4.823331326219498,4.024427310890871,17.74460899498081,258.5019764320459,1.0175209457597258,0.7989040153286275,-240.7573674370651,0.0686439973879482,medium,weak α=1.5 (97% in first 3)
ar_sigma1.0_weak_sparse_a1.5,51,51,ar,100,500,1.0,3.0,weak_sparse,1.5,10,3,1.0,0.829919708757592,cocolasso_max,reweighted_max,6.882743909489241,5.955320355805164,4.21532048850167,3.5025856341396477,16.99293289502384,259.6116582180839,0.9274235536840765,0.7127348543620227,-242.61872532306006,0.06545519955328476,medium,weak α=1.5 (97% in first 3)
ar_sigma1.0_weak_sparse_a1.5,52,52,ar,100,500,1.0,3.0,weak_sparse,1.5,10,3,1.0,0.829919708757592,cocolasso_max,reweighted_max,9.277448562517003,8.85657935933712,6.21835922080403,5.936799185825949,17.48191138304537,242.12687836005352,0.4208692031798833,0.2815600349780807,-224.64496697700815,0.07220144868447437,medium,weak α=1.5 (97% in first 3)
ar_sigma1.0_weak_sparse_a1.5,53,53,ar,100,500,1.0,3.0,weak_sparse,1.5,10,3,1.0,0.829919708757592,cocolasso_max,reweighted_max,5.597121357693612,4.066463476693439,3.179982730448051,2.084457491302308,17.083468098018784,239.61288454709572,1.530657881000173,1.0955252391457426,-222.52941644907693,0.07129611635997413,medium,weak α=1.5 (97% in first 3)
ar_sigma1.0_weak_sparse_a1.5,54,54,ar,100,500,1.0,3.0,weak_sparse,1.5,10,3,1.0,0.829919708757592,cocolasso_max,reweighted_max,6.531371727459152,5.744240221022998,3.912207443000591,3.315686830452341,17.08793382300064,314.5639805980027,0.7871315064361539,0.5965206125482498,-297.47604677500203,0.0543226016866762,medium,weak α=1.5 (97% in first 3)
ar_sigma1.0_weak_sparse_a1.5,55,55,ar,100,500,1.0,3.0,weak_sparse,1.5,10,3,1.0,0.829919708757592,cocolasso_max,reweighted_max,7.186101733315461,6.307391409031724,4.499878336627573,3.91713072629597,17.64061099605169,210.27688003098592,0.8787103242837366,0.5827476103316029,-192.63626903493423,0.08389229949318351,medium,weak α=1.5 (97% in first 3)
ar_sigma1.0_weak_sparse_a1.5,56,56,ar,100,500,1.0,3.0,weak_sparse,1.5,10,3,1.0,0.829919708757592,cocolasso_max,reweighted_max,6.190298957537255,4.8448883480909535,3.643530153854317,2.6388262140597427,17.1529330110061,259.53021964104846,1.3454106094463016,1.0047039397945743,-242.37728663004236,0.06609223787014094,medium,weak α=1.5 (97% in first 3)
ar_sigma1.0_weak_sparse_a1.5,57,57,ar,100,500,1.0,3.0,weak_sparse,1.5,10,3,1.0,0.829919708757592,cocolasso_max,reweighted_max,7.636393043575577,6.968001061137051,4.832588907399218,4.339101025139434,16.68092479900224,206.9578510809224,0.6683919824385258,0.49348788225978435,-190.27692628192017,0.0806005895010953,medium,weak α=1.5 (97% in first 3)
ar_sigma1.0_weak_sparse_a1.5,58,58,ar,100,500,1.0,3.0,weak_sparse,1.5,10,3,1.0,0.829919708757592,cocolasso_max,reweighted_max,7.147487839343137,6.543840180550228,4.445495119327758,4.02293630317985,16.551958916010335,222.00071300007403,0.6036476587929087,0.4225588161479079,-205.4487540840637,0.0745581340362849,medium,weak α=1.5 (97% in first 3)
ar_sigma1.0_weak_sparse_a1.5,59,59,ar,100,500,1.0,3.0,weak_sparse,1.5,10,3,1.0,0.829919708757592,cocolasso_max,reweighted_max,6.821676393816303,6.143004159430014,4.167899056492456,3.672768561156136,16.333118640002795,241.7103038940113,0.6786722343862888,0.4951304953363205,-225.3771852540085,0.06757311697876471,medium,weak α=1.5 (97% in first 3)
ar_sigma1.0_weak_sparse_a1.5,60,60,ar,100,500,1.0,3.0,weak_sparse,1.5,10,3,1.0,0.829919708757592,cocolasso_max,reweighted_max,7.08808235192591,6.257255770120064,4.370766916648635,3.7205405010255617,16.502991001005284,254.41039316519164,0.8308265818058453,0.6502264156230733,-237.90740216418635,0.0648675975681925,medium,weak α=1.5 (97% in first 3)
ar_sigma1.0_weak_sparse_a1.5,61,61,ar,100,500,1.0,3.0,weak_sparse,1.5,10,3,1.0,0.829919708757592,cocolasso_max,reweighted_max,8.306785148860502,7.550886606060606,5.342416752248603,4.69940276277629,16.92015669803368,206.16092280112207,0.7558985427998959,0.6430139894723128,-189.2407661030884,0.08207256966130339,medium,weak α=1.5 (97% in first 3)
ar_sigma1.0_weak_sparse_a1.5,62,62,ar,100,500,1.0,3.0,weak_sparse,1.5,10,3,1.0,0.829919708757592,cocolasso_max,reweighted_max,4.593930744242608,3.299651477292537,2.482134910538755,1.6271800475931155,17.90936515899375,219.28044709400277,1.2942792669500713,0.8549548629456394,-201.37108193500902,0.08167333383498726,medium,weak α=1.5 (97% in first 3)
ar_sigma1.0_weak_sparse_a1.5,63,63,ar,100,500,1.0,3.0,weak_sparse,1.5,10,3,1.0,0.829919708757592,cocolasso_max,reweighted_max,5.4348601761987325,3.7190795235330154,3.057629404689007,1.8219135357787164,16.959175554977264,253.1674442789517,1.715780652665717,1.2357158689102907,-236.20826872397444,0.06698797945082881,medium,weak α=1.5 (97% in first 3)
ar_sigma1.0_weak_sparse_a1.5,64,64,ar,100,500,1.0,3.0,weak_sparse,1.5,10,3,1.0,0.829919708757592,cocolasso_max,reweighted_max,9.166718863682403,9.372207183050971,6.148115696514878,6.402808544701384,17.73001746396767,183.24499858682972,-0.20548831936856793,-0.2546928481865054,-165.51498112286205,0.09675580561925345,medium,weak α=1.5 (97% in first 3)
ar_sigma1.0_weak_sparse_a1.5,65,65,ar,100,500,1.0,3.0,weak_sparse,1.5,10,3,1.0,0.829919708757592,cocolasso_max,reweighted_max,4.693637438667992,3.461044028004286,2.4545922028543075,1.581487855095163,17.234514865034726,221.46324187610296,1.2325934106637066,0.8731043477591445,-204.22872701106823,0.07782110800435466,medium,weak α=1.5 (97% in first 3)
ar_sigma1.0_weak_sparse_a1.5,66,66,ar,100,500,1.0,3.0,weak_sparse,1.5,10,3,1.0,0.829919708757592,cocolasso_max,reweighted_max,7.22916635135897,6.6669509024432205,4.529044760352334,4.112844530699434,18.108829443983268,221.6162016559392,0.5622154489157491,0.41620022965290016,-203.50737221195592,0.08171257023932466,medium,weak α=1.5 (97% in first 3)
ar_sigma1.0_weak_sparse_a1.5,67,67,ar,100,500,1.0,3.0,weak_sparse,1.5,10,3,1.0,0.829919708757592,cocolasso_max,reweighted_max,9.561173554254824,9.153027362341824,6.4020667716492605,6.066692326579389,17.00677406700561,222.90875044488348,0.4081461919129996,0.33537444506987146,-205.90197637787787,0.07629477996293695,medium,weak α=1.5 (97% in first 3)
ar_sigma1.0_weak_sparse_a1.5,68,68,ar,100,500,1.0,3.0,weak_sparse,1.5,10,3,1.0,0.829919708757592,cocolasso_max,reweighted_max,7.00101516502979,6.193746421620856,4.308876320421882,3.6787834855492414,17.012803165998776,217.50300315604545,0.8072687434089332,0.6300928348726402,-200.49019999004668,0.07821870465757709,medium,weak α=1.5 (97% in first 3)
ar_sigma1.0_weak_sparse_a1.5,69,69,ar,100,500,1.0,3.0,weak_sparse,1.5,10,3,1.0,0.829919708757592,cocolasso_max,reweighted_max,7.665512839904018,7.21421980656307,4.867763646590806,4.542800424889978,17.409651727997698,200.9795477290172,0.4512930333409484,0.3249632217008278,-183.56989600101952,0.08662399694257104,medium,weak α=1.5 (97% in first 3)
ar_sigma1.0_weak_sparse_a1.5,70,70,ar,100,500,1.0,3.0,weak_sparse,1.5,10,3,1.0,0.829919708757592,cocolasso_max,reweighted_max,7.002417067753563,5.9587600938282375,4.308843581479561,3.505874762228025,17.487691008020192,195.09788687201217,1.0436569739253256,0.8029688192515358,-177.61019586399198,0.08963547113912332,medium,weak α=1.5 (97% in first 3)
ar_sigma1.0_weak_sparse_a1.5,71,71,ar,100,500,1.0,3.0,weak_sparse,1.5,10,3,1.0,0.829919708757592,cocolasso_max,reweighted_max,6.638087592349568,5.968725912063971,4.212855145603475,3.837067249238353,17.047040159988683,213.84950088406916,0.6693616802855971,0.37578789636512244,-196.80246072408048,0.07971512717829594,medium,weak α=1.5 (97% in first 3)
ar_sigma1.0_weak_sparse_a1.5,72,72,ar,100,500,1.0,3.0,weak_sparse,1.5,10,3,1.0,0.829919708757592,cocolasso_max,reweighted_max,10.402047062449093,10.712519077364847,7.154648644958599,7.46455073099353,16.89541666797595,211.45148668508045,-0.3104720149157547,-0.3099020860349304,-194.5560700171045,0.07990209448438962,medium,weak α=1.5 (97% in first 3)
ar_sigma1.0_weak_sparse_a1.5,73,73,ar,100,500,1.0,3.0,weak_sparse,1.5,10,3,1.0,0.829919708757592,cocolasso_max,reweighted_max,7.680280974090627,6.641553472672513,4.829351647550118,3.9887618952241137,16.617125325952657,233.8709528748877,1.0387275014181139,0.8405897523260046,-217.25382754893505,0.07105254039325783,medium,weak α=1.5 (97% in first 3)
ar_sigma1.0_weak_sparse_a1.5,74,74,ar,100,500,1.0,3.0,weak_sparse,1.5,10,3,1.0,0.829919708757592,cocolasso_max,reweighted_max,4.125751676353834,2.803530936498737,2.056945979170269,1.2347902793786374,16.950139280001167,213.7570539608132,1.3222207398550974,0.8221556997916317,-196.80691468081204,0.07929628036092103,medium,weak α=1.5 (97% in first 3)
ar_sigma1.0_weak_sparse_a1.5,75,75,ar,100,500,1.0,3.0,weak_sparse,1.5,10,3,1.0,0.829919708757592,cocolasso_max,reweighted_max,6.09201345761834,4.95470778095691,3.6353846846480726,2.8525026521185723,16.69709743798012,193.45147141697817,1.1373056766614305,0.7828820325295003,-176.75437397899805,0.08631155563552208,medium,weak α=1.5 (97% in first 3)
ar_sigma1.0_weak_sparse_a1.5,76,76,ar,100,500,1.0,3.0,weak_sparse,1.5,10,3,1.0,0.829919708757592,cocolasso_max,reweighted_max,4.0637821844832045,2.298200541509964,1.9780694955958944,0.8911904069359702,17.38226018595742,1588.7402391679352,1.7655816429732405,1.0868790886599242,-1571.3579789819778,0.010940907618139617,medium,weak α=1.5 (97% in first 3)
ar_sigma1.0_weak_sparse_a1.5,77,77,ar,100,500,1.0,3.0,weak_sparse,1.5,10,3,1.0,0.829919708757592,cocolasso_max,reweighted_max,6.7620743129766,5.8537762186058,4.137133041079207,3.4573732419539653,18.953869630000558,199.2291513440432,0.9082980943708003,0.6797597991252418,-180.27528171404265,0.09513602553709449,medium,weak α=1.5 (97% in first 3)
ar_sigma1.0_weak_sparse_a1.5,78,78,ar,100,500,1.0,3.0,weak_sparse,1.5,10,3,1.0,0.829919708757592,cocolasso_max,reweighted_max,7.637383939666661,6.936479774305145,4.919462930174741,4.405803418420664,17.648400646983646,197.82073809101712,0.700904165361516,0.513659511754077,-180.17233744403347,0.08921410776894198,medium,weak α=1.5 (97% in first 3)
ar_sigma1.0_weak_sparse_a1.5,79,79,ar,100,500,1.0,3.0,weak_sparse,1.5,10,3,1.0,0.829919708757592,cocolasso_max,reweighted_max,7.443552868893439,6.4969476287100365,4.691112499586287,3.967632823366204,17.554004006029572,199.18293360702228,0.9466052401834029,0.7234796762200832,-181.6289296009927,0.0881300605837181,medium,weak α=1.5 (97% in first 3)
ar_sigma1.0_weak_sparse_a1.5,80,80,ar,100,500,1.0,3.0,weak_sparse,1.5,10,3,1.0,0.829919708757592,cocolasso_max,reweighted_max,4.590854641706246,3.3441944471981104,2.440100198784881,1.647002592643243,18.55723948602099,214.64878753898665,1.2466601945081353,0.7930976061416382,-196.09154805296566,0.08645396835819741,medium,weak α=1.5 (97% in first 3)
ar_sigma1.0_weak_sparse_a1.5,81,81,ar,100,500,1.0,3.0,weak_sparse,1.5,10,3,1.0,0.829919708757592,cocolasso_max,reweighted_max,8.39665251480001,8.087866566406609,5.506804538033164,5.315217459234789,17.77149554603966,215.26009210699704,0.30878594839340145,0.19158707879837422,-197.48859656095738,0.08255824557208762,medium,weak α=1.5 (97% in first 3)
ar_sigma1.0_weak_sparse_a1.5,82,82,ar,100,500,1.0,3.0,weak_sparse,1.5,10,3,1.0,0.829919708757592,cocolasso_max,reweighted_max,7.849859483721388,7.060270782806601,4.969985662378587,4.329209083092579,18.048502944991924,247.11252224701457,0.7895887009147868,0.6407765792860083,-229.06401930202264,0.07303758943850922,medium,weak α=1.5 (97% in first 3)
ar_sigma1.0_weak_sparse_a1.5,83,83,ar,100,500,1.0,3.0,weak_sparse,1.5,10,3,1.0,0.829919708757592,cocolasso_max,reweighted_max,8.579227879789245,8.024084279520386,5.643406243760836,5.230744055173044,19.415153381007254,199.03693551197648,0.5551436002688597,0.4126621885877917,-179.62178213096922,0.09754547984305659,medium,weak α=1.5 (97% in first 3)
ar_sigma1.0_weak_sparse_a1.5,84,84,ar,100,500,1.0,3.0,weak_sparse,1.5,10,3,1.0,0.829919708757592,cocolasso_max,reweighted_max,7.513571815578389,6.796484143586415,4.812106099384935,4.276917826345087,19.285218199016526,213.69454405806027,0.7170876719919734,0.5351882730398483,-194.40932585904375,0.09024665690003195,medium,weak α=1.5 (97% in first 3)
ar_sigma1.0_weak_sparse_a1.5,85,85,ar,100,500,1.0,3.0,weak_sparse,1.5,10,3,1.0,0.829919708757592,cocolasso_max,reweighted_max,8.925749132044896,8.4778612241285,5.96020018127911,5.645958861576453,19.663955950993117,199.10473568399905,0.447887907916396,0.31424131970265723,-179.44077973300594,0.09876186964333164,medium,weak α=1.5 (97% in first 3)
ar_sigma1.0_weak_sparse_a1.5,86,86,ar,100,500,1.0,3.0,weak_sparse,1.5,10,3,1.0,0.829919708757592,cocolasso_max,reweighted_max,5.727172100407175,5.133036084199237,3.293516694264208,2.8664830359711844,19.914649897022173,278.3145985750016,0.5941360162079388,0.4270336582930234,-258.3999486779794,0.0715544567154837,medium,weak α=1.5 (97% in first 3)
ar_sigma1.0_weak_sparse_a1.5,87,87,ar,100,500,1.0,3.0,weak_sparse,1.5,10,3,1.0,0.829919708757592,cocolasso_max,reweighted_max,5.401429881737369,3.645400899563235,3.0098987353115927,1.722402347275232,17.434878535976168,215.3496431260137,1.7560289821741337,1.2874963880363608,-197.91476459003752,0.08096079604726347,medium,weak α=1.5 (97% in first 3)
ar_sigma1.0_weak_sparse_a1.5,88,88,ar,100,500,1.0,3.0,weak_sparse,1.5,10,3,1.0,0.829919708757592,cocolasso_max,reweighted_max,9.928619022030484,9.677715615852932,6.722683473101206,6.529279334453204,16.351596124994103,197.88561905303504,0.25090340617755125,0.19340413864800254,-181.53402292804094,0.08263155353705483,medium,weak α=1.5 (97% in first 3)
ar_sigma1.0_weak_sparse_a1.5,89,89,ar,100,500,1.0,3.0,weak_sparse,1.5,10,3,1.0,0.829919708757592,cocolasso_max,reweighted_max,5.605347563561487,4.740006577410743,3.172016079806076,2.5370233968295564,16.63862327201059,248.4167298710672,0.865340986150744,0.6349926829765198,-231.7781065990566,0.06697867442601929,medium,weak α=1.5 (97% in first 3)
ar_sigma1.0_weak_sparse_a1.5,90,90,ar,100,500,1.0,3.0,weak_sparse,1.5,10,3,1.0,0.829919708757592,cocolasso_max,reweighted_max,8.484564168403967,8.257685585508488,5.57795188915566,5.449973042955452,16.69207995402394,182.5862414240837,0.2268785828954787,0.12797884620020827,-165.89416147005977,0.09142025063791143,medium,weak α=1.5 (97% in first 3)
ar_sigma1.0_weak_sparse_a1.5,91,91,ar,100,500,1.0,3.0,weak_sparse,1.5,10,3,1.0,0.829919708757592,cocolasso_max,reweighted_max,8.31015076015433,7.814615287937049,5.399911098464175,5.017008953519111,16.83899252396077,217.4710446490208,0.49553547221728156,0.3829021449450636,-200.63205212506003,0.07743096351579783,medium,weak α=1.5 (97% in first 3)
ar_sigma1.0_weak_sparse_a1.5,92,92,ar,100,500,1.0,3.0,weak_sparse,1.5,10,3,1.0,0.829919708757592,cocolasso_max,reweighted_max,7.580492763196763,6.942166632464332,4.845597013782264,4.3972426350471725,16.77578809094848,214.2739922910696,0.6383261307324313,0.44835437873509143,-197.4982042001211,0.07829129383168568,medium,weak α=1.5 (97% in first 3)
ar_sigma1.0_weak_sparse_a1.5,93,93,ar,100,500,1.0,3.0,weak_sparse,1.5,10,3,1.0,0.829919708757592,cocolasso_max,reweighted_max,7.517513807346624,6.856597208757978,4.713446790307969,4.190403252136637,16.609834635979496,230.654441184015,0.6609165985886465,0.5230435381713319,-214.04460654803552,0.07201177029462984,medium,weak α=1.5 (97% in first 3)
ar_sigma1.0_weak_sparse_a1.5,94,94,ar,100,500,1.0,3.0,weak_sparse,1.5,10,3,1.0,0.829919708757592,cocolasso_max,reweighted_max,8.213750977313532,7.430945000859623,5.3220835441247,4.719610437446746,17.287184890010394,197.43861781805757,0.7828059764539095,0.6024731066779543,-180.15143292804717,0.08755726251052251,medium,weak α=1.5 (97% in first 3)
ar_sigma1.0_weak_sparse_a1.5,95,95,ar,100,500,1.0,3.0,weak_sparse,1.5,10,3,1.0,0.829919708757592,cocolasso_max,reweighted_max,6.097079240068147,5.183199961356804,3.562985225197051,2.8775661802438908,16.644382538972422,231.9372641429072,0.9138792787113426,0.6854190449531603,-215.29288160393477,0.07176243369291903,medium,weak α=1.5 (97% in first 3)
ar_sigma1.0_weak_sparse_a1.5,96,96,ar,100,500,1.0,3.0,weak_sparse,1.5,10,3,1.0,0.829919708757592,cocolasso_max,reweighted_max,5.332596032612118,4.499679854444087,2.987028400719717,2.4063569847189625,17.112915251986124,246.89945266698487,0.8329161781680314,0.5806714160007544,-229.78653741499875,0.06931127253274161,medium,weak α=1.5 (97% in first 3)
ar_sigma1.0_weak_sparse_a1.5,97,97,ar,100,500,1.0,3.0,weak_sparse,1.5,10,3,1.0,0.829919708757592,cocolasso_max,reweighted_max,8.484909714669268,7.757524905404847,5.532468843352905,4.971558812839151,18.235693520051427,215.64357192406897,0.7273848092644206,0.560910030513754,-197.40787840401754,0.08456404870937893,medium,weak α=1.5 (97% in first 3)
ar_sigma1.0_weak_sparse_a1.5,98,98,ar,100,500,1.0,3.0,weak_sparse,1.5,10,3,1.0,0.829919708757592,cocolasso_max,reweighted_max,6.509715437969335,5.6561141877395205,3.950196337595276,3.3437910505187154,18.41632835305063,197.69881596998312,0.8536012502298149,0.6064052870765608,-179.28248761693249,0.09315345801487657,medium,weak α=1.5 (97% in first 3)
ar_sigma1.0_weak_sparse_a1.5,99,99,ar,100,500,1.0,3.0,weak_sparse,1.5,10,3,1.0,0.829919708757592,cocolasso_max,reweighted_max,7.026560898595562,6.486255139359335,4.362193292065481,3.981658925209209,17.74308754899539,216.0264724700246,0.5403057592362277,0.3805343668562715,-198.2833849210292,0.0821338576986549,medium,weak α=1.5 (97% in first 3)
ar_sigma1.0_weak_sparse_a2.0,25,25,ar,100,500,1.0,3.0,weak_sparse,2.0,10,3,1.0,0.8450879387313909,cocolasso_max,reweighted_max,4.120199559712257,3.1574113823003325,2.7251110407425663,1.954253910441004,15.641835559974425,259.1711724000052,0.9627881774119249,0.7708571303015623,-243.5293368400308,0.0603533001572906,medium,weak α=2.0 (99% in first 3)
ar_sigma1.0_weak_sparse_a2.0,26,26,ar,100,500,1.0,3.0,weak_sparse,2.0,10,3,1.0,0.8450879387313909,cocolasso_max,reweighted_max,4.072118211296265,2.956778781399599,2.737477851504103,1.8863099078955208,15.442812772002071,207.2698714840226,1.1153394298966655,0.8511679436085822,-191.82705871202052,0.074505824997303,medium,weak α=2.0 (99% in first 3)
ar_sigma1.0_weak_sparse_a2.0,27,27,ar,100,500,1.0,3.0,weak_sparse,2.0,10,3,1.0,0.8450879387313909,cocolasso_max,reweighted_max,5.75083976403719,4.736322558158036,4.162433892519412,3.3262042516823227,15.633569181023631,224.91566990991123,1.0145172058791543,0.8362296408370895,-209.2821007288876,0.06950858153762952,medium,weak α=2.0 (99% in first 3)
ar_sigma1.0_weak_sparse_a2.0,28,28,ar,100,500,1.0,3.0,weak_sparse,2.0,10,3,1.0,0.8450879387313909,cocolasso_max,reweighted_max,6.138902301666231,5.341061885351726,4.4347522758511095,3.757483984640293,16.213389293989167,344.5117097320035,0.7978404163145054,0.6772682912108166,-328.29832043801434,0.04706193965540852,medium,weak α=2.0 (99% in first 3)
ar_sigma1.0_weak_sparse_a2.0,29,29,ar,100,500,1.0,3.0,weak_sparse,2.0,10,3,1.0,0.8450879387313909,cocolasso_max,reweighted_max,5.641463813443255,4.936259003463245,4.022270835675165,3.4434149919198043,16.37913795997156,225.08088048780337,0.7052048099800095,0.578855843755361,-208.7017425278318,0.07277001016023263,medium,weak α=2.0 (99% in first 3)
ar_sigma1.0_weak_sparse_a2.0,30,30,ar,100,500,1.0,3.0,weak_sparse,2.0,10,3,1.0,0.8450879387313909,cocolasso_max,reweighted_max,7.155312099120939,6.581318273432001,5.389896723290649,4.933263694115408,16.241311939025763,207.47767046908848,0.5739938256889383,0.45663302917524096,-191.23635853006272,0.078279806700671,medium,weak α=2.0 (99% in first 3)
ar_sigma1.0_weak_sparse_a2.0,31,31,ar,100,500,1.0,3.0,weak_sparse,2.0,10,3,1.0,0.8450879387313909,cocolasso_max,reweighted_max,4.684762168437826,3.613627170010535,3.213436811366567,2.349123893505041,16.29526097298367,208.57286419393492,1.0711349984272904,0.8643129178615259,-192.27760322095125,0.0781274258085272,medium,weak α=2.0 (99% in first 3)
ar_sigma1.0_weak_sparse_a2.0,32,32,ar,100,500,1.0,3.0,weak_sparse,2.0,10,3,1.0,0.8450879387313909,cocolasso_max,reweighted_max,6.585610991056197,5.820596625121051,4.98591782622581,4.38991204809421,16.312093765998725,241.01888688094917,0.765014365935146,0.5960057781315999,-224.70679311495044,0.06767973239398477,medium,weak α=2.0 (99% in first 3)
ar_sigma1.0_weak_sparse_a2.0,33,33,ar,100,500,1.0,3.0,weak_sparse,2.0,10,3,1.0,0.8450879387313909,cocolasso_max,reweighted_max,4.78466780051826,4.292130179945294,3.322424119304084,2.9851829076768825,18.711437261954416,221.68128124508075,0.4925376205729659,0.33724121162720166,-202.96984398312634,0.08440693394075029,medium,weak α=2.0 (99% in first 3)
ar_sigma1.0_weak_sparse_a2.0,34,34,ar,100,500,1.0,3.0,weak_sparse,2.0,10,3,1.0,0.8450879387313909,cocolasso_max,reweighted_max,5.24907855716491,4.459965921240501,3.708668220748777,3.061380320312297,16.71936700597871,203.4424590219278,0.7891126359244085,0.64728790043648,-186.72309201594908,0.08218228921513691,medium,weak α=2.0 (99% in first 3)
ar_sigma1.0_weak_sparse_a2.0,35,35,ar,100,500,1.0,3.0,weak_sparse,2.0,10,3,1.0,0.8450879387313909,cocolasso_max,reweighted_max,4.931012292487182,4.205999362843861,3.4079883734546046,2.8176834044203702,16.496220970992,221.00045490893532,0.725012929643321,0.5903049690342344,-204.50423393794333,0.07464338015860363,medium,weak α=2.0 (99% in first 3)
ar_sigma1.0_weak_sparse_a2.0,36,36,ar,100,500,1.0,3.0,weak_sparse,2.0,10,3,1.0,0.8450879387313909,cocolasso_max,reweighted_max,8.853894079345643,8.986952499187359,5.9748028054899605,5.896156690822665,16.58654283103533,203.60088306991383,-0.1330584198417153,0.07864611466729521,-187.0143402388785,0.0814659670475974,medium,weak α=2.0 (99% in first 3)
ar_sigma1.0_weak_sparse_a2.0,37,37,ar,100,500,1.0,3.0,weak_sparse,2.0,10,3,1.0,0.8450879387313909,cocolasso_max,reweighted_max,6.068024919680281,4.877187649390237,4.402070219564327,3.4051754680802557,17.31162466702517,204.37357513583265,1.1908372702900438,0.9968947514840711,-187.06195046880748,0.08470578770038817,medium,weak α=2.0 (99% in first 3)
ar_sigma1.0_weak_sparse_a2.0,38,38,ar,100,500,1.0,3.0,weak_sparse,2.0,10,3,1.0,0.8450879387313909,cocolasso_max,reweighted_max,5.5743519744836,4.266636376128816,4.017633735489903,2.963821483370972,17.01779557997361,221.5633476160001,1.3077155983547835,1.0538122521189308,-204.5455520360265,0.0768078103309208,medium,weak α=2.0 (99% in first 3)
ar_sigma1.0_weak_sparse_a2.0,39,39,ar,100,500,1.0,3.0,weak_sparse,2.0,10,3,1.0,0.8450879387313909,cocolasso_max,reweighted_max,5.581156866986586,3.8963414437720574,3.977068216620841,2.5864080679741277,16.276068117003888,207.18075343198143,1.6848154232145283,1.3906601486467132,-190.90468531497754,0.07855974962629629,medium,weak α=2.0 (99% in first 3)
ar_sigma1.0_weak_sparse_a2.0,40,40,ar,100,500,1.0,3.0,weak_sparse,2.0,10,3,1.0,0.8450879387313909,cocolasso_max,reweighted_max,5.578591305594204,4.604975722857295,3.990665132939189,3.20853153786862,18.949719814991116,206.10018805298023,0.9736155827369082,0.7821335950705688,-187.15046823798912,0.09194421409319574,medium,weak α=2.0 (99% in first 3)
ar_sigma1.0_weak_sparse_a2.0,41,41,ar,100,500,1.0,3.0,weak_sparse,2.0,10,3,1.0,0.8450879387313909,cocolasso_max,reweighted_max,4.7630246388766695,3.549921759816266,3.266874017202882,2.2859580759711045,16.421574587002397,223.78744728397575,1.2131028790604037,0.9809159412317774,-207.36587269697336,0.07338023104649025,medium,weak α=2.0 (99% in first 3)
ar_sigma1.0_weak_sparse_a2.0,42,42,ar,100,500,1.0,3.0,weak_sparse,2.0,10,3,1.0,0.8450879387313909,cocolasso_max,reweighted_max,8.601715550842844,8.366921007705942,6.640727868212357,6.465424602995257,17.21061190101318,205.7349586521741,0.23479454313690162,0.17530326521710027,-188.52434675116092,0.08365429003298515,medium,weak α=2.0 (99% in first 3)
ar_sigma1.0_weak_sparse_a2.0,43,43,ar,100,500,1.0,3.0,weak_sparse,2.0,10,3,1.0,0.8450879387313909,cocolasso_max,reweighted_max,5.572951073697584,4.588680638453119,3.714249192921525,2.94078182300862,17.138824121968355,241.54590546013787,0.9842704352444649,0.7734673699129053,-224.40708133816952,0.07095472841619649,medium,weak α=2.0 (99% in first 3)
ar_sigma1.0_weak_sparse_a2.0,44,44,ar,100,500,1.0,3.0,weak_sparse,2.0,10,3,1.0,0.8450879387313909,cocolasso_max,reweighted_max,4.74252685363454,3.6672219892044007,3.261949304556378,2.3900074549092705,17.45517774298787,239.8843318358995,1.075304864430139,0.8719418496471074,-222.42915409291163,0.07276497639257506,medium,weak α=2.0 (99% in first 3)
ar_sigma1.0_weak_sparse_a2.0,45,45,ar,100,500,1.0,3.0,weak_sparse,2.0,10,3,1.0,0.8450879387313909,cocolasso_max,reweighted_max,6.56098697512904,5.572050169803616,4.816848333925799,3.981524241419477,18.294633471989076,222.2030721521005,0.9889368053254248,0.8353240925063221,-203.90843868011143,0.08233294569152579,medium,weak α=2.0 (99% in first 3)
ar_sigma1.0_weak_sparse_a2.0,46,46,ar,100,500,1.0,3.0,weak_sparse,2.0,10,3,1.0,0.8450879387313909,cocolasso_max,reweighted_max,2.539083005636584,1.5354362562899129,1.5486245919292585,1.0485926279015472,17.33803738298593,204.0528964411933,1.003646749346671,0.5000319640277113,-186.71485905820737,0.08496834735194576,medium,weak α=2.0 (99% in first 3)
ar_sigma1.0_weak_sparse_a2.0,47,47,ar,100,500,1.0,3.0,weak_sparse,2.0,10,3,1.0,0.8450879387313909,cocolasso_max,reweighted_max,4.429889655462509,3.5835677575260507,2.9856049635235498,2.3108008357543524,17.413423635996878,239.338490328053,0.8463218979364586,0.6748041277691974,-221.92506669205613,0.0727564697685228,medium,weak α=2.0 (99% in first 3)
ar_sigma1.0_weak_sparse_a2.0,48,48,ar,100,500,1.0,3.0,weak_sparse,2.0,10,3,1.0,0.8450879387313909,cocolasso_max,reweighted_max,6.553106114070093,5.529222338118532,4.814010140476482,3.956750245948895,16.929704862996005,203.44286485388875,1.0238837759515604,0.8572598945275867,-186.51315999089275,0.08321601681707934,medium,weak α=2.0 (99% in first 3)
ar_sigma1.0_weak_sparse_a2.0,49,49,ar,100,500,1.0,3.0,weak_sparse,2.0,10,3,1.0,0.8450879387313909,cocolasso_max,reweighted_max,4.483975826946422,3.694849882783375,3.080993803661668,2.506943806943232,17.24442815000657,220.3720390601084,0.7891259441630467,0.5740499967184363,-203.12761091010182,0.07825143436324515,medium,weak α=2.0 (99% in first 3)
ar_sigma1.0_weak_sparse_a2.0,50,50,ar,100,500,1.0,3.0,weak_sparse,2.0,10,3,1.0,0.8450879387313909,cocolasso_max,reweighted_max,6.339496874802665,5.262497638649828,4.630901123568254,3.729842510257112,17.388025888998527,234.09905643598177,1.0769992361528375,0.9010586133111418,-216.71103054698324,0.07427636041648707,medium,weak α=2.0 (99% in first 3)
ar_sigma1.0_weak_sparse_a2.0,51,51,ar,100,500,1.0,3.0,weak_sparse,2.0,10,3,1.0,0.8450879387313909,cocolasso_max,reweighted_max,5.538814383622855,4.536220830172489,3.940545960824286,3.107967480945181,17.84946089697769,191.66681081801653,1.0025935534503656,0.8325784798791052,-173.81734992103884,0.0931275520305149,medium,weak α=2.0 (99% in first 3)
ar_sigma1.0_weak_sparse_a2.0,52,52,ar,100,500,1.0,3.0,weak_sparse,2.0,10,3,1.0,0.8450879387313909,cocolasso_max,reweighted_max,7.732188137895632,7.22256425532912,5.873260838296425,5.494446066682881,16.661924134008586,216.13583137799287,0.5096238825665118,0.37881477161354393,-199.47390724398429,0.07709005965266857,medium,weak α=2.0 (99% in first 3)
ar_sigma1.0_weak_sparse_a2.0,53,53,ar,100,500,1.0,3.0,weak_sparse,2.0,10,3,1.0,0.8450879387313909,cocolasso_max,reweighted_max,4.253263342483153,2.752573883597824,2.847197497992787,1.669506174396627,17.235175716981757,216.53499033098345,1.5006894588853292,1.17769132359616,-199.2998146140017,0.07959533787420231,medium,weak α=2.0 (99% in first 3)
ar_sigma1.0_weak_sparse_a2.0,54,54,ar,100,500,1.0,3.0,weak_sparse,2.0,10,3,1.0,0.8450879387313909,cocolasso_max,reweighted_max,5.251311026474849,4.467337652949139,3.6868815113622015,3.049293142611184,16.84693719900679,266.6470898470143,0.7839733735257104,0.6375883687510178,-249.8001526480075,0.06318065278219434,medium,weak α=2.0 (99% in first 3)
ar_sigma1.0_weak_sparse_a2.0,55,55,ar,100,500,1.0,3.0,weak_sparse,2.0,10,3,1.0,0.8450879387313909,cocolasso_max,reweighted_max,5.888693143773266,4.980406358439317,4.146589940015894,3.4598553662504083,18.2119539710111,196.91830123000543,0.9082867853339494,0.6867345737654857,-178.70634725899433,0.09248482166083226,medium,weak α=2.0 (99% in first 3)
ar_sigma1.0_weak_sparse_a2.0,56,56,ar,100,500,1.0,3.0,weak_sparse,2.0,10,3,1.0,0.8450879387313909,cocolasso_max,reweighted_max,4.806089717471888,3.4173529275551644,3.302480043158912,2.181549332343274,16.749914714950137,200.06788174103716,1.3887367899167238,1.1209307108156379,-183.31796702608702,0.0837211578849563,medium,weak α=2.0 (99% in first 3)
ar_sigma1.0_weak_sparse_a2.0,57,57,ar,100,500,1.0,3.0,weak_sparse,2.0,10,3,1.0,0.8450879387313909,cocolasso_max,reweighted_max,6.268817740903092,5.56726865319371,4.5916752676196655,4.040885597927241,16.440337912004907,228.92454365902813,0.701549087709382,0.5507896696924242,-212.48420574702322,0.07181553209293269,medium,weak α=2.0 (99% in first 3)
ar_sigma1.0_weak_sparse_a2.0,58,58,ar,100,500,1.0,3.0,weak_sparse,2.0,10,3,1.0,0.8450879387313909,cocolasso_max,reweighted_max,5.6674156909339,4.954493491934936,4.062427032850918,3.4972170074053808,16.605753779003862,191.1585437330068,0.7129221989989647,0.5652100254455372,-174.55278995400295,0.08686901173612882,medium,weak α=2.0 (99% in first 3)
ar_sigma1.0_weak_sparse_a2.0,59,59,ar,100,500,1.0,3.0,weak_sparse,2.0,10,3,1.0,0.8450879387313909,cocolasso_max,reweighted_max,5.49093399124322,4.766509283526498,3.903813086885459,3.323461984277344,16.81441688997438,267.9744439200149,0.7244247077167216,0.5803511026081147,-251.1600270300405,0.0627463449275527,medium,weak α=2.0 (99% in first 3)
ar_sigma1.0_weak_sparse_a2.0,60,60,ar,100,500,1.0,3.0,weak_sparse,2.0,10,3,1.0,0.8450879387313909,cocolasso_max,reweighted_max,5.627799025963173,4.736573414103188,4.007819060136281,3.260284511243477,16.92467163898982,207.00148109300065,0.8912256118599853,0.7475345488928045,-190.07680945401083,0.08176111373515238,medium,weak α=2.0 (99% in first 3)
ar_sigma1.0_weak_sparse_a2.0,61,61,ar,100,500,1.0,3.0,weak_sparse,2.0,10,3,1.0,0.8450879387313909,cocolasso_max,reweighted_max,6.838063396797794,6.095112430034625,4.999033600287916,4.302314362823583,16.9147072120104,185.73002563300545,0.7429509667631686,0.6967192374643334,-168.81531842099506,0.09107147406221293,medium,weak α=2.0 (99% in first 3)
ar_sigma1.0_weak_sparse_a2.0,62,62,ar,100,500,1.0,3.0,weak_sparse,2.0,10,3,1.0,0.8450879387313909,cocolasso_max,reweighted_max,3.449327691219405,2.106807378160698,2.21270704064359,1.253832102217774,16.930739026982337,1531.8867586799895,1.342520313058707,0.9588749384258157,-1514.9560196530072,0.011052213181587505,medium,weak α=2.0 (99% in first 3)
ar_sigma1.0_weak_sparse_a2.0,63,63,ar,100,500,1.0,3.0,weak_sparse,2.0,10,3,1.0,0.8450879387313909,cocolasso_max,reweighted_max,4.246199115451794,2.5502224996449154,2.838195524285499,1.5055653310150168,16.923012853018008,198.99892997799907,1.6959766158068783,1.332630193270482,-182.07591712498106,0.08504072285659517,medium,weak α=2.0 (99% in first 3)
ar_sigma1.0_weak_sparse_a2.0,64,64,ar,100,500,1.0,3.0,weak_sparse,2.0,10,3,1.0,0.8450879387313909,cocolasso_max,reweighted_max,7.649429466309661,7.710232923986115,5.805286347999207,5.9175072948065655,16.37507117498899,182.16962844796944,-0.06080345767645401,-0.1122209468073585,-165.79455727298046,0.08988913966888817,medium,weak α=2.0 (99% in first 3)
ar_sigma1.0_weak_sparse_a2.0,65,65,ar,100,500,1.0,3.0,weak_sparse,2.0,10,3,1.0,0.8450879387313909,cocolasso_max,reweighted_max,3.340238161449617,2.134665650012877,2.07412842899104,1.14954923209988,17.413315543963108,221.3761043819832,1.2055725114367402,0.9245791968911601,-203.9627888380201,0.07865941806400446,medium,weak α=2.0 (99% in first 3)
ar_sigma1.0_weak_sparse_a2.0,66,66,ar,100,500,1.0,3.0,weak_sparse,2.0,10,3,1.0,0.8450879387313909,cocolasso_max,reweighted_max,5.90933950968572,5.252916676321628,4.273461110196749,3.7329006884791576,17.328783197968733,214.22460671397857,0.6564228333640925,0.5405604217175912,-196.89582351600984,0.08089072242342922,medium,weak α=2.0 (99% in first 3)
ar_sigma1.0_weak_sparse_a2.0,67,67,ar,100,500,1.0,3.0,weak_sparse,2.0,10,3,1.0,0.8450879387313909,cocolasso_max,reweighted_max,8.015547697718134,7.427915604536325,6.074272283750835,5.565638452405065,16.94382568198489,198.92717551998797,0.5876320931818091,0.5086338313457697,-181.98334983800308,0.08517602302297,medium,weak α=2.0 (99% in first 3)
ar_sigma1.0_weak_sparse_a2.0,68,68,ar,100,500,1.0,3.0,weak_sparse,2.0,10,3,1.0,0.8450879387313909,cocolasso_max,reweighted_max,5.9259722777565065,5.087449296655747,4.267196501956501,3.563041760140592,16.9679403899936,227.49136963498316,0.8385229811007591,0.7041547418159086,-210.52342924498956,0.07458718287739521,medium,weak α=2.0 (99% in first 3)
ar_sigma1.0_weak_sparse_a2.0,69,69,ar,100,500,1.0,3.0,weak_sparse,2.0,10,3,1.0,0.8450879387313909,cocolasso_max,reweighted_max,6.223135691283252,5.583903770599018,4.535859187864895,4.013225445022575,16.820071207999717,183.51095143903515,0.6392319206842343,0.52263374284232,-166.69088023103544,0.09165704322331725,medium,weak α=2.0 (99% in first 3)
ar_sigma1.0_weak_sparse_a2.0,70,70,ar,100,500,1.0,3.0,weak_sparse,2.0,10,3,1.0,0.8450879387313909,cocolasso_max,reweighted_max,5.356263107801193,4.201919211590059,3.7827763920542368,2.840461909628666,17.541881559009198,182.015680084005,1.1543438962111336,0.9423144824255707,-164.4737985249958,0.09637566143154898,medium,weak α=2.0 (99% in first 3)
ar_sigma1.0_weak_sparse_a2.0,71,71,ar,100,500,1.0,3.0,weak_sparse,2.0,10,3,1.0,0.8450879387313909,cocolasso_max,reweighted_max,5.067581822953132,4.286873188515211,3.688078392036488,3.154732444785544,16.576746354985517,198.8323932720232,0.7807086344379206,0.5333459472509441,-182.2556469170377,0.08337045127403772,medium,weak α=2.0 (99% in first 3)
ar_sigma1.0_weak_sparse_a2.0,72,72,ar,100,500,1.0,3.0,weak_sparse,2.0,10,3,1.0,0.8450879387313909,cocolasso_max,reweighted_max,8.949513655407378,9.197863897411148,6.927298777722556,7.174194230594739,17.062869840010535,181.92962658999025,-0.2483502420037702,-0.24689545287218273,-164.86675674997971,0.09378829693563133,medium,weak α=2.0 (99% in first 3)
ar_sigma1.0_weak_sparse_a2.0,73,73,ar,100,500,1.0,3.0,weak_sparse,2.0,10,3,1.0,0.8450879387313909,cocolasso_max,reweighted_max,6.398911105498131,5.261578323864243,4.659154241750284,3.685640093615413,16.952854959992692,214.40669630200136,1.137332781633888,0.9735141481348708,-197.45384134200867,0.0790686823331014,medium,weak α=2.0 (99% in first 3)
ar_sigma1.0_weak_sparse_a2.0,74,74,ar,100,500,1.0,3.0,weak_sparse,2.0,10,3,1.0,0.8450879387313909,cocolasso_max,reweighted_max,2.910620715859379,1.6185669337647324,1.7440820726205482,0.8348040387795936,16.84345485002268,196.89704264997272,1.2920537820946467,0.9092780338409545,-180.05358779995004,0.08554447859313755,medium,weak α=2.0 (99% in first 3)
ar_sigma1.0_weak_sparse_a2.0,75,75,ar,100,500,1.0,3.0,weak_sparse,2.0,10,3,1.0,0.8450879387313909,cocolasso_max,reweighted_max,4.98334414628753,3.7502711576894487,3.415864154888066,2.543257544308146,16.62684168998385,210.3933140019653,1.2330729885980816,0.8726066105799197,-193.76647231198146,0.07902742427370356,medium,weak α=2.0 (99% in first 3)
ar_sigma1.0_weak_sparse_a2.0,76,76,ar,100,500,1.0,3.0,weak_sparse,2.0,10,3,1.0,0.8450879387313909,cocolasso_max,reweighted_max,2.6989995790318395,1.0301745267713198,1.5547950026631514,0.4195087546862825,16.871527824026998,239.3308008830063,1.6688250522605197,1.1352862479768688,-222.4592730589793,0.07049459476916396,medium,weak α=2.0 (99% in first 3)
ar_sigma1.0_weak_sparse_a2.0,77,77,ar,100,500,1.0,3.0,weak_sparse,2.0,10,3,1.0,0.8450879387313909,cocolasso_max,reweighted_max,5.44375327381823,4.524370218557655,3.881406085318937,3.14253023352268,16.320388656982686,210.6804630620172,0.9193830552605755,0.7388758517962568,-194.3600744050345,0.07746512619055007,medium,weak α=2.0 (99% in first 3)
ar_sigma1.0_weak_sparse_a2.0,78,78,ar,100,500,1.0,3.0,weak_sparse,2.0,10,3,1.0,0.8450879387313909,cocolasso_max,reweighted_max,6.5691496137706125,5.891772061013461,4.921517240804827,4.383871591723955,16.75897648301907,195.27054770302493,0.6773775527571511,0.5376456490808721,-178.51157122000586,0.08582439430910377,medium,weak α=2.0 (99% in first 3)
ar_sigma1.0_weak_sparse_a2.0,79,79,ar,100,500,1.0,3.0,weak_sparse,2.0,10,3,1.0,0.8450879387313909,cocolasso_max,reweighted_max,6.097556150175673,5.069970386205604,4.435134018064903,3.590086527403946,18.061363244021777,207.8875623390195,1.0275857639700687,0.8450474906609569,-189.82619909499772,0.086880441719585,medium,weak α=2.0 (99% in first 3)
ar_sigma1.0_weak_sparse_a2.0,80,80,ar,100,500,1.0,3.0,weak_sparse,2.0,10,3,1.0,0.8450879387313909,cocolasso_max,reweighted_max,3.301927190172804,2.0462416542894446,2.079666056477315,1.1763245327758018,16.46024128800491,224.84902001201408,1.2556855358833592,0.903341523701513,-208.38877872400917,0.07320575062824561,medium,weak α=2.0 (99% in first 3)
ar_sigma1.0_weak_sparse_a2.0,81,81,ar,100,500,1.0,3.0,weak_sparse,2.0,10,3,1.0,0.8450879387313909,cocolasso_max,reweighted_max,6.942906462821022,6.539494885309076,5.193646082895696,4.891094279634925,17.004638282989617,189.94785541301823,0.403411577511946,0.302551803260771,-172.94321713002861,0.08952266529156186,medium,weak α=2.0 (99% in first 3)
ar_sigma1.0_weak_sparse_a2.0,82,82,ar,100,500,1.0,3.0,weak_sparse,2.0,10,3,1.0,0.8450879387313909,cocolasso_max,reweighted_max,6.425409211001951,5.531510116033721,4.681191679863297,3.9151547992616846,16.955119351972826,230.5156006840407,0.89389909496823,0.7660368806016127,-213.56048133206787,0.0735530233166847,medium,weak α=2.0 (99% in first 3)
ar_sigma1.0_weak_sparse_a2.0,83,83,ar,100,500,1.0,3.0,weak_sparse,2.0,10,3,1.0,0.8450879387313909,cocolasso_max,reweighted_max,7.189397284544156,6.602363509828986,5.3913639557159305,4.91322235259834,17.26943390996894,207.69008546799887,0.5870337747151702,0.47814160311759046,-190.42065155802993,0.08315001590497122,medium,weak α=2.0 (99% in first 3)
ar_sigma1.0_weak_sparse_a2.0,84,84,ar,100,500,1.0,3.0,weak_sparse,2.0,10,3,1.0,0.8450879387313909,cocolasso_max,reweighted_max,6.188832446436275,5.4239556490423055,4.527211337135766,3.9006842969692,16.863108591001946,189.9127545270021,0.7648767973939696,0.6265270401665659,-173.04964593600016,0.08879397612341157,medium,weak α=2.0 (99% in first 3)
ar_sigma1.0_weak_sparse_a2.0,85,85,ar,100,500,1.0,3.0,weak_sparse,2.0,10,3,1.0,0.8450879387313909,cocolasso_max,reweighted_max,7.530334406827548,6.870139942883722,5.69773955846969,5.15548061552528,17.24958894099109,192.64219843200408,0.6601944639438262,0.54225894294441,-175.392609491013,0.08954211009525821,medium,weak α=2.0 (99% in first 3)
ar_sigma1.0_weak_sparse_a2.0,86,86,ar,100,500,1.0,3.0,weak_sparse,2.0,10,3,1.0,0.8450879387313909,cocolasso_max,reweighted_max,4.489120761770581,3.871803054318017,3.060336956533397,2.577773874177969,17.400267171964515,238.43043481500357,0.6173177074525635,0.48256308235542766,-221.03016764303905,0.07297838124342329,medium,weak α=2.0 (99% in first 3)
ar_sigma1.0_weak_sparse_a2.0,87,87,ar,100,500,1.0,3.0,weak_sparse,2.0,10,3,1.0,0.8450879387313909,cocolasso_max,reweighted_max,4.136705014280588,2.3887495560743885,2.7353354333261284,1.3454463243590986,17.420821028004866,194.79594767600065,1.7479554582061998,1.3898891089670298,-177.37512664799578,0.08943112644715019,medium,weak α=2.0 (99% in first 3)
ar_sigma1.0_weak_sparse_a2.0,88,88,ar,100,500,1.0,3.0,weak_sparse,2.0,10,3,1.0,0.8450879387313909,cocolasso_max,reweighted_max,8.31976894880099,7.726659959713033,6.357247730576559,5.8539470888166285,16.584024315001443,207.33290163998024,0.5931089890879564,0.5033006417599308,-190.7488773249788,0.07998742208218595,medium,weak α=2.0 (99% in first 3)
ar_sigma1.0_weak_sparse_a2.0,89,89,ar,100,500,1.0,3.0,weak_sparse,2.0,10,3,1.0,0.8450879387313909,cocolasso_max,reweighted_max,4.459747682955885,3.593199042923747,3.0104402363270304,2.3157657516962717,17.312340478994884,220.72604436503025,0.8665486400321378,0.6946744846307586,-203.41370388603536,0.07843360999286629,medium,weak α=2.0 (99% in first 3)
ar_sigma1.0_weak_sparse_a2.0,90,90,ar,100,500,1.0,3.0,weak_sparse,2.0,10,3,1.0,0.8450879387313909,cocolasso_max,reweighted_max,7.002875168042912,6.713978820531083,5.244230606959928,5.04149485873207,16.653549994982313,171.1603410479729,0.28889634751182935,0.202735748227858,-154.5067910529906,0.09729794818716006,medium,weak α=2.0 (99% in first 3)
ar_sigma1.0_weak_sparse_a2.0,91,91,ar,100,500,1.0,3.0,weak_sparse,2.0,10,3,1.0,0.8450879387313909,cocolasso_max,reweighted_max,6.78608452929566,6.132798875700617,5.0247736116149735,4.4758068560478925,16.814538116042968,220.66251501400257,0.6532856535950433,0.548966755567081,-203.8479768979596,0.07620024685649925,medium,weak α=2.0 (99% in first 3)
ar_sigma1.0_weak_sparse_a2.0,92,92,ar,100,500,1.0,3.0,weak_sparse,2.0,10,3,1.0,0.8450879387313909,cocolasso_max,reweighted_max,6.341330353723008,5.668902731030026,4.655590585258783,4.11833596657215,17.257481112959795,189.4360287230229,0.6724276226929824,0.5372546186866325,-172.1785476100631,0.09109925513795585,medium,weak α=2.0 (99% in first 3)
ar_sigma1.0_weak_sparse_a2.0,93,93,ar,100,500,1.0,3.0,weak_sparse,2.0,10,3,1.0,0.8450879387313909,cocolasso_max,reweighted_max,6.164764182723588,5.443969630845493,4.462935930506895,3.852509984309276,16.64685876801377,219.41283512098016,0.7207945518780949,0.6104259461976196,-202.7659763529664,0.07587003175468292,medium,weak α=2.0 (99% in first 3)
ar_sigma1.0_weak_sparse_a2.0,94,94,ar,100,500,1.0,3.0,weak_sparse,2.0,10,3,1.0,0.8450879387313909,cocolasso_max,reweighted_max,6.884336184792992,5.954874655356856,5.0377567990515,4.344206321887169,16.181914640998002,206.0440613490064,0.9294615294361357,0.6935504771643313,-189.8621467080084,0.07853618558599644,medium,weak α=2.0 (99% in first 3)
ar_sigma1.0_weak_sparse_a2.0,95,95,ar,100,500,1.0,3.0,weak_sparse,2.0,10,3,1.0,0.8450879387313909,cocolasso_max,reweighted_max,4.610274284184593,3.681479762250056,3.140039925135182,2.3940976786178134,17.088718849990983,191.64665373798923,0.9287945219345368,0.7459422465173686,-174.55793488799824,0.08916784361575088,medium,weak α=2.0 (99% in first 3)
ar_sigma1.0_weak_sparse_a2.0,96,96,ar,100,500,1.0,3.0,weak_sparse,2.0,10,3,1.0,0.8450879387313909,cocolasso_max,reweighted_max,4.0240257902026295,3.166048267984233,2.6666444395114595,2.0057242329586757,16.937768364034127,197.6770837290096,0.8579775222183965,0.6609202065527837,-180.73931536497548,0.08568402590992123,medium,weak α=2.0 (99% in first 3)
ar_sigma1.0_weak_sparse_a2.0,97,97,ar,100,500,1.0,3.0,weak_sparse,2.0,10,3,1.0,0.8450879387313909,cocolasso_max,reweighted_max,6.956658794147726,6.095939491618321,5.161828464626649,4.441089525535007,17.35996105900267,176.46610400202917,0.8607193025294055,0.7207389390916417,-159.1061429430265,0.09837561245644688,medium,weak α=2.0 (99% in first 3)
ar_sigma1.0_weak_sparse_a2.0,98,98,ar,100,500,1.0,3.0,weak_sparse,2.0,10,3,1.0,0.8450879387313909,cocolasso_max,reweighted_max,5.2602147712144935,4.378365435495253,3.702379762148741,3.005215682575564,16.933456100989133,161.79358496400528,0.8818493357192407,0.6971640795731773,-144.86012886301614,0.1046608622014054,medium,weak α=2.0 (99% in first 3)
ar_sigma1.0_weak_sparse_a2.0,99,99,ar,100,500,1.0,3.0,weak_sparse,2.0,10,3,1.0,0.8450879387313909,cocolasso_max,reweighted_max,5.728960619413868,5.150386331311847,4.132117922173102,3.668184784423288,17.027938030019868,177.7288317909697,0.5785742881020202,0.46393313774981415,-160.70089376094984,0.0958085295358648,medium,weak α=2.0 (99% in first 3)
ar_sigma1.25_datta_zhang,0,0,ar,100,500,1.25,3.0,datta_zhang,1.0,10,3,1.0,2.361111111111111,cocolasso_max,reweighted_max,10.902467997509124,9.810653688896911,12.454829558022867,10.384209818317302,17.90496279898798,192.4608176340116,1.0918143086122125,2.070619739705565,-174.5558548350236,0.09303172988195714,high,datta_zhang (exactly 3-sparse)
ar_sigma1.25_datta_zhang,1,1,ar,100,500,1.25,3.0,datta_zhang,1.0,10,3,1.0,2.361111111111111,cocolasso_max,reweighted_max,8.896748827331711,6.614579237667552,11.1607770907453,7.912895838112261,17.536733957007527,175.81665270397207,2.282169589664159,3.2478812526330394,-158.27991874696454,0.09974444222035479,high,datta_zhang (exactly 3-sparse)
ar_sigma1.25_datta_zhang,2,2,ar,100,500,1.25,3.0,datta_zhang,1.0,10,3,1.0,2.361111111111111,cocolasso_max,reweighted_max,13.782668914704804,14.909603181159609,17.520793006720698,17.900467487751065,17.42585264396621,187.82909810502315,-1.1269342664548052,-0.37967448103036716,-170.40324546105694,0.0927750429500688,high,datta_zhang (exactly 3-sparse)
ar_sigma1.25_datta_zhang,3,3,ar,100,500,1.25,3.0,datta_zhang,1.0,10,3,1.0,2.361111111111111,cocolasso_max,reweighted_max,7.71649239111024,6.553733080588402,9.108435932275764,6.691542690808543,17.292296649015043,188.8331746839685,1.162759310521838,2.4168932414672213,-171.54087803495347,0.09157446342760193,high,datta_zhang (exactly 3-sparse)
ar_sigma1.25_datta_zhang,4,4,ar,100,500,1.25,3.0,datta_zhang,1.0,10,3,1.0,2.361111111111111,cocolasso_max,reweighted_max,10.202202186240566,11.14665667590596,13.659966816970428,13.639815683697616,17.179045286029577,188.1182819000096,-0.9444544896653948,0.020151133272811705,-170.93923661398003,0.09132044537362267,high,datta_zhang (exactly 3-sparse)
ar_sigma1.25_datta_zhang,5,5,ar,100,500,1.25,3.0,datta_zhang,1.0,10,3,1.0,2.361111111111111,cocolasso_max,reweighted_max,7.998551622607475,7.337416379010982,9.17954457984447,7.62944210202915,16.92405193799641,201.1492802290013,0.661135243596493,1.5501024778153196,-184.2252282910049,0.08413677602390114,high,datta_zhang (exactly 3-sparse)
ar_sigma1.25_datta_zhang,6,6,ar,100,500,1.25,3.0,datta_zhang,1.0,10,3,1.0,2.361111111111111,cocolasso_max,reweighted_max,6.738467981884478,4.254844034314841,7.815761078456989,3.8851980706853215,16.61789338401286,182.62734724895563,2.4836239475696367,3.930563007771667,-166.00945386494277,0.0909934554399431,high,datta_zhang (exactly 3-sparse)
ar_sigma1.25_datta_zhang,7,7,ar,100,500,1.25,3.0,datta_zhang,1.0,10,3,1.0,2.361111111111111,cocolasso_max,reweighted_max,12.50859799429027,13.881540403184216,12.614614494522442,11.217531228860068,16.575947550998535,191.4785099879955,-1.3729424088939464,1.3970832656623742,-174.90256243699696,0.08656818747982603,high,datta_zhang (exactly 3-sparse)
ar_sigma1.25_datta_zhang,8,8,ar,100,500,1.25,3.0,datta_zhang,1.0,10,3,1.0,2.361111111111111,cocolasso_max,reweighted_max,10.362147152410586,10.664974783603515,11.380088979206365,10.620334600675058,16.408795891038608,163.0705197440111,-0.30282763119292966,0.7597543785313068,-146.6617238529725,0.10062392587450641,high,datta_zhang (exactly 3-sparse)
ar_sigma1.25_datta_zhang,9,9,ar,100,500,1.25,3.0,datta_zhang,1.0,10,3,1.0,2.361111111111111,cocolasso_max,reweighted_max,8.633485891342083,8.164146369083129,11.98439550927602,11.052113838702285,16.708181764988694,187.04856636701152,0.46933952225895403,0.9322816705737349,-170.34038460202282,0.0893253666120341,high,datta_zhang (exactly 3-sparse)
ar_sigma1.25_datta_zhang,10,10,ar,100,500,1.25,3.0,datta_zhang,1.0,10,3,1.0,2.361111111111111,cocolasso_max,reweighted_max,6.941314581116844,5.249038778042781,9.069317886075826,6.462489249001527,17.221278095967136,153.42243071302073,1.6922758030740628,2.6068286370742992,-136.2011526170536,0.11224745961807782,high,datta_zhang (exactly 3-sparse)
ar_sigma1.25_datta_zhang,11,11,ar,100,500,1.25,3.0,datta_zhang,1.0,10,3,1.0,2.361111111111111,cocolasso_max,reweighted_max,9.437671452107976,10.348228838786822,12.825972151187706,12.666523879268764,17.018432077020407,168.85213425697293,-0.9105573866788461,0.15944827191894184,-151.83370217995252,0.10078896634566888,high,datta_zhang (exactly 3-sparse)
ar_sigma1.25_datta_zhang,12,12,ar,100,500,1.25,3.0,datta_zhang,1.0,10,3,1.0,2.361111111111111,cocolasso_max,reweighted_max,8.40282787445321,7.34797343862745,10.20564716515982,8.383403515210885,16.091237770044245,153.19164614297915,1.054854435825761,1.8222436499489358,-137.1004083729349,0.10503991683088075,high,datta_zhang (exactly 3-sparse)
ar_sigma1.25_datta_zhang,13,13,ar,100,500,1.25,3.0,datta_zhang,1.0,10,3,1.0,2.361111111111111,cocolasso_max,reweighted_max,11.971683093552876,12.669945241018326,14.88898672071616,14.7590270915012,16.80891010101186,169.182749610045,-0.6982621474654493,0.12995962921496051,-152.37383950903313,0.09935356967394893,high,datta_zhang (exactly 3-sparse)
ar_sigma1.25_datta_zhang,14,14,ar,100,500,1.25,3.0,datta_zhang,1.0,10,3,1.0,2.361111111111111,cocolasso_max,reweighted_max,9.473550691730397,7.88348090003037,12.661672874268229,10.277779096380398,16.476938649022486,155.5045471090125,1.590069791700027,2.383893777887831,-139.02760845999,0.10595792184438022,high,datta_zhang (exactly 3-sparse)
ar_sigma1.25_datta_zhang,15,15,ar,100,500,1.25,3.0,datta_zhang,1.0,10,3,1.0,2.361111111111111,cocolasso_max,reweighted_max,9.192746690085151,7.433581995664415,11.484626153013966,8.678833095006706,16.654461975966115,184.20400423899991,1.7591646944207362,2.8057930580072608,-167.5495422630338,0.09041313756870009,high,datta_zhang (exactly 3-sparse)
ar_sigma1.25_datta_zhang,16,16,ar,100,500,1.25,3.0,datta_zhang,1.0,10,3,1.0,2.361111111111111,cocolasso_max,reweighted_max,10.380470429133116,7.8774168269928895,12.439134929874646,9.06083010029536,16.83774888503831,189.60301298700503,2.503053602140226,3.3783048295792852,-172.76526410196672,0.0888052812018991,high,datta_zhang (exactly 3-sparse)
ar_sigma1.25_datta_zhang,17,17,ar,100,500,1.25,3.0,datta_zhang,1.0,10,3,1.0,2.361111111111111,cocolasso_max,reweighted_max,12.19558730002423,13.749514075499212,14.18169047073787,13.945049717341092,16.153940649994183,171.89257152297068,-1.5539267754749826,0.23664075339677737,-155.7386308729765,0.09397695611200667,high,datta_zhang (exactly 3-sparse)
ar_sigma1.25_datta_zhang,18,18,ar,100,500,1.25,3.0,datta_zhang,1.0,10,3,1.0,2.361111111111111,cocolasso_max,reweighted_max,9.803297825387284,18.2896162931341,10.99204853779482,11.629113038847342,16.14214540401008,187.47234938800105,-8.486318467746814,-0.6370645010525209,-171.33020398399097,0.08610413992626498,high,datta_zhang (exactly 3-sparse)
ar_sigma1.25_datta_zhang,19,19,ar,100,500,1.25,3.0,datta_zhang,1.0,10,3,1.0,2.361111111111111,cocolasso_max,reweighted_max,7.580816462589971,3.868142235083032,9.49985732968424,4.038935587980281,16.429791404982097,169.6848745230236,3.7126742275069393,5.460921741703959,-153.2550831180415,0.09682531487361785,high,datta_zhang (exactly 3-sparse)
ar_sigma1.25_datta_zhang,20,20,ar,100,500,1.25,3.0,datta_zhang,1.0,10,3,1.0,2.361111111111111,cocolasso_max,reweighted_max,15.858071649790697,17.65949328300606,18.16687403459123,18.79439454291616,15.862265578994991,173.2436894819839,-1.801421633215364,-0.6275205083249276,-157.3814239029889,0.09156042350763116,high,datta_zhang (exactly 3-sparse)
ar_sigma1.25_datta_zhang,21,21,ar,100,500,1.25,3.0,datta_zhang,1.0,10,3,1.0,2.361111111111111,cocolasso_max,reweighted_max,5.361201925937851,5.42421662421398,6.765437901130483,5.648923928583248,16.400138339027762,154.5878930729814,-0.06301469827612927,1.1165139725472342,-138.18775473395362,0.10608940980446127,high,datta_zhang (exactly 3-sparse)
ar_sigma1.25_datta_zhang,22,22,ar,100,500,1.25,3.0,datta_zhang,1.0,10,3,1.0,2.361111111111111,cocolasso_max,reweighted_max,8.71130021436189,6.561379820929963,11.616147198079377,8.201709167175581,16.06968626700109,168.69168733397964,2.149920393431927,3.4144380309037956,-152.62200106697856,0.09526068842494863,high,datta_zhang (exactly 3-sparse)
ar_sigma1.25_datta_zhang,23,23,ar,100,500,1.25,3.0,datta_zhang,1.0,10,3,1.0,2.361111111111111,cocolasso_max,reweighted_max,7.651717576110968,7.454925793790361,8.760366441251614,6.663379436092378,16.41611746599665,162.94740527495742,0.19679178232060757,2.096987005159236,-146.53128780896077,0.10074488414403467,high,datta_zhang (exactly 3-sparse)
ar_sigma1.25_datta_zhang,24,24,ar,100,500,1.25,3.0,datta_zhang,1.0,10,3,1.0,2.361111111111111,cocolasso_max,reweighted_max,12.907353203962922,14.222012508094286,17.52079328005537,18.738009285815195,16.20546344399918,169.24579319095938,-1.3146593041313643,-1.217216005759827,-153.0403297469602,0.09575105613239449,high,datta_zhang (exactly 3-sparse)
ar_sigma1.25_datta_zhang,25,25,ar,100,500,1.25,3.0,datta_zhang,1.0,10,3,1.0,2.361111111111111,cocolasso_max,reweighted_max,8.072682593375472,8.42688448488003,10.098348776547216,9.487076822187566,16.185313039983157,216.7342567420565,-0.35420189150455883,0.6112719543596494,-200.54894370207333,0.07467814863824643,high,datta_zhang (exactly 3-sparse)
ar_sigma1.25_datta_zhang,26,26,ar,100,500,1.25,3.0,datta_zhang,1.0,10,3,1.0,2.361111111111111,cocolasso_max,reweighted_max,6.870227330963272,6.600783373754227,8.246498164970783,6.7964687224937546,16.12393704900751,238.43161545903425,0.26944395720904435,1.4500294424770281,-222.30767841002674,0.06762499603068713,high,datta_zhang (exactly 3-sparse)
ar_sigma1.25_datta_zhang,27,27,ar,100,500,1.25,3.0,datta_zhang,1.0,10,3,1.0,2.361111111111111,cocolasso_max,reweighted_max,6.977989137303233,6.66933075994873,8.661873958952466,6.941614795349273,15.785009676008483,214.19126570399385,0.30865837735450263,1.7202591636031928,-198.40625602798536,0.07369586067913204,high,datta_zhang (exactly 3-sparse)
ar_sigma1.25_datta_zhang,28,28,ar,100,500,1.25,3.0,datta_zhang,1.0,10,3,1.0,2.361111111111111,cocolasso_max,reweighted_max,6.870577372719984,5.118627856829471,8.216732879711154,5.763712800621184,16.13740941102151,215.96037712704856,1.7519495158905123,2.4530200790899697,-199.82296771602705,0.07472393605576981,high,datta_zhang (exactly 3-sparse)
ar_sigma1.25_datta_zhang,29,29,ar,100,500,1.25,3.0,datta_zhang,1.0,10,3,1.0,2.361111111111111,cocolasso_max,reweighted_max,11.555339215958549,11.075933660812934,15.924123332119384,14.746872687802009,15.8906831049826,219.6949571089353,0.47940555514561467,1.1772506443173754,-203.8042740039527,0.07233066846001038,high,datta_zhang (exactly 3-sparse)
ar_sigma1.25_datta_zhang,30,30,ar,100,500,1.25,3.0,datta_zhang,1.0,10,3,1.0,2.361111111111111,cocolasso_max,reweighted_max,10.909853138696857,9.418806558661297,13.464082700306529,11.031234743351543,16.094564698985778,240.7772650709376,1.49104658003556,2.4328479569549852,-224.68270037195182,0.06684420430742916,high,datta_zhang (exactly 3-sparse)
ar_sigma1.25_datta_zhang,31,31,ar,100,500,1.25,3.0,datta_zhang,1.0,10,3,1.0,2.361111111111111,cocolasso_max,reweighted_max,8.274112023539594,7.226557327910772,9.820545700811293,7.684793385092211,15.9366239150404,219.8645917500835,1.047554695628822,2.135752315719081,-203.9279678350431,0.07248381282400988,high,datta_zhang (exactly 3-sparse)
ar_sigma1.25_datta_zhang,32,32,ar,100,500,1.25,3.0,datta_zhang,1.0,10,3,1.0,2.361111111111111,cocolasso_max,reweighted_max,13.30245632507761,13.783950871972031,17.02376807163592,16.266387045253463,15.958615130046384,219.51585185097065,-0.48149454689442095,0.7573810263824576,-203.55723672092427,0.07269914676084846,high,datta_zhang (exactly 3-sparse)
ar_sigma1.25_datta_zhang,33,33,ar,100,500,1.25,3.0,datta_zhang,1.0,10,3,1.0,2.361111111111111,cocolasso_max,reweighted_max,9.56823092802205,10.597203930602,10.987064868568412,11.062850439505276,16.06701256998349,200.4894821030321,-1.0289730025799493,-0.07578557093686378,-184.4224695330486,0.08013892998998624,high,datta_zhang (exactly 3-sparse)
ar_sigma1.25_datta_zhang,34,34,ar,100,500,1.25,3.0,datta_zhang,1.0,10,3,1.0,2.361111111111111,cocolasso_max,reweighted_max,8.605052577990323,8.03978596204023,11.305515549586293,9.946054877529091,16.093256792984903,219.47201711300292,0.5652666159500921,1.3594606720572013,-203.37876032001802,0.0733271466890411,high,datta_zhang (exactly 3-sparse)
ar_sigma1.25_datta_zhang,35,35,ar,100,500,1.25,3.0,datta_zhang,1.0,10,3,1.0,2.361111111111111,cocolasso_max,reweighted_max,7.960331307394165,6.252750478908812,10.165718498782674,7.427967217091771,16.06881283497205,216.6182964469772,1.7075808284853533,2.737751281690903,-200.54948361200516,0.07418031209060541,high,datta_zhang (exactly 3-sparse)
ar_sigma1.25_datta_zhang,36,36,ar,100,500,1.25,3.0,datta_zhang,1.0,10,3,1.0,2.361111111111111,cocolasso_max,reweighted_max,12.222849172369491,15.139654414510748,12.417706898727005,12.206173130899312,16.336754315008875,238.74991223809772,-2.9168052421412565,0.2115337678276923,-222.41315792308885,0.06842622123654123,high,datta_zhang (exactly 3-sparse)
ar_sigma1.25_datta_zhang,37,37,ar,100,500,1.25,3.0,datta_zhang,1.0,10,3,1.0,2.361111111111111,cocolasso_max,reweighted_max,11.212932874679286,10.52888030025269,12.999775748433343,11.040281040855108,16.270544408995192,220.0299209549557,0.6840525744265964,1.9594947075782354,-203.75937654596052,0.0739469629329462,high,datta_zhang (exactly 3-sparse)
ar_sigma1.25_datta_zhang,38,38,ar,100,500,1.25,3.0,datta_zhang,1.0,10,3,1.0,2.361111111111111,cocolasso_max,reweighted_max,9.135907671133316,7.47150394234198,12.41269681749558,9.459049075543998,16.278408348967787,221.38247692398727,1.6644037287913358,2.953647741951581,-205.10406857501948,0.07353069933605023,high,datta_zhang (exactly 3-sparse)
ar_sigma1.25_datta_zhang,39,39,ar,100,500,1.25,3.0,datta_zhang,1.0,10,3,1.0,2.361111111111111,cocolasso_max,reweighted_max,8.429668489957466,6.785730325382938,9.993276513974475,6.626149583245108,16.455100470979232,222.5758073849138,1.6439381645745277,3.367126930729367,-206.12070691393455,0.07393031913177533,high,datta_zhang (exactly 3-sparse)
ar_sigma1.25_datta_zhang,40,40,ar,100,500,1.25,3.0,datta_zhang,1.0,10,3,1.0,2.361111111111111,cocolasso_max,reweighted_max,8.218774356820889,6.744845926552802,10.265333954623454,7.046285346959909,16.33313545101555,217.5830225140089,1.4739284302680868,3.219048607663545,-201.24988706299334,0.07506622190600352,high,datta_zhang (exactly 3-sparse)
ar_sigma1.25_datta_zhang,41,41,ar,100,500,1.25,3.0,datta_zhang,1.0,10,3,1.0,2.361111111111111,cocolasso_max,reweighted_max,9.162927830030611,7.821140619586741,12.651705226114617,10.203759404128377,16.157499262015335,212.1903621669626,1.3417872104438704,2.44794582198624,-196.03286290494725,0.07614624480117416,high,datta_zhang (exactly 3-sparse)
ar_sigma1.25_datta_zhang,42,42,ar,100,500,1.25,3.0,datta_zhang,1.0,10,3,1.0,2.361111111111111,cocolasso_max,reweighted_max,12.715588091351265,13.256075872407044,15.940402904080166,16.632263509303563,16.16692318598507,189.72372373496185,-0.5404877810557789,-0.6918606052233969,-173.55680054897678,0.0852129763622485,high,datta_zhang (exactly 3-sparse)
ar_sigma1.25_datta_zhang,43,43,ar,100,500,1.25,3.0,datta_zhang,1.0,10,3,1.0,2.361111111111111,cocolasso_max,reweighted_max,9.939063909997696,10.47831893860651,10.212827482996047,9.00742300813566,15.953583265014458,245.39323412196245,-0.5392550286088138,1.2054044748603872,-229.439650856948,0.06501231919493508,high,datta_zhang (exactly 3-sparse)
ar_sigma1.25_datta_zhang,44,44,ar,100,500,1.25,3.0,datta_zhang,1.0,10,3,1.0,2.361111111111111,cocolasso_max,reweighted_max,8.030569625126045,8.299973147574413,7.383764977300496,5.534723170795958,15.851401311985684,174.75622144108638,-0.26940352244836774,1.8490418065045375,-158.9048201291007,0.09070579108011609,high,datta_zhang (exactly 3-sparse)
ar_sigma1.25_datta_zhang,45,45,ar,100,500,1.25,3.0,datta_zhang,1.0,10,3,1.0,2.361111111111111,cocolasso_max,reweighted_max,9.243868656153262,7.231690381677858,11.511852280625895,8.66987571517336,15.913053016993215,181.1441801430192,2.0121782744754046,2.8419765654525353,-165.231127126026,0.08784744287356813,high,datta_zhang (exactly 3-sparse)
ar_sigma1.25_datta_zhang,46,46,ar,100,500,1.25,3.0,datta_zhang,1.0,10,3,1.0,2.361111111111111,cocolasso_max,reweighted_max,3.0649699761561084,3.8311986179633735,4.077594992362624,3.1042360391712407,16.251384806993883,197.6387931179488,-0.766228641807265,0.9733589531913829,-181.38740831095492,0.08222770717535814,high,datta_zhang (exactly 3-sparse)
ar_sigma1.25_datta_zhang,47,47,ar,100,500,1.25,3.0,datta_zhang,1.0,10,3,1.0,2.361111111111111,cocolasso_max,reweighted_max,10.326822799943884,9.942850838834714,13.336456190793433,11.756987695395054,15.658694515004754,145.12423961097377,0.38397196110916987,1.5794684953983786,-129.46554509596902,0.10789854649354318,high,datta_zhang (exactly 3-sparse)
ar_sigma1.25_datta_zhang,48,48,ar,100,500,1.25,3.0,datta_zhang,1.0,10,3,1.0,2.361111111111111,cocolasso_max,reweighted_max,8.364949683488677,6.36146304607106,10.401390522725857,7.497135753441001,15.96224397199694,157.90104240796063,2.003486637417616,2.9042547692848553,-141.9387984359637,0.10109017476120347,high,datta_zhang (exactly 3-sparse)
ar_sigma1.25_datta_zhang,49,49,ar,100,500,1.25,3.0,datta_zhang,1.0,10,3,1.0,2.361111111111111,cocolasso_max,reweighted_max,9.382822788727628,9.476617168231035,10.599800736214094,8.567977507370706,16.138387960963883,135.80398655298632,-0.0937943795034073,2.031823228843388,-119.66559859202243,0.11883589260221905,high,datta_zhang (exactly 3-sparse)
ar_sigma1.25_datta_zhang,50,50,ar,100,500,1.25,3.0,datta_zhang,1.0,10,3,1.0,2.361111111111111,cocolasso_max,reweighted_max,9.674273765317022,8.371165810136816,12.228011364006257,10.291947470697153,16.47935206099646,183.0260901621077,1.3031079551802058,1.936063893309104,-166.54673810111123,0.09003826747542149,high,datta_zhang (exactly 3-sparse)
ar_sigma1.25_datta_zhang,51,51,ar,100,500,1.25,3.0,datta_zhang,1.0,10,3,1.0,2.361111111111111,cocolasso_max,reweighted_max,8.887772993893684,8.80047636761481,10.684854754085231,9.615732394175918,16.272322422999423,182.3064408428036,0.08729662627887436,1.0691223599093131,-166.03411841980417,0.08925807748630489,high,datta_zhang (exactly 3-sparse)
ar_sigma1.25_datta_zhang,52,52,ar,100,500,1.25,3.0,datta_zhang,1.0,10,3,1.0,2.361111111111111,cocolasso_max,reweighted_max,14.858947737617797,16.159231330067396,19.915282809895302,21.358939546686305,16.772788123984355,200.06034349184483,-1.300283592449599,-1.4436567367910023,-183.28755536786048,0.08383864503695643,high,datta_zhang (exactly 3-sparse)
ar_sigma1.25_datta_zhang,53,53,ar,100,500,1.25,3.0,datta_zhang,1.0,10,3,1.0,2.361111111111111,cocolasso_max,reweighted_max,6.372350150953766,6.04946812216088,8.27003748146404,5.955673557157355,16.577678857021965,200.2242071540095,0.3228820287928862,2.3143639243066856,-183.64652829698753,0.08279557748115172,high,datta_zhang (exactly 3-sparse)
ar_sigma1.25_datta_zhang,54,54,ar,100,500,1.25,3.0,datta_zhang,1.0,10,3,1.0,2.361111111111111,cocolasso_max,reweighted_max,8.418579784893124,6.313513116445165,9.79156399724587,6.895651114055943,16.768509026034735,183.3020079061389,2.105066668447959,2.8959128831899266,-166.53349888010416,0.09148022554461689,high,datta_zhang (exactly 3-sparse)
ar_sigma1.25_datta_zhang,55,55,ar,100,500,1.25,3.0,datta_zhang,1.0,10,3,1.0,2.361111111111111,cocolasso_max,reweighted_max,11.161750009946786,11.96624243400682,10.520327004303075,10.162365767708517,16.08727406099206,199.58728603296916,-0.8044924240600331,0.3579612365945586,-183.5000119719771,0.08060269960449612,high,datta_zhang (exactly 3-sparse)
ar_sigma1.25_datta_zhang,56,56,ar,100,500,1.25,3.0,datta_zhang,1.0,10,3,1.0,2.361111111111111,cocolasso_max,reweighted_max,10.282508918264163,10.801020726705437,11.76826474887352,11.352769983986398,16.305997035000473,166.14686691993847,-0.5185118084412732,0.41549476488712145,-149.840869884938,0.09814206754111034,high,datta_zhang (exactly 3-sparse)
ar_sigma1.25_datta_zhang,57,57,ar,100,500,1.25,3.0,datta_zhang,1.0,10,3,1.0,2.361111111111111,cocolasso_max,reweighted_max,11.877832939476995,12.776351353934407,14.015164877731827,13.616593196842356,16.086681102984585,181.51104903500527,-0.8985184144574117,0.3985716808894715,-165.4243679320207,0.08862645656288501,high,datta_zhang (exactly 3-sparse)
ar_sigma1.25_datta_zhang,58,58,ar,100,500,1.25,3.0,datta_zhang,1.0,10,3,1.0,2.361111111111111,cocolasso_max,reweighted_max,10.12300258458723,8.927363802114346,12.877605763312856,9.8649786735851,16.20598704298027,183.5798871868756,1.1956387824728836,3.012627089727756,-167.37390014389533,0.08827757381985611,high,datta_zhang (exactly 3-sparse)
ar_sigma1.25_datta_zhang,59,59,ar,100,500,1.25,3.0,datta_zhang,1.0,10,3,1.0,2.361111111111111,cocolasso_max,reweighted_max,9.110742934643588,8.193389506553741,11.341610474893798,10.257949143153713,15.8183648220147,182.2426018200349,0.9173534280898465,1.0836613317400854,-166.4242369980202,0.08679839216538064,high,datta_zhang (exactly 3-sparse)
ar_sigma1.25_datta_zhang,60,60,ar,100,500,1.25,3.0,datta_zhang,1.0,10,3,1.0,2.361111111111111,cocolasso_max,reweighted_max,7.543324671357221,5.992170320277471,9.361368542684604,6.443747709785045,15.780329008994158,183.6774428819772,1.5511543510797496,2.9176208328995585,-167.89711387298306,0.0859132660025863,high,datta_zhang (exactly 3-sparse)
ar_sigma1.25_datta_zhang,61,61,ar,100,500,1.25,3.0,datta_zhang,1.0,10,3,1.0,2.361111111111111,cocolasso_max,reweighted_max,11.880675555427176,13.272093855089784,12.934984856085505,10.2927071830874,15.871339198027272,183.31382889905944,-1.3914182996626074,2.6422776729981052,-167.44248970103217,0.08658015215407847,high,datta_zhang (exactly 3-sparse)
ar_sigma1.25_datta_zhang,62,62,ar,100,500,1.25,3.0,datta_zhang,1.0,10,3,1.0,2.361111111111111,cocolasso_max,reweighted_max,7.446902439770074,5.86365576326839,8.434322877696623,5.95451237063679,15.948628131998705,200.05195328686384,1.583246676501684,2.479810507059833,-184.10332515486513,0.07972243144824095,high,datta_zhang (exactly 3-sparse)
ar_sigma1.25_datta_zhang,63,63,ar,100,500,1.25,3.0,datta_zhang,1.0,10,3,1.0,2.361111111111111,cocolasso_max,reweighted_max,6.602626860789183,5.597778325077928,8.212789757819321,5.426703705968034,16.108649324974976,182.918714286061,1.0048485357112549,2.786086051851287,-166.81006496108603,0.08806452301967939,high,datta_zhang (exactly 3-sparse)
ar_sigma1.25_datta_zhang,64,64,ar,100,500,1.25,3.0,datta_zhang,1.0,10,3,1.0,2.361111111111111,cocolasso_max,reweighted_max,9.210607210193183,9.448099995107228,11.330250967602248,11.254169941509597,16.204840289021377,166.80349204619415,-0.23749278491404446,0.07608102609265188,-150.59865175717277,0.09714928680590001,high,datta_zhang (exactly 3-sparse)
ar_sigma1.25_datta_zhang,65,65,ar,100,500,1.25,3.0,datta_zhang,1.0,10,3,1.0,2.361111111111111,cocolasso_max,reweighted_max,9.01092249177453,8.916030030201526,11.035984566237644,9.366396863562294,15.879422407015229,182.32968042301945,0.09489246157300357,1.6695877026753507,-166.45025801600423,0.08709181286433287,high,datta_zhang (exactly 3-sparse)
ar_sigma1.25_datta_zhang,66,66,ar,100,500,1.25,3.0,datta_zhang,1.0,10,3,1.0,2.361111111111111,cocolasso_max,reweighted_max,10.088243849362163,8.924911974952265,12.376475229225376,10.533190705906833,16.35667043097783,201.0841739580501,1.1633318744098986,1.8432845233185429,-184.72750352707226,0.0813424055658907,high,datta_zhang (exactly 3-sparse)
ar_sigma1.25_datta_zhang,67,67,ar,100,500,1.25,3.0,datta_zhang,1.0,10,3,1.0,2.361111111111111,cocolasso_max,reweighted_max,12.849982870267134,11.406126663162407,14.991005429256404,11.931841627239772,16.46737560495967,182.93331697490063,1.4438562071047265,3.0591638020166325,-166.46594136994096,0.09001846070073215,high,datta_zhang (exactly 3-sparse)
ar_sigma1.25_datta_zhang,68,68,ar,100,500,1.25,3.0,datta_zhang,1.0,10,3,1.0,2.361111111111111,cocolasso_max,reweighted_max,12.15677576423634,10.417796031549264,16.468106107597237,14.105413775824108,16.729692041000817,183.2644021038432,1.738979732687076,2.362692331773129,-166.53471006284238,0.09128718861353807,high,datta_zhang (exactly 3-sparse)
ar_sigma1.25_datta_zhang,69,69,ar,100,500,1.25,3.0,datta_zhang,1.0,10,3,1.0,2.361111111111111,cocolasso_max,reweighted_max,11.906639857262212,11.835332922763156,14.173947057009109,13.267651878577958,16.517427308950573,198.9897852258291,0.07130693449905579,0.9062951784311508,-182.47235791687854,0.08300640804353505,high,datta_zhang (exactly 3-sparse)
ar_sigma1.25_datta_zhang,70,70,ar,100,500,1.25,3.0,datta_zhang,1.0,10,3,1.0,2.361111111111111,cocolasso_max,reweighted_max,7.356509831146639,4.447421797762226,9.788889995923569,5.558213843898023,16.064938533003442,183.88101593707688,2.9090880333844122,4.230676152025546,-167.81607740407344,0.08736594395639395,high,datta_zhang (exactly 3-sparse)
ar_sigma1.25_datta_zhang,71,71,ar,100,500,1.25,3.0,datta_zhang,1.0,10,3,1.0,2.361111111111111,cocolasso_max,reweighted_max,8.633305488482227,6.753190339701737,10.479481128059165,7.329058696909748,16.00132882699836,166.7324454879854,1.8801151487804901,3.1504224311494164,-150.73111666098703,0.09597009616314543,high,datta_zhang (exactly 3-sparse)
ar_sigma1.25_datta_zhang,72,72,ar,100,500,1.25,3.0,datta_zhang,1.0,10,3,1.0,2.361111111111111,cocolasso_max,reweighted_max,9.467609968473086,9.354622381912847,11.225755325720774,9.738764358248536,15.98889416496968,199.8684084760025,0.112987586560239,1.486990967472238,-183.8795143110328,0.07999710553000883,high,datta_zhang (exactly 3-sparse)
ar_sigma1.25_datta_zhang,73,73,ar,100,500,1.25,3.0,datta_zhang,1.0,10,3,1.0,2.361111111111111,cocolasso_max,reweighted_max,8.48883417590317,5.957182034702543,11.19964466226488,7.67011470916494,15.901432677987032,182.7932589240372,2.5316521412006274,3.5295299530999404,-166.89182624605016,0.08699135171387878,high,datta_zhang (exactly 3-sparse)
ar_sigma1.25_datta_zhang,74,74,ar,100,500,1.25,3.0,datta_zhang,1.0,10,3,1.0,2.361111111111111,cocolasso_max,reweighted_max,7.72561728943054,7.008836764725846,10.28734907494677,8.205596547996699,15.69548787700478,183.47356358892284,0.7167805247046939,2.081752526950071,-167.77807571191806,0.08554631833592613,high,datta_zhang (exactly 3-sparse)
ar_sigma1.25_datta_zhang,75,75,ar,100,500,1.25,3.0,datta_zhang,1.0,10,3,1.0,2.361111111111111,cocolasso_max,reweighted_max,10.44273790050492,11.11969752248948,11.745066125398552,11.371640447529924,15.764467561035415,247.31534993392413,-0.67695962198456,0.373425677868628,-231.5508823728887,0.06374237411971093,high,datta_zhang (exactly 3-sparse)
ar_sigma1.25_datta_zhang,76,76,ar,100,500,1.25,3.0,datta_zhang,1.0,10,3,1.0,2.361111111111111,cocolasso_max,reweighted_max,7.084971573321737,5.42262753579018,7.885257142769286,4.634446608157511,15.957389048009643,250.66071263002232,1.6623440375315575,3.2508105346117757,-234.70332358201267,0.06366130886878514,high,datta_zhang (exactly 3-sparse)
ar_sigma1.25_datta_zhang,77,77,ar,100,500,1.25,3.0,datta_zhang,1.0,10,3,1.0,2.361111111111111,cocolasso_max,reweighted_max,9.315643739152772,9.45280949442132,13.05059258753838,12.759239718814404,15.818755581974983,189.38996158307415,-0.13716575526854768,0.29135286872397614,-173.57120600109917,0.08352478373061094,high,datta_zhang (exactly 3-sparse)
ar_sigma1.25_datta_zhang,78,78,ar,100,500,1.25,3.0,datta_zhang,1.0,10,3,1.0,2.361111111111111,cocolasso_max,reweighted_max,10.42464838302358,10.25287879912306,13.860456918425866,13.148920629588666,16.02905092400033,238.13179822801607,0.17176958390052022,0.7115362888372001,-222.10274730401574,0.06731167800048353,high,datta_zhang (exactly 3-sparse)
ar_sigma1.25_datta_zhang,79,79,ar,100,500,1.25,3.0,datta_zhang,1.0,10,3,1.0,2.361111111111111,cocolasso_max,reweighted_max,10.084790300642789,10.768754405003234,12.178410664620278,11.339280789417288,16.077919465955347,182.54145073599648,-0.6839641043604452,0.8391298752029908,-166.46353127004113,0.08807818389264528,high,datta_zhang (exactly 3-sparse)
ar_sigma1.25_datta_zhang,80,80,ar,100,500,1.25,3.0,datta_zhang,1.0,10,3,1.0,2.361111111111111,cocolasso_max,reweighted_max,6.208386313072485,6.903884013566604,7.541961428351184,6.931779804740539,16.22991967597045,219.31057209300343,-0.6954977004941192,0.6101816236106457,-203.08065241703298,0.07400427403512402,high,datta_zhang (exactly 3-sparse)
ar_sigma1.25_datta_zhang,81,81,ar,100,500,1.25,3.0,datta_zhang,1.0,10,3,1.0,2.361111111111111,cocolasso_max,reweighted_max,11.405923867926688,12.370193783809029,12.975723925714322,12.000083814989948,16.857080388988834,227.3674085959792,-0.9642699158823405,0.975640110724374,-210.51032820699038,0.07414026703775757,high,datta_zhang (exactly 3-sparse)
ar_sigma1.25_datta_zhang,82,82,ar,100,500,1.25,3.0,datta_zhang,1.0,10,3,1.0,2.361111111111111,cocolasso_max,reweighted_max,10.033928000859198,8.592619744248978,13.094807469663552,10.86278557557918,16.764660763030406,227.11356935894585,1.4413082566102204,2.2320218940843723,-210.34890859591545,0.07381620046019526,high,datta_zhang (exactly 3-sparse)
ar_sigma1.25_datta_zhang,83,83,ar,100,500,1.25,3.0,datta_zhang,1.0,10,3,1.0,2.361111111111111,cocolasso_max,reweighted_max,9.497773421334683,8.170556366389668,12.066731218925431,9.646899356305813,16.871306087996345,224.0565369100077,1.3272170549450149,2.4198318626196187,-207.18523082201136,0.07529932543219083,high,datta_zhang (exactly 3-sparse)
ar_sigma1.25_datta_zhang,84,84,ar,100,500,1.25,3.0,datta_zhang,1.0,10,3,1.0,2.361111111111111,cocolasso_max,reweighted_max,10.479527467348902,11.677605946650695,12.880891519042589,12.725441571213883,16.920984463999048,225.28487137902997,-1.1980784793017936,0.15544994782870525,-208.36388691503092,0.07510927991045781,high,datta_zhang (exactly 3-sparse)
ar_sigma1.25_datta_zhang,85,85,ar,100,500,1.25,3.0,datta_zhang,1.0,10,3,1.0,2.361111111111111,cocolasso_max,reweighted_max,7.716793718818193,5.597649566211752,10.113095057459352,6.927192211349793,16.670411096944008,225.00427086104173,2.1191441526064416,3.1859028461095598,-208.33385976409772,0.07408930965243468,high,datta_zhang (exactly 3-sparse)
ar_sigma1.25_datta_zhang,86,86,ar,100,500,1.25,3.0,datta_zhang,1.0,10,3,1.0,2.361111111111111,cocolasso_max,reweighted_max,8.869610558283313,7.679946978703164,11.763428460764864,9.873066188718138,16.30657064798288,249.0389613469597,1.1896635795801487,1.8903622720467261,-232.73239069897681,0.06547799010960641,high,datta_zhang (exactly 3-sparse)
ar_sigma1.25_datta_zhang,87,87,ar,100,500,1.25,3.0,datta_zhang,1.0,10,3,1.0,2.361111111111111,cocolasso_max,reweighted_max,9.953786621021663,6.538577361928574,13.813148166671969,9.032654388781957,16.316339908982627,228.5900684939697,3.415209259093089,4.780493777890012,-212.27372858498708,0.07137816623653122,high,datta_zhang (exactly 3-sparse)
ar_sigma1.25_datta_zhang,88,88,ar,100,500,1.25,3.0,datta_zhang,1.0,10,3,1.0,2.361111111111111,cocolasso_max,reweighted_max,11.062433044942226,10.155429756952248,14.22224744551189,11.913472131330254,15.81790532299783,226.4906215489609,0.9070032879899781,2.308775314181636,-210.67271622596306,0.06983911834768154,high,datta_zhang (exactly 3-sparse)
ar_sigma1.25_datta_zhang,89,89,ar,100,500,1.25,3.0,datta_zhang,1.0,10,3,1.0,2.361111111111111,cocolasso_max,reweighted_max,8.7892497113784,8.635596284004201,9.428816343035963,8.362474280240196,15.969193652970716,231.5586637679953,0.15365342737419851,1.0663420627957674,-215.5894701150246,0.0689639221142279,high,datta_zhang (exactly 3-sparse)
ar_sigma1.25_datta_zhang,90,90,ar,100,500,1.25,3.0,datta_zhang,1.0,10,3,1.0,2.361111111111111,cocolasso_max,reweighted_max,11.4229122384948,12.38682790777547,13.48197431827056,12.641847297399426,16.183676761982497,221.6063893709797,-0.9639156692806701,0.8401270208711331,-205.42271260899722,0.07302892668356348,high,datta_zhang (exactly 3-sparse)
ar_sigma1.25_datta_zhang,91,91,ar,100,500,1.25,3.0,datta_zhang,1.0,10,3,1.0,2.361111111111111,cocolasso_max,reweighted_max,7.664179390422397,5.952807984179602,10.033238647952109,7.316071088090755,16.13835827499861,242.6089781409828,1.7113714062427956,2.7171675598613536,-226.4706198659842,0.06652003729895119,high,datta_zhang (exactly 3-sparse)
ar_sigma1.25_datta_zhang,92,92,ar,100,500,1.25,3.0,datta_zhang,1.0,10,3,1.0,2.361111111111111,cocolasso_max,reweighted_max,12.541625603349033,12.246557979370948,15.106143884298636,13.808473451450782,15.991735647025052,224.7875491580926,0.2950676239780847,1.2976704328478537,-208.79581351106754,0.07114155435618945,high,datta_zhang (exactly 3-sparse)
ar_sigma1.25_datta_zhang,93,93,ar,100,500,1.25,3.0,datta_zhang,1.0,10,3,1.0,2.361111111111111,cocolasso_max,reweighted_max,9.4303999961558,8.376849057609324,11.531611175320236,9.65638236252831,16.39375091000693,218.670810887008,1.0535509385464756,1.875228812791926,-202.27705997700107,0.07497000099605401,high,datta_zhang (exactly 3-sparse)
ar_sigma1.25_datta_zhang,94,94,ar,100,500,1.25,3.0,datta_zhang,1.0,10,3,1.0,2.361111111111111,cocolasso_max,reweighted_max,10.237345297334883,8.494620132426071,13.048872129261497,10.145957632310544,15.664007406041492,203.24056479893625,1.742725164908812,2.9029144969509524,-187.57655739289476,0.07707126489014499,high,datta_zhang (exactly 3-sparse)
ar_sigma1.25_datta_zhang,95,95,ar,100,500,1.25,3.0,datta_zhang,1.0,10,3,1.0,2.361111111111111,cocolasso_max,reweighted_max,6.230833232699204,4.335520036964996,7.884767942699092,5.435257305415676,16.08998696296476,200.68086404702623,1.8953131957342082,2.4495106372834163,-184.59087708406147,0.0801769866766885,high,datta_zhang (exactly 3-sparse)
ar_sigma1.25_datta_zhang,96,96,ar,100,500,1.25,3.0,datta_zhang,1.0,10,3,1.0,2.361111111111111,cocolasso_max,reweighted_max,7.234716706301212,5.981580394955234,9.661615554421342,7.461499456422198,15.993256999994628,223.4858668600209,1.253136311345978,2.2001160979991443,-207.49260986002628,0.07156272217433737,high,datta_zhang (exactly 3-sparse)
ar_sigma1.25_datta_zhang,97,97,ar,100,500,1.25,3.0,datta_zhang,1.0,10,3,1.0,2.361111111111111,cocolasso_max,reweighted_max,10.118777658112004,8.30783831614332,13.583158854494966,10.594069280221946,16.460341255995445,223.03141858393792,1.810939341968684,2.98908957427302,-206.57107732794248,0.07380279137578365,high,datta_zhang (exactly 3-sparse)
ar_sigma1.25_datta_zhang,98,98,ar,100,500,1.25,3.0,datta_zhang,1.0,10,3,1.0,2.361111111111111,cocolasso_max,reweighted_max,10.83692551158336,12.382583901789207,10.158500670449248,9.055501298539587,16.759208100964315,228.24576846591663,-1.5456583902058476,1.102999371909661,-211.4865603649523,0.07342615030108182,high,datta_zhang (exactly 3-sparse)
ar_sigma1.25_datta_zhang,99,99,ar,100,500,1.25,3.0,datta_zhang,1.0,10,3,1.0,2.361111111111111,cocolasso_max,reweighted_max,11.353445210857345,15.497343099831458,12.23122627643382,11.637670967024649,16.980122761975508,224.9458648629952,-4.143897888974113,0.5935553094091706,-207.96574210101969,0.07548537410241957,high,datta_zhang (exactly 3-sparse)
ar_sigma1.25_weak_sparse_a1.0,0,0,ar,100,500,1.25,3.0,weak_sparse,1.0,10,3,1.0,0.9118424939558304,cocolasso_max,reweighted_max,13.454338227339925,12.796117294774412,7.300121115918901,6.984636660531895,16.15492441999959,175.9246161460178,0.6582209325655128,0.315484455387006,-159.7696917260182,0.09182867511042893,high,weak α=1.0 (83% in first 3)
ar_sigma1.25_weak_sparse_a1.0,1,1,ar,100,500,1.25,3.0,weak_sparse,1.0,10,3,1.0,0.9118424939558304,cocolasso_max,reweighted_max,12.067135255400787,10.767897339873214,6.221405411727521,5.374170767497555,16.229564852954354,151.10021412197966,1.2992379155275735,0.8472346442299665,-134.8706492690253,0.10740927765894896,high,weak α=1.0 (83% in first 3)
ar_sigma1.25_weak_sparse_a1.0,2,2,ar,100,500,1.25,3.0,weak_sparse,1.0,10,3,1.0,0.9118424939558304,cocolasso_max,reweighted_max,15.192909419855308,15.705781586787284,8.610066526683575,9.106827640020803,17.46231275302125,170.70617725001648,-0.5128721669319756,-0.4967611133372287,-153.24386449699523,0.10229455684808597,high,weak α=1.0 (83% in first 3)
ar_sigma1.25_weak_sparse_a1.0,3,3,ar,100,500,1.25,3.0,weak_sparse,1.0,10,3,1.0,0.9118424939558304,cocolasso_max,reweighted_max,12.058016347614794,12.495926633347723,5.915942712172775,6.706018644541785,17.414283209014684,160.34234304900747,-0.43791028573292934,-0.7900759323690094,-142.92805983999278,0.10860688996974514,high,weak α=1.0 (83% in first 3)
ar_sigma1.25_weak_sparse_a1.0,4,4,ar,100,500,1.25,3.0,weak_sparse,1.0,10,3,1.0,0.9118424939558304,cocolasso_max,reweighted_max,11.27180548957238,10.835481363281616,5.57673922886246,5.44780786792926,17.355351448000874,162.66635903005954,0.43632412629076356,0.12893136093320035,-145.31100758205866,0.10669293609008446,high,weak α=1.0 (83% in first 3)
ar_sigma1.25_weak_sparse_a1.0,5,5,ar,100,500,1.25,3.0,weak_sparse,1.0,10,3,1.0,0.9118424939558304,cocolasso_max,reweighted_max,11.08259137389865,9.980668400998283,5.428457379573974,4.824829911513492,17.424607797001954,166.1621955690207,1.1019229729003666,0.6036274680604823,-148.73758777201874,0.10486505511877457,high,weak α=1.0 (83% in first 3)
ar_sigma1.25_weak_sparse_a1.0,6,6,ar,100,500,1.25,3.0,weak_sparse,1.0,10,3,1.0,0.9118424939558304,cocolasso_max,reweighted_max,12.231638800154837,11.670983663177374,6.271166748813054,5.941853677874626,16.91184286697535,178.91768281999975,0.5606551369774628,0.32931307093842843,-162.0058399530244,0.0945230376361934,high,weak α=1.0 (83% in first 3)
ar_sigma1.25_weak_sparse_a1.0,7,7,ar,100,500,1.25,3.0,weak_sparse,1.0,10,3,1.0,0.9118424939558304,cocolasso_max,reweighted_max,12.477953853391265,11.720725440837253,6.694651915680486,6.377436330955053,15.065347655967344,178.66511671897024,0.7572284125540119,0.31721558472543254,-163.5997690630029,0.08432170718397286,high,weak α=1.0 (83% in first 3)
ar_sigma1.25_weak_sparse_a1.0,8,8,ar,100,500,1.25,3.0,weak_sparse,1.0,10,3,1.0,0.9118424939558304,cocolasso_max,reweighted_max,11.803225214918513,11.087621858425656,5.895759714635876,5.397786899842071,15.1174662829726,180.77916873805225,0.7156033564928563,0.49797281479380473,-165.66170245507965,0.08362393957501654,high,weak α=1.0 (83% in first 3)
ar_sigma1.25_weak_sparse_a1.0,9,9,ar,100,500,1.25,3.0,weak_sparse,1.0,10,3,1.0,0.9118424939558304,cocolasso_max,reweighted_max,13.283872654869812,13.358897841574262,7.310119459797587,7.561111439908907,15.178394857037349,180.27836071699855,-0.07502518670444935,-0.25099198011132007,-165.0999658599612,0.08419421386277431,high,weak α=1.0 (83% in first 3)
ar_sigma1.25_weak_sparse_a1.0,10,10,ar,100,500,1.25,3.0,weak_sparse,1.0,10,3,1.0,0.9118424939558304,cocolasso_max,reweighted_max,12.553440406806589,13.815832805323623,6.706687256136642,8.133101740890186,15.005740783002691,165.58468433190137,-1.2623923985170347,-1.4264144847535443,-150.57894354889868,0.09062275803796488,high,weak α=1.0 (83% in first 3)
ar_sigma1.25_weak_sparse_a1.0,11,11,ar,100,500,1.25,3.0,weak_sparse,1.0,10,3,1.0,0.9118424939558304,cocolasso_max,reweighted_max,11.84528741767096,11.114560962129602,6.020070719137436,5.718324696854864,14.955479166994335,180.03991450194735,0.7307264555413582,0.30174602228257186,-165.084435334953,0.08306757536719767,high,weak α=1.0 (83% in first 3)
ar_sigma1.25_weak_sparse_a1.0,12,12,ar,100,500,1.25,3.0,weak_sparse,1.0,10,3,1.0,0.9118424939558304,cocolasso_max,reweighted_max,11.93203628980564,11.387319654338384,6.181403522370617,6.024140623017325,15.12762331799604,181.6510472591035,0.544716635467255,0.15726289935329252,-166.52342394110747,0.0832784811662456,high,weak α=1.0 (83% in first 3)
ar_sigma1.25_weak_sparse_a1.0,13,13,ar,100,500,1.25,3.0,weak_sparse,1.0,10,3,1.0,0.9118424939558304,cocolasso_max,reweighted_max,12.78228789789273,12.256379845433724,6.72124112658841,6.409956794457893,14.692648698983248,183.04102289502043,0.5259080524590054,0.3112843321305174,-168.34837419603718,0.08026970384343803,high,weak α=1.0 (83% in first 3)
ar_sigma1.25_weak_sparse_a1.0,14,14,ar,100,500,1.25,3.0,weak_sparse,1.0,10,3,1.0,0.9118424939558304,cocolasso_max,reweighted_max,13.451377385573949,13.576234316123882,7.499236754966449,7.919660948650775,14.88559671601979,181.21230713499244,-0.12485693054993341,-0.42042419368432604,-166.32671041897265,0.08214451298239309,high,weak α=1.0 (83% in first 3)
ar_sigma1.25_weak_sparse_a1.0,15,15,ar,100,500,1.25,3.0,weak_sparse,1.0,10,3,1.0,0.9118424939558304,cocolasso_max,reweighted_max,11.42552316105663,10.631874636525446,5.667638842780344,5.237883122701948,14.86567837599432,178.62494850810617,0.793648524531184,0.42975572007839613,-163.75927013211185,0.08322285604644807,high,weak α=1.0 (83% in first 3)
ar_sigma1.25_weak_sparse_a1.0,16,16,ar,100,500,1.25,3.0,weak_sparse,1.0,10,3,1.0,0.9118424939558304,cocolasso_max,reweighted_max,13.566220433648954,13.438856725420392,7.45715406900917,7.532367254602786,14.969159897009376,165.79466407501604,0.1273637082285628,-0.07521318559361578,-150.82550417800667,0.09028734417071696,high,weak α=1.0 (83% in first 3)
ar_sigma1.25_weak_sparse_a1.0,17,17,ar,100,500,1.25,3.0,weak_sparse,1.0,10,3,1.0,0.9118424939558304,cocolasso_max,reweighted_max,13.027342031806675,12.252545480328846,6.926138600159474,6.429642900841438,16.00317137100501,166.44042862101924,0.774796551477829,0.49649569931803583,-150.43725725001423,0.09614954433603291,high,weak α=1.0 (83% in first 3)
ar_sigma1.25_weak_sparse_a1.0,18,18,ar,100,500,1.25,3.0,weak_sparse,1.0,10,3,1.0,0.9118424939558304,cocolasso_max,reweighted_max,13.46341232671755,13.071909110731088,7.258855820087634,7.032116577171099,16.222844130999874,195.78489216102756,0.39150321598646265,0.22673924291653513,-179.56204803002768,0.0828605514548949,high,weak α=1.0 (83% in first 3)
ar_sigma1.25_weak_sparse_a1.0,19,19,ar,100,500,1.25,3.0,weak_sparse,1.0,10,3,1.0,0.9118424939558304,cocolasso_max,reweighted_max,11.477944398822332,9.305972929739166,5.734324918494012,4.359397492937206,15.992350485990755,182.2592110009864,2.171971469083166,1.3749274255568062,-166.26686051499564,0.08774508787873664,high,weak α=1.0 (83% in first 3)
ar_sigma1.25_weak_sparse_a1.0,20,20,ar,100,500,1.25,3.0,weak_sparse,1.0,10,3,1.0,0.9118424939558304,cocolasso_max,reweighted_max,15.044637509350231,15.549899446022913,8.720033976639444,9.320494994950694,16.91600844397908,182.53221104294065,-0.5052619366726816,-0.6004610183112504,-165.61620259896156,0.09267410035371562,high,weak α=1.0 (83% in first 3)
ar_sigma1.25_weak_sparse_a1.0,21,21,ar,100,500,1.25,3.0,weak_sparse,1.0,10,3,1.0,0.9118424939558304,cocolasso_max,reweighted_max,10.78154846790814,9.766167252337643,5.318803833870371,5.0226485342798615,16.71135514701018,168.51987369696144,1.0153812155704962,0.29615529959050946,-151.80851854995126,0.09916548582905507,high,weak α=1.0 (83% in first 3)
ar_sigma1.25_weak_sparse_a1.0,22,22,ar,100,500,1.25,3.0,weak_sparse,1.0,10,3,1.0,0.9118424939558304,cocolasso_max,reweighted_max,12.960567729179322,12.252180757139476,6.815717739395274,6.339184100627845,16.705799593008123,183.01234715792816,0.7083869720398468,0.47653363876742905,-166.30654756492004,0.09128236347131305,high,weak α=1.0 (83% in first 3)
ar_sigma1.25_weak_sparse_a1.0,23,23,ar,100,500,1.25,3.0,weak_sparse,1.0,10,3,1.0,0.9118424939558304,cocolasso_max,reweighted_max,9.321025463406576,8.20864830327512,4.240660751011027,3.982853921851648,16.62943566800095,178.2983553429367,1.1123771601314552,0.2578068291593789,-161.66891967493575,0.09326746528881949,high,weak α=1.0 (83% in first 3)
ar_sigma1.25_weak_sparse_a1.0,24,24,ar,100,500,1.25,3.0,weak_sparse,1.0,10,3,1.0,0.9118424939558304,cocolasso_max,reweighted_max,12.33004569064688,10.958164312699813,6.313173223678466,5.326218061830039,16.66756253200583,211.5805688709952,1.3718813779470675,0.9869551618484271,-194.91300633898936,0.0787764331145568,high,weak α=1.0 (83% in first 3)
ar_sigma1.25_weak_sparse_a1.0,25,25,ar,100,500,1.25,3.0,weak_sparse,1.0,10,3,1.0,0.9118424939558304,cocolasso_max,reweighted_max,10.20138402078356,9.193171405966778,4.71253435051328,4.082117651998344,15.252613142016344,260.04647649405524,1.0082126148167827,0.630416698514936,-244.7938633520389,0.05865341206561214,high,weak α=1.0 (83% in first 3)
ar_sigma1.25_weak_sparse_a1.0,26,26,ar,100,500,1.25,3.0,weak_sparse,1.0,10,3,1.0,0.9118424939558304,cocolasso_max,reweighted_max,11.642117412525394,10.612180252644103,5.884264901123288,5.305175192461873,15.49178448697785,225.6644798920024,1.0299371598812908,0.5790897086614146,-210.17269540502454,0.06864963637339756,high,weak α=1.0 (83% in first 3)
ar_sigma1.25_weak_sparse_a1.0,27,27,ar,100,500,1.25,3.0,weak_sparse,1.0,10,3,1.0,0.9118424939558304,cocolasso_max,reweighted_max,12.4623177257789,11.821430311896163,6.571688913367199,6.257879766616572,15.417370597016998,225.26541486405768,0.6408874138827372,0.31380914675062677,-209.84804426704068,0.0684409127176536,high,weak α=1.0 (83% in first 3)
ar_sigma1.25_weak_sparse_a1.0,28,28,ar,100,500,1.25,3.0,weak_sparse,1.0,10,3,1.0,0.9118424939558304,cocolasso_max,reweighted_max,11.958384225985156,11.288298651267771,6.046515202246556,5.629616647603811,15.285054980020504,243.80138176493347,0.6700855747173851,0.41689855464274483,-228.51632678491296,0.06269470201263228,high,weak α=1.0 (83% in first 3)
ar_sigma1.25_weak_sparse_a1.0,29,29,ar,100,500,1.25,3.0,weak_sparse,1.0,10,3,1.0,0.9118424939558304,cocolasso_max,reweighted_max,11.986058132718064,11.487424420157833,6.1338846607060935,5.921112836655501,15.24370389903197,222.2687614059541,0.49863371256023115,0.21277182405059225,-207.02505750692214,0.06858230460550731,high,weak α=1.0 (83% in first 3)
ar_sigma1.25_weak_sparse_a1.0,30,30,ar,100,500,1.25,3.0,weak_sparse,1.0,10,3,1.0,0.9118424939558304,cocolasso_max,reweighted_max,14.552005596571334,15.198437672963044,8.213190132980117,8.905844160815324,15.32186259899754,210.15036532701924,-0.6464320763917097,-0.6926540278352071,-194.8285027280217,0.07290904574519716,high,weak α=1.0 (83% in first 3)
ar_sigma1.25_weak_sparse_a1.0,31,31,ar,100,500,1.25,3.0,weak_sparse,1.0,10,3,1.0,0.9118424939558304,cocolasso_max,reweighted_max,11.765353864962512,11.130452394914364,5.920601979495294,5.606013679792846,15.700165871006902,224.31010273098943,0.6349014700481472,0.3145882997024483,-208.60993685998253,0.0699931286190698,high,weak α=1.0 (83% in first 3)
ar_sigma1.25_weak_sparse_a1.0,32,32,ar,100,500,1.25,3.0,weak_sparse,1.0,10,3,1.0,0.9118424939558304,cocolasso_max,reweighted_max,12.796298047670533,11.940171238730883,7.119756143141005,6.768268480008003,15.240673114021774,217.30284294090237,0.8561268089396492,0.3514876631330015,-202.0621698268806,0.07013563609090298,high,weak α=1.0 (83% in first 3)
ar_sigma1.25_weak_sparse_a1.0,33,33,ar,100,500,1.25,3.0,weak_sparse,1.0,10,3,1.0,0.9118424939558304,cocolasso_max,reweighted_max,11.66366283757788,11.845497646640174,5.863713139281755,6.248441384819869,15.29248382599326,212.3424844061956,-0.18183480906229477,-0.38472824553811424,-197.05000058020235,0.07201801311102615,high,weak α=1.0 (83% in first 3)
ar_sigma1.25_weak_sparse_a1.0,34,34,ar,100,500,1.25,3.0,weak_sparse,1.0,10,3,1.0,0.9118424939558304,cocolasso_max,reweighted_max,12.06681184439184,11.57906250535692,6.214934955466534,5.954004015023394,15.314634779002516,210.81298149889332,0.4877493390349201,0.26093094044313947,-195.4983467198908,0.0726455964434188,high,weak α=1.0 (83% in first 3)
ar_sigma1.25_weak_sparse_a1.0,35,35,ar,100,500,1.25,3.0,weak_sparse,1.0,10,3,1.0,0.9118424939558304,cocolasso_max,reweighted_max,11.342155680645424,10.781628183266417,5.549495574688158,5.184311701738661,15.150318618980236,210.07316834805533,0.5605274973790078,0.3651838729494967,-194.9228497290751,0.07211924653737191,high,weak α=1.0 (83% in first 3)
ar_sigma1.25_weak_sparse_a1.0,36,36,ar,100,500,1.25,3.0,weak_sparse,1.0,10,3,1.0,0.9118424939558304,cocolasso_max,reweighted_max,15.192515644583647,15.899809850136668,8.59886046550821,9.518755441585126,16.286212335980963,207.54499647184275,-0.7072942055530209,-0.9198949760769164,-191.2587841358618,0.07847075387428327,high,weak α=1.0 (83% in first 3)
ar_sigma1.25_weak_sparse_a1.0,37,37,ar,100,500,1.25,3.0,weak_sparse,1.0,10,3,1.0,0.9118424939558304,cocolasso_max,reweighted_max,13.007019159633614,12.558367220193098,6.896098423206369,6.717868803918851,17.337621637969278,207.54157725488767,0.4486519394405164,0.17822961928751813,-190.2039556169184,0.08353806435939559,high,weak α=1.0 (83% in first 3)
ar_sigma1.25_weak_sparse_a1.0,38,38,ar,100,500,1.25,3.0,weak_sparse,1.0,10,3,1.0,0.9118424939558304,cocolasso_max,reweighted_max,12.397683755602898,11.69072808119455,6.579982422155484,6.431782198632541,17.196738917962648,190.25918999291025,0.7069556744083485,0.14820022352294338,-173.0624510749476,0.09038585163010239,high,weak α=1.0 (83% in first 3)
ar_sigma1.25_weak_sparse_a1.0,39,39,ar,100,500,1.25,3.0,weak_sparse,1.0,10,3,1.0,0.9118424939558304,cocolasso_max,reweighted_max,12.569062962434987,10.93912183356288,6.528297913286338,5.38460107705292,18.151623462035783,190.54065004806037,1.6299411288721082,1.1436968362334188,-172.38902658602458,0.09526378469611271,high,weak α=1.0 (83% in first 3)
ar_sigma1.25_weak_sparse_a1.0,40,40,ar,100,500,1.25,3.0,weak_sparse,1.0,10,3,1.0,0.9118424939558304,cocolasso_max,reweighted_max,12.566415243903412,11.98804691099524,6.543513438423038,6.171366190580993,18.79505242203595,205.9913868571166,0.5783683329081715,0.37214724784204556,-187.19633443508064,0.09124193350410767,high,weak α=1.0 (83% in first 3)
ar_sigma1.25_weak_sparse_a1.0,41,41,ar,100,500,1.25,3.0,weak_sparse,1.0,10,3,1.0,0.9118424939558304,cocolasso_max,reweighted_max,10.83873575482899,9.371788726784574,5.171541264534697,4.17154016814635,18.60505086195189,222.39515238115564,1.466947028044416,1.0000010963883463,-203.79010151920374,0.08365762770793364,high,weak α=1.0 (83% in first 3)
ar_sigma1.25_weak_sparse_a1.0,42,42,ar,100,500,1.25,3.0,weak_sparse,1.0,10,3,1.0,0.9118424939558304,cocolasso_max,reweighted_max,15.547526198151273,16.304821182204222,8.950666692180741,9.706585159189052,18.953003856004216,222.3378496610094,-0.7572949840529493,-0.7559184670083106,-203.38484580500517,0.08524416281303965,high,weak α=1.0 (83% in first 3)
ar_sigma1.25_weak_sparse_a1.0,43,43,ar,100,500,1.25,3.0,weak_sparse,1.0,10,3,1.0,0.9118424939558304,cocolasso_max,reweighted_max,12.573016751030718,12.01453401835052,6.520858804878409,6.194274129801316,18.40087000001222,202.74940178985707,0.5584827326801971,0.32658467507709243,-184.34853178984486,0.09075671660468869,high,weak α=1.0 (83% in first 3)
ar_sigma1.25_weak_sparse_a1.0,44,44,ar,100,500,1.25,3.0,weak_sparse,1.0,10,3,1.0,0.9118424939558304,cocolasso_max,reweighted_max,12.877977651389005,12.364835852549469,6.702512784154013,6.378908056919004,17.05422880698461,236.4738664850593,0.5131417988395359,0.32360472723500955,-219.41963767807468,0.07211887326273374,high,weak α=1.0 (83% in first 3)
ar_sigma1.25_weak_sparse_a1.0,45,45,ar,100,500,1.25,3.0,weak_sparse,1.0,10,3,1.0,0.9118424939558304,cocolasso_max,reweighted_max,13.048996007071732,12.245198104282656,6.888364615186957,6.428472385991992,16.73386840702733,187.92953138588928,0.8037979027890767,0.4598922291949643,-171.19566297886195,0.0890433147128243,high,weak α=1.0 (83% in first 3)
ar_sigma1.25_weak_sparse_a1.0,46,46,ar,100,500,1.25,3.0,weak_sparse,1.0,10,3,1.0,0.9118424939558304,cocolasso_max,reweighted_max,9.280393155566212,8.25222533578202,4.465338583399147,4.752923794823616,16.667977106990293,172.8020484810695,1.0281678197841924,-0.287585211424469,-156.1340713740792,0.09645705738735078,high,weak α=1.0 (83% in first 3)
ar_sigma1.25_weak_sparse_a1.0,47,47,ar,100,500,1.25,3.0,weak_sparse,1.0,10,3,1.0,0.9118424939558304,cocolasso_max,reweighted_max,11.165558754165255,10.39517778469438,5.5134870894856896,5.066294134442928,16.113920867966954,206.1258785540704,0.7703809694708763,0.4471929550427616,-190.01195768610344,0.07817514705578316,high,weak α=1.0 (83% in first 3)
ar_sigma1.25_weak_sparse_a1.0,48,48,ar,100,500,1.25,3.0,weak_sparse,1.0,10,3,1.0,0.9118424939558304,cocolasso_max,reweighted_max,14.495138385230378,15.183515997437516,8.141369336249388,8.93529061392151,16.247271881031338,186.8035958278924,-0.6883776122071374,-0.793921277672121,-170.55632394686106,0.08697515596006206,high,weak α=1.0 (83% in first 3)
ar_sigma1.25_weak_sparse_a1.0,49,49,ar,100,500,1.25,3.0,weak_sparse,1.0,10,3,1.0,0.9118424939558304,cocolasso_max,reweighted_max,11.73261672262684,11.076466698845008,5.979102999220354,5.647716363334534,16.06790781294694,202.3084041569382,0.6561500237818318,0.33138663588581974,-186.24049634399125,0.0794228390061466,high,weak α=1.0 (83% in first 3)
ar_sigma1.25_weak_sparse_a1.0,50,50,ar,100,500,1.25,3.0,weak_sparse,1.0,10,3,1.0,0.9118424939558304,cocolasso_max,reweighted_max,12.623655093052363,11.606383941591943,6.523309804437533,5.803721409924966,16.67009903298458,316.2310138139874,1.0172711514604202,0.7195883945125665,-299.5609147810028,0.05271494035936091,high,weak α=1.0 (83% in first 3)
ar_sigma1.25_weak_sparse_a1.0,51,51,ar,100,500,1.25,3.0,weak_sparse,1.0,10,3,1.0,0.9118424939558304,cocolasso_max,reweighted_max,12.157113143126807,11.386981661018613,6.2154194803099045,5.75752754836478,17.577938454051036,267.3701469770167,0.7701314821081944,0.4578919319451247,-249.79220852296567,0.06574383360593375,high,weak α=1.0 (83% in first 3)
ar_sigma1.25_weak_sparse_a1.0,52,52,ar,100,500,1.25,3.0,weak_sparse,1.0,10,3,1.0,0.9118424939558304,cocolasso_max,reweighted_max,14.832712457742817,15.61329287721541,8.617694869874732,9.51798713591716,17.33954467298463,334.49597940710373,-0.7805804194725923,-0.9002922660424275,-317.1564347341191,0.05183782688126501,high,weak α=1.0 (83% in first 3)
ar_sigma1.25_weak_sparse_a1.0,53,53,ar,100,500,1.25,3.0,weak_sparse,1.0,10,3,1.0,0.9118424939558304,cocolasso_max,reweighted_max,10.80789829637801,9.143853184389542,5.189353043397937,4.250134193004411,18.18654507503379,331.3854931839742,1.664045111988468,0.9392188503935266,-313.1989481089404,0.054880329553041805,high,weak α=1.0 (83% in first 3)
ar_sigma1.25_weak_sparse_a1.0,54,54,ar,100,500,1.25,3.0,weak_sparse,1.0,10,3,1.0,0.9118424939558304,cocolasso_max,reweighted_max,12.018820616773777,11.102861119551942,6.080609913884883,5.454928957168006,18.82777035696199,343.7609254529234,0.9159594972218343,0.6256809567168773,-324.9331550959614,0.054769954822978785,high,weak α=1.0 (83% in first 3)
ar_sigma1.25_weak_sparse_a1.0,55,55,ar,100,500,1.25,3.0,weak_sparse,1.0,10,3,1.0,0.9118424939558304,cocolasso_max,reweighted_max,12.65615057522549,12.050856269065566,6.819972790903065,6.61159446100688,18.624923156981826,291.1858424108941,0.6052943061599247,0.20837832989618477,-272.5609192539123,0.06396232386429036,high,weak α=1.0 (83% in first 3)
ar_sigma1.25_weak_sparse_a1.0,56,56,ar,100,500,1.25,3.0,weak_sparse,1.0,10,3,1.0,0.9118424939558304,cocolasso_max,reweighted_max,11.666555560890844,10.308907941020603,5.856975906439743,4.980702439467849,18.39548242901219,320.14342801482417,1.3576476198702405,0.8762734669718943,-301.747945585812,0.05746012824027233,high,weak α=1.0 (83% in first 3)
ar_sigma1.25_weak_sparse_a1.0,57,57,ar,100,500,1.25,3.0,weak_sparse,1.0,10,3,1.0,0.9118424939558304,cocolasso_max,reweighted_max,13.718434517063898,14.575105533413245,7.488253884346938,8.487879213616445,18.02443215396488,344.9539174030069,-0.8566710163493472,-0.9996253292695068,-326.92948524904205,0.05225171028542656,high,weak α=1.0 (83% in first 3)
ar_sigma1.25_weak_sparse_a1.0,58,58,ar,100,500,1.25,3.0,weak_sparse,1.0,10,3,1.0,0.9118424939558304,cocolasso_max,reweighted_max,12.489214971633835,12.295669046284342,6.486531659081855,6.545803970666676,17.42588741896907,260.28300114907324,0.19354592534949333,-0.05927231158482105,-242.85711373010417,0.06694977137207915,high,weak α=1.0 (83% in first 3)
ar_sigma1.25_weak_sparse_a1.0,59,59,ar,100,500,1.25,3.0,weak_sparse,1.0,10,3,1.0,0.9118424939558304,cocolasso_max,reweighted_max,11.908711558969417,11.394387515780544,6.008617204138887,5.735733026825012,16.367650735017378,291.3434686071705,0.5143240431888731,0.27288417731387504,-274.97581787215313,0.05617991305336762,high,weak α=1.0 (83% in first 3)
ar_sigma1.25_weak_sparse_a1.0,60,60,ar,100,500,1.25,3.0,weak_sparse,1.0,10,3,1.0,0.9118424939558304,cocolasso_max,reweighted_max,12.700657214166933,12.28257866606337,6.663641510889233,6.457390954376853,16.42491204396356,281.19066664320417,0.41807854810356204,0.20625055651238,-264.7657545992406,0.058412010043010144,high,weak α=1.0 (83% in first 3)
ar_sigma1.25_weak_sparse_a1.0,61,61,ar,100,500,1.25,3.0,weak_sparse,1.0,10,3,1.0,0.9118424939558304,cocolasso_max,reweighted_max,14.79969374742246,16.427976788378263,8.352372438449502,9.93899698020537,16.500365637999494,286.5982807069085,-1.6282830409558038,-1.586624541755869,-270.097915068909,0.057573149417716483,high,weak α=1.0 (83% in first 3)
ar_sigma1.25_weak_sparse_a1.0,62,62,ar,100,500,1.25,3.0,weak_sparse,1.0,10,3,1.0,0.9118424939558304,cocolasso_max,reweighted_max,9.983151370637884,8.34587277216096,4.617960739918727,3.659343642316163,16.45776331797242,300.2081310551148,1.6372785984769251,0.9586170976025641,-283.75036773714237,0.05482117776134106,high,weak α=1.0 (83% in first 3)
ar_sigma1.25_weak_sparse_a1.0,63,63,ar,100,500,1.25,3.0,weak_sparse,1.0,10,3,1.0,0.9118424939558304,cocolasso_max,reweighted_max,10.864006864318643,8.729439817798443,5.276394659226816,3.9825389186642495,16.12712170201121,238.988180590095,2.1345670465202,1.2938557405625666,-222.8610588880838,0.06748083383115895,high,weak α=1.0 (83% in first 3)
ar_sigma1.25_weak_sparse_a1.0,64,64,ar,100,500,1.25,3.0,weak_sparse,1.0,10,3,1.0,0.9118424939558304,cocolasso_max,reweighted_max,14.46000688534521,15.930285015617732,8.236470865943012,9.646539768858256,16.361763480002992,224.45033187395893,-1.470278130272522,-1.4100689029152438,-208.08856839395594,0.07289703402706935,high,weak α=1.0 (83% in first 3)
ar_sigma1.25_weak_sparse_a1.0,65,65,ar,100,500,1.25,3.0,weak_sparse,1.0,10,3,1.0,0.9118424939558304,cocolasso_max,reweighted_max,10.26034840150436,8.40781574395061,4.766273380883386,3.530659998457905,16.361159833031707,284.6364602909889,1.8525326575537484,1.2356133824254814,-268.2753004579572,0.05748089972839531,high,weak α=1.0 (83% in first 3)
ar_sigma1.25_weak_sparse_a1.0,66,66,ar,100,500,1.25,3.0,weak_sparse,1.0,10,3,1.0,0.9118424939558304,cocolasso_max,reweighted_max,12.524850002138333,12.018370125208808,6.572520242443273,6.322845786794857,17.16359602898592,247.62490172986872,0.5064798769295251,0.2496744556484165,-230.4613057008828,0.06931288375718166,high,weak α=1.0 (83% in first 3)
ar_sigma1.25_weak_sparse_a1.0,67,67,ar,100,500,1.25,3.0,weak_sparse,1.0,10,3,1.0,0.9118424939558304,cocolasso_max,reweighted_max,14.558082644816588,14.606429495771868,8.046875094193211,8.106717701990409,17.990236988000106,244.9936762950383,-0.04834685095528002,-0.05984260779719719,-227.0034393070382,0.0734314340682615,high,weak α=1.0 (83% in first 3)
ar_sigma1.25_weak_sparse_a1.0,68,68,ar,100,500,1.25,3.0,weak_sparse,1.0,10,3,1.0,0.9118424939558304,cocolasso_max,reweighted_max,11.87247556864748,11.194141104989248,6.062557467736802,5.6553824578597816,17.235196880996227,243.085855854908,0.6783344636582331,0.4071750098770206,-225.85065897391178,0.07090168541638019,high,weak α=1.0 (83% in first 3)
ar_sigma1.25_weak_sparse_a1.0,69,69,ar,100,500,1.25,3.0,weak_sparse,1.0,10,3,1.0,0.9118424939558304,cocolasso_max,reweighted_max,14.069647606747866,15.214035749006468,7.808475943488612,8.978999834172459,18.232571294996887,248.37332375906408,-1.1443881422586024,-1.1705238906838469,-230.1407524640672,0.07340792891543979,high,weak α=1.0 (83% in first 3)
ar_sigma1.25_weak_sparse_a1.0,70,70,ar,100,500,1.25,3.0,weak_sparse,1.0,10,3,1.0,0.9118424939558304,cocolasso_max,reweighted_max,13.1145544115259,12.59566784609564,6.961323596230984,6.670199169578832,18.34587046696106,223.2517497120425,0.5188865654302592,0.29112442665215177,-204.90587924508145,0.08217570742726168,high,weak α=1.0 (83% in first 3)
ar_sigma1.25_weak_sparse_a1.0,71,71,ar,100,500,1.25,3.0,weak_sparse,1.0,10,3,1.0,0.9118424939558304,cocolasso_max,reweighted_max,12.75933244642372,12.602885140110736,7.061878402699231,7.272615611220816,18.161079406971112,216.4663070160896,0.15644730631298387,-0.21073720852158484,-198.30522760911848,0.08389795001963621,high,weak α=1.0 (83% in first 3)
ar_sigma1.25_weak_sparse_a1.0,72,72,ar,100,500,1.25,3.0,weak_sparse,1.0,10,3,1.0,0.9118424939558304,cocolasso_max,reweighted_max,15.2283786262313,16.01816066513416,8.673187530943345,9.471651177933934,18.370425043976866,211.8954985719174,-0.7897820389028603,-0.798463646990589,-193.52507352794052,0.08669568333346137,high,weak α=1.0 (83% in first 3)
ar_sigma1.25_weak_sparse_a1.0,73,73,ar,100,500,1.25,3.0,weak_sparse,1.0,10,3,1.0,0.9118424939558304,cocolasso_max,reweighted_max,12.625616845855111,11.677963824397231,6.516353250731554,5.811642338636728,17.902321222005412,227.21739786700343,0.9476530214578798,0.7047109120948258,-209.31507664499802,0.07878939460649986,high,weak α=1.0 (83% in first 3)
ar_sigma1.25_weak_sparse_a1.0,74,74,ar,100,500,1.25,3.0,weak_sparse,1.0,10,3,1.0,0.9118424939558304,cocolasso_max,reweighted_max,9.323451608058702,7.866036876792116,4.139336020486156,3.3362987591594853,17.191730146005284,227.3280561589636,1.4574147312665868,0.8030372613266707,-210.1363260129583,0.07562520190637459,high,weak α=1.0 (83% in first 3)
ar_sigma1.25_weak_sparse_a1.0,75,75,ar,100,500,1.25,3.0,weak_sparse,1.0,10,3,1.0,0.9118424939558304,cocolasso_max,reweighted_max,11.106974613295094,10.092763738831025,5.484929127832368,4.922680240503712,16.695755769032985,293.1218857599888,1.0142108744640694,0.5622488873286562,-276.4261299909558,0.05695840733879435,high,weak α=1.0 (83% in first 3)
ar_sigma1.25_weak_sparse_a1.0,76,76,ar,100,500,1.25,3.0,weak_sparse,1.0,10,3,1.0,0.9118424939558304,cocolasso_max,reweighted_max,9.321469662091328,6.843201414311987,4.02696416262088,2.6226505142389933,16.95507379202172,2597.759864164982,2.478268247779341,1.4043136483818865,-2580.8047903729603,0.006526805662798136,high,weak α=1.0 (83% in first 3)
ar_sigma1.25_weak_sparse_a1.0,77,77,ar,100,500,1.25,3.0,weak_sparse,1.0,10,3,1.0,0.9118424939558304,cocolasso_max,reweighted_max,11.759590812554531,10.794316427708592,5.966975993931807,5.402873395930175,16.179581377014983,273.8328451970592,0.9652743848459391,0.5641025980016314,-257.65326382004423,0.05908561248513347,high,weak α=1.0 (83% in first 3)
ar_sigma1.25_weak_sparse_a1.0,78,78,ar,100,500,1.25,3.0,weak_sparse,1.0,10,3,1.0,0.9118424939558304,cocolasso_max,reweighted_max,11.956770493051854,11.251846003946342,6.209984346556723,5.892382909916901,16.12664938904345,288.61825809418224,0.7049244891055118,0.3176014366398219,-272.4916087051388,0.05587536109299428,high,weak α=1.0 (83% in first 3)
ar_sigma1.25_weak_sparse_a1.0,79,79,ar,100,500,1.25,3.0,weak_sparse,1.0,10,3,1.0,0.9118424939558304,cocolasso_max,reweighted_max,12.55133453808374,11.934471420862051,6.6179253557967135,6.254271558261611,16.180499011999927,288.8787967839744,0.6168631172216887,0.3636537975351022,-272.69829777197447,0.056011376370069206,high,weak α=1.0 (83% in first 3)
ar_sigma1.25_weak_sparse_a1.0,80,80,ar,100,500,1.25,3.0,weak_sparse,1.0,10,3,1.0,0.9118424939558304,cocolasso_max,reweighted_max,10.191104445158402,8.561724272296786,4.816996302706335,3.914339284877996,15.869272856041787,297.8648509918712,1.629380172861616,0.9026570178283393,-281.9955781358294,0.053276755559436124,high,weak α=1.0 (83% in first 3)
ar_sigma1.25_weak_sparse_a1.0,81,81,ar,100,500,1.25,3.0,weak_sparse,1.0,10,3,1.0,0.9118424939558304,cocolasso_max,reweighted_max,13.693254067598811,13.728507663274,7.534198229589258,7.752417116320734,16.078963318024762,213.8929119920358,-0.035253595675188265,-0.21821888673147605,-197.81394867401104,0.07517296000263653,high,weak α=1.0 (83% in first 3)
ar_sigma1.25_weak_sparse_a1.0,82,82,ar,100,500,1.25,3.0,weak_sparse,1.0,10,3,1.0,0.9118424939558304,cocolasso_max,reweighted_max,13.058205641312224,12.473714637255526,6.874808229700643,6.463345886146568,15.769521045964211,248.61772785102949,0.584491004056698,0.4114623435540752,-232.84820680506527,0.06342878756985998,high,weak α=1.0 (83% in first 3)
ar_sigma1.25_weak_sparse_a1.0,83,83,ar,100,500,1.25,3.0,weak_sparse,1.0,10,3,1.0,0.9118424939558304,cocolasso_max,reweighted_max,14.059310359189318,14.053929660101817,7.826668377728216,7.970314529764185,16.199609753035475,247.47440301720053,0.005380699087501384,-0.1436461520359682,-231.27479326416506,0.06545973868622498,high,weak α=1.0 (83% in first 3)
ar_sigma1.25_weak_sparse_a1.0,84,84,ar,100,500,1.25,3.0,weak_sparse,1.0,10,3,1.0,0.9118424939558304,cocolasso_max,reweighted_max,12.67220378552625,12.181086183511624,6.829608405085859,6.5516058139705695,17.710598114004824,245.5614608149044,0.49111760201462573,0.2780025911152899,-227.85086270089957,0.0721228732523075,high,weak α=1.0 (83% in first 3)
ar_sigma1.25_weak_sparse_a1.0,85,85,ar,100,500,1.25,3.0,weak_sparse,1.0,10,3,1.0,0.9118424939558304,cocolasso_max,reweighted_max,14.421023344815309,15.55366656020666,8.211268894492639,9.39171039653682,16.74154100898886,224.89816974499263,-1.1326432153913508,-1.1804415020441805,-208.15662873600377,0.07444053914699149,high,weak α=1.0 (83% in first 3)
ar_sigma1.25_weak_sparse_a1.0,86,86,ar,100,500,1.25,3.0,weak_sparse,1.0,10,3,1.0,0.9118424939558304,cocolasso_max,reweighted_max,10.661036394656367,10.077606225472758,5.040012558708957,4.670560295238051,17.34188099898165,260.7175961548928,0.5834301691836092,0.3694522634709063,-243.37571515591117,0.06651595923996939,high,weak α=1.0 (83% in first 3)
ar_sigma1.25_weak_sparse_a1.0,87,87,ar,100,500,1.25,3.0,weak_sparse,1.0,10,3,1.0,0.9118424939558304,cocolasso_max,reweighted_max,11.823794236039603,10.120308194866393,5.9401896290857366,4.752999309559278,17.68614218197763,246.42017065593973,1.7034860411732105,1.1871903195264588,-228.7340284739621,0.07177229905692918,high,weak α=1.0 (83% in first 3)
ar_sigma1.25_weak_sparse_a1.0,88,88,ar,100,500,1.25,3.0,weak_sparse,1.0,10,3,1.0,0.9118424939558304,cocolasso_max,reweighted_max,15.457332707018717,16.54863697586094,8.812039020819421,9.734040741076232,17.691425877972506,221.9540381070692,-1.091304268842224,-0.9220017202568105,-204.2626122290967,0.07970760986758112,high,weak α=1.0 (83% in first 3)
ar_sigma1.25_weak_sparse_a1.0,89,89,ar,100,500,1.25,3.0,weak_sparse,1.0,10,3,1.0,0.9118424939558304,cocolasso_max,reweighted_max,10.148283480762714,9.223146120190442,4.724611993161016,4.163052620816076,17.8035813930328,232.98258746112697,0.9251373605722719,0.5615593723449397,-215.17900606809417,0.07641593128071564,high,weak α=1.0 (83% in first 3)
ar_sigma1.25_weak_sparse_a1.0,90,90,ar,100,500,1.25,3.0,weak_sparse,1.0,10,3,1.0,0.9118424939558304,cocolasso_max,reweighted_max,14.65429541804354,16.21666043675265,8.255907143578822,9.71908579651704,17.52772815397475,228.48390696197748,-1.5623650187091105,-1.4631786529382182,-210.95617880800273,0.07671318469222245,high,weak α=1.0 (83% in first 3)
ar_sigma1.25_weak_sparse_a1.0,91,91,ar,100,500,1.25,3.0,weak_sparse,1.0,10,3,1.0,0.9118424939558304,cocolasso_max,reweighted_max,13.919911697717776,14.270196758861568,7.639960811045657,8.036425714800572,16.431087376957294,210.1117341001518,-0.35028506114379176,-0.3964649037549153,-193.6806467231945,0.07820166468725281,high,weak α=1.0 (83% in first 3)
ar_sigma1.25_weak_sparse_a1.0,92,92,ar,100,500,1.25,3.0,weak_sparse,1.0,10,3,1.0,0.9118424939558304,cocolasso_max,reweighted_max,12.591024520781597,12.212869372152864,6.801474202580994,6.711149402992865,16.52999276504852,208.71403620997444,0.378155148628732,0.09032479958812978,-192.18404344492592,0.07919923865790561,high,weak α=1.0 (83% in first 3)
ar_sigma1.25_weak_sparse_a1.0,93,93,ar,100,500,1.25,3.0,weak_sparse,1.0,10,3,1.0,0.9118424939558304,cocolasso_max,reweighted_max,12.534925886902682,12.303327627408107,6.5311938904921325,6.438941938987266,16.486316106980667,205.90044131409377,0.23159825949457513,0.09225195150486609,-189.4141252071131,0.08006935780109077,high,weak α=1.0 (83% in first 3)
ar_sigma1.25_weak_sparse_a1.0,94,94,ar,100,500,1.25,3.0,weak_sparse,1.0,10,3,1.0,0.9118424939558304,cocolasso_max,reweighted_max,13.857660258641104,13.517201724931958,7.577891871529932,7.393045757767424,16.304045036958996,206.96365666715428,0.34045853370914614,0.18484611376250815,-190.6596116301953,0.07877733366095137,high,weak α=1.0 (83% in first 3)
ar_sigma1.25_weak_sparse_a1.0,95,95,ar,100,500,1.25,3.0,weak_sparse,1.0,10,3,1.0,0.9118424939558304,cocolasso_max,reweighted_max,11.7675514807256,11.16772515965412,5.899391304943038,5.558948849087996,16.474572526989505,189.0824175111484,0.5998263210714807,0.34044245585504207,-172.6078449841589,0.08712905591033156,high,weak α=1.0 (83% in first 3)
ar_sigma1.25_weak_sparse_a1.0,96,96,ar,100,500,1.25,3.0,weak_sparse,1.0,10,3,1.0,0.9118424939558304,cocolasso_max,reweighted_max,10.203612953829202,8.872651736909914,5.170327124676378,4.619865919140527,16.492223860055674,189.5466932191048,1.3309612169192881,0.5504612055358509,-173.05446935904914,0.08700876591390405,high,weak α=1.0 (83% in first 3)
ar_sigma1.25_weak_sparse_a1.0,97,97,ar,100,500,1.25,3.0,weak_sparse,1.0,10,3,1.0,0.9118424939558304,cocolasso_max,reweighted_max,13.938994430021264,14.098266631278683,7.712811277577072,8.064819754110289,17.255695246043615,204.3588510169648,-0.15927220125741925,-0.352008476533217,-187.10315577092118,0.08443820837792408,high,weak α=1.0 (83% in first 3)
ar_sigma1.25_weak_sparse_a1.0,98,98,ar,100,500,1.25,3.0,weak_sparse,1.0,10,3,1.0,0.9118424939558304,cocolasso_max,reweighted_max,11.863530264563623,11.517865408099883,6.063903815089547,5.88046976152866,17.811386892048176,187.74917050311345,0.3456648564637401,0.1834340535608865,-169.93778361106527,0.09486799246206422,high,weak α=1.0 (83% in first 3)
ar_sigma1.25_weak_sparse_a1.0,99,99,ar,100,500,1.25,3.0,weak_sparse,1.0,10,3,1.0,0.9118424939558304,cocolasso_max,reweighted_max,12.27856393860195,12.184635913033636,6.419292575127899,6.566298733860368,17.799778475018684,188.0688301080372,0.0939280255683137,-0.14700615873246914,-170.2690516330185,0.09464502153170996,high,weak α=1.0 (83% in first 3)
ar_sigma1.25_weak_sparse_a1.5,0,0,ar,100,500,1.25,3.0,weak_sparse,1.5,10,3,1.0,0.829919708757592,cocolasso_max,reweighted_max,9.81194932001677,9.494223921001078,6.760648437930151,6.652052080177912,17.88088701700326,222.1367892830167,0.31772539901569274,0.10859635775223886,-204.25590226601344,0.08049493771255445,high,weak α=1.5 (97% in first 3)
ar_sigma1.25_weak_sparse_a1.5,1,1,ar,100,500,1.25,3.0,weak_sparse,1.5,10,3,1.0,0.829919708757592,cocolasso_max,reweighted_max,8.189814401745911,7.039189719141587,5.336021295829252,4.481202103134581,17.826520383008756,219.38194590387863,1.1506246826043247,0.8548191926946718,-201.55542552086987,0.08125791896667457,high,weak α=1.5 (97% in first 3)
ar_sigma1.25_weak_sparse_a1.5,2,2,ar,100,500,1.25,3.0,weak_sparse,1.5,10,3,1.0,0.829919708757592,cocolasso_max,reweighted_max,11.140803087123366,11.477203348506537,7.770516734723538,8.110209697176463,17.693779005028773,245.38196115009487,-0.3364002613831705,-0.3396929624529257,-227.6881821450661,0.07210708938056726,high,weak α=1.5 (97% in first 3)
ar_sigma1.25_weak_sparse_a1.5,3,3,ar,100,500,1.25,3.0,weak_sparse,1.5,10,3,1.0,0.829919708757592,cocolasso_max,reweighted_max,7.688942816889303,7.424292201210241,4.339617673931339,4.294249409341858,17.52559720899444,241.027171804104,0.264650615679062,0.045368264589480845,-223.50157459510956,0.07271212236286145,high,weak α=1.5 (97% in first 3)
ar_sigma1.25_weak_sparse_a1.5,4,4,ar,100,500,1.25,3.0,weak_sparse,1.5,10,3,1.0,0.829919708757592,cocolasso_max,reweighted_max,7.170033072117953,6.308159532474548,4.503076603475289,3.904849055236508,16.604127757018432,223.35507229994985,0.8618735396434047,0.5982275482387815,-206.75094454293142,0.07433960458583308,high,weak α=1.5 (97% in first 3)
ar_sigma1.25_weak_sparse_a1.5,5,5,ar,100,500,1.25,3.0,weak_sparse,1.5,10,3,1.0,0.829919708757592,cocolasso_max,reweighted_max,6.948178836597625,5.863511331272659,4.2706762318307625,3.5018680584172697,16.699764953984413,229.2284242969472,1.0846675053249664,0.7688081734134928,-212.52865934296278,0.07285206887061788,high,weak α=1.5 (97% in first 3)
ar_sigma1.25_weak_sparse_a1.5,6,6,ar,100,500,1.25,3.0,weak_sparse,1.5,10,3,1.0,0.829919708757592,cocolasso_max,reweighted_max,7.657147892744607,6.808757750230155,4.8499032427302575,4.205013280776348,16.865486835013144,223.66009884001687,0.848390142514452,0.6448899619539095,-206.79461200500373,0.07540677538141015,high,weak α=1.5 (97% in first 3)
ar_sigma1.25_weak_sparse_a1.5,7,7,ar,100,500,1.25,3.0,weak_sparse,1.5,10,3,1.0,0.829919708757592,cocolasso_max,reweighted_max,8.289410936628649,7.740843413898387,5.35792684163784,4.940537607405082,16.676356695999857,216.38985424488783,0.548567522730262,0.41738923423275853,-199.71349754888797,0.0770662596645001,high,weak α=1.5 (97% in first 3)
ar_sigma1.25_weak_sparse_a1.5,8,8,ar,100,500,1.25,3.0,weak_sparse,1.5,10,3,1.0,0.829919708757592,cocolasso_max,reweighted_max,7.277099679841436,6.31756243994833,4.510769833630605,3.7558269452239537,16.55267201398965,228.9397265100852,0.9595372398931064,0.7549428884066516,-212.38705449609554,0.0723014404984033,high,weak α=1.5 (97% in first 3)
ar_sigma1.25_weak_sparse_a1.5,9,9,ar,100,500,1.25,3.0,weak_sparse,1.5,10,3,1.0,0.829919708757592,cocolasso_max,reweighted_max,8.458005657754965,8.197311688619209,5.616161417882497,5.517945106916393,16.744047455023974,207.78865681099705,0.2606939691357564,0.09821631096610339,-191.04460935597308,0.0805821054527256,high,weak α=1.5 (97% in first 3)
ar_sigma1.25_weak_sparse_a1.5,10,10,ar,100,500,1.25,3.0,weak_sparse,1.5,10,3,1.0,0.829919708757592,cocolasso_max,reweighted_max,7.919213471092437,8.848841368757213,5.179596377801565,6.231337547914144,16.624489954963792,192.5139882781077,-0.9296278976647763,-1.051741170112579,-175.8894983231439,0.08635471169475686,high,weak α=1.5 (97% in first 3)
ar_sigma1.25_weak_sparse_a1.5,11,11,ar,100,500,1.25,3.0,weak_sparse,1.5,10,3,1.0,0.829919708757592,cocolasso_max,reweighted_max,7.299604083107361,6.166345325032482,4.599659270793307,3.813847427408631,18.31301098602125,205.6584188940469,1.1332587580748799,0.7858118433846757,-187.34540790802563,0.08904576376936908,high,weak α=1.5 (97% in first 3)
ar_sigma1.25_weak_sparse_a1.5,12,12,ar,100,500,1.25,3.0,weak_sparse,1.5,10,3,1.0,0.829919708757592,cocolasso_max,reweighted_max,7.905375287789578,7.2632378524336225,5.172753456311905,4.836402978355725,16.626691538025625,205.7564924620092,0.6421374353559557,0.3363504779561799,-189.12980092398357,0.08080761554144189,high,weak α=1.5 (97% in first 3)
ar_sigma1.25_weak_sparse_a1.5,13,13,ar,100,500,1.25,3.0,weak_sparse,1.5,10,3,1.0,0.829919708757592,cocolasso_max,reweighted_max,8.831346991139066,8.235270888396013,5.814398656928802,5.3556758285522825,16.900505070982035,205.0793171550613,0.5960761027430532,0.45872282837651923,-188.17881208407925,0.08240960280847578,high,weak α=1.5 (97% in first 3)
ar_sigma1.25_weak_sparse_a1.5,14,14,ar,100,500,1.25,3.0,weak_sparse,1.5,10,3,1.0,0.829919708757592,cocolasso_max,reweighted_max,8.555469806975317,8.071630342036908,5.69840203186402,5.453471582127891,17.280733345018234,206.83249918115325,0.48383946493840924,0.24493044973612843,-189.55176583613502,0.08354941033653994,high,weak α=1.5 (97% in first 3)
ar_sigma1.25_weak_sparse_a1.5,15,15,ar,100,500,1.25,3.0,weak_sparse,1.5,10,3,1.0,0.829919708757592,cocolasso_max,reweighted_max,7.202985003388626,6.3027844417458985,4.49637218703904,3.845034438948113,17.09807201102376,203.12063838192265,0.9002005616427278,0.6513377480909273,-186.0225663708989,0.08417693124257852,high,weak α=1.5 (97% in first 3)
ar_sigma1.25_weak_sparse_a1.5,16,16,ar,100,500,1.25,3.0,weak_sparse,1.5,10,3,1.0,0.829919708757592,cocolasso_max,reweighted_max,9.372299921044744,9.008750300112345,6.3161825086610985,6.139782404829019,17.23036345100263,188.01420651795345,0.3635496209323996,0.17640010383207994,-170.78384306695082,0.09164394420034055,high,weak α=1.5 (97% in first 3)
ar_sigma1.25_weak_sparse_a1.5,17,17,ar,100,500,1.25,3.0,weak_sparse,1.5,10,3,1.0,0.829919708757592,cocolasso_max,reweighted_max,9.0227709200549,8.368118837901342,6.0465409205022524,5.580669742668181,17.63271622499451,185.3662173359189,0.6546520821535573,0.46587117783407184,-167.73350111092438,0.09512367721805895,high,weak α=1.5 (97% in first 3)
ar_sigma1.25_weak_sparse_a1.5,18,18,ar,100,500,1.25,3.0,weak_sparse,1.5,10,3,1.0,0.829919708757592,cocolasso_max,reweighted_max,9.177907552181177,8.650386053436232,6.155689572454,5.778254967353572,17.32492777396692,203.2367393360473,0.5275214987449441,0.3774346051004285,-185.91181156208037,0.08524505869640306,high,weak α=1.5 (97% in first 3)
ar_sigma1.25_weak_sparse_a1.5,19,19,ar,100,500,1.25,3.0,weak_sparse,1.5,10,3,1.0,0.829919708757592,cocolasso_max,reweighted_max,6.953580917965036,4.655196078081954,4.303715562593901,2.579195387551961,17.03176291100681,200.53154065809213,2.2983848398830817,1.7245201750419397,-183.49977774708532,0.08493308760862761,high,weak α=1.5 (97% in first 3)
ar_sigma1.25_weak_sparse_a1.5,20,20,ar,100,500,1.25,3.0,weak_sparse,1.5,10,3,1.0,0.829919708757592,cocolasso_max,reweighted_max,11.237353195588012,11.721948516675187,7.943919847910909,8.451454469453717,17.267067455977667,202.693658051081,-0.4845953210871752,-0.507534621542808,-185.42659059510333,0.08518800056204116,high,weak α=1.5 (97% in first 3)
ar_sigma1.25_weak_sparse_a1.5,21,21,ar,100,500,1.25,3.0,weak_sparse,1.5,10,3,1.0,0.829919708757592,cocolasso_max,reweighted_max,6.1879899237947225,5.154061298848143,3.7507487519623264,3.2684809340670773,17.117470188008156,203.1192219981458,1.0339286249465793,0.4822678178952491,-186.00175181013765,0.08427301965623132,high,weak α=1.5 (97% in first 3)
ar_sigma1.25_weak_sparse_a1.5,22,22,ar,100,500,1.25,3.0,weak_sparse,1.5,10,3,1.0,0.829919708757592,cocolasso_max,reweighted_max,9.037438307675735,8.46332969965005,5.988560853621197,5.545060544463274,16.912346802011598,188.9936854469124,0.5741086080256856,0.4435003091579235,-172.0813386449008,0.0894863061801195,high,weak α=1.5 (97% in first 3)
ar_sigma1.25_weak_sparse_a1.5,23,23,ar,100,500,1.25,3.0,weak_sparse,1.5,10,3,1.0,0.829919708757592,cocolasso_max,reweighted_max,5.490657960457264,4.203148832235418,3.1915700358398813,2.496110962793999,17.262361606000923,186.5667789601721,1.2875091282218456,0.6954590730458823,-169.30441735417116,0.09252644925432334,high,weak α=1.5 (97% in first 3)
ar_sigma1.25_weak_sparse_a1.5,24,24,ar,100,500,1.25,3.0,weak_sparse,1.5,10,3,1.0,0.829919708757592,cocolasso_max,reweighted_max,8.657954120097703,7.383837290594502,5.675018757545161,4.66065812262717,17.75586402398767,202.3582359808497,1.2741168295032006,1.014360634917991,-184.60237195686204,0.08774470649995193,high,weak α=1.5 (97% in first 3)
ar_sigma1.25_weak_sparse_a1.5,25,25,ar,100,500,1.25,3.0,weak_sparse,1.5,10,3,1.0,0.829919708757592,cocolasso_max,reweighted_max,6.37337513122811,5.342071302609732,3.80226835173416,3.04665280545504,17.46074048196897,197.7402006870252,1.0313038286183787,0.7556155462791199,-180.27946020505624,0.08830141984939667,high,weak α=1.5 (97% in first 3)
ar_sigma1.25_weak_sparse_a1.5,26,26,ar,100,500,1.25,3.0,weak_sparse,1.5,10,3,1.0,0.829919708757592,cocolasso_max,reweighted_max,7.108334713372626,6.074245850764113,4.4690173929685,3.780160310131692,17.73638459603535,202.36691138299648,1.0340888626085132,0.6888570828368086,-184.63052678696113,0.08764468694423934,high,weak α=1.5 (97% in first 3)
ar_sigma1.25_weak_sparse_a1.5,27,27,ar,100,500,1.25,3.0,weak_sparse,1.5,10,3,1.0,0.829919708757592,cocolasso_max,reweighted_max,8.029795259286532,7.227377010984773,5.226625663322232,4.663236647588549,17.996786645031534,185.5989016030217,0.802418248301759,0.5633890157336827,-167.60211495799015,0.09696601913908381,high,weak α=1.5 (97% in first 3)
ar_sigma1.25_weak_sparse_a1.5,28,28,ar,100,500,1.25,3.0,weak_sparse,1.5,10,3,1.0,0.829919708757592,cocolasso_max,reweighted_max,8.206346179649568,7.57394687641107,5.287188155239079,4.802539523052626,17.805929971043952,220.37605096399784,0.6323993032384978,0.4846486321864525,-202.5701209929539,0.08079793558853113,high,weak α=1.5 (97% in first 3)
ar_sigma1.25_weak_sparse_a1.5,29,29,ar,100,500,1.25,3.0,weak_sparse,1.5,10,3,1.0,0.829919708757592,cocolasso_max,reweighted_max,7.722865439747375,7.106003598001783,4.921980582714623,4.4989937907726825,17.855742093990557,202.4591524950229,0.6168618417455924,0.42298679194194033,-184.60341040103233,0.08819429437466163,high,weak α=1.5 (97% in first 3)
ar_sigma1.25_weak_sparse_a1.5,30,30,ar,100,500,1.25,3.0,weak_sparse,1.5,10,3,1.0,0.829919708757592,cocolasso_max,reweighted_max,9.918992141933971,9.81756783370507,6.812565057807077,6.798835303178455,17.807340806990396,198.85655858699465,0.1014243082289017,0.013729754628621471,-181.04921778000426,0.08954867233710143,high,weak α=1.5 (97% in first 3)
ar_sigma1.25_weak_sparse_a1.5,31,31,ar,100,500,1.25,3.0,weak_sparse,1.5,10,3,1.0,0.829919708757592,cocolasso_max,reweighted_max,7.475127793410126,6.644296133102456,4.7278544477941296,4.150935559501201,17.281902730988804,194.9254453590256,0.8308316603076698,0.5769188882929281,-177.64354262803678,0.08865903935300977,high,weak α=1.5 (97% in first 3)
ar_sigma1.25_weak_sparse_a1.5,32,32,ar,100,500,1.25,3.0,weak_sparse,1.5,10,3,1.0,0.829919708757592,cocolasso_max,reweighted_max,9.215848081503392,8.479444031495731,6.399925373720307,6.023186936422749,17.234826106985565,212.570979408978,0.7364040500076605,0.37673843729755774,-195.33615330199243,0.08107798230456686,high,weak α=1.5 (97% in first 3)
ar_sigma1.25_weak_sparse_a1.5,33,33,ar,100,500,1.25,3.0,weak_sparse,1.5,10,3,1.0,0.829919708757592,cocolasso_max,reweighted_max,7.261453780242903,7.343466847275016,4.569348027107008,4.8382755033183775,17.230884926044382,217.14406504796352,-0.08201306703211309,-0.2689274762113696,-199.91318012191914,0.07935231811303876,high,weak α=1.5 (97% in first 3)
ar_sigma1.25_weak_sparse_a1.5,34,34,ar,100,500,1.25,3.0,weak_sparse,1.5,10,3,1.0,0.829919708757592,cocolasso_max,reweighted_max,7.5962603526761905,7.027345724072583,4.846313666867421,4.4418620790345456,17.31854987004772,232.92707405402325,0.5689146286036078,0.4044515878328756,-215.60852418397553,0.07435181135719325,high,weak α=1.5 (97% in first 3)
ar_sigma1.25_weak_sparse_a1.5,35,35,ar,100,500,1.25,3.0,weak_sparse,1.5,10,3,1.0,0.829919708757592,cocolasso_max,reweighted_max,6.907726418192009,6.239086115114814,4.220509043226676,3.740686613466095,17.36112495296402,243.642046418041,0.6686403030771952,0.4798224297605813,-226.28092146507697,0.07125668663599961,high,weak α=1.5 (97% in first 3)
ar_sigma1.25_weak_sparse_a1.5,36,36,ar,100,500,1.25,3.0,weak_sparse,1.5,10,3,1.0,0.829919708757592,cocolasso_max,reweighted_max,11.50876720686309,13.080272076972136,7.418178388588796,8.435269636392679,17.429377714986913,220.5909311370342,-1.5715048701090453,-1.017091247803883,-203.1615534220473,0.0790122133541362,high,weak α=1.5 (97% in first 3)
ar_sigma1.25_weak_sparse_a1.5,37,37,ar,100,500,1.25,3.0,weak_sparse,1.5,10,3,1.0,0.829919708757592,cocolasso_max,reweighted_max,8.49891630074212,7.562827888500815,5.564311976904331,4.857536347071644,17.450590602005832,194.30305230495287,0.9360884122413058,0.7067756298326868,-176.85246170294704,0.08981120159974455,high,weak α=1.5 (97% in first 3)
ar_sigma1.25_weak_sparse_a1.5,38,38,ar,100,500,1.25,3.0,weak_sparse,1.5,10,3,1.0,0.829919708757592,cocolasso_max,reweighted_max,8.393401396223334,7.325791580250653,5.563427109724588,4.980845136878486,17.917957245954312,199.9788510419894,1.0676098159726815,0.5825819728461026,-182.0608937960351,0.08959926088480273,high,weak α=1.5 (97% in first 3)
ar_sigma1.25_weak_sparse_a1.5,39,39,ar,100,500,1.25,3.0,weak_sparse,1.5,10,3,1.0,0.829919708757592,cocolasso_max,reweighted_max,8.36363121580085,6.6248139231665455,5.442403683559851,4.080132021008403,18.0309409389738,221.30498004402037,1.7388172926343053,1.3622716625514482,-203.27403910504657,0.08147553179954295,high,weak α=1.5 (97% in first 3)
ar_sigma1.25_weak_sparse_a1.5,40,40,ar,100,500,1.25,3.0,weak_sparse,1.5,10,3,1.0,0.829919708757592,cocolasso_max,reweighted_max,8.012749248110932,6.9617521594615175,5.17122934305652,4.375218386601999,17.75194998102961,229.89420938299736,1.0509970886494147,0.7960109564545217,-212.14225940196775,0.07721790830953622,high,weak α=1.5 (97% in first 3)
ar_sigma1.25_weak_sparse_a1.5,41,41,ar,100,500,1.25,3.0,weak_sparse,1.5,10,3,1.0,0.829919708757592,cocolasso_max,reweighted_max,6.862096577823708,5.5217145720229,4.186754492212026,3.1741702023572254,17.906708722992335,279.32036944600986,1.3403820058008078,1.012584289854801,-261.41366072301753,0.06410813775775684,high,weak α=1.5 (97% in first 3)
ar_sigma1.25_weak_sparse_a1.5,42,42,ar,100,500,1.25,3.0,weak_sparse,1.5,10,3,1.0,0.829919708757592,cocolasso_max,reweighted_max,11.079609756573406,11.964321731694104,7.776944347048939,8.62507934172622,17.578919990977738,188.0786857309868,-0.8847119751206982,-0.8481349946772809,-170.49976574000905,0.09346577429896158,high,weak α=1.5 (97% in first 3)
ar_sigma1.25_weak_sparse_a1.5,43,43,ar,100,500,1.25,3.0,weak_sparse,1.5,10,3,1.0,0.829919708757592,cocolasso_max,reweighted_max,8.125763989200184,7.390640426512556,5.195521249043831,4.699877282358616,17.462860262021422,222.42385934095364,0.7351235626876278,0.4956439666852148,-204.96099907893222,0.07851163231212797,high,weak α=1.5 (97% in first 3)
ar_sigma1.25_weak_sparse_a1.5,44,44,ar,100,500,1.25,3.0,weak_sparse,1.5,10,3,1.0,0.829919708757592,cocolasso_max,reweighted_max,7.388061878544178,6.119044777814861,4.621996069120559,3.651366187164395,17.978303388052154,207.60409236099804,1.2690171007293172,0.9706298819561643,-189.62578897294588,0.086598983592241,high,weak α=1.5 (97% in first 3)
ar_sigma1.25_weak_sparse_a1.5,45,45,ar,100,500,1.25,3.0,weak_sparse,1.5,10,3,1.0,0.829919708757592,cocolasso_max,reweighted_max,8.959065100492754,8.073107889035487,5.917965476457484,5.259007855573373,17.30896783003118,196.9990863230196,0.8859572114572671,0.6589576208841113,-179.69011849298843,0.08786318836854728,high,weak α=1.5 (97% in first 3)
ar_sigma1.25_weak_sparse_a1.5,46,46,ar,100,500,1.25,3.0,weak_sparse,1.5,10,3,1.0,0.829919708757592,cocolasso_max,reweighted_max,4.756335429326318,3.331188218803568,2.7394400363354463,2.237477175291065,17.453436127048917,199.9494475449901,1.4251472105227494,0.5019628610443814,-182.4960114179412,0.08728924406316134,high,weak α=1.5 (97% in first 3)
ar_sigma1.25_weak_sparse_a1.5,47,47,ar,100,500,1.25,3.0,weak_sparse,1.5,10,3,1.0,0.829919708757592,cocolasso_max,reweighted_max,6.735137977946064,5.853363931109308,4.115030707924127,3.505898158258672,17.55727852199925,215.9003791610012,0.8817740468367559,0.6091325496654552,-198.34310063900196,0.08132120281690862,high,weak α=1.5 (97% in first 3)
ar_sigma1.25_weak_sparse_a1.5,48,48,ar,100,500,1.25,3.0,weak_sparse,1.5,10,3,1.0,0.829919708757592,cocolasso_max,reweighted_max,9.58110569739558,9.57137434491952,6.499711164607463,6.626833462910841,17.496430553030223,212.05326104501728,0.009731352476061161,-0.1271222983033775,-194.55683049198706,0.08250960379862239,high,weak α=1.5 (97% in first 3)
ar_sigma1.25_weak_sparse_a1.5,49,49,ar,100,500,1.25,3.0,weak_sparse,1.5,10,3,1.0,0.829919708757592,cocolasso_max,reweighted_max,6.971064250203617,6.02203066828696,4.3368204025140304,3.717113463213549,17.658462912018877,225.50515215302585,0.9490335819166571,0.6197069393004813,-207.84668924100697,0.07830625040458497,high,weak α=1.5 (97% in first 3)
ar_sigma1.25_weak_sparse_a1.5,50,50,ar,100,500,1.25,3.0,weak_sparse,1.5,10,3,1.0,0.829919708757592,cocolasso_max,reweighted_max,8.456360099980367,7.35078280568757,5.516666670441201,4.658639511827552,17.428620530001353,214.4392807430122,1.1055772942927975,0.8580271586136492,-197.01066021301085,0.08127531704831689,high,weak α=1.5 (97% in first 3)
ar_sigma1.25_weak_sparse_a1.5,51,51,ar,100,500,1.25,3.0,weak_sparse,1.5,10,3,1.0,0.829919708757592,cocolasso_max,reweighted_max,7.857515162264308,6.8829865854632,5.022472220804622,4.301202183977583,18.4229231000063,213.58129777701103,0.9745285768011076,0.7212700368270388,-195.15837467700473,0.08625719242159818,high,weak α=1.5 (97% in first 3)
ar_sigma1.25_weak_sparse_a1.5,52,52,ar,100,500,1.25,3.0,weak_sparse,1.5,10,3,1.0,0.829919708757592,cocolasso_max,reweighted_max,10.55031679748687,10.994343294014186,7.368578315966934,7.8989427431260575,17.70634076098213,211.35854716802717,-0.4440264965273162,-0.5303644271591237,-193.65220640704504,0.08377395188520968,high,weak α=1.5 (97% in first 3)
ar_sigma1.25_weak_sparse_a1.5,53,53,ar,100,500,1.25,3.0,weak_sparse,1.5,10,3,1.0,0.829919708757592,cocolasso_max,reweighted_max,6.498647022844659,4.699009184137631,3.927758837129661,2.672716250361343,17.78825911099557,248.7799503899878,1.799637838707028,1.255042586768318,-230.99169127899222,0.07150198029668657,high,weak α=1.5 (97% in first 3)
ar_sigma1.25_weak_sparse_a1.5,54,54,ar,100,500,1.25,3.0,weak_sparse,1.5,10,3,1.0,0.829919708757592,cocolasso_max,reweighted_max,7.429931026832803,6.665334814571449,4.655360994094679,4.092942584562712,17.652781858982053,184.32231778197456,0.7645962122613543,0.5624184095319675,-166.6695359229925,0.0957712667212802,high,weak α=1.5 (97% in first 3)
ar_sigma1.25_weak_sparse_a1.5,55,55,ar,100,500,1.25,3.0,weak_sparse,1.5,10,3,1.0,0.829919708757592,cocolasso_max,reweighted_max,8.348279326863667,7.442111010970842,5.428389631157223,4.84404991270444,17.462919802987017,205.55550985899757,0.9061683158928249,0.5843397184527825,-188.09259005601055,0.08495476387359233,high,weak α=1.5 (97% in first 3)
ar_sigma1.25_weak_sparse_a1.5,56,56,ar,100,500,1.25,3.0,weak_sparse,1.5,10,3,1.0,0.829919708757592,cocolasso_max,reweighted_max,7.393474839078747,5.974522663718737,4.6387453833133865,3.570577952256634,17.365184466005303,240.76568441500424,1.41895217536001,1.0681674310567524,-223.40049994899894,0.07212483169351157,high,weak α=1.5 (97% in first 3)
ar_sigma1.25_weak_sparse_a1.5,57,57,ar,100,500,1.25,3.0,weak_sparse,1.5,10,3,1.0,0.829919708757592,cocolasso_max,reweighted_max,9.206067296981535,9.51080731792294,6.177364859966995,6.609968705212247,17.38286719901953,213.3685138929868,-0.30474002094140396,-0.43260384524525186,-195.98564669396728,0.08146875507478935,high,weak α=1.5 (97% in first 3)
ar_sigma1.25_weak_sparse_a1.5,58,58,ar,100,500,1.25,3.0,weak_sparse,1.5,10,3,1.0,0.829919708757592,cocolasso_max,reweighted_max,7.966808294965962,7.299461258538175,5.1406198763357525,4.690162850117839,17.46167713199975,212.91992695600493,0.6673470364277874,0.4504570262179133,-195.45824982400518,0.08201053504779668,high,weak α=1.5 (97% in first 3)
ar_sigma1.25_weak_sparse_a1.5,59,59,ar,100,500,1.25,3.0,weak_sparse,1.5,10,3,1.0,0.829919708757592,cocolasso_max,reweighted_max,7.663807195005083,7.1389139717466845,4.872263822326049,4.529149665070256,17.666449671960436,233.23299620999023,0.524893223258398,0.3431141572557932,-215.5665465380298,0.07574592771622472,high,weak α=1.5 (97% in first 3)
ar_sigma1.25_weak_sparse_a1.5,60,60,ar,100,500,1.25,3.0,weak_sparse,1.5,10,3,1.0,0.829919708757592,cocolasso_max,reweighted_max,8.194279881775898,7.521647868685763,5.310975628256877,4.806516806975328,18.13701053505065,198.0724559459486,0.6726320130901353,0.5044588212815491,-179.93544541089796,0.09156755515769444,high,weak α=1.5 (97% in first 3)
ar_sigma1.25_weak_sparse_a1.5,61,61,ar,100,500,1.25,3.0,weak_sparse,1.5,10,3,1.0,0.829919708757592,cocolasso_max,reweighted_max,9.865185874567883,9.828368059153142,6.645451521378233,6.5547283699345416,17.972229771956336,188.43010090099412,0.03681781541474116,0.09072315144369103,-170.45787112903778,0.09537876212993907,high,weak α=1.5 (97% in first 3)
ar_sigma1.25_weak_sparse_a1.5,62,62,ar,100,500,1.25,3.0,weak_sparse,1.5,10,3,1.0,0.829919708757592,cocolasso_max,reweighted_max,5.643137438895324,3.9928892565611767,3.285935496728893,2.187030857289625,17.91047163301846,212.03017131000524,1.6502481823341473,1.0989046394392679,-194.11969967698678,0.08447133501029862,high,weak α=1.5 (97% in first 3)
ar_sigma1.25_weak_sparse_a1.5,63,63,ar,100,500,1.25,3.0,weak_sparse,1.5,10,3,1.0,0.829919708757592,cocolasso_max,reweighted_max,6.494021699771748,4.173663597435951,3.917503698680304,2.2355841339061597,18.091715109010693,212.56011402298464,2.3203581023357973,1.681919564774144,-194.46839891397394,0.08511340517560313,high,weak α=1.5 (97% in first 3)
ar_sigma1.25_weak_sparse_a1.5,64,64,ar,100,500,1.25,3.0,weak_sparse,1.5,10,3,1.0,0.829919708757592,cocolasso_max,reweighted_max,9.93973943678296,10.87681970507298,6.888944678987963,7.812641025181455,17.78682152600959,183.28494640399003,-0.9370802682900212,-0.9236963461934922,-165.49812487798044,0.09704463937155276,high,weak α=1.5 (97% in first 3)
ar_sigma1.25_weak_sparse_a1.5,65,65,ar,100,500,1.25,3.0,weak_sparse,1.5,10,3,1.0,0.829919708757592,cocolasso_max,reweighted_max,5.864271731204652,4.246456237010043,3.3841096384635545,2.196997333697672,17.64281958999345,220.1350005560089,1.617815494194609,1.1871123047658827,-202.49218096601544,0.08014545413238179,high,weak α=1.5 (97% in first 3)
ar_sigma1.25_weak_sparse_a1.5,66,66,ar,100,500,1.25,3.0,weak_sparse,1.5,10,3,1.0,0.829919708757592,cocolasso_max,reweighted_max,8.232856997452338,7.716721461317555,5.375998432341913,5.024980011618528,17.644718597002793,210.38352330302587,0.5161355361347821,0.35101842072338574,-192.73880470602307,0.08386929888795629,high,weak α=1.5 (97% in first 3)
ar_sigma1.25_weak_sparse_a1.5,67,67,ar,100,500,1.25,3.0,weak_sparse,1.5,10,3,1.0,0.829919708757592,cocolasso_max,reweighted_max,10.167655375474649,9.93028856580385,6.920785729157079,6.736677187469764,17.314701150055043,210.12394859601045,0.2373668096707977,0.18410854168731472,-192.8092474459554,0.08240232141908164,high,weak α=1.5 (97% in first 3)
ar_sigma1.25_weak_sparse_a1.5,68,68,ar,100,500,1.25,3.0,weak_sparse,1.5,10,3,1.0,0.829919708757592,cocolasso_max,reweighted_max,8.024783604573042,7.411533066192623,5.180357553437044,4.721569710402678,17.490923966979608,211.9024085100391,0.6132505383804183,0.4587878430343659,-194.4114845430595,0.08254235565307866,high,weak α=1.5 (97% in first 3)
ar_sigma1.25_weak_sparse_a1.5,69,69,ar,100,500,1.25,3.0,weak_sparse,1.5,10,3,1.0,0.829919708757592,cocolasso_max,reweighted_max,9.085325616335586,9.193822847321885,6.073701803499596,6.255917086602379,17.53043661999982,190.71635107300244,-0.10849723098629838,-0.18221528310278234,-173.18591445300262,0.0919188969449689,high,weak α=1.5 (97% in first 3)
ar_sigma1.25_weak_sparse_a1.5,70,70,ar,100,500,1.25,3.0,weak_sparse,1.5,10,3,1.0,0.829919708757592,cocolasso_max,reweighted_max,7.833891877568428,6.515874267986311,4.99371148986487,3.977844641928251,17.490258592995815,173.13857503101462,1.3180176095821174,1.0158668479366186,-155.6483164380188,0.10101884337365462,high,weak α=1.5 (97% in first 3)
ar_sigma1.25_weak_sparse_a1.5,71,71,ar,100,500,1.25,3.0,weak_sparse,1.5,10,3,1.0,0.829919708757592,cocolasso_max,reweighted_max,8.161315048517029,7.594716500165677,5.522227882412214,5.266214930946118,18.096670045983046,213.1216735360213,0.5665985483513518,0.25601295146609626,-195.02500349003824,0.0849123871154493,high,weak α=1.5 (97% in first 3)
ar_sigma1.25_weak_sparse_a1.5,72,72,ar,100,500,1.25,3.0,weak_sparse,1.5,10,3,1.0,0.829919708757592,cocolasso_max,reweighted_max,10.977178606584124,11.99985822138095,7.654564080391878,8.625001571790943,17.565914425009396,189.17394667799817,-1.022679614796827,-0.970437491399065,-171.60803225298878,0.09285588598999396,high,weak α=1.5 (97% in first 3)
ar_sigma1.25_weak_sparse_a1.5,73,73,ar,100,500,1.25,3.0,weak_sparse,1.5,10,3,1.0,0.829919708757592,cocolasso_max,reweighted_max,8.628880324107472,7.544217715710998,5.627577177153044,4.74028675400651,17.854637029988226,227.8935107900179,1.0846626083964743,0.887290423146534,-210.03887376002967,0.07834640384490618,high,weak α=1.5 (97% in first 3)
ar_sigma1.25_weak_sparse_a1.5,74,74,ar,100,500,1.25,3.0,weak_sparse,1.5,10,3,1.0,0.829919708757592,cocolasso_max,reweighted_max,5.268683337835249,3.711788586515664,2.946275860185333,1.9181179567581772,17.906989126990084,194.33776858699275,1.556894751319585,1.028157903427156,-176.43077946000267,0.09214363866164417,high,weak α=1.5 (97% in first 3)
ar_sigma1.25_weak_sparse_a1.5,75,75,ar,100,500,1.25,3.0,weak_sparse,1.5,10,3,1.0,0.829919708757592,cocolasso_max,reweighted_max,7.172351161976706,5.933702424466832,4.472768210916032,3.6513350681859,17.991328790027183,241.0106342290528,1.238648737509874,0.8214331427301316,-223.01930543902563,0.0746495226137138,high,weak α=1.5 (97% in first 3)
ar_sigma1.25_weak_sparse_a1.5,76,76,ar,100,500,1.25,3.0,weak_sparse,1.5,10,3,1.0,0.829919708757592,cocolasso_max,reweighted_max,4.86997033458953,2.484071145518418,2.5868358094052746,1.0754894559542354,17.966812512022443,303.03027437697165,2.385899189071112,1.5113463534510392,-285.0634618649492,0.05929048689594496,high,weak α=1.5 (97% in first 3)
ar_sigma1.25_weak_sparse_a1.5,77,77,ar,100,500,1.25,3.0,weak_sparse,1.5,10,3,1.0,0.829919708757592,cocolasso_max,reweighted_max,7.447452188071446,6.502409634723238,4.724535911394111,4.0612878275160185,17.90515690401662,245.38002347480503,0.9450425533482081,0.6632480838780923,-227.4748665707884,0.07296908953900673,high,weak α=1.5 (97% in first 3)
ar_sigma1.25_weak_sparse_a1.5,78,78,ar,100,500,1.25,3.0,weak_sparse,1.5,10,3,1.0,0.829919708757592,cocolasso_max,reweighted_max,8.63099496626151,8.121654087037514,5.843919928826534,5.581672469267021,17.646960525016766,222.00139442482032,0.5093408792239948,0.26224745955951345,-204.35443389980355,0.07949031388175727,high,weak α=1.5 (97% in first 3)
ar_sigma1.25_weak_sparse_a1.5,79,79,ar,100,500,1.25,3.0,weak_sparse,1.5,10,3,1.0,0.829919708757592,cocolasso_max,reweighted_max,8.508585258177067,7.694108044563675,5.584930040865075,5.001384615659518,17.88507766503608,240.62206572387367,0.814477213613392,0.583545425205557,-222.7369880588376,0.07432850188211805,high,weak α=1.5 (97% in first 3)
ar_sigma1.25_weak_sparse_a1.5,80,80,ar,100,500,1.25,3.0,weak_sparse,1.5,10,3,1.0,0.829919708757592,cocolasso_max,reweighted_max,5.658271081087695,4.071516558972734,3.273665495489415,2.2571024154247272,17.45266977598658,208.87578576616943,1.586754522114961,1.0165630800646879,-191.42311599018285,0.08355525611534671,high,weak α=1.5 (97% in first 3)
ar_sigma1.25_weak_sparse_a1.5,81,81,ar,100,500,1.25,3.0,weak_sparse,1.5,10,3,1.0,0.829919708757592,cocolasso_max,reweighted_max,9.29807434824517,8.938940235967795,6.275657742025801,6.064135966988983,17.582946181995794,240.2133724030573,0.35913411227737413,0.21152177503681724,-222.6304262210615,0.07319719966502584,high,weak α=1.5 (97% in first 3)
ar_sigma1.25_weak_sparse_a1.5,82,82,ar,100,500,1.25,3.0,weak_sparse,1.5,10,3,1.0,0.829919708757592,cocolasso_max,reweighted_max,8.823413064102716,8.123922918187231,5.799663153195636,5.245601558202909,17.381256659980863,250.64986142585985,0.699490145915485,0.554061594992727,-233.268604765879,0.06934476867892503,high,weak α=1.5 (97% in first 3)
ar_sigma1.25_weak_sparse_a1.5,83,83,ar,100,500,1.25,3.0,weak_sparse,1.5,10,3,1.0,0.829919708757592,cocolasso_max,reweighted_max,9.494315550429146,9.223793012362684,6.4283840615895205,6.285297700363887,17.108386718959082,210.17268969421275,0.2705225380664622,0.14308636122563367,-193.06430297525367,0.08140156908041023,high,weak α=1.5 (97% in first 3)
ar_sigma1.25_weak_sparse_a1.5,84,84,ar,100,500,1.25,3.0,weak_sparse,1.5,10,3,1.0,0.829919708757592,cocolasso_max,reweighted_max,8.497664046789096,7.744235621800247,5.674665636354924,5.153624837146281,17.313682177045848,226.3946585948579,0.753428424988849,0.5210407992086434,-209.08097641781205,0.0764756654794995,high,weak α=1.5 (97% in first 3)
ar_sigma1.25_weak_sparse_a1.5,85,85,ar,100,500,1.25,3.0,weak_sparse,1.5,10,3,1.0,0.829919708757592,cocolasso_max,reweighted_max,9.933190141121951,9.815092577854294,6.845976172520753,6.861852952746603,17.156268046004698,191.88208565604876,0.11809756326765708,-0.015876780225850595,-174.72581761004406,0.08941047303789235,high,weak α=1.5 (97% in first 3)
ar_sigma1.25_weak_sparse_a1.5,86,86,ar,100,500,1.25,3.0,weak_sparse,1.5,10,3,1.0,0.829919708757592,cocolasso_max,reweighted_max,6.536790749123068,5.928669691036193,3.9551618097711887,3.5292836794675355,18.07818440097617,221.71390585694465,0.6081210580868754,0.4258781303036532,-203.63572145596848,0.08153834253698397,high,weak α=1.5 (97% in first 3)
ar_sigma1.25_weak_sparse_a1.5,87,87,ar,100,500,1.25,3.0,weak_sparse,1.5,10,3,1.0,0.829919708757592,cocolasso_max,reweighted_max,7.202887827288172,5.086879221283351,4.467175999698444,2.802879303864932,17.78515064396197,224.2305397801101,2.1160086060048204,1.6642966958335124,-206.44538913614812,0.07931636190771711,high,weak α=1.5 (97% in first 3)
ar_sigma1.25_weak_sparse_a1.5,88,88,ar,100,500,1.25,3.0,weak_sparse,1.5,10,3,1.0,0.829919708757592,cocolasso_max,reweighted_max,11.35023461529576,12.205520846802004,7.9339684713170255,8.688442262223596,18.31692460703198,205.7314848669339,-0.8552862315062448,-0.7544737909065704,-187.41456025990192,0.0890331619337666,high,weak α=1.5 (97% in first 3)
ar_sigma1.25_weak_sparse_a1.5,89,89,ar,100,500,1.25,3.0,weak_sparse,1.5,10,3,1.0,0.829919708757592,cocolasso_max,reweighted_max,6.419470067304986,5.431800483806477,3.8273950908242176,3.124428977034201,18.595513671985827,221.98783432412893,0.9876695834985094,0.7029661137900165,-203.3923206521431,0.08376816562314014,high,weak α=1.5 (97% in first 3)
ar_sigma1.25_weak_sparse_a1.5,90,90,ar,100,500,1.25,3.0,weak_sparse,1.5,10,3,1.0,0.829919708757592,cocolasso_max,reweighted_max,9.826759713072228,10.158910709302145,6.7425999791773314,7.139138744489798,19.292244205949828,186.72592517896555,-0.33215099622991673,-0.39653876531246635,-167.43368097301573,0.10331850913288754,high,weak α=1.5 (97% in first 3)
ar_sigma1.25_weak_sparse_a1.5,91,91,ar,100,500,1.25,3.0,weak_sparse,1.5,10,3,1.0,0.829919708757592,cocolasso_max,reweighted_max,9.157481135848696,8.958835426603631,6.135864953494678,6.026932491559943,19.056674825027585,204.4139027679339,0.1986457092450653,0.10893246193473427,-185.35722794290632,0.09322592332020666,high,weak α=1.5 (97% in first 3)
ar_sigma1.25_weak_sparse_a1.5,92,92,ar,100,500,1.25,3.0,weak_sparse,1.5,10,3,1.0,0.829919708757592,cocolasso_max,reweighted_max,8.659210987721917,8.174165335782654,5.754229579061464,5.453619241242801,19.36126375896856,203.25694226310588,0.48504565193926297,0.30061033781866353,-183.89567850413732,0.0952551167177669,high,weak α=1.5 (97% in first 3)
ar_sigma1.25_weak_sparse_a1.5,93,93,ar,100,500,1.25,3.0,weak_sparse,1.5,10,3,1.0,0.829919708757592,cocolasso_max,reweighted_max,7.975503473846825,7.307661280976648,5.119271965116116,4.613679998520808,20.28320447000442,217.03417003992945,0.667842192870177,0.5055919665953086,-196.75096556992503,0.09345627219102302,high,weak α=1.5 (97% in first 3)
ar_sigma1.25_weak_sparse_a1.5,94,94,ar,100,500,1.25,3.0,weak_sparse,1.5,10,3,1.0,0.829919708757592,cocolasso_max,reweighted_max,9.73189107360973,9.158652387044912,6.619349518316762,6.2198669869567125,21.46750994102331,202.27838015602904,0.5732386865648191,0.3994825313600492,-180.81087021500574,0.10612854386348246,high,weak α=1.5 (97% in first 3)
ar_sigma1.25_weak_sparse_a1.5,95,95,ar,100,500,1.25,3.0,weak_sparse,1.5,10,3,1.0,0.829919708757592,cocolasso_max,reweighted_max,7.117856675598983,6.328017890929295,4.4083719647629245,3.862653111385419,20.39119162899442,203.89067510794848,0.7898387846696879,0.5457188533775055,-183.49948347895406,0.1000104179271487,high,weak α=1.5 (97% in first 3)
ar_sigma1.25_weak_sparse_a1.5,96,96,ar,100,500,1.25,3.0,weak_sparse,1.5,10,3,1.0,0.829919708757592,cocolasso_max,reweighted_max,6.219580454372491,5.386829610924692,3.753716467897916,3.114051980851027,20.478675906022545,221.91393931303173,0.8327508434477995,0.6396644870468888,-201.4352634070092,0.09228206199852697,high,weak α=1.5 (97% in first 3)
ar_sigma1.25_weak_sparse_a1.5,97,97,ar,100,500,1.25,3.0,weak_sparse,1.5,10,3,1.0,0.829919708757592,cocolasso_max,reweighted_max,9.421487887044307,9.2535720590489,6.357236655842812,6.340352304195837,20.326653328025717,204.22958212089725,0.16791582799540805,0.01688435164697566,-183.90292879287153,0.09952844792089426,high,weak α=1.5 (97% in first 3)
ar_sigma1.25_weak_sparse_a1.5,98,98,ar,100,500,1.25,3.0,weak_sparse,1.5,10,3,1.0,0.829919708757592,cocolasso_max,reweighted_max,7.6231899591805155,6.920143845131477,4.847468171931531,4.3670958681069205,19.59695953503251,184.7434573008213,0.7030461140490383,0.4803723038246108,-165.14649776578878,0.10607660926861626,high,weak α=1.5 (97% in first 3)
ar_sigma1.25_weak_sparse_a1.5,99,99,ar,100,500,1.25,3.0,weak_sparse,1.5,10,3,1.0,0.829919708757592,cocolasso_max,reweighted_max,8.079900682205391,8.039039600558393,5.282981079716775,5.375624225011104,19.784980663040187,183.3613147919532,0.04086108164699809,-0.09264314529432927,-163.576334128913,0.10790160773819042,high,weak α=1.5 (97% in first 3)
ar_sigma1.25_weak_sparse_a2.0,0,0,ar,100,500,1.25,3.0,weak_sparse,2.0,10,3,1.0,0.8450879387313912,cocolasso_max,reweighted_max,8.702843913059775,8.416454139149115,6.807967750333843,6.696269042307952,14.041157562984154,188.7323238570243,0.2863897739106598,0.11169870802589088,-174.69116629404016,0.074397205926533,high,weak α=2.0 (99% in first 3)
ar_sigma1.25_weak_sparse_a2.0,1,1,ar,100,500,1.25,3.0,weak_sparse,2.0,10,3,1.0,0.8450879387313912,cocolasso_max,reweighted_max,7.061794570966254,5.865562747195222,5.299305298320494,4.340838455679034,13.9278504709946,338.59201363200555,1.1962318237710319,0.9584668426414602,-324.66416316101095,0.04113461012146585,high,weak α=2.0 (99% in first 3)
ar_sigma1.25_weak_sparse_a2.0,2,2,ar,100,500,1.25,3.0,weak_sparse,2.0,10,3,1.0,0.8450879387313912,cocolasso_max,reweighted_max,10.046671933593062,10.310142412931691,7.8995914368662685,8.16092780263612,14.082137485966086,179.85695013700752,-0.2634704793386291,-0.26133636576985175,-165.77481265104143,0.07829632091080663,high,weak α=2.0 (99% in first 3)
ar_sigma1.25_weak_sparse_a2.0,3,3,ar,100,500,1.25,3.0,weak_sparse,2.0,10,3,1.0,0.8450879387313912,cocolasso_max,reweighted_max,6.404913724991922,5.959591547864648,4.043000189794737,3.73767459317016,14.074436860973949,164.5263294550241,0.44532217712727373,0.3053255966245776,-150.45189259405015,0.08554519454481248,high,weak α=2.0 (99% in first 3)
ar_sigma1.25_weak_sparse_a2.0,4,4,ar,100,500,1.25,3.0,weak_sparse,2.0,10,3,1.0,0.8450879387313912,cocolasso_max,reweighted_max,5.953902604569117,5.022194246976255,4.346894056746411,3.6096745843302736,13.924436329049058,161.28099289501552,0.9317083575928615,0.7372194724161374,-147.35655656596646,0.08633649929296412,high,weak α=2.0 (99% in first 3)
ar_sigma1.25_weak_sparse_a2.0,5,5,ar,100,500,1.25,3.0,weak_sparse,2.0,10,3,1.0,0.8450879387313912,cocolasso_max,reweighted_max,5.750847181326041,4.572508811780157,4.13022794556037,3.205569107317229,13.97393604903482,166.6390161929885,1.1783383695458838,0.9246588382431411,-152.66508014395367,0.08385752849651538,high,weak α=2.0 (99% in first 3)
ar_sigma1.25_weak_sparse_a2.0,6,6,ar,100,500,1.25,3.0,weak_sparse,2.0,10,3,1.0,0.8450879387313912,cocolasso_max,reweighted_max,6.305431461955634,5.311643663244428,4.600843149456442,3.773452002386184,14.02515939809382,184.93171710695609,0.9937877987112058,0.8273911470702582,-170.90655770886227,0.07583966459351213,high,weak α=2.0 (99% in first 3)
ar_sigma1.25_weak_sparse_a2.0,7,7,ar,100,500,1.25,3.0,weak_sparse,2.0,10,3,1.0,0.8450879387313912,cocolasso_max,reweighted_max,6.910305151321605,6.304254894772925,5.11130104362859,4.593292032267213,14.06492363801226,182.93435974995373,0.6060502565486798,0.5180090113613769,-168.86943611194147,0.07688508412108633,high,weak α=2.0 (99% in first 3)
ar_sigma1.25_weak_sparse_a2.0,8,8,ar,100,500,1.25,3.0,weak_sparse,2.0,10,3,1.0,0.8450879387313912,cocolasso_max,reweighted_max,5.9256393721765095,4.903524578726271,4.254842605904057,3.394419214140038,13.988197154016234,214.4777186089777,1.0221147934502381,0.8604233917640185,-200.48952145496148,0.06521981511524111,high,weak α=2.0 (99% in first 3)
ar_sigma1.25_weak_sparse_a2.0,9,9,ar,100,500,1.25,3.0,weak_sparse,2.0,10,3,1.0,0.8450879387313912,cocolasso_max,reweighted_max,7.043965890736048,6.74776969725823,5.283676985622861,5.102505050947345,13.93446436105296,183.30691866599955,0.2961961934778179,0.1811719346755165,-169.3724543049466,0.07601712178929107,high,weak α=2.0 (99% in first 3)
ar_sigma1.25_weak_sparse_a2.0,10,10,ar,100,500,1.25,3.0,weak_sparse,2.0,10,3,1.0,0.8450879387313912,cocolasso_max,reweighted_max,6.471249363284246,7.0085243351209945,4.824609509932456,5.4629148688104445,14.159991304972207,185.68917655799305,-0.5372749718367489,-0.6383053588779886,-171.52918525302084,0.07625641713452191,high,weak α=2.0 (99% in first 3)
ar_sigma1.25_weak_sparse_a2.0,11,11,ar,100,500,1.25,3.0,weak_sparse,2.0,10,3,1.0,0.8450879387313912,cocolasso_max,reweighted_max,5.950718595607326,4.722402986909366,4.336111242595234,3.40869531337503,14.166334478999488,187.07342725200576,1.2283156086979599,0.9274159292202042,-172.90709277300627,0.07572606482435415,high,weak α=2.0 (99% in first 3)
ar_sigma1.25_weak_sparse_a2.0,12,12,ar,100,500,1.25,3.0,weak_sparse,2.0,10,3,1.0,0.8450879387313912,cocolasso_max,reweighted_max,6.8370685214188525,6.156209530117612,5.155977229695464,4.709576122513871,14.210690164938567,172.5279858080321,0.6808589913012408,0.4464011071815923,-158.31729564309353,0.08236744953801567,high,weak α=2.0 (99% in first 3)
ar_sigma1.25_weak_sparse_a2.0,13,13,ar,100,500,1.25,3.0,weak_sparse,2.0,10,3,1.0,0.8450879387313912,cocolasso_max,reweighted_max,7.7924223374463155,7.2016684051352735,5.884176216364587,5.377842561656673,14.283487778971905,202.5190258270013,0.590753932311042,0.5063336547079134,-188.23553804802938,0.07052911557639702,high,weak α=2.0 (99% in first 3)
ar_sigma1.25_weak_sparse_a2.0,14,14,ar,100,500,1.25,3.0,weak_sparse,2.0,10,3,1.0,0.8450879387313912,cocolasso_max,reweighted_max,6.938863563583444,6.109278428203612,5.2224132179263245,4.593422065154834,14.546308128978126,186.8631623259862,0.8295851353798325,0.6289911527714906,-172.31685419700807,0.07784470704612087,high,weak α=2.0 (99% in first 3)
ar_sigma1.25_weak_sparse_a2.0,15,15,ar,100,500,1.25,3.0,weak_sparse,2.0,10,3,1.0,0.8450879387313912,cocolasso_max,reweighted_max,5.93903340415352,4.97432312285323,4.299986227809282,3.523894168142928,14.330823772936128,187.52250587003076,0.9647102813002899,0.7760920596663543,-173.19168209709463,0.07642188710334653,high,weak α=2.0 (99% in first 3)
ar_sigma1.25_weak_sparse_a2.0,16,16,ar,100,500,1.25,3.0,weak_sparse,2.0,10,3,1.0,0.8450879387313912,cocolasso_max,reweighted_max,8.150131003897403,7.59212876056047,6.263472007977895,5.866679884990094,14.374913931940682,171.56234458700055,0.5580022433369329,0.39679212298780087,-157.18743065505987,0.08378828096891072,high,weak α=2.0 (99% in first 3)
ar_sigma1.25_weak_sparse_a2.0,17,17,ar,100,500,1.25,3.0,weak_sparse,2.0,10,3,1.0,0.8450879387313912,cocolasso_max,reweighted_max,7.745300099468069,7.028846664875946,5.919213961201581,5.3712146441601645,14.300581777933983,170.57305436994648,0.7164534345921227,0.5479993170414161,-156.2724725920125,0.08383845754979706,high,weak α=2.0 (99% in first 3)
ar_sigma1.25_weak_sparse_a2.0,18,18,ar,100,500,1.25,3.0,weak_sparse,2.0,10,3,1.0,0.8450879387313912,cocolasso_max,reweighted_max,7.879970261710189,7.314051664816836,6.012606714185686,5.572322168769143,14.303154277964495,185.48790672502943,0.5659185968933524,0.4402845454165423,-171.18475244706494,0.07711098006603603,high,weak α=2.0 (99% in first 3)
ar_sigma1.25_weak_sparse_a2.0,19,19,ar,100,500,1.25,3.0,weak_sparse,2.0,10,3,1.0,0.8450879387313912,cocolasso_max,reweighted_max,5.634945170164919,3.255154758921456,4.044775513990161,2.110686265035556,14.352059566997925,184.63137823698344,2.3797904112434627,1.934089248954605,-170.2793186699855,0.07773358842924495,high,weak α=2.0 (99% in first 3)
ar_sigma1.25_weak_sparse_a2.0,20,20,ar,100,500,1.25,3.0,weak_sparse,2.0,10,3,1.0,0.8450879387313912,cocolasso_max,reweighted_max,10.182654167329586,10.699088981967028,8.057413218210105,8.58048867684919,14.409892529947683,186.45610512199343,-0.5164348146374422,-0.5230754586390862,-172.04621259204575,0.07728302873493824,high,weak α=2.0 (99% in first 3)
ar_sigma1.25_weak_sparse_a2.0,21,21,ar,100,500,1.25,3.0,weak_sparse,2.0,10,3,1.0,0.8450879387313912,cocolasso_max,reweighted_max,4.819624036605374,3.774280700842165,3.397183373823605,2.77379343610765,14.465280644013546,171.69262172601884,1.0453433357632091,0.6233899377159551,-157.2273410820053,0.08425103244737413,high,weak α=2.0 (99% in first 3)
ar_sigma1.25_weak_sparse_a2.0,22,22,ar,100,500,1.25,3.0,weak_sparse,2.0,10,3,1.0,0.8450879387313912,cocolasso_max,reweighted_max,7.859622074232102,7.167066748868024,5.9535642945995,5.367131980630862,14.373968553030863,182.23244971601525,0.6925553253640784,0.586432313968638,-167.8584811629844,0.07887710764702312,high,weak α=2.0 (99% in first 3)
ar_sigma1.25_weak_sparse_a2.0,23,23,ar,100,500,1.25,3.0,weak_sparse,2.0,10,3,1.0,0.8450879387313912,cocolasso_max,reweighted_max,4.369886420816006,3.0049538258389,3.0124508919292694,2.104029027316009,14.4138036291115,174.01415995601565,1.3649325949771063,0.9084218646132602,-159.60035632690415,0.0828312111655441,high,weak α=2.0 (99% in first 3)
ar_sigma1.25_weak_sparse_a2.0,24,24,ar,100,500,1.25,3.0,weak_sparse,2.0,10,3,1.0,0.8450879387313912,cocolasso_max,reweighted_max,7.67890135416995,6.376298365463872,5.802080888411752,4.69592433084318,14.394476367975583,200.4913891819888,1.3026029887060782,1.1061565575685721,-186.09691281401322,0.07179598299311257,high,weak α=2.0 (99% in first 3)
ar_sigma1.25_weak_sparse_a2.0,25,25,ar,100,500,1.25,3.0,weak_sparse,2.0,10,3,1.0,0.8450879387313912,cocolasso_max,reweighted_max,5.262930044342169,4.242722271389659,3.710745186800575,2.901601499534032,14.413029251038097,209.8009754269733,1.02020777295251,0.8091436872665434,-195.3879461759352,0.06869858074637468,high,weak α=2.0 (99% in first 3)
ar_sigma1.25_weak_sparse_a2.0,26,26,ar,100,500,1.25,3.0,weak_sparse,2.0,10,3,1.0,0.8450879387313912,cocolasso_max,reweighted_max,5.718968607879838,4.661462091583879,4.161308639297848,3.3998584565655614,14.477938176016323,333.4754477310344,1.057506516295959,0.761450182732287,-318.9975095550181,0.043415304708410034,high,weak α=2.0 (99% in first 3)
ar_sigma1.25_weak_sparse_a2.0,27,27,ar,100,500,1.25,3.0,weak_sparse,2.0,10,3,1.0,0.8450879387313912,cocolasso_max,reweighted_max,6.63691737816635,5.669963717737929,4.943815695375023,4.171639597846377,14.43403563008178,177.7902209169697,0.9669536604284215,0.7721760975286465,-163.35618528688792,0.0811857680115188,high,weak α=2.0 (99% in first 3)
ar_sigma1.25_weak_sparse_a2.0,28,28,ar,100,500,1.25,3.0,weak_sparse,2.0,10,3,1.0,0.8450879387313912,cocolasso_max,reweighted_max,7.193186769533307,6.555720772599473,5.3630302689702125,4.828823320395224,14.41913613595534,197.0223536079866,0.6374659969338339,0.5342069485749885,-182.60321747203125,0.07318528010605817,high,weak α=2.0 (99% in first 3)
ar_sigma1.25_weak_sparse_a2.0,29,29,ar,100,500,1.25,3.0,weak_sparse,2.0,10,3,1.0,0.8450879387313912,cocolasso_max,reweighted_max,6.487669844862743,5.814840041044682,4.765923868478154,4.235135827740866,14.432210959028453,194.44339141401,0.6728298038180611,0.5307880407372885,-180.01118045498154,0.07422320117992236,high,weak α=2.0 (99% in first 3)
ar_sigma1.25_weak_sparse_a2.0,30,30,ar,100,500,1.25,3.0,weak_sparse,2.0,10,3,1.0,0.8450879387313912,cocolasso_max,reweighted_max,8.514794351845309,8.17499540441529,6.581448464621543,6.337267857715507,14.379853082937188,193.5297321199905,0.3397989474300189,0.2441806069060357,-179.14987903705332,0.07430306922567084,high,weak α=2.0 (99% in first 3)
ar_sigma1.25_weak_sparse_a2.0,31,31,ar,100,500,1.25,3.0,weak_sparse,2.0,10,3,1.0,0.8450879387313912,cocolasso_max,reweighted_max,6.181622730506961,5.339495348279084,4.535492041239438,3.883165762325997,14.446815919014623,180.2078900610213,0.8421273822278765,0.6523262789134412,-165.76107414200666,0.08016749940373143,high,weak α=2.0 (99% in first 3)
ar_sigma1.25_weak_sparse_a2.0,32,32,ar,100,500,1.25,3.0,weak_sparse,2.0,10,3,1.0,0.8450879387313912,cocolasso_max,reweighted_max,8.200137791712725,7.556538159706664,6.433385594501577,6.003181608339585,14.427330820006318,200.31243777403145,0.6435996320060617,0.4302039861619926,-185.88510695402513,0.07202413879202803,high,weak α=2.0 (99% in first 3)
ar_sigma1.25_weak_sparse_a2.0,33,33,ar,100,500,1.25,3.0,weak_sparse,2.0,10,3,1.0,0.8450879387313912,cocolasso_max,reweighted_max,5.997198955425486,6.012092214636582,4.374890898905696,4.543622412049851,14.46549084992148,201.4423495659721,-0.014893259211095966,-0.1687315131441549,-186.97685871605063,0.07180958165494417,high,weak α=2.0 (99% in first 3)
ar_sigma1.25_weak_sparse_a2.0,34,34,ar,100,500,1.25,3.0,weak_sparse,2.0,10,3,1.0,0.8450879387313912,cocolasso_max,reweighted_max,6.271369091533769,5.6102161964071,4.61807618481113,4.099917959204602,13.821793652954511,201.23213162500176,0.6611528951266692,0.5181582256065287,-187.41033797204724,0.06868581841945387,high,weak α=2.0 (99% in first 3)
ar_sigma1.25_weak_sparse_a2.0,35,35,ar,100,500,1.25,3.0,weak_sparse,2.0,10,3,1.0,0.8450879387313912,cocolasso_max,reweighted_max,5.604690994634654,4.856931235737224,3.990746880316852,3.390461886397319,14.025148309068754,199.0850588409812,0.7477597588974305,0.6002849939195332,-185.05991053191244,0.07044802051303767,high,weak α=2.0 (99% in first 3)
ar_sigma1.25_weak_sparse_a2.0,36,36,ar,100,500,1.25,3.0,weak_sparse,2.0,10,3,1.0,0.8450879387313912,cocolasso_max,reweighted_max,10.468368292728826,11.941936790541488,7.185950424947717,7.960104719569877,14.204323788988404,200.7026154579944,-1.4735684978126624,-0.7741542946221598,-186.498291669006,0.07077298796816758,high,weak α=2.0 (99% in first 3)
ar_sigma1.25_weak_sparse_a2.0,37,37,ar,100,500,1.25,3.0,weak_sparse,2.0,10,3,1.0,0.8450879387313912,cocolasso_max,reweighted_max,7.321280225339425,6.276078689633929,5.5058022300452585,4.643206356067737,14.829189536976628,201.25880376499845,1.0452015357054965,0.8625958739775212,-186.42961422802182,0.07368219059024149,high,weak α=2.0 (99% in first 3)
ar_sigma1.25_weak_sparse_a2.0,38,38,ar,100,500,1.25,3.0,weak_sparse,2.0,10,3,1.0,0.8450879387313912,cocolasso_max,reweighted_max,7.172841739995017,5.829113886686128,5.437842320107948,4.409592154020757,14.888630398898384,180.98081983800512,1.3437278533088897,1.028250166087191,-166.09218943910673,0.08226634409229172,high,weak α=2.0 (99% in first 3)
ar_sigma1.25_weak_sparse_a2.0,39,39,ar,100,500,1.25,3.0,weak_sparse,2.0,10,3,1.0,0.8450879387313912,cocolasso_max,reweighted_max,7.0324169901489055,5.1639512592539285,5.248518169512795,3.679062828998981,14.867817560909316,182.35006900900044,1.868465730894977,1.5694553405138136,-167.48225144809112,0.08153447729255024,high,weak α=2.0 (99% in first 3)
ar_sigma1.25_weak_sparse_a2.0,40,40,ar,100,500,1.25,3.0,weak_sparse,2.0,10,3,1.0,0.8450879387313912,cocolasso_max,reweighted_max,6.650166999247276,5.539604096438742,4.926991991689174,4.019803708906767,14.87597060704138,182.4925311700208,1.1105629028085335,0.9071882827824069,-167.61656056297943,0.08151550373961358,high,weak α=2.0 (99% in first 3)
ar_sigma1.25_weak_sparse_a2.0,41,41,ar,100,500,1.25,3.0,weak_sparse,2.0,10,3,1.0,0.8450879387313912,cocolasso_max,reweighted_max,5.683182173787764,4.3157175086822095,4.060644334018797,2.9465010185371105,14.896550879930146,213.30546701600545,1.3674646651055546,1.1141433154816869,-198.4089161360753,0.06983670455484564,high,weak α=2.0 (99% in first 3)
ar_sigma1.25_weak_sparse_a2.0,42,42,ar,100,500,1.25,3.0,weak_sparse,2.0,10,3,1.0,0.8450879387313912,cocolasso_max,reweighted_max,9.653380648013362,10.482972022390582,7.586313279775372,8.387657734240337,14.835190370911732,197.12444763298845,-0.8295913743772196,-0.8013444544649646,-182.28925726207672,0.07525799335926249,high,weak α=2.0 (99% in first 3)
ar_sigma1.25_weak_sparse_a2.0,43,43,ar,100,500,1.25,3.0,weak_sparse,2.0,10,3,1.0,0.8450879387313912,cocolasso_max,reweighted_max,6.969264899047862,6.316968696851539,4.916446791305162,4.353662895034165,14.81468128808774,202.5148043789668,0.6522962021963226,0.5627838962709975,-187.70012309087906,0.07315357182660565,high,weak α=2.0 (99% in first 3)
ar_sigma1.25_weak_sparse_a2.0,44,44,ar,100,500,1.25,3.0,weak_sparse,2.0,10,3,1.0,0.8450879387313912,cocolasso_max,reweighted_max,5.698431110682389,4.223770199483452,4.088388240125044,2.879808510566241,14.857728100963868,199.3430088700261,1.4746609111989368,1.2085797295588034,-184.48528076906223,0.07453347967999858,high,weak α=2.0 (99% in first 3)
ar_sigma1.25_weak_sparse_a2.0,45,45,ar,100,500,1.25,3.0,weak_sparse,2.0,10,3,1.0,0.8450879387313912,cocolasso_max,reweighted_max,7.580572918296584,6.651576641359939,5.706281165591913,4.936962927855303,14.885582876042465,209.64054407097865,0.9289962769366449,0.7693182377366101,-194.7549611949362,0.0710052673351325,high,weak α=2.0 (99% in first 3)
ar_sigma1.25_weak_sparse_a2.0,46,46,ar,100,500,1.25,3.0,weak_sparse,2.0,10,3,1.0,0.8450879387313912,cocolasso_max,reweighted_max,3.448358299907375,1.9556909475014004,2.3138051481623214,1.5245359180914688,14.870405494002624,163.8957459310186,1.4926673524059748,0.7892692300708526,-149.02534043701598,0.0907308814486336,high,weak α=2.0 (99% in first 3)
ar_sigma1.25_weak_sparse_a2.0,47,47,ar,100,500,1.25,3.0,weak_sparse,2.0,10,3,1.0,0.8450879387313912,cocolasso_max,reweighted_max,5.366103432184412,4.438002446320038,3.800942362078364,3.0851904720940517,14.754167289007457,174.5589934239979,0.9281009858643738,0.715751889984312,-159.80482613499044,0.08452252731069596,high,weak α=2.0 (99% in first 3)
ar_sigma1.25_weak_sparse_a2.0,48,48,ar,100,500,1.25,3.0,weak_sparse,2.0,10,3,1.0,0.8450879387313912,cocolasso_max,reweighted_max,7.83254392333937,7.218891669218998,5.95832428024477,5.498087480644536,14.831168244942091,225.1903862390318,0.6136522541203719,0.4602367996002341,-210.3592179940897,0.06586057465703407,high,weak α=2.0 (99% in first 3)
ar_sigma1.25_weak_sparse_a2.0,49,49,ar,100,500,1.25,3.0,weak_sparse,2.0,10,3,1.0,0.8450879387313912,cocolasso_max,reweighted_max,5.66590281688814,4.756945702213426,4.090377391098847,3.455527331733089,14.909336528042331,158.6490013350267,0.9089571146747142,0.6348500593657578,-143.73966480698436,0.093976869709741,high,weak α=2.0 (99% in first 3)
ar_sigma1.25_weak_sparse_a2.0,50,50,ar,100,500,1.25,3.0,weak_sparse,2.0,10,3,1.0,0.8450879387313912,cocolasso_max,reweighted_max,7.229343936682075,6.156885660861075,5.416729333227575,4.5260137776627705,14.854424081975594,209.52467355597764,1.072458275821,0.890715555564805,-194.67024947400205,0.07089582257722508,high,weak α=2.0 (99% in first 3)
ar_sigma1.25_weak_sparse_a2.0,51,51,ar,100,500,1.25,3.0,weak_sparse,2.0,10,3,1.0,0.8450879387313912,cocolasso_max,reweighted_max,6.562726892734033,5.484390531237614,4.823846835725647,3.949031292416876,14.836671789060349,362.4422027399996,1.0783363614964188,0.8748155433087716,-347.6055309509392,0.04093527651277282,high,weak α=2.0 (99% in first 3)
ar_sigma1.25_weak_sparse_a2.0,52,52,ar,100,500,1.25,3.0,weak_sparse,2.0,10,3,1.0,0.8450879387313912,cocolasso_max,reweighted_max,9.207419170481444,9.576749159061542,7.195092072425521,7.665257894773697,14.847353901015596,192.40033974102695,-0.36932998858009825,-0.47016582234817594,-177.55298584001136,0.07716906280415255,high,weak α=2.0 (99% in first 3)
ar_sigma1.25_weak_sparse_a2.0,53,53,ar,100,500,1.25,3.0,weak_sparse,2.0,10,3,1.0,0.8450879387313912,cocolasso_max,reweighted_max,5.227545749356832,3.4557983910762298,3.694057214825735,2.3180387706463947,14.842027106904425,194.9820969619905,1.771747358280602,1.3760184441793402,-180.14006985508607,0.07611994812937983,high,weak α=2.0 (99% in first 3)
ar_sigma1.25_weak_sparse_a2.0,54,54,ar,100,500,1.25,3.0,weak_sparse,2.0,10,3,1.0,0.8450879387313912,cocolasso_max,reweighted_max,6.178246218656724,5.409530490889139,4.489823168650277,3.87765047193605,14.785051566082984,195.3183203189983,0.7687157277675851,0.6121726967142274,-180.53326875291532,0.0756972082390208,high,weak α=2.0 (99% in first 3)
ar_sigma1.25_weak_sparse_a2.0,55,55,ar,100,500,1.25,3.0,weak_sparse,2.0,10,3,1.0,0.8450879387313912,cocolasso_max,reweighted_max,7.0787254382907525,6.197900659417598,5.136627963208371,4.468727177696046,14.78811287402641,178.5575508089969,0.8808247788731549,0.6679007855123249,-163.76943793497048,0.08281986847952043,high,weak α=2.0 (99% in first 3)
ar_sigma1.25_weak_sparse_a2.0,56,56,ar,100,500,1.25,3.0,weak_sparse,2.0,10,3,1.0,0.8450879387313912,cocolasso_max,reweighted_max,6.082760175902775,4.615757507478192,4.414105772410792,3.214920621670188,14.802764934953302,215.3190662470297,1.4670026684245832,1.1991851507406044,-200.5163013120764,0.068748045368033,high,weak α=2.0 (99% in first 3)
ar_sigma1.25_weak_sparse_a2.0,57,57,ar,100,500,1.25,3.0,weak_sparse,2.0,10,3,1.0,0.8450879387313912,cocolasso_max,reweighted_max,7.8957309849189725,7.996319328130528,6.032550041842873,6.240765701576982,14.80159247200936,181.0670226270449,-0.1005883432115553,-0.20821565973410916,-166.26543015503555,0.08174648402153896,high,weak α=2.0 (99% in first 3)
ar_sigma1.25_weak_sparse_a2.0,58,58,ar,100,500,1.25,3.0,weak_sparse,2.0,10,3,1.0,0.8450879387313912,cocolasso_max,reweighted_max,6.546486284234788,5.748420013518032,4.844360366719704,4.229630407094771,14.803219596040435,184.25340724602572,0.7980662707167561,0.6147299596249338,-169.45018764998528,0.08034163284847334,high,weak α=2.0 (99% in first 3)
ar_sigma1.25_weak_sparse_a2.0,59,59,ar,100,500,1.25,3.0,weak_sparse,2.0,10,3,1.0,0.8450879387313912,cocolasso_max,reweighted_max,6.3822393606017815,5.772239251023338,4.686850606401202,4.224326242861946,14.739022609894164,216.1315828309744,0.6100001095784435,0.46252436353925575,-201.39256022108023,0.06819467297114466,high,weak α=2.0 (99% in first 3)
ar_sigma1.25_weak_sparse_a2.0,60,60,ar,100,500,1.25,3.0,weak_sparse,2.0,10,3,1.0,0.8450879387313912,cocolasso_max,reweighted_max,6.867389742633203,6.01102031032455,5.109160080794925,4.396835891327666,14.84898676094599,199.66455864202,0.8563694323086528,0.7123241894672585,-184.81557188107402,0.07436966711537847,high,weak α=2.0 (99% in first 3)
ar_sigma1.25_weak_sparse_a2.0,61,61,ar,100,500,1.25,3.0,weak_sparse,2.0,10,3,1.0,0.8450879387313912,cocolasso_max,reweighted_max,8.468790091218462,7.969314820412703,6.406146779699097,5.83812568602707,14.97645720897708,201.5714674759656,0.4994752708057595,0.5680210936720274,-186.5950102669885,0.07429849768178526,high,weak α=2.0 (99% in first 3)
ar_sigma1.25_weak_sparse_a2.0,62,62,ar,100,500,1.25,3.0,weak_sparse,2.0,10,3,1.0,0.8450879387313912,cocolasso_max,reweighted_max,4.456679139436526,2.7982334607851267,3.04874400445028,1.858789365920616,15.006515556015074,183.6261648730142,1.658445678651399,1.1899546385296638,-168.61964931699913,0.08172318779512036,high,weak α=2.0 (99% in first 3)
ar_sigma1.25_weak_sparse_a2.0,63,63,ar,100,500,1.25,3.0,weak_sparse,2.0,10,3,1.0,0.8450879387313912,cocolasso_max,reweighted_max,5.294869718598241,2.9848764787802664,3.744209733813657,1.9132497472452905,14.835975976078773,213.8660110839992,2.3099932398179743,1.8309599865683666,-199.03003510792044,0.06937042450495658,high,weak α=2.0 (99% in first 3)
ar_sigma1.25_weak_sparse_a2.0,64,64,ar,100,500,1.25,3.0,weak_sparse,2.0,10,3,1.0,0.8450879387313912,cocolasso_max,reweighted_max,8.493965318778649,9.202030411387293,6.604549785399337,7.327272596570137,14.941756309941413,179.76663529197685,-0.7080650926086438,-0.7227228111708,-164.82487898203544,0.08311751669420202,high,weak α=2.0 (99% in first 3)
ar_sigma1.25_weak_sparse_a2.0,65,65,ar,100,500,1.25,3.0,weak_sparse,2.0,10,3,1.0,0.8450879387313912,cocolasso_max,reweighted_max,4.4926062059749095,2.812708430509698,3.0437869098636394,1.7176350132282636,14.915121436002664,196.75370837998344,1.6798977754652116,1.3261518966353758,-181.83858694398077,0.07580604990274248,high,weak α=2.0 (99% in first 3)
ar_sigma1.25_weak_sparse_a2.0,66,66,ar,100,500,1.25,3.0,weak_sparse,2.0,10,3,1.0,0.8450879387313912,cocolasso_max,reweighted_max,6.972906500815893,6.322518996309289,5.21842900372166,4.701223842721816,14.89972809900064,183.9662477549864,0.6503875045066039,0.5172051609998443,-169.06651965598576,0.08099163993845596,high,weak α=2.0 (99% in first 3)
ar_sigma1.25_weak_sparse_a2.0,67,67,ar,100,500,1.25,3.0,weak_sparse,2.0,10,3,1.0,0.8450879387313912,cocolasso_max,reweighted_max,8.70772386252637,8.289570310702477,6.688195175644236,6.332246832401951,14.877522942959333,199.54116453498136,0.41815355182389347,0.35594834324228497,-184.66364159202203,0.07455866551460949,high,weak α=2.0 (99% in first 3)
ar_sigma1.25_weak_sparse_a2.0,68,68,ar,100,500,1.25,3.0,weak_sparse,2.0,10,3,1.0,0.8450879387313912,cocolasso_max,reweighted_max,6.940940136032946,6.231743444394419,5.163280765577389,4.584770669215702,14.889818317024035,218.8875155109563,0.7091966916385273,0.5785100963616872,-203.99769719393225,0.06802497749707764,high,weak α=2.0 (99% in first 3)
ar_sigma1.25_weak_sparse_a2.0,69,69,ar,100,500,1.25,3.0,weak_sparse,2.0,10,3,1.0,0.8450879387313912,cocolasso_max,reweighted_max,7.665985981486076,7.718712818255268,5.812602325692475,5.924407104751732,14.879240561975166,179.12321254599374,-0.05272683676919243,-0.11180477905925734,-164.24397198401857,0.08306707070784922,high,weak α=2.0 (99% in first 3)
ar_sigma1.25_weak_sparse_a2.0,70,70,ar,100,500,1.25,3.0,weak_sparse,2.0,10,3,1.0,0.8450879387313912,cocolasso_max,reweighted_max,6.186324870222637,4.8029604452559465,4.490112615616794,3.3244929544297914,14.87096009904053,191.627610340016,1.3833644249666905,1.1656196611870024,-176.75665024097546,0.07760343132523607,high,weak α=2.0 (99% in first 3)
ar_sigma1.25_weak_sparse_a2.0,71,71,ar,100,500,1.25,3.0,weak_sparse,2.0,10,3,1.0,0.8450879387313912,cocolasso_max,reweighted_max,6.74162292082329,5.912233983200333,5.063841278723986,4.6216959227153565,14.87193333695177,177.63568656804273,0.8293889376229568,0.4421453560086297,-162.76375323109096,0.08372154055460657,high,weak α=2.0 (99% in first 3)
ar_sigma1.25_weak_sparse_a2.0,72,72,ar,100,500,1.25,3.0,weak_sparse,2.0,10,3,1.0,0.8450879387313912,cocolasso_max,reweighted_max,9.568474154604964,10.680579861681869,7.484194277817579,8.539239160925243,14.924957633018494,173.85685804998502,-1.1121057070769051,-1.055044883107664,-158.93190041696653,0.08584624040961022,high,weak α=2.0 (99% in first 3)
ar_sigma1.25_weak_sparse_a2.0,73,73,ar,100,500,1.25,3.0,weak_sparse,2.0,10,3,1.0,0.8450879387313912,cocolasso_max,reweighted_max,7.449570447809254,6.310443145200696,5.5843710264486734,4.599324717793262,14.96712801407557,220.92222120403312,1.139127302608558,0.9850463086554111,-205.95509318995755,0.06774840454031399,high,weak α=2.0 (99% in first 3)
ar_sigma1.25_weak_sparse_a2.0,74,74,ar,100,500,1.25,3.0,weak_sparse,2.0,10,3,1.0,0.8450879387313912,cocolasso_max,reweighted_max,4.074291822836753,2.462468279208628,2.711583794670381,1.5214873795397028,14.82510988798458,184.9675202529761,1.611823543628125,1.1900964151306783,-170.14241036499152,0.08014980072019452,high,weak α=2.0 (99% in first 3)
ar_sigma1.25_weak_sparse_a2.0,75,75,ar,100,500,1.25,3.0,weak_sparse,2.0,10,3,1.0,0.8450879387313912,cocolasso_max,reweighted_max,6.138625175409407,4.748081628563027,4.239530825240834,3.3974740407973045,14.815897600958124,263.0157019251492,1.3905435468463798,0.8420567844435296,-248.19980432419106,0.05633084828210953,high,weak α=2.0 (99% in first 3)
ar_sigma1.25_weak_sparse_a2.0,76,76,ar,100,500,1.25,3.0,weak_sparse,2.0,10,3,1.0,0.8450879387313912,cocolasso_max,reweighted_max,3.527144978646575,1.196979548308491,2.224538736221384,0.5721350038843718,14.85302113497164,394.8902559250128,2.3301654303380843,1.6524037323370124,-380.03723479004117,0.0376130352980706,high,weak α=2.0 (99% in first 3)
ar_sigma1.25_weak_sparse_a2.0,77,77,ar,100,500,1.25,3.0,weak_sparse,2.0,10,3,1.0,0.8450879387313912,cocolasso_max,reweighted_max,6.148420691247739,5.168998641674022,4.50901495801543,3.751664145013117,14.802108315983787,292.2002079109661,0.9794220495737171,0.7573508130023132,-277.39809959498234,0.0506574188355609,high,weak α=2.0 (99% in first 3)
ar_sigma1.25_weak_sparse_a2.0,78,78,ar,100,500,1.25,3.0,weak_sparse,2.0,10,3,1.0,0.8450879387313912,cocolasso_max,reweighted_max,7.655488986752732,7.184660297559435,5.958577561873812,5.682222080748493,14.86534419003874,290.09681504406035,0.4708286891932971,0.2763554811253197,-275.2314708540216,0.05124270043358101,high,weak α=2.0 (99% in first 3)
ar_sigma1.25_weak_sparse_a2.0,79,79,ar,100,500,1.25,3.0,weak_sparse,2.0,10,3,1.0,0.8450879387313912,cocolasso_max,reweighted_max,7.1824493682041854,6.333320629713512,5.375258379945849,4.70374915192033,14.854568936978469,280.9488572431728,0.8491287384906734,0.6715092280255188,-266.09428830619436,0.05287285765366622,high,weak α=2.0 (99% in first 3)
ar_sigma1.25_weak_sparse_a2.0,80,80,ar,100,500,1.25,3.0,weak_sparse,2.0,10,3,1.0,0.8450879387313912,cocolasso_max,reweighted_max,4.406831850353869,2.743855282797916,3.00657523738653,1.807946735291495,14.818807997973636,334.0563430679031,1.6629765675559525,1.1986285020950351,-319.23753506992944,0.04436020541289779,high,weak α=2.0 (99% in first 3)
ar_sigma1.25_weak_sparse_a2.0,81,81,ar,100,500,1.25,3.0,weak_sparse,2.0,10,3,1.0,0.8450879387313912,cocolasso_max,reweighted_max,7.902348547302759,7.504974548299473,6.040600442033526,5.754141736194756,14.90133474394679,359.87447793083265,0.3973739990032854,0.2864587058387693,-344.97314318688586,0.04140703400147983,high,weak α=2.0 (99% in first 3)
ar_sigma1.25_weak_sparse_a2.0,82,82,ar,100,500,1.25,3.0,weak_sparse,2.0,10,3,1.0,0.8450879387313912,cocolasso_max,reweighted_max,7.389952221601081,6.525164254109646,5.535770616756838,4.800875435182288,14.835776229039766,356.89020648994483,0.8647879674914343,0.7348951815745499,-342.05443026090506,0.041569580670064575,high,weak α=2.0 (99% in first 3)
ar_sigma1.25_weak_sparse_a2.0,83,83,ar,100,500,1.25,3.0,weak_sparse,2.0,10,3,1.0,0.8450879387313912,cocolasso_max,reweighted_max,8.130247041828193,7.695868068765566,6.230936795889249,5.90888351579164,14.785753189004026,291.78204056294635,0.4343789730626275,0.3220532800976095,-276.9962873739423,0.050673965952384534,high,weak α=2.0 (99% in first 3)
ar_sigma1.25_weak_sparse_a2.0,84,84,ar,100,500,1.25,3.0,weak_sparse,2.0,10,3,1.0,0.8450879387313912,cocolasso_max,reweighted_max,7.167559031616673,6.4201285434751245,5.424876025340611,4.838367413594501,14.865441243047826,267.227119642077,0.7474304881415481,0.58650861174611,-252.3616783990292,0.05562849033795126,high,weak α=2.0 (99% in first 3)
ar_sigma1.25_weak_sparse_a2.0,85,85,ar,100,500,1.25,3.0,weak_sparse,2.0,10,3,1.0,0.8450879387313912,cocolasso_max,reweighted_max,8.610866907750264,8.046896836225475,6.674846348531571,6.240080816099257,14.881101234001108,301.8779414650053,0.5639700715247891,0.43476553243231386,-286.99684023100417,0.049295093115394706,high,weak α=2.0 (99% in first 3)
ar_sigma1.25_weak_sparse_a2.0,86,86,ar,100,500,1.25,3.0,weak_sparse,2.0,10,3,1.0,0.8450879387313912,cocolasso_max,reweighted_max,5.331000253542626,4.684029891755487,3.787754146045828,3.292107477821744,14.700326542020775,320.9618932970334,0.6469703617871394,0.4956466682240839,-306.2615667550126,0.045800846919906456,high,weak α=2.0 (99% in first 3)
ar_sigma1.25_weak_sparse_a2.0,87,87,ar,100,500,1.25,3.0,weak_sparse,2.0,10,3,1.0,0.8450879387313912,cocolasso_max,reweighted_max,5.881298415025113,3.79945896835677,4.229993267458016,2.481421753217899,14.786067929002456,294.91590009909123,2.081839446668343,1.7485715142401173,-280.1298321700888,0.050136557316965154,high,weak α=2.0 (99% in first 3)
ar_sigma1.25_weak_sparse_a2.0,88,88,ar,100,500,1.25,3.0,weak_sparse,2.0,10,3,1.0,0.8450879387313912,cocolasso_max,reweighted_max,10.123492137630498,10.975605784563763,7.953006022116845,8.739980522134612,14.805499279987998,260.3130227129441,-0.8521136469332653,-0.7869745000177675,-245.50752343295608,0.056875753374484535,high,weak α=2.0 (99% in first 3)
ar_sigma1.25_weak_sparse_a2.0,89,89,ar,100,500,1.25,3.0,weak_sparse,2.0,10,3,1.0,0.8450879387313912,cocolasso_max,reweighted_max,5.306980992015043,4.318558268472327,3.733291426695849,2.960506642373873,14.696839337004349,312.09961648704484,0.9884227235427154,0.772784784321976,-297.4027771500405,0.04709021914999505,high,weak α=2.0 (99% in first 3)
ar_sigma1.25_weak_sparse_a2.0,90,90,ar,100,500,1.25,3.0,weak_sparse,2.0,10,3,1.0,0.8450879387313912,cocolasso_max,reweighted_max,8.373619702023522,8.576934567017542,6.476475763629517,6.7519390844098055,14.784018197911792,288.7781987208873,-0.20331486499402018,-0.2754633207802888,-273.9941805229755,0.05119506342028604,high,weak α=2.0 (99% in first 3)
ar_sigma1.25_weak_sparse_a2.0,91,91,ar,100,500,1.25,3.0,weak_sparse,2.0,10,3,1.0,0.8450879387313912,cocolasso_max,reweighted_max,7.7425012735877585,7.345721591574546,5.88914314038002,5.57645011204961,14.751745283952914,233.91993249906227,0.39677968201321256,0.31269302833041035,-219.16818721510936,0.06306322478103507,high,weak α=2.0 (99% in first 3)
ar_sigma1.25_weak_sparse_a2.0,92,92,ar,100,500,1.25,3.0,weak_sparse,2.0,10,3,1.0,0.8450879387313912,cocolasso_max,reweighted_max,7.4820515566067645,6.870822372079227,5.657166212391116,5.18874841002184,14.762496011098849,243.50368972704743,0.611229184527537,0.46841780236927644,-228.74119371594858,0.06062534833721285,high,weak α=2.0 (99% in first 3)
ar_sigma1.25_weak_sparse_a2.0,93,93,ar,100,500,1.25,3.0,weak_sparse,2.0,10,3,1.0,0.8450879387313912,cocolasso_max,reweighted_max,6.665260624164738,5.965728814507455,4.915390285987256,4.33872405408525,14.721778537961654,266.5050867118407,0.6995318096572829,0.5766662319020055,-251.78330817387905,0.05524014089036738,high,weak α=2.0 (99% in first 3)
ar_sigma1.25_weak_sparse_a2.0,94,94,ar,100,500,1.25,3.0,weak_sparse,2.0,10,3,1.0,0.8450879387313912,cocolasso_max,reweighted_max,8.401697058368757,7.715058301511975,6.388892983747276,5.908344919787381,14.739319114014506,224.4995329959784,0.686638756856782,0.4805480639598949,-209.7602138819639,0.06565411926392979,high,weak α=2.0 (99% in first 3)
ar_sigma1.25_weak_sparse_a2.0,95,95,ar,100,500,1.25,3.0,weak_sparse,2.0,10,3,1.0,0.8450879387313912,cocolasso_max,reweighted_max,5.618879159975747,4.674426854634507,4.01247581375526,3.2707906598808387,14.769439173978752,263.99668799713254,0.9444523053412404,0.7416851538744211,-249.2272488231538,0.05594554721890743,high,weak α=2.0 (99% in first 3)
ar_sigma1.25_weak_sparse_a2.0,96,96,ar,100,500,1.25,3.0,weak_sparse,2.0,10,3,1.0,0.8450879387313912,cocolasso_max,reweighted_max,4.998767239488552,4.011877560973948,3.4798721578315863,2.70906807445605,14.686988344066776,257.861977905035,0.9868896785146033,0.7708040833755363,-243.17498956096824,0.0569567815441006,high,weak α=2.0 (99% in first 3)
ar_sigma1.25_weak_sparse_a2.0,97,97,ar,100,500,1.25,3.0,weak_sparse,2.0,10,3,1.0,0.8450879387313912,cocolasso_max,reweighted_max,7.950254093988582,7.561972753365695,6.058718727460981,5.8022380965104015,14.699941940023564,264.41305510210805,0.3882813406228873,0.2564806309505796,-249.71311316208448,0.055594614775533326,high,weak α=2.0 (99% in first 3)
ar_sigma1.25_weak_sparse_a2.0,98,98,ar,100,500,1.25,3.0,weak_sparse,2.0,10,3,1.0,0.8450879387313912,cocolasso_max,reweighted_max,6.505224164512433,5.710510930890515,4.755178970773861,4.107018605409419,14.805868645082228,218.862970543094,0.794713233621918,0.6481603653644425,-204.05710189801178,0.06764903450018266,high,weak α=2.0 (99% in first 3)
ar_sigma1.25_weak_sparse_a2.0,99,99,ar,100,500,1.25,3.0,weak_sparse,2.0,10,3,1.0,0.8450879387313912,cocolasso_max,reweighted_max,6.886344945111258,6.675326202682656,5.134206631235235,5.09134396313963,14.867360336938871,197.5892322070431,0.2110187424286023,0.04286266809560502,-182.72187187010422,0.07524377806863568,high,weak α=2.0 (99% in first 3)
cs_sigma0.75_datta_zhang,0,0,cs,100,500,0.75,3.0,datta_zhang,1.0,10,3,1.0,3.1944444444444446,cocolasso_max,reweighted_max,10.51885311386977,9.61346280821368,6.041629315169413,5.285424840527431,17.112053247983567,218.91354146698723,0.9053903056560912,0.756204474641982,-201.80148821900366,0.07816808925255139,low,datta_zhang (exactly 3-sparse)
cs_sigma0.75_datta_zhang,1,1,cs,100,500,0.75,3.0,datta_zhang,1.0,10,3,1.0,3.1944444444444446,cocolasso_max,reweighted_max,6.751150609196195,4.917052579544095,4.577273017906812,3.2961343097436866,17.189683050033636,236.81948356202335,1.8340980296520994,1.2811387081631254,-219.6298005119897,0.07258559469635713,low,datta_zhang (exactly 3-sparse)
cs_sigma0.75_datta_zhang,2,2,cs,100,500,0.75,3.0,datta_zhang,1.0,10,3,1.0,3.1944444444444446,cocolasso_max,reweighted_max,16.764430259812322,17.851056143811032,11.320132521132178,11.37348302628336,16.491596651962027,235.11363332899052,-1.0866258839987104,-0.05335050515118134,-218.6220366770285,0.07014308961354707,low,datta_zhang (exactly 3-sparse)
cs_sigma0.75_datta_zhang,3,3,cs,100,500,0.75,3.0,datta_zhang,1.0,10,3,1.0,3.1944444444444446,cocolasso_max,reweighted_max,7.780974548542519,6.677119767645581,4.283137742784273,3.5604851236937063,16.533525931008626,200.63064746395685,1.1038547808969374,0.7226526190905669,-184.09712153294822,0.08240777837283739,low,datta_zhang (exactly 3-sparse)
cs_sigma0.75_datta_zhang,4,4,cs,100,500,0.75,3.0,datta_zhang,1.0,10,3,1.0,3.1944444444444446,cocolasso_max,reweighted_max,11.838371090445223,10.920542057773986,6.678779583686909,6.102913989541337,16.469283600978088,238.1336654589977,0.9178290326712375,0.5758655941455721,-221.66438185801962,0.06915982907848785,low,datta_zhang (exactly 3-sparse)
cs_sigma0.75_datta_zhang,5,5,cs,100,500,0.75,3.0,datta_zhang,1.0,10,3,1.0,3.1944444444444446,cocolasso_max,reweighted_max,9.241243758562671,8.566204673509656,4.926240041343062,4.463888320734418,16.566881011007354,222.2821848030435,0.6750390850530152,0.4623517206086438,-205.71530379203614,0.07453085376899049,low,datta_zhang (exactly 3-sparse)
cs_sigma0.75_datta_zhang,6,6,cs,100,500,0.75,3.0,datta_zhang,1.0,10,3,1.0,3.1944444444444446,cocolasso_max,reweighted_max,5.392017643163945,3.312028031372152,3.14242668353055,1.8849419363866675,16.546610025980044,201.5592664720025,2.079989611791793,1.2574847471438824,-185.01265644602245,0.08209302561774526,low,datta_zhang (exactly 3-sparse)
cs_sigma0.75_datta_zhang,7,7,cs,100,500,0.75,3.0,datta_zhang,1.0,10,3,1.0,3.1944444444444446,cocolasso_max,reweighted_max,11.632313287360745,11.075458395204636,7.087034098183865,6.484493080358452,17.543279881007038,244.7599203689606,0.5568548921561085,0.6025410178254127,-227.21664048795355,0.0716754599959079,low,datta_zhang (exactly 3-sparse)
cs_sigma0.75_datta_zhang,8,8,cs,100,500,0.75,3.0,datta_zhang,1.0,10,3,1.0,3.1944444444444446,cocolasso_max,reweighted_max,11.581268956580905,11.13663027686755,6.972761300250095,6.5304632835350125,17.515457689994946,247.3627139290329,0.44463867971335524,0.44229801671508273,-229.84725623903796,0.07080880303981481,low,datta_zhang (exactly 3-sparse)
cs_sigma0.75_datta_zhang,9,9,cs,100,500,0.75,3.0,datta_zhang,1.0,10,3,1.0,3.1944444444444446,cocolasso_max,reweighted_max,8.273472938544414,7.494753984424904,5.127727565503679,4.552130557859428,17.37892563600326,281.5068595109624,0.7787189541195101,0.5755970076442507,-264.1279338749591,0.06173535403788799,low,datta_zhang (exactly 3-sparse)
cs_sigma0.75_datta_zhang,10,10,cs,100,500,0.75,3.0,datta_zhang,1.0,10,3,1.0,3.1944444444444446,cocolasso_max,reweighted_max,9.594306138040269,9.220206963893007,4.92675850110235,4.674023341257491,17.739684280997608,299.8746030040202,0.37409917414726124,0.2527351598448595,-282.13491872302257,0.05915700797362885,low,datta_zhang (exactly 3-sparse)
cs_sigma0.75_datta_zhang,11,11,cs,100,500,0.75,3.0,datta_zhang,1.0,10,3,1.0,3.1944444444444446,cocolasso_max,reweighted_max,11.160000737821177,10.22921289453398,6.139701830976595,5.571911262614773,18.105139296967536,242.2944092139951,0.930787843287197,0.5677905683618221,-224.18926991702756,0.07472371878369272,low,datta_zhang (exactly 3-sparse)
cs_sigma0.75_datta_zhang,12,12,cs,100,500,0.75,3.0,datta_zhang,1.0,10,3,1.0,3.1944444444444446,cocolasso_max,reweighted_max,11.164073046010826,10.255480569305064,5.906776151906927,5.383626839462521,18.382639320974704,253.35276167700067,0.9085924767057616,0.5231493124444055,-234.97012235602597,0.07255748545741421,low,datta_zhang (exactly 3-sparse)
cs_sigma0.75_datta_zhang,13,13,cs,100,500,0.75,3.0,datta_zhang,1.0,10,3,1.0,3.1944444444444446,cocolasso_max,reweighted_max,13.250748689303812,12.687259304144304,8.274503577963786,7.594494466524446,17.908260994998273,272.25536886102054,0.5634893851595084,0.6800091114393405,-254.34710786602227,0.06577743928399805,low,datta_zhang (exactly 3-sparse)
cs_sigma0.75_datta_zhang,14,14,cs,100,500,0.75,3.0,datta_zhang,1.0,10,3,1.0,3.1944444444444446,cocolasso_max,reweighted_max,10.867906916312984,10.247433337353666,6.167283019370736,5.635757645387078,16.45275130297523,268.1803634800017,0.6204735789593183,0.5315253739836585,-251.72761217702646,0.06134957492591406,low,datta_zhang (exactly 3-sparse)
cs_sigma0.75_datta_zhang,15,15,cs,100,500,0.75,3.0,datta_zhang,1.0,10,3,1.0,3.1944444444444446,cocolasso_max,reweighted_max,10.57450368995938,10.706850816257552,6.614501032957127,6.339374713935854,16.50075837795157,284.74562122498173,-0.13234712629817125,0.2751263190212736,-268.24486284703016,0.05794912071681719,low,datta_zhang (exactly 3-sparse)
cs_sigma0.75_datta_zhang,16,16,cs,100,500,0.75,3.0,datta_zhang,1.0,10,3,1.0,3.1944444444444446,cocolasso_max,reweighted_max,8.234282070486412,6.379560425489078,4.653803942876824,3.5268943921066627,16.529847208003048,267.1001732390141,1.8547216449973334,1.126909550770161,-250.57032603101106,0.06188632155326737,low,datta_zhang (exactly 3-sparse)
cs_sigma0.75_datta_zhang,17,17,cs,100,500,0.75,3.0,datta_zhang,1.0,10,3,1.0,3.1944444444444446,cocolasso_max,reweighted_max,10.586789124665035,9.486425681935234,5.532136121169994,4.841189893283272,16.29467744199792,251.66205227799944,1.100363442729801,0.6909462278867222,-235.36737483600152,0.06474824986326481,low,datta_zhang (exactly 3-sparse)
cs_sigma0.75_datta_zhang,18,18,cs,100,500,0.75,3.0,datta_zhang,1.0,10,3,1.0,3.1944444444444446,cocolasso_max,reweighted_max,12.783049431228791,12.979018218995874,6.52022609735707,6.529086966183727,16.557585995004047,238.69119277299612,-0.19596878776708238,-0.008860868826657153,-222.13360677799207,0.06936823182559108,low,datta_zhang (exactly 3-sparse)
cs_sigma0.75_datta_zhang,19,19,cs,100,500,0.75,3.0,datta_zhang,1.0,10,3,1.0,3.1944444444444446,cocolasso_max,reweighted_max,7.400896493050973,5.869954703043481,4.257143364300613,3.1115138689602087,16.739905504975468,241.6249435810023,1.5309417900074918,1.1456294953404043,-224.88503807602683,0.06928053559736719,low,datta_zhang (exactly 3-sparse)
cs_sigma0.75_datta_zhang,20,20,cs,100,500,0.75,3.0,datta_zhang,1.0,10,3,1.0,3.1944444444444446,cocolasso_max,reweighted_max,17.534080861702986,18.38453177383936,9.720663342062432,9.880204882408169,16.831385694036726,234.07654718798585,-0.8504509121363739,-0.15954154034573698,-217.24516149394913,0.07190547663247747,low,datta_zhang (exactly 3-sparse)
cs_sigma0.75_datta_zhang,21,21,cs,100,500,0.75,3.0,datta_zhang,1.0,10,3,1.0,3.1944444444444446,cocolasso_max,reweighted_max,9.355550431889178,9.188035148338988,4.818484741800988,4.638840927635789,17.658119385014288,235.92626922298223,0.1675152835501894,0.1796438141651997,-218.26814983796794,0.0748459230215054,low,datta_zhang (exactly 3-sparse)
cs_sigma0.75_datta_zhang,22,22,cs,100,500,0.75,3.0,datta_zhang,1.0,10,3,1.0,3.1944444444444446,cocolasso_max,reweighted_max,8.178875783022296,6.503317334303435,6.876890193540816,5.465512494351401,17.104509152006358,212.46403108001687,1.6755584487188608,1.4113776991894147,-195.3595219280105,0.08050543456724948,low,datta_zhang (exactly 3-sparse)
cs_sigma0.75_datta_zhang,23,23,cs,100,500,0.75,3.0,datta_zhang,1.0,10,3,1.0,3.1944444444444446,cocolasso_max,reweighted_max,7.522944718061377,7.170937484441788,3.7978968451847055,3.586959114381996,17.64049567701295,216.9492850949755,0.35200723361958897,0.2109377308027094,-199.30878941796254,0.08131161008108573,low,datta_zhang (exactly 3-sparse)
cs_sigma0.75_datta_zhang,24,24,cs,100,500,0.75,3.0,datta_zhang,1.0,10,3,1.0,3.1944444444444446,cocolasso_max,reweighted_max,11.01596001745939,9.80530311601654,6.695527450113202,5.725697596667598,17.530936310009565,211.59851244097808,1.2106569014428494,0.9698298534456038,-194.06757613096852,0.08284999789353212,low,datta_zhang (exactly 3-sparse)
cs_sigma0.75_datta_zhang,25,25,cs,100,500,0.75,3.0,datta_zhang,1.0,10,3,1.0,3.1944444444444446,cocolasso_max,reweighted_max,7.682815040741205,6.252237558417646,4.399156471571789,3.5667100571517008,18.03376181703061,177.6450277909753,1.4305774823235584,0.8324464144200885,-159.61126597394468,0.10151571390025001,low,datta_zhang (exactly 3-sparse)
cs_sigma0.75_datta_zhang,26,26,cs,100,500,0.75,3.0,datta_zhang,1.0,10,3,1.0,3.1944444444444446,cocolasso_max,reweighted_max,8.130347688727635,7.418905329937988,4.203621121736632,3.7856028387894702,20.236646306992043,180.84566999098752,0.7114423587896477,0.41801828294716215,-160.60902368399547,0.11190008756084976,low,datta_zhang (exactly 3-sparse)
cs_sigma0.75_datta_zhang,27,27,cs,100,500,0.75,3.0,datta_zhang,1.0,10,3,1.0,3.1944444444444446,cocolasso_max,reweighted_max,6.158303009841253,4.9556296411345935,3.3151686879708904,2.566539913093092,19.133336937986314,192.3389055079897,1.2026733687066598,0.7486287748777984,-173.20556857000338,0.09947720606734721,low,datta_zhang (exactly 3-sparse)
cs_sigma0.75_datta_zhang,28,28,cs,100,500,0.75,3.0,datta_zhang,1.0,10,3,1.0,3.1944444444444446,cocolasso_max,reweighted_max,8.06125625195435,7.012099808110941,4.86978152032667,4.170424325895466,17.246378718002234,161.87227789696772,1.0491564438434082,0.6993571944312045,-144.62589917896548,0.10654312734747338,low,datta_zhang (exactly 3-sparse)
cs_sigma0.75_datta_zhang,29,29,cs,100,500,0.75,3.0,datta_zhang,1.0,10,3,1.0,3.1944444444444446,cocolasso_max,reweighted_max,11.38634407042258,10.891881627121734,7.419292573381545,6.783501027135577,16.40186676196754,160.2062548599788,0.4944624433008453,0.6357915462459687,-143.80438809801126,0.10237969033295777,low,datta_zhang (exactly 3-sparse)
cs_sigma0.75_datta_zhang,30,30,cs,100,500,0.75,3.0,datta_zhang,1.0,10,3,1.0,3.1944444444444446,cocolasso_max,reweighted_max,17.311263407741997,18.44542222964666,9.147368839848694,9.576011569426134,16.700074647029396,169.3887471209746,-1.1341588219046628,-0.4286427295774402,-152.68867247394522,0.09859022473967814,low,datta_zhang (exactly 3-sparse)
cs_sigma0.75_datta_zhang,31,31,cs,100,500,0.75,3.0,datta_zhang,1.0,10,3,1.0,3.1944444444444446,cocolasso_max,reweighted_max,10.827811138998577,11.045963475688364,5.418473501546259,5.622154233104098,16.787427164032124,172.38042638503248,-0.21815233668978706,-0.2036807315578386,-155.59299922100035,0.09738592435393668,low,datta_zhang (exactly 3-sparse)
cs_sigma0.75_datta_zhang,32,32,cs,100,500,0.75,3.0,datta_zhang,1.0,10,3,1.0,3.1944444444444446,cocolasso_max,reweighted_max,12.897288060402904,12.644929004500916,7.029264680880916,6.69630380361011,16.964805604016874,185.6755439480185,0.25235905590198726,0.33296087727080526,-168.7107383440016,0.09136801348898335,low,datta_zhang (exactly 3-sparse)
cs_sigma0.75_datta_zhang,33,33,cs,100,500,0.75,3.0,datta_zhang,1.0,10,3,1.0,3.1944444444444446,cocolasso_max,reweighted_max,11.277178299928082,11.045888725188128,5.904100515112315,5.690410789857908,16.78525381302461,170.82567303796532,0.2312895747399537,0.21368972525440721,-154.0404192249407,0.09825955030362535,low,datta_zhang (exactly 3-sparse)
cs_sigma0.75_datta_zhang,34,34,cs,100,500,0.75,3.0,datta_zhang,1.0,10,3,1.0,3.1944444444444446,cocolasso_max,reweighted_max,9.311948878945955,8.187966257529943,5.174586168020818,4.5299430416555735,17.411693740985356,174.574095517979,1.1239826214160118,0.6446431263652448,-157.16240177699365,0.09973812947060158,low,datta_zhang (exactly 3-sparse)
cs_sigma0.75_datta_zhang,35,35,cs,100,500,0.75,3.0,datta_zhang,1.0,10,3,1.0,3.1944444444444446,cocolasso_max,reweighted_max,11.639544723999483,11.481834532334164,6.894004977377391,6.610618873347743,17.445190001977608,173.79213087598328,0.15771019166531985,0.28338610402964814,-156.34694087400567,0.10037963119530631,low,datta_zhang (exactly 3-sparse)
cs_sigma0.75_datta_zhang,36,36,cs,100,500,0.75,3.0,datta_zhang,1.0,10,3,1.0,3.1944444444444446,cocolasso_max,reweighted_max,13.68421738208887,14.321866673636496,7.243856659328312,7.39444425245385,16.266754450974986,168.11865754902828,-0.6376492915476266,-0.15058759312553782,-151.8519030980533,0.09675757996242106,low,datta_zhang (exactly 3-sparse)
cs_sigma0.75_datta_zhang,37,37,cs,100,500,0.75,3.0,datta_zhang,1.0,10,3,1.0,3.1944444444444446,cocolasso_max,reweighted_max,9.349206141408716,7.867417929240626,5.578755085616602,4.527003467261888,16.726368762960192,161.25919167901156,1.48178821216809,1.0517516183547135,-144.53282291605137,0.1037235061692126,low,datta_zhang (exactly 3-sparse)
cs_sigma0.75_datta_zhang,38,38,cs,100,500,0.75,3.0,datta_zhang,1.0,10,3,1.0,3.1944444444444446,cocolasso_max,reweighted_max,9.92057129510298,8.140534330438763,5.736796652237596,4.552334193376902,17.111314216977917,161.83974218805088,1.780036964664216,1.1844624588606942,-144.72842797107296,0.10572998934399747,low,datta_zhang (exactly 3-sparse)
cs_sigma0.75_datta_zhang,39,39,cs,100,500,0.75,3.0,datta_zhang,1.0,10,3,1.0,3.1944444444444446,cocolasso_max,reweighted_max,7.654023891209952,5.666872998761052,5.346422395838493,3.832880968511217,17.50215766998008,191.56497566500911,1.9871508924488994,1.5135414273272763,-174.06281799502904,0.09136407952039319,low,datta_zhang (exactly 3-sparse)
cs_sigma0.75_datta_zhang,40,40,cs,100,500,0.75,3.0,datta_zhang,1.0,10,3,1.0,3.1944444444444446,cocolasso_max,reweighted_max,8.30948208183018,6.870515995590409,5.373629660652682,4.2992804930776805,17.609647160978056,176.58340860099997,1.4389660862397697,1.0743491675750017,-158.97376144002192,0.09972424533251611,low,datta_zhang (exactly 3-sparse)
cs_sigma0.75_datta_zhang,41,41,cs,100,500,0.75,3.0,datta_zhang,1.0,10,3,1.0,3.1944444444444446,cocolasso_max,reweighted_max,9.698733478479236,7.937122913364268,7.077060338750735,5.898986346442385,17.09500561602181,161.92620193003677,1.7616105651149674,1.1780739923083505,-144.83119631401496,0.10557281905128624,low,datta_zhang (exactly 3-sparse)
cs_sigma0.75_datta_zhang,42,42,cs,100,500,0.75,3.0,datta_zhang,1.0,10,3,1.0,3.1944444444444446,cocolasso_max,reweighted_max,15.490110355026763,16.110517555785055,8.799605731374362,8.886945145279352,17.935686004988384,147.81092668604106,-0.6204072007582919,-0.08733941390499034,-129.87524068105267,0.12134208483169052,low,datta_zhang (exactly 3-sparse)
cs_sigma0.75_datta_zhang,43,43,cs,100,500,0.75,3.0,datta_zhang,1.0,10,3,1.0,3.1944444444444446,cocolasso_max,reweighted_max,6.601321622447833,4.696439297238773,3.551551801827436,2.463180628959862,17.702797081961762,192.9306929350132,1.9048823252090603,1.088371172867574,-175.22789585305145,0.09175728761791559,low,datta_zhang (exactly 3-sparse)
cs_sigma0.75_datta_zhang,44,44,cs,100,500,0.75,3.0,datta_zhang,1.0,10,3,1.0,3.1944444444444446,cocolasso_max,reweighted_max,6.113318960139665,5.038492748241657,4.24746582411159,3.526497898522824,17.395640125032514,209.45576876500851,1.0748262118980083,0.7209679255887655,-192.060128639976,0.08305161623191643,low,datta_zhang (exactly 3-sparse)
cs_sigma0.75_datta_zhang,45,45,cs,100,500,0.75,3.0,datta_zhang,1.0,10,3,1.0,3.1944444444444446,cocolasso_max,reweighted_max,14.76603321324973,15.553205494540578,8.397831336079625,8.485500729357332,17.445376351010054,154.1620816750219,-0.7871722812908484,-0.08766939327770729,-136.71670532401185,0.11316256346217099,low,datta_zhang (exactly 3-sparse)
cs_sigma0.75_datta_zhang,46,46,cs,100,500,0.75,3.0,datta_zhang,1.0,10,3,1.0,3.1944444444444446,cocolasso_max,reweighted_max,3.5115873131514075,2.930549186346564,1.9123244534138395,1.5474193836463903,16.728393666970078,195.1134123440133,0.5810381268048435,0.3649050697674492,-178.38501867704323,0.08573676953317534,low,datta_zhang (exactly 3-sparse)
cs_sigma0.75_datta_zhang,47,47,cs,100,500,0.75,3.0,datta_zhang,1.0,10,3,1.0,3.1944444444444446,cocolasso_max,reweighted_max,11.639433269211274,11.551370902037393,6.867193548598022,6.652909321165616,17.445047375978902,195.57418080599743,0.08806236717388138,0.2142842274324055,-178.12913343001853,0.08919913305572663,low,datta_zhang (exactly 3-sparse)
cs_sigma0.75_datta_zhang,48,48,cs,100,500,0.75,3.0,datta_zhang,1.0,10,3,1.0,3.1944444444444446,cocolasso_max,reweighted_max,10.599938139989044,9.411306935874826,6.453634438854294,5.649354793214982,17.134519182960503,166.17445305298315,1.188631204114218,0.804279645639312,-149.03993387002265,0.10311163279410539,low,datta_zhang (exactly 3-sparse)
cs_sigma0.75_datta_zhang,49,49,cs,100,500,0.75,3.0,datta_zhang,1.0,10,3,1.0,3.1944444444444446,cocolasso_max,reweighted_max,9.67513977188394,8.686168584512856,5.212432291243737,4.615273801847622,17.046861845999956,195.08259290101705,0.9889711873710834,0.597158489396115,-178.0357310550171,0.08738279306472702,low,datta_zhang (exactly 3-sparse)
cs_sigma0.75_datta_zhang,50,50,cs,100,500,0.75,3.0,datta_zhang,1.0,10,3,1.0,3.1944444444444446,cocolasso_max,reweighted_max,10.471420550043618,9.230454167934996,6.297211120027886,5.404053625883471,16.98726452497067,212.67593079298967,1.2409663821086223,0.8931574941444156,-195.688666268019,0.07987393995000497,low,datta_zhang (exactly 3-sparse)
cs_sigma0.75_datta_zhang,51,51,cs,100,500,0.75,3.0,datta_zhang,1.0,10,3,1.0,3.1944444444444446,cocolasso_max,reweighted_max,9.500038502374366,8.303759495978994,5.524563318249244,4.6470959890402295,17.3615145169897,214.6541865229956,1.1962790063953719,0.8774673292090149,-197.2926720060059,0.08088132264371087,low,datta_zhang (exactly 3-sparse)
cs_sigma0.75_datta_zhang,52,52,cs,100,500,0.75,3.0,datta_zhang,1.0,10,3,1.0,3.1944444444444446,cocolasso_max,reweighted_max,14.307048139507836,14.036237522721244,9.309439012531652,8.832469344755323,16.91036371595692,199.82525195699415,0.27081061678659246,0.4769696677763289,-182.91488824103723,0.08462575950909508,low,datta_zhang (exactly 3-sparse)
cs_sigma0.75_datta_zhang,53,53,cs,100,500,0.75,3.0,datta_zhang,1.0,10,3,1.0,3.1944444444444446,cocolasso_max,reweighted_max,9.20945364399733,7.075230594909784,4.953106396828241,3.625387757371312,17.448425628012046,218.7283811860252,2.134223049087546,1.3277186394569296,-201.27995555801314,0.07977211522985864,low,datta_zhang (exactly 3-sparse)
cs_sigma0.75_datta_zhang,54,54,cs,100,500,0.75,3.0,datta_zhang,1.0,10,3,1.0,3.1944444444444446,cocolasso_max,reweighted_max,8.891845909413703,8.102601788501023,5.683265649274967,4.989716587259203,16.95387629402103,214.9729079790413,0.7892441209126808,0.693549062015764,-198.01903168502028,0.07886517633037712,low,datta_zhang (exactly 3-sparse)
cs_sigma0.75_datta_zhang,55,55,cs,100,500,0.75,3.0,datta_zhang,1.0,10,3,1.0,3.1944444444444446,cocolasso_max,reweighted_max,14.723103675450666,15.835852737146755,7.426554615005008,7.954551780437628,17.400498441944364,199.59749674395425,-1.1127490616960891,-0.5279971654326197,-182.1969983020099,0.08717793923170242,low,datta_zhang (exactly 3-sparse)
cs_sigma0.75_datta_zhang,56,56,cs,100,500,0.75,3.0,datta_zhang,1.0,10,3,1.0,3.1944444444444446,cocolasso_max,reweighted_max,8.151331429520667,6.587120232272,4.9318441652041685,3.795951988219736,17.766620545997284,200.3013638300472,1.5642111972486665,1.1358921769844326,-182.5347432840499,0.08869944870206678,low,datta_zhang (exactly 3-sparse)
cs_sigma0.75_datta_zhang,57,57,cs,100,500,0.75,3.0,datta_zhang,1.0,10,3,1.0,3.1944444444444446,cocolasso_max,reweighted_max,14.7296476765977,17.061789229266143,8.053830513141891,9.079001537370363,16.721598340955097,220.98098402295727,-2.3321415526684426,-1.025171024228472,-204.25938568200218,0.07566985193267999,low,datta_zhang (exactly 3-sparse)
cs_sigma0.75_datta_zhang,58,58,cs,100,500,0.75,3.0,datta_zhang,1.0,10,3,1.0,3.1944444444444446,cocolasso_max,reweighted_max,11.43271325715321,11.180967055262498,6.56125279260835,6.195208359827701,17.093177640985232,218.73416242701933,0.25174620189071284,0.36604443278064913,-201.6409847860341,0.078145898433622,low,datta_zhang (exactly 3-sparse)
cs_sigma0.75_datta_zhang,59,59,cs,100,500,0.75,3.0,datta_zhang,1.0,10,3,1.0,3.1944444444444446,cocolasso_max,reweighted_max,8.079148064055024,6.919103468244867,5.818806549263663,4.807992499061719,17.044996079988778,281.8625051130075,1.1600445958101577,1.0108140502019447,-264.8175090330187,0.06047273323266216,low,datta_zhang (exactly 3-sparse)
cs_sigma0.75_datta_zhang,60,60,cs,100,500,0.75,3.0,datta_zhang,1.0,10,3,1.0,3.1944444444444446,cocolasso_max,reweighted_max,12.713610878874771,12.334327890309543,7.04508132600425,6.699357008351878,17.731685624981765,244.196956130967,0.3792829885652278,0.34572431765237166,-226.46527050598525,0.0726122303321093,low,datta_zhang (exactly 3-sparse)
cs_sigma0.75_datta_zhang,61,61,cs,100,500,0.75,3.0,datta_zhang,1.0,10,3,1.0,3.1944444444444446,cocolasso_max,reweighted_max,14.893152716157946,16.045073370391073,7.881382801002817,8.25243599698817,17.96573899500072,197.2436855720007,-1.1519206542331268,-0.37105319598535313,-179.27794657699997,0.09108397535211646,low,datta_zhang (exactly 3-sparse)
cs_sigma0.75_datta_zhang,62,62,cs,100,500,0.75,3.0,datta_zhang,1.0,10,3,1.0,3.1944444444444446,cocolasso_max,reweighted_max,8.43363261254297,7.214918632019701,4.734139952975041,3.879690231768486,18.07017589197494,205.62284231197555,1.218713980523269,0.8544497212065552,-187.5526664200006,0.08788019700923339,low,datta_zhang (exactly 3-sparse)
cs_sigma0.75_datta_zhang,63,63,cs,100,500,0.75,3.0,datta_zhang,1.0,10,3,1.0,3.1944444444444446,cocolasso_max,reweighted_max,12.076479182524247,11.269655698206478,6.216163010026889,5.672019737991025,19.19610554300016,190.1871045920416,0.8068234843177695,0.5441432720358641,-170.99099904904145,0.10093273980997039,low,datta_zhang (exactly 3-sparse)
cs_sigma0.75_datta_zhang,64,64,cs,100,500,0.75,3.0,datta_zhang,1.0,10,3,1.0,3.1944444444444446,cocolasso_max,reweighted_max,12.776463804068062,12.970160435849516,7.155499543008689,7.060054143994449,17.733916282013524,221.42735587997595,-0.1936966317814548,0.0954453990142401,-203.69343959796242,0.08008909383186666,low,datta_zhang (exactly 3-sparse)
cs_sigma0.75_datta_zhang,65,65,cs,100,500,0.75,3.0,datta_zhang,1.0,10,3,1.0,3.1944444444444446,cocolasso_max,reweighted_max,8.56557966959918,7.880132509296676,5.694482965933819,5.014706671949099,17.183220866019838,194.64287157100625,0.6854471603025036,0.6797762939847196,-177.45965070498642,0.08828076120810492,low,datta_zhang (exactly 3-sparse)
cs_sigma0.75_datta_zhang,66,66,cs,100,500,0.75,3.0,datta_zhang,1.0,10,3,1.0,3.1944444444444446,cocolasso_max,reweighted_max,11.213924063397222,10.92745309019574,6.6368339876526194,6.275512628260545,16.897305708029307,221.2407882449916,0.2864709732014816,0.36132135939207455,-204.34348253696228,0.07637518308476658,low,datta_zhang (exactly 3-sparse)
cs_sigma0.75_datta_zhang,67,67,cs,100,500,0.75,3.0,datta_zhang,1.0,10,3,1.0,3.1944444444444446,cocolasso_max,reweighted_max,16.113946694111288,17.083156234334563,10.0489817002275,10.155773268321576,16.61705287999939,204.0000897590071,-0.9692095402232752,-0.10679156809407608,-187.3830368790077,0.08145610572833441,low,datta_zhang (exactly 3-sparse)
cs_sigma0.75_datta_zhang,68,68,cs,100,500,0.75,3.0,datta_zhang,1.0,10,3,1.0,3.1944444444444446,cocolasso_max,reweighted_max,10.43100202072966,9.451909944690426,7.002223770973812,5.944734223352542,17.18103813700145,194.80523909500332,0.9790920760392332,1.0574895476212696,-177.62420095800186,0.08819597571820202,low,datta_zhang (exactly 3-sparse)
cs_sigma0.75_datta_zhang,69,69,cs,100,500,0.75,3.0,datta_zhang,1.0,10,3,1.0,3.1944444444444446,cocolasso_max,reweighted_max,9.47093554719216,9.032774751298472,5.525655116422481,4.958624674743127,16.506755512964446,206.0410228529945,0.4381607958936886,0.5670304416793543,-189.53426734003006,0.08011392723837152,low,datta_zhang (exactly 3-sparse)
cs_sigma0.75_datta_zhang,70,70,cs,100,500,0.75,3.0,datta_zhang,1.0,10,3,1.0,3.1944444444444446,cocolasso_max,reweighted_max,9.678675321370896,7.816919223078631,5.5513913921595535,4.320920202231172,16.966767148987856,200.83255155797812,1.8617560982922656,1.2304711899283811,-183.86578440899027,0.08448215698783142,low,datta_zhang (exactly 3-sparse)
cs_sigma0.75_datta_zhang,71,71,cs,100,500,0.75,3.0,datta_zhang,1.0,10,3,1.0,3.1944444444444446,cocolasso_max,reweighted_max,6.684636921111746,5.088364359080845,3.515346952301432,2.6228777665837626,17.412143699999433,207.16411033296023,1.5962725620309008,0.8924691857176694,-189.7519666329608,0.08405000109340428,low,datta_zhang (exactly 3-sparse)
cs_sigma0.75_datta_zhang,72,72,cs,100,500,0.75,3.0,datta_zhang,1.0,10,3,1.0,3.1944444444444446,cocolasso_max,reweighted_max,10.208286382143584,10.0701787878762,6.565358588910217,6.247313550121024,17.541542555962224,224.37501429003896,0.1381075942673835,0.3180450387891929,-206.83347173407674,0.07817957187196922,low,datta_zhang (exactly 3-sparse)
cs_sigma0.75_datta_zhang,73,73,cs,100,500,0.75,3.0,datta_zhang,1.0,10,3,1.0,3.1944444444444446,cocolasso_max,reweighted_max,10.564426111854736,8.80615063890428,6.764831753793889,5.549887098411728,18.5451515459572,192.1528282680083,1.7582754729504568,1.214944655382161,-173.6076767220511,0.09651250888741042,low,datta_zhang (exactly 3-sparse)
cs_sigma0.75_datta_zhang,74,74,cs,100,500,0.75,3.0,datta_zhang,1.0,10,3,1.0,3.1944444444444446,cocolasso_max,reweighted_max,4.7072515734789135,3.3723589298839407,3.212584416423522,2.1314519877174343,18.18873124901438,243.87807027995584,1.3348926435949728,1.0811324287060877,-225.68933903094145,0.07458124967175164,low,datta_zhang (exactly 3-sparse)
cs_sigma0.75_datta_zhang,75,75,cs,100,500,0.75,3.0,datta_zhang,1.0,10,3,1.0,3.1944444444444446,cocolasso_max,reweighted_max,10.04329363917349,8.748846383274602,5.177966894199435,4.4273148484110925,17.940834787033964,179.60766004095785,1.2944472558988878,0.7506520457883425,-161.6668252539239,0.0998890291368571,low,datta_zhang (exactly 3-sparse)
cs_sigma0.75_datta_zhang,76,76,cs,100,500,0.75,3.0,datta_zhang,1.0,10,3,1.0,3.1944444444444446,cocolasso_max,reweighted_max,6.614276045497077,5.1883118875761545,3.979004896516334,2.797975967085007,17.724680295039434,214.9756279910216,1.4259641579209221,1.181028929431327,-197.25094769598218,0.08244971981558626,low,datta_zhang (exactly 3-sparse)
cs_sigma0.75_datta_zhang,77,77,cs,100,500,0.75,3.0,datta_zhang,1.0,10,3,1.0,3.1944444444444446,cocolasso_max,reweighted_max,11.867978320261264,11.442157180256483,6.989849905021537,6.657189308899855,17.20087846700335,197.9493719259044,0.4258211400047802,0.3326605961216824,-180.74849345890104,0.08689534247899465,low,datta_zhang (exactly 3-sparse)
cs_sigma0.75_datta_zhang,78,78,cs,100,500,0.75,3.0,datta_zhang,1.0,10,3,1.0,3.1944444444444446,cocolasso_max,reweighted_max,9.64011650055651,8.59753773337807,6.6328393955368,5.807936405211843,16.972864599956665,201.30748253804632,1.0425787671784406,0.824902990324957,-184.33461793808965,0.08431313325250521,low,datta_zhang (exactly 3-sparse)
cs_sigma0.75_datta_zhang,79,79,cs,100,500,0.75,3.0,datta_zhang,1.0,10,3,1.0,3.1944444444444446,cocolasso_max,reweighted_max,9.938298221026049,9.115047669272087,6.058772063908283,5.4092086998717,17.13124705903465,182.83515182498377,0.8232505517539614,0.6495633640365837,-165.70390476594912,0.0936977757725346,low,datta_zhang (exactly 3-sparse)
cs_sigma0.75_datta_zhang,80,80,cs,100,500,0.75,3.0,datta_zhang,1.0,10,3,1.0,3.1944444444444446,cocolasso_max,reweighted_max,7.644078302975954,6.284021597978077,4.0786974579540045,3.2642521079640003,17.047114708984736,188.16377583902795,1.3600567049978771,0.8144453499900042,-171.1166611300432,0.09059721847614471,low,datta_zhang (exactly 3-sparse)
cs_sigma0.75_datta_zhang,81,81,cs,100,500,0.75,3.0,datta_zhang,1.0,10,3,1.0,3.1944444444444446,cocolasso_max,reweighted_max,9.50359178269308,8.432343424228506,5.822092476543619,5.063821272286592,16.76114974700613,178.90680209291168,1.0712483584645742,0.758271204257027,-162.14565234590555,0.0936864867681306,low,datta_zhang (exactly 3-sparse)
cs_sigma0.75_datta_zhang,82,82,cs,100,500,0.75,3.0,datta_zhang,1.0,10,3,1.0,3.1944444444444446,cocolasso_max,reweighted_max,9.959437165059246,9.195977569545164,7.638612731293698,6.843349466148781,17.14937453798484,193.90911037498157,0.7634595955140817,0.795263265144917,-176.75973583699673,0.08844027237720481,low,datta_zhang (exactly 3-sparse)
cs_sigma0.75_datta_zhang,83,83,cs,100,500,0.75,3.0,datta_zhang,1.0,10,3,1.0,3.1944444444444446,cocolasso_max,reweighted_max,8.205201273644853,6.986955186432213,4.584416620743815,3.783400880772685,16.967549421999138,196.3588078659959,1.2182460872126404,0.8010157399711297,-179.39125844399678,0.08641094130892543,low,datta_zhang (exactly 3-sparse)
cs_sigma0.75_datta_zhang,84,84,cs,100,500,0.75,3.0,datta_zhang,1.0,10,3,1.0,3.1944444444444446,cocolasso_max,reweighted_max,8.9957767133774,8.091281621115252,5.727870682696833,4.930932685895446,17.52101785800187,190.73433837294576,0.9044950922621471,0.796937996801387,-173.2133205149439,0.0918608469112822,low,datta_zhang (exactly 3-sparse)
cs_sigma0.75_datta_zhang,85,85,cs,100,500,0.75,3.0,datta_zhang,1.0,10,3,1.0,3.1944444444444446,cocolasso_max,reweighted_max,13.253166097963774,13.139291696415285,7.630081400050936,7.391581890245179,17.99526496999897,186.02403286390472,0.1138744015484896,0.23849950980575674,-168.02876789390575,0.09673623721062061,low,datta_zhang (exactly 3-sparse)
cs_sigma0.75_datta_zhang,86,86,cs,100,500,0.75,3.0,datta_zhang,1.0,10,3,1.0,3.1944444444444446,cocolasso_max,reweighted_max,9.244101924301836,8.734307556515802,5.783401889637927,5.437471131129792,18.75261801102897,167.54811602202244,0.5097943677860339,0.3459307585081355,-148.79549801099347,0.11192377721850442,low,datta_zhang (exactly 3-sparse)
cs_sigma0.75_datta_zhang,87,87,cs,100,500,0.75,3.0,datta_zhang,1.0,10,3,1.0,3.1944444444444446,cocolasso_max,reweighted_max,8.510078511117397,6.759349147131319,5.392993689017377,3.9277977917378895,18.12668870901689,174.6947498510126,1.7507293639860784,1.4651958972794876,-156.5680611419957,0.10376206912042937,low,datta_zhang (exactly 3-sparse)
cs_sigma0.75_datta_zhang,88,88,cs,100,500,0.75,3.0,datta_zhang,1.0,10,3,1.0,3.1944444444444446,cocolasso_max,reweighted_max,16.864426611693506,17.956444646453612,11.411764117421058,11.495771266024342,17.788955236028414,185.1059974289965,-1.0920180347601054,-0.08400714860328407,-167.31704219296807,0.0961014525898976,low,datta_zhang (exactly 3-sparse)
cs_sigma0.75_datta_zhang,89,89,cs,100,500,0.75,3.0,datta_zhang,1.0,10,3,1.0,3.1944444444444446,cocolasso_max,reweighted_max,9.744735571150054,8.71831463359561,5.684446347572084,5.0396152872856375,17.53146695002215,183.97095198498573,1.0264209375544446,0.6448310602864469,-166.43948503496358,0.09529475583435004,low,datta_zhang (exactly 3-sparse)
cs_sigma0.75_datta_zhang,90,90,cs,100,500,0.75,3.0,datta_zhang,1.0,10,3,1.0,3.1944444444444446,cocolasso_max,reweighted_max,10.616764456005622,9.436081909693693,6.635414556647321,5.771756459101574,17.40358985803323,174.98288454301655,1.18068254631193,0.8636580975457466,-157.57929468498332,0.09945881223460375,low,datta_zhang (exactly 3-sparse)
cs_sigma0.75_datta_zhang,91,91,cs,100,500,0.75,3.0,datta_zhang,1.0,10,3,1.0,3.1944444444444446,cocolasso_max,reweighted_max,6.573826917624842,5.393345525364854,5.262085995555866,4.351185099616687,16.79679724999005,165.7415250299964,1.1804813922599884,0.9109008959391787,-148.94472778000636,0.10134332507770828,low,datta_zhang (exactly 3-sparse)
cs_sigma0.75_datta_zhang,92,92,cs,100,500,0.75,3.0,datta_zhang,1.0,10,3,1.0,3.1944444444444446,cocolasso_max,reweighted_max,11.082523207146815,10.843193487888572,5.700535299049758,5.4707971530828,17.08350591000635,163.63110228895675,0.23932971925824376,0.22973814596695785,-146.5475963789504,0.10440255960531591,low,datta_zhang (exactly 3-sparse)
cs_sigma0.75_datta_zhang,93,93,cs,100,500,0.75,3.0,datta_zhang,1.0,10,3,1.0,3.1944444444444446,cocolasso_max,reweighted_max,9.872389482225069,8.619547821996704,7.95232731584592,7.102644561347006,16.320827749965247,175.98789613402914,1.2528416602283645,0.8496827544989136,-159.6670683840639,0.09273835365095566,low,datta_zhang (exactly 3-sparse)
cs_sigma0.75_datta_zhang,94,94,cs,100,500,0.75,3.0,datta_zhang,1.0,10,3,1.0,3.1944444444444446,cocolasso_max,reweighted_max,14.971065136475255,16.093354492606725,8.006965229346896,8.522718412172532,16.76756149699213,168.88109421590343,-1.1222893561314695,-0.5157531828256356,-152.1135327189113,0.0992861964498874,low,datta_zhang (exactly 3-sparse)
cs_sigma0.75_datta_zhang,95,95,cs,100,500,0.75,3.0,datta_zhang,1.0,10,3,1.0,3.1944444444444446,cocolasso_max,reweighted_max,10.863376267124464,11.478158137029451,6.191389143044225,6.276495420680955,16.659477184992284,206.65559325995852,-0.6147818699049878,-0.08510627763672929,-189.99611607496624,0.08061469289164512,low,datta_zhang (exactly 3-sparse)
cs_sigma0.75_datta_zhang,96,96,cs,100,500,0.75,3.0,datta_zhang,1.0,10,3,1.0,3.1944444444444446,cocolasso_max,reweighted_max,8.712430300510746,8.577101376168322,5.33014731902352,5.102891483761846,16.630821554979775,180.94130986602977,0.13532892434242427,0.2272558352616736,-164.31048831105,0.09191279518918788,low,datta_zhang (exactly 3-sparse)
cs_sigma0.75_datta_zhang,97,97,cs,100,500,0.75,3.0,datta_zhang,1.0,10,3,1.0,3.1944444444444446,cocolasso_max,reweighted_max,12.301313213552564,12.70673336522913,7.386371629530551,7.209531653229946,17.323497114004567,190.0105869820109,-0.40542015167656587,0.176839976300605,-172.68708986800632,0.09117122045228278,low,datta_zhang (exactly 3-sparse)
cs_sigma0.75_datta_zhang,98,98,cs,100,500,0.75,3.0,datta_zhang,1.0,10,3,1.0,3.1944444444444446,cocolasso_max,reweighted_max,11.783208496643455,11.052708777144092,6.117235236735902,5.606048362015036,17.232020351977553,140.37759715598077,0.7304997194993632,0.5111868747208659,-123.14557680400321,0.12275477498614092,low,datta_zhang (exactly 3-sparse)
cs_sigma0.75_datta_zhang,99,99,cs,100,500,0.75,3.0,datta_zhang,1.0,10,3,1.0,3.1944444444444446,cocolasso_max,reweighted_max,12.26985746982542,11.333007853640334,6.90230379663805,6.223150020920631,18.42245496402029,155.9184355280595,0.9368496161850857,0.6791537757174186,-137.4959805640392,0.11815443697615179,low,datta_zhang (exactly 3-sparse)
cs_sigma0.75_weak_sparse_a1.0,0,0,cs,100,500,0.75,3.0,weak_sparse,1.0,10,3,1.0,1.0610025846822844,cocolasso_max,reweighted_max,11.079919038160586,10.058419832291364,5.816654700559625,5.232482391670296,16.224527756043244,199.72475656191816,1.0214992058692225,0.5841723088893289,-183.5002288058749,0.08123443500612483,low,weak α=1.0 (83% in first 3)
cs_sigma0.75_weak_sparse_a1.0,1,1,cs,100,500,0.75,3.0,weak_sparse,1.0,10,3,1.0,1.0610025846822844,cocolasso_max,reweighted_max,9.998970730256993,8.866783449156005,5.172983643435278,4.522122367349722,16.05553322203923,210.38066808902656,1.1321872811009879,0.6508612760855561,-194.32513486698733,0.0763165806434507,low,weak α=1.0 (83% in first 3)
cs_sigma0.75_weak_sparse_a1.0,2,2,cs,100,500,0.75,3.0,weak_sparse,1.0,10,3,1.0,1.0610025846822844,cocolasso_max,reweighted_max,14.74846161866537,14.904049033296946,9.50849038927372,9.585568446843842,16.265419675968587,227.3344155099476,-0.15558741463157588,-0.07707805757012309,-211.06899583397902,0.07154842631056384,low,weak α=1.0 (83% in first 3)
cs_sigma0.75_weak_sparse_a1.0,3,3,cs,100,500,0.75,3.0,weak_sparse,1.0,10,3,1.0,1.0610025846822844,cocolasso_max,reweighted_max,9.130393507641774,7.955532527958349,4.567179244784804,3.978767242957002,16.24775999499252,208.81075855798557,1.1748609796834248,0.5884120018278023,-192.56299856299304,0.07781093324499662,low,weak α=1.0 (83% in first 3)
cs_sigma0.75_weak_sparse_a1.0,4,4,cs,100,500,0.75,3.0,weak_sparse,1.0,10,3,1.0,1.0610025846822844,cocolasso_max,reweighted_max,10.062391047099934,9.028041420023255,5.055907103368469,4.525637494275272,16.271664260013495,198.7866505839629,1.0343496270766792,0.5302696090931969,-182.51498632394942,0.08185491436277668,low,weak α=1.0 (83% in first 3)
cs_sigma0.75_weak_sparse_a1.0,5,5,cs,100,500,0.75,3.0,weak_sparse,1.0,10,3,1.0,1.0610025846822844,cocolasso_max,reweighted_max,9.865942523466863,8.734552352507919,4.952104811802322,4.371713821024763,16.515836682985537,188.66823884902988,1.1313901709589445,0.5803909907775591,-172.15240216604434,0.08753904093100331,low,weak α=1.0 (83% in first 3)
cs_sigma0.75_weak_sparse_a1.0,6,6,cs,100,500,0.75,3.0,weak_sparse,1.0,10,3,1.0,1.0610025846822844,cocolasso_max,reweighted_max,10.501438438799305,9.542374836740915,5.343321098369257,4.815352633533075,16.731908079993445,153.04881598299835,0.9590636020583894,0.5279684648361824,-136.3169079030049,0.10932399556656573,low,weak α=1.0 (83% in first 3)
cs_sigma0.75_weak_sparse_a1.0,7,7,cs,100,500,0.75,3.0,weak_sparse,1.0,10,3,1.0,1.0610025846822844,cocolasso_max,reweighted_max,10.411168571249036,9.28565667889678,5.8396874043101965,5.188607401136982,16.422038470976986,193.49502039898653,1.1255118923522556,0.6510800031732149,-177.07298192800954,0.0848705999622872,low,weak α=1.0 (83% in first 3)
cs_sigma0.75_weak_sparse_a1.0,8,8,cs,100,500,0.75,3.0,weak_sparse,1.0,10,3,1.0,1.0610025846822844,cocolasso_max,reweighted_max,10.665557496804642,10.024947869302792,5.6103590222608455,5.192864128814281,16.30252357799327,151.11011083098128,0.6406096275018491,0.4174948934465643,-134.80758725298801,0.10788506135256472,low,weak α=1.0 (83% in first 3)
cs_sigma0.75_weak_sparse_a1.0,9,9,cs,100,500,0.75,3.0,weak_sparse,1.0,10,3,1.0,1.0610025846822844,cocolasso_max,reweighted_max,13.616909870491153,13.921670682832456,6.810701863764855,6.985748477605118,16.458123010001145,152.4821120640263,-0.3047608123413035,-0.1750466138402631,-136.02398905402515,0.10793477862564287,low,weak α=1.0 (83% in first 3)
cs_sigma0.75_weak_sparse_a1.0,10,10,cs,100,500,0.75,3.0,weak_sparse,1.0,10,3,1.0,1.0610025846822844,cocolasso_max,reweighted_max,9.80251464319302,8.882914309420993,4.902588289325057,4.449190547420168,17.332660690008197,140.93835146003403,0.919600333772026,0.45339774190488935,-123.60569077002583,0.1229804415224995,low,weak α=1.0 (83% in first 3)
cs_sigma0.75_weak_sparse_a1.0,11,11,cs,100,500,0.75,3.0,weak_sparse,1.0,10,3,1.0,1.0610025846822844,cocolasso_max,reweighted_max,11.46859455997587,10.649907312391784,5.78878356073619,5.349619550295246,17.05961582105374,170.33240766299423,0.8186872475840854,0.439164010440944,-153.2727918419405,0.10015484460717834,low,weak α=1.0 (83% in first 3)
cs_sigma0.75_weak_sparse_a1.0,12,12,cs,100,500,0.75,3.0,weak_sparse,1.0,10,3,1.0,1.0610025846822844,cocolasso_max,reweighted_max,10.076460853650744,9.011185999271202,5.039269298927554,4.507031773452896,17.716368774999864,227.51233383093492,1.0652748543795418,0.5322375254746579,-209.79596505593506,0.0778699267713765,low,weak α=1.0 (83% in first 3)
cs_sigma0.75_weak_sparse_a1.0,13,13,cs,100,500,0.75,3.0,weak_sparse,1.0,10,3,1.0,1.0610025846822844,cocolasso_max,reweighted_max,11.019441769017892,10.112505613144997,5.870912583455366,5.313796920428522,17.476355993014295,235.11061330197845,0.906936155872895,0.5571156630268446,-217.63425730896415,0.07433248438924145,low,weak α=1.0 (83% in first 3)
cs_sigma0.75_weak_sparse_a1.0,14,14,cs,100,500,0.75,3.0,weak_sparse,1.0,10,3,1.0,1.0610025846822844,cocolasso_max,reweighted_max,14.253655758820347,15.343990856952296,7.154501462857795,7.678415155572774,17.781285885022953,208.1918926499784,-1.0903350981319484,-0.523913692714979,-190.41060676495545,0.08540815715104552,low,weak α=1.0 (83% in first 3)
cs_sigma0.75_weak_sparse_a1.0,15,15,cs,100,500,0.75,3.0,weak_sparse,1.0,10,3,1.0,1.0610025846822844,cocolasso_max,reweighted_max,10.120514417474404,9.3946993833877,5.136017865915751,4.734919123154548,17.495754842006136,175.25813192198984,0.725815034086704,0.40109874276120294,-157.7623770799837,0.09982849098148422,low,weak α=1.0 (83% in first 3)
cs_sigma0.75_weak_sparse_a1.0,16,16,cs,100,500,0.75,3.0,weak_sparse,1.0,10,3,1.0,1.0610025846822844,cocolasso_max,reweighted_max,10.88649508039597,10.178157424941553,5.629218015320927,5.207499188396539,17.592285137041472,237.7953763540136,0.7083376554544181,0.4217188269243879,-220.20309121697213,0.07398077038660025,low,weak α=1.0 (83% in first 3)
cs_sigma0.75_weak_sparse_a1.0,17,17,cs,100,500,0.75,3.0,weak_sparse,1.0,10,3,1.0,1.0610025846822844,cocolasso_max,reweighted_max,11.752831663832987,11.245335302847634,5.886477862793996,5.668889048119671,17.150850264006294,157.70303653995506,0.5074963609853533,0.21758881467432545,-140.55218627594877,0.10875409022109107,low,weak α=1.0 (83% in first 3)
cs_sigma0.75_weak_sparse_a1.0,18,18,cs,100,500,0.75,3.0,weak_sparse,1.0,10,3,1.0,1.0610025846822844,cocolasso_max,reweighted_max,14.98144541324506,15.129056499578017,7.530184485960452,7.58583808813569,17.3981859459891,207.3159926419612,-0.14761108633295628,-0.05565360217523807,-189.9178066959721,0.08392109901543442,low,weak α=1.0 (83% in first 3)
cs_sigma0.75_weak_sparse_a1.0,19,19,cs,100,500,0.75,3.0,weak_sparse,1.0,10,3,1.0,1.0610025846822844,cocolasso_max,reweighted_max,9.022080262487467,7.630843312694164,4.51332476290415,3.8535384805511113,17.013229567965027,200.20278458297253,1.3912369497933028,0.6597862823530392,-183.1895550150075,0.08497998468604727,low,weak α=1.0 (83% in first 3)
cs_sigma0.75_weak_sparse_a1.0,20,20,cs,100,500,0.75,3.0,weak_sparse,1.0,10,3,1.0,1.0610025846822844,cocolasso_max,reweighted_max,15.02282491220168,15.169856015560786,7.684982089167391,7.687582008191067,16.857163765991572,169.622329975944,-0.1470311033591063,-0.0025999190236767333,-152.76516620995244,0.09938056957702603,low,weak α=1.0 (83% in first 3)
cs_sigma0.75_weak_sparse_a1.0,21,21,cs,100,500,0.75,3.0,weak_sparse,1.0,10,3,1.0,1.0610025846822844,cocolasso_max,reweighted_max,8.621318217832933,7.352771915745336,4.388216758811431,3.8300670766605713,17.016524914011825,313.14943202899303,1.2685463020875964,0.55814968215086,-296.1329071149812,0.05433995138920241,low,weak α=1.0 (83% in first 3)
cs_sigma0.75_weak_sparse_a1.0,22,22,cs,100,500,0.75,3.0,weak_sparse,1.0,10,3,1.0,1.0610025846822844,cocolasso_max,reweighted_max,10.821730530528647,10.026896642863456,5.95527667841586,5.40771824673283,16.550178306002636,187.47392446303277,0.7948338876651917,0.5475584316830302,-170.92374615703014,0.08827989467551846,low,weak α=1.0 (83% in first 3)
cs_sigma0.75_weak_sparse_a1.0,23,23,cs,100,500,0.75,3.0,weak_sparse,1.0,10,3,1.0,1.0610025846822844,cocolasso_max,reweighted_max,7.483506486656721,6.4640846865945045,3.939239652459375,3.557039696927042,16.925862281001173,246.57650580594785,1.0194218000622168,0.3821999555323332,-229.65064352494667,0.06864345094711327,low,weak α=1.0 (83% in first 3)
cs_sigma0.75_weak_sparse_a1.0,24,24,cs,100,500,0.75,3.0,weak_sparse,1.0,10,3,1.0,1.0610025846822844,cocolasso_max,reweighted_max,10.25110350208858,9.180336553601018,5.318462440427672,4.705743669849082,16.695173958025407,219.1854338590056,1.0707669484875613,0.6127187705785904,-202.4902599009802,0.07616917631837175,low,weak α=1.0 (83% in first 3)
cs_sigma0.75_weak_sparse_a1.0,25,25,cs,100,500,0.75,3.0,weak_sparse,1.0,10,3,1.0,1.0610025846822844,cocolasso_max,reweighted_max,8.85014426562804,7.744727958027925,4.45065954309072,3.881058418914754,16.84687272197334,232.86147059802897,1.105416307600116,0.569601124175966,-216.01459787605563,0.07234718856111158,low,weak α=1.0 (83% in first 3)
cs_sigma0.75_weak_sparse_a1.0,26,26,cs,100,500,0.75,3.0,weak_sparse,1.0,10,3,1.0,1.0610025846822844,cocolasso_max,reweighted_max,8.912322974061134,7.758796971043019,4.538094937250224,3.9338479144701615,16.934566169977188,218.8699040869251,1.153526003018115,0.6042470227800627,-201.9353379169479,0.07737274907952423,low,weak α=1.0 (83% in first 3)
cs_sigma0.75_weak_sparse_a1.0,27,27,cs,100,500,0.75,3.0,weak_sparse,1.0,10,3,1.0,1.0610025846822844,cocolasso_max,reweighted_max,12.196135599276207,11.30789790993632,6.220428768055887,5.751693860482359,17.070062585989945,290.5467856761534,0.8882376893398867,0.46873490757352876,-273.47672309016343,0.05875151069479193,low,weak α=1.0 (83% in first 3)
cs_sigma0.75_weak_sparse_a1.0,28,28,cs,100,500,0.75,3.0,weak_sparse,1.0,10,3,1.0,1.0610025846822844,cocolasso_max,reweighted_max,10.910663458635742,10.041780977014948,5.582604542090634,5.096473109578394,17.097834516956937,217.15070660389028,0.8688824816207941,0.48613143251223967,-200.05287208693335,0.07873718112345589,low,weak α=1.0 (83% in first 3)
cs_sigma0.75_weak_sparse_a1.0,29,29,cs,100,500,0.75,3.0,weak_sparse,1.0,10,3,1.0,1.0610025846822844,cocolasso_max,reweighted_max,11.169447763458331,10.994136608220614,5.658409930443204,5.515070521105272,17.405340962053742,249.7940422478132,0.17531115523771668,0.14333940933793166,-232.38870128575945,0.06967876737743178,low,weak α=1.0 (83% in first 3)
cs_sigma0.75_weak_sparse_a1.0,30,30,cs,100,500,0.75,3.0,weak_sparse,1.0,10,3,1.0,1.0610025846822844,cocolasso_max,reweighted_max,15.979701935600165,17.01852288640231,8.00806716771286,8.514002268109735,17.63415023399284,256.39381086896174,-1.038820950802144,-0.5059351003968757,-238.7596606349689,0.06877759714334657,low,weak α=1.0 (83% in first 3)
cs_sigma0.75_weak_sparse_a1.0,31,31,cs,100,500,0.75,3.0,weak_sparse,1.0,10,3,1.0,1.0610025846822844,cocolasso_max,reweighted_max,12.258271065913132,12.156714431664987,6.17385938336694,6.194857712849834,17.544770867971238,253.23791785398495,0.1015566342481442,-0.02099832948289393,-235.69314698601372,0.0692817687676907,low,weak α=1.0 (83% in first 3)
cs_sigma0.75_weak_sparse_a1.0,32,32,cs,100,500,0.75,3.0,weak_sparse,1.0,10,3,1.0,1.0610025846822844,cocolasso_max,reweighted_max,9.718138547781823,8.452218899448678,5.018273500292683,4.328021167055407,17.42179579101503,235.0466661369428,1.2659196483331456,0.6902523332372752,-217.62487034592777,0.0741205824245333,low,weak α=1.0 (83% in first 3)
cs_sigma0.75_weak_sparse_a1.0,33,33,cs,100,500,0.75,3.0,weak_sparse,1.0,10,3,1.0,1.0610025846822844,cocolasso_max,reweighted_max,10.470968930353887,9.646893221551826,5.246036316895776,4.82756475975047,17.21371233498212,233.34163149190132,0.8240757088020612,0.41847155714530615,-216.1279191569192,0.07377042932683688,low,weak α=1.0 (83% in first 3)
cs_sigma0.75_weak_sparse_a1.0,34,34,cs,100,500,0.75,3.0,weak_sparse,1.0,10,3,1.0,1.0610025846822844,cocolasso_max,reweighted_max,11.994306709977089,11.4111582843152,6.034580277916505,5.725335328503279,16.918836425989866,234.62308327690695,0.5831484256618893,0.3092449494132259,-217.7042468509171,0.07211070705273236,low,weak α=1.0 (83% in first 3)
cs_sigma0.75_weak_sparse_a1.0,35,35,cs,100,500,0.75,3.0,weak_sparse,1.0,10,3,1.0,1.0610025846822844,cocolasso_max,reweighted_max,11.317369888523404,10.744110520066656,5.789805883696804,5.456348304805097,16.660460490034893,350.89525780593976,0.573259368456748,0.33345757889170713,-334.23479731590487,0.04747986790761603,low,weak α=1.0 (83% in first 3)
cs_sigma0.75_weak_sparse_a1.0,36,36,cs,100,500,0.75,3.0,weak_sparse,1.0,10,3,1.0,1.0610025846822844,cocolasso_max,reweighted_max,14.157353228904215,14.283407451903114,7.084667685046581,7.141707062772864,16.329425302974414,303.03613073495217,-0.12605422299889923,-0.05703937772628276,-286.70670543197775,0.05388606719393734,low,weak α=1.0 (83% in first 3)
cs_sigma0.75_weak_sparse_a1.0,37,37,cs,100,500,0.75,3.0,weak_sparse,1.0,10,3,1.0,1.0610025846822844,cocolasso_max,reweighted_max,11.060140928608943,9.940571627910575,5.719371793226904,5.081578282279283,16.170716893975623,234.625569825992,1.1195693006983678,0.6377935109476214,-218.45485293201637,0.06892137504862958,low,weak α=1.0 (83% in first 3)
cs_sigma0.75_weak_sparse_a1.0,38,38,cs,100,500,0.75,3.0,weak_sparse,1.0,10,3,1.0,1.0610025846822844,cocolasso_max,reweighted_max,10.83597919945393,9.665415060372125,5.43351827211922,4.8330739147637765,16.112321556021925,324.3268488398753,1.1705641390818062,0.6004443573554434,-308.2145272838534,0.049679271431446625,low,weak α=1.0 (83% in first 3)
cs_sigma0.75_weak_sparse_a1.0,39,39,cs,100,500,0.75,3.0,weak_sparse,1.0,10,3,1.0,1.0610025846822844,cocolasso_max,reweighted_max,11.435485673684031,10.21782216615253,5.804995940218351,5.137805329940748,15.857991919969209,1776.7637520090211,1.2176635075315012,0.6671906102776033,-1760.905760089052,0.008925211301749189,low,weak α=1.0 (83% in first 3)
cs_sigma0.75_weak_sparse_a1.0,40,40,cs,100,500,0.75,3.0,weak_sparse,1.0,10,3,1.0,1.0610025846822844,cocolasso_max,reweighted_max,10.7605569485344,9.782278578666205,5.482060815353675,4.9527082265914215,15.939765399030875,210.74006922007536,0.978278369868196,0.5293525887622534,-194.80030382104448,0.0756370891308051,low,weak α=1.0 (83% in first 3)
cs_sigma0.75_weak_sparse_a1.0,41,41,cs,100,500,0.75,3.0,weak_sparse,1.0,10,3,1.0,1.0610025846822844,cocolasso_max,reweighted_max,9.67906375176056,8.332864992485067,5.0524529688601865,4.2979984620396765,15.95160599902738,209.9127131609712,1.3461987592754934,0.75445450682051,-193.96110716194383,0.07599161460408983,low,weak α=1.0 (83% in first 3)
cs_sigma0.75_weak_sparse_a1.0,42,42,cs,100,500,0.75,3.0,weak_sparse,1.0,10,3,1.0,1.0610025846822844,cocolasso_max,reweighted_max,14.379292238298651,14.438269749535763,7.497879329816392,7.503483741769856,15.902792591019534,211.63316701585427,-0.05897751123711181,-0.005604411953464172,-195.73037442483474,0.0751431961977311,low,weak α=1.0 (83% in first 3)
cs_sigma0.75_weak_sparse_a1.0,43,43,cs,100,500,0.75,3.0,weak_sparse,1.0,10,3,1.0,1.0610025846822844,cocolasso_max,reweighted_max,10.760853815654974,9.700364476072671,5.5965933717494085,5.023396259926064,16.053301042993553,250.67985951993612,1.0604893395823023,0.5731971118233448,-234.62655847694256,0.06403905393012582,low,weak α=1.0 (83% in first 3)
cs_sigma0.75_weak_sparse_a1.0,44,44,cs,100,500,0.75,3.0,weak_sparse,1.0,10,3,1.0,1.0610025846822844,cocolasso_max,reweighted_max,12.035037545152342,11.346010834300444,6.309570106587631,5.902984587235219,16.043865044950508,227.6590133889113,0.6890267108518984,0.4065855193524124,-211.61514834396078,0.07047322575163179,low,weak α=1.0 (83% in first 3)
cs_sigma0.75_weak_sparse_a1.0,45,45,cs,100,500,0.75,3.0,weak_sparse,1.0,10,3,1.0,1.0610025846822844,cocolasso_max,reweighted_max,14.048432347266896,14.090228017305504,7.278821383110177,7.261048132718281,16.248296968988143,212.26020918414,-0.04179567003860818,0.0177732503918957,-196.01191221515185,0.07654895390634624,low,weak α=1.0 (83% in first 3)
cs_sigma0.75_weak_sparse_a1.0,46,46,cs,100,500,0.75,3.0,weak_sparse,1.0,10,3,1.0,1.0610025846822844,cocolasso_max,reweighted_max,8.846343886517717,7.032503643879904,4.681477572670833,3.916187573391464,16.09297083801357,245.64004632015715,1.8138402426378128,0.7652899992793687,-229.54707548214358,0.0655144431011817,low,weak α=1.0 (83% in first 3)
cs_sigma0.75_weak_sparse_a1.0,47,47,cs,100,500,0.75,3.0,weak_sparse,1.0,10,3,1.0,1.0610025846822844,cocolasso_max,reweighted_max,10.929454139369312,10.26353260644422,5.468479573458013,5.132582800260094,16.068842725944705,243.69852029904723,0.6659215329250916,0.335896773197919,-227.62967757310253,0.0659373832316516,low,weak α=1.0 (83% in first 3)
cs_sigma0.75_weak_sparse_a1.0,48,48,cs,100,500,0.75,3.0,weak_sparse,1.0,10,3,1.0,1.0610025846822844,cocolasso_max,reweighted_max,11.488092081044098,10.418645607350165,6.379480448236748,5.758324785219726,16.12878184602596,226.15572724910453,1.069446473693933,0.6211556630170225,-210.02694540307857,0.07131714965706146,low,weak α=1.0 (83% in first 3)
cs_sigma0.75_weak_sparse_a1.0,49,49,cs,100,500,0.75,3.0,weak_sparse,1.0,10,3,1.0,1.0610025846822844,cocolasso_max,reweighted_max,10.1405961767831,9.380845412705028,5.196712894065718,4.78296243716356,16.256825962045696,246.10573870618828,0.7597507640780723,0.41375045690215817,-229.84891274414258,0.06605626527650296,low,weak α=1.0 (83% in first 3)
cs_sigma0.75_weak_sparse_a1.0,50,50,cs,100,500,0.75,3.0,weak_sparse,1.0,10,3,1.0,1.0610025846822844,cocolasso_max,reweighted_max,11.532770708628297,10.688646507560811,6.177482791657644,5.647083190904755,15.897311142005492,193.67069779802117,0.8441242010674852,0.5303996007528884,-177.77338665601567,0.08208423536835072,low,weak α=1.0 (83% in first 3)
cs_sigma0.75_weak_sparse_a1.0,51,51,cs,100,500,0.75,3.0,weak_sparse,1.0,10,3,1.0,1.0610025846822844,cocolasso_max,reweighted_max,11.3577647163718,10.629444477084066,5.697637732736086,5.315734727825221,15.860152877983635,286.21614289900754,0.7283202392877346,0.38190300491086493,-270.3559900210239,0.05541320177590385,low,weak α=1.0 (83% in first 3)
cs_sigma0.75_weak_sparse_a1.0,52,52,cs,100,500,0.75,3.0,weak_sparse,1.0,10,3,1.0,1.0610025846822844,cocolasso_max,reweighted_max,12.847364968740848,12.387453340711044,7.353422329493919,7.027603366260983,15.704727451025974,195.17881116695932,0.4599116280298041,0.325818963232936,-179.47408371593335,0.08046328060473674,low,weak α=1.0 (83% in first 3)
cs_sigma0.75_weak_sparse_a1.0,53,53,cs,100,500,0.75,3.0,weak_sparse,1.0,10,3,1.0,1.0610025846822844,cocolasso_max,reweighted_max,9.96614115831234,8.597948075545924,5.028182261466643,4.308752513531281,15.98337603698019,251.54001958901063,1.3681930827664157,0.7194297479353624,-235.55664355203044,0.06354207995648291,low,weak α=1.0 (83% in first 3)
cs_sigma0.75_weak_sparse_a1.0,54,54,cs,100,500,0.75,3.0,weak_sparse,1.0,10,3,1.0,1.0610025846822844,cocolasso_max,reweighted_max,10.847295994044975,10.178419459390993,5.609401968328972,5.226370370466925,15.83632865198888,246.3438544740202,0.6688765346539824,0.3830315978620469,-230.5075258220313,0.06428546263433986,low,weak α=1.0 (83% in first 3)
cs_sigma0.75_weak_sparse_a1.0,55,55,cs,100,500,0.75,3.0,weak_sparse,1.0,10,3,1.0,1.0610025846822844,cocolasso_max,reweighted_max,13.219936821757138,13.172497299190466,6.611364930898409,6.594988456397942,15.94151300395606,206.80054348398696,0.0474395225666715,0.016376474500466642,-190.8590304800309,0.077086417353591,low,weak α=1.0 (83% in first 3)
cs_sigma0.75_weak_sparse_a1.0,56,56,cs,100,500,0.75,3.0,weak_sparse,1.0,10,3,1.0,1.0610025846822844,cocolasso_max,reweighted_max,10.244800872322145,9.16133532540666,5.197378713638934,4.602148204867014,15.883660702034833,229.0994071320165,1.0834655469154857,0.5952305087719205,-213.21574642998166,0.06933086776991096,low,weak α=1.0 (83% in first 3)
cs_sigma0.75_weak_sparse_a1.0,57,57,cs,100,500,0.75,3.0,weak_sparse,1.0,10,3,1.0,1.0610025846822844,cocolasso_max,reweighted_max,14.67280736622958,15.675537150230738,7.355247011261758,7.842930541120353,16.05013189301826,250.93747919099405,-1.0027297840011578,-0.48768352985859487,-234.8873472979758,0.06396068034461345,low,weak α=1.0 (83% in first 3)
cs_sigma0.75_weak_sparse_a1.0,58,58,cs,100,500,0.75,3.0,weak_sparse,1.0,10,3,1.0,1.0610025846822844,cocolasso_max,reweighted_max,11.827268854041616,11.552379243261084,6.027914108381766,5.826172618799547,16.248585066990927,224.23920375696616,0.27488961078053187,0.2017414895822185,-207.99061868997524,0.07246094703672507,low,weak α=1.0 (83% in first 3)
cs_sigma0.75_weak_sparse_a1.0,59,59,cs,100,500,0.75,3.0,weak_sparse,1.0,10,3,1.0,1.0610025846822844,cocolasso_max,reweighted_max,10.597275990930717,9.852548721845617,5.620004766405805,5.15604597389714,16.04725566902198,179.36781256104587,0.7447272690851001,0.4639587925086657,-163.3205568920239,0.08946563733981241,low,weak α=1.0 (83% in first 3)
cs_sigma0.75_weak_sparse_a1.0,60,60,cs,100,500,0.75,3.0,weak_sparse,1.0,10,3,1.0,1.0610025846822844,cocolasso_max,reweighted_max,12.33641464448826,11.744982444900437,6.213235080608245,5.89983439918552,16.31376210198505,189.44249388499884,0.5914321995878229,0.31340068142272415,-173.1287317830138,0.08611458689879962,low,weak α=1.0 (83% in first 3)
cs_sigma0.75_weak_sparse_a1.0,61,61,cs,100,500,0.75,3.0,weak_sparse,1.0,10,3,1.0,1.0610025846822844,cocolasso_max,reweighted_max,12.765390754184049,12.388724704152663,6.399285304158728,6.202519497828447,15.958202380978037,201.91246748901904,0.3766660500313854,0.19676580633028173,-185.954265108041,0.07903525017268148,low,weak α=1.0 (83% in first 3)
cs_sigma0.75_weak_sparse_a1.0,62,62,cs,100,500,0.75,3.0,weak_sparse,1.0,10,3,1.0,1.0610025846822844,cocolasso_max,reweighted_max,8.913469065770395,7.484106991986226,4.457299792482744,3.783526833515429,16.012237131944858,154.55144642305095,1.4293620737841684,0.6737729589673154,-138.5392092911061,0.1036045763565023,low,weak α=1.0 (83% in first 3)
cs_sigma0.75_weak_sparse_a1.0,63,63,cs,100,500,0.75,3.0,weak_sparse,1.0,10,3,1.0,1.0610025846822844,cocolasso_max,reweighted_max,9.137585463691218,7.310566649003492,4.571366531573817,3.662148493198753,15.85147049796069,187.54574323398992,1.827018814687726,0.9092180383750641,-171.69427273602923,0.08452055602341095,low,weak α=1.0 (83% in first 3)
cs_sigma0.75_weak_sparse_a1.0,64,64,cs,100,500,0.75,3.0,weak_sparse,1.0,10,3,1.0,1.0610025846822844,cocolasso_max,reweighted_max,14.189358997066844,14.321073700966071,7.1943361380828845,7.234960441281652,16.002362105005886,197.2182333850069,-0.13171470389922746,-0.04062430319876764,-181.215871280001,0.08114037850529916,low,weak α=1.0 (83% in first 3)
cs_sigma0.75_weak_sparse_a1.0,65,65,cs,100,500,0.75,3.0,weak_sparse,1.0,10,3,1.0,1.0610025846822844,cocolasso_max,reweighted_max,7.843035758722259,6.766248039989183,3.991800698298488,3.4097332909570657,15.722786797035951,225.77220350096468,1.076787718733076,0.5820674073414223,-210.04941670392873,0.06964004670738295,low,weak α=1.0 (83% in first 3)
cs_sigma0.75_weak_sparse_a1.0,66,66,cs,100,500,0.75,3.0,weak_sparse,1.0,10,3,1.0,1.0610025846822844,cocolasso_max,reweighted_max,9.596191179480162,8.955780223390736,5.265197509620907,4.969342096193759,15.973587471991776,233.1530309380032,0.6404109560894256,0.29585541342714805,-217.17944346601143,0.06851117228769481,low,weak α=1.0 (83% in first 3)
cs_sigma0.75_weak_sparse_a1.0,67,67,cs,100,500,0.75,3.0,weak_sparse,1.0,10,3,1.0,1.0610025846822844,cocolasso_max,reweighted_max,15.086762426108198,15.16366800082196,8.142907405318143,8.09085783891082,15.680274401966017,233.7795332820388,-0.0769055747137628,0.052049566407323056,-218.0992588800728,0.0670729134489667,low,weak α=1.0 (83% in first 3)
cs_sigma0.75_weak_sparse_a1.0,68,68,cs,100,500,0.75,3.0,weak_sparse,1.0,10,3,1.0,1.0610025846822844,cocolasso_max,reweighted_max,10.662971185665972,9.839093647520452,5.345122303212845,4.920521521941172,15.858586271002425,219.00583699397976,0.8238775381455206,0.424600781271673,-203.14725072297733,0.0724117059557566,low,weak α=1.0 (83% in first 3)
cs_sigma0.75_weak_sparse_a1.0,69,69,cs,100,500,0.75,3.0,weak_sparse,1.0,10,3,1.0,1.0610025846822844,cocolasso_max,reweighted_max,12.325818137813725,11.912274624203022,6.1716000570736345,6.010720155340346,16.022331968997605,239.3743502389989,0.4135435136107031,0.16087990173328848,-223.35201827000128,0.06693420557800117,low,weak α=1.0 (83% in first 3)
cs_sigma0.75_weak_sparse_a1.0,70,70,cs,100,500,0.75,3.0,weak_sparse,1.0,10,3,1.0,1.0610025846822844,cocolasso_max,reweighted_max,12.95790347017828,12.430872510836256,6.8390525870251055,6.571615076148679,15.943794385995716,221.51980535202887,0.5270309593420244,0.26743751087642664,-205.57601096603315,0.07197457744538276,low,weak α=1.0 (83% in first 3)
cs_sigma0.75_weak_sparse_a1.0,71,71,cs,100,500,0.75,3.0,weak_sparse,1.0,10,3,1.0,1.0610025846822844,cocolasso_max,reweighted_max,10.429474557156896,9.44974388588566,5.216944545081728,4.72489483188686,15.95414449000964,2162.712245806993,0.9797306712712359,0.49204971319486823,-2146.7581013169834,0.0073769150384851686,low,weak α=1.0 (83% in first 3)
cs_sigma0.75_weak_sparse_a1.0,72,72,cs,100,500,0.75,3.0,weak_sparse,1.0,10,3,1.0,1.0610025846822844,cocolasso_max,reweighted_max,15.08315763523304,15.347265245436144,8.172426959212753,8.231659169646967,15.893113019003067,293.73352052795235,-0.264107610203105,-0.05923221043421378,-277.8404075089493,0.05410724996737525,low,weak α=1.0 (83% in first 3)
cs_sigma0.75_weak_sparse_a1.0,73,73,cs,100,500,0.75,3.0,weak_sparse,1.0,10,3,1.0,1.0610025846822844,cocolasso_max,reweighted_max,11.006577191145103,9.933675658133184,6.123720680256668,5.448060668906206,15.979154250002466,280.5975746210315,1.072901533011919,0.6756600113504625,-264.61842037102906,0.05694687230131456,low,weak α=1.0 (83% in first 3)
cs_sigma0.75_weak_sparse_a1.0,74,74,cs,100,500,0.75,3.0,weak_sparse,1.0,10,3,1.0,1.0610025846822844,cocolasso_max,reweighted_max,7.040474690171108,6.145373980856803,3.523369334885992,3.088672892147032,15.742165517993271,262.17948004300706,0.8951007093143053,0.4346964427389599,-246.4373145250138,0.060043469135765234,low,weak α=1.0 (83% in first 3)
cs_sigma0.75_weak_sparse_a1.0,75,75,cs,100,500,0.75,3.0,weak_sparse,1.0,10,3,1.0,1.0610025846822844,cocolasso_max,reweighted_max,10.218100406581694,9.218844831917847,5.183472562340774,4.755742905010675,15.936175293056294,327.6568924639723,0.999255574663847,0.42772965733009904,-311.72071717091603,0.048636777249569274,low,weak α=1.0 (83% in first 3)
cs_sigma0.75_weak_sparse_a1.0,76,76,cs,100,500,0.75,3.0,weak_sparse,1.0,10,3,1.0,1.0610025846822844,cocolasso_max,reweighted_max,7.914157162992568,6.569045869724171,4.045479692128471,3.2852794079491625,15.659525870985815,155.76855866599362,1.3451112932683973,0.7602002841793087,-140.1090327950078,0.10053072330574567,low,weak α=1.0 (83% in first 3)
cs_sigma0.75_weak_sparse_a1.0,77,77,cs,100,500,0.75,3.0,weak_sparse,1.0,10,3,1.0,1.0610025846822844,cocolasso_max,reweighted_max,10.985081723961986,10.163922481788916,5.61928400285135,5.180430207588795,16.00043076701695,316.93778300401755,0.8211592421730707,0.4388537952625544,-300.9373522370006,0.05048445349544875,low,weak α=1.0 (83% in first 3)
cs_sigma0.75_weak_sparse_a1.0,78,78,cs,100,500,0.75,3.0,weak_sparse,1.0,10,3,1.0,1.0610025846822844,cocolasso_max,reweighted_max,10.09867549415842,9.247598919053,5.26045831818899,4.731598296496152,15.995600373949856,237.86703786998987,0.8510765751054183,0.5288600216928376,-221.87143749604002,0.06724597286443913,low,weak α=1.0 (83% in first 3)
cs_sigma0.75_weak_sparse_a1.0,79,79,cs,100,500,0.75,3.0,weak_sparse,1.0,10,3,1.0,1.0610025846822844,cocolasso_max,reweighted_max,11.306208684669404,10.682292962153284,5.75715484460876,5.402689581638217,16.29110444599064,244.44521514698863,0.62391572251612,0.3544652629705425,-228.154110700998,0.06664521715507726,low,weak α=1.0 (83% in first 3)
cs_sigma0.75_weak_sparse_a1.0,80,80,cs,100,500,0.75,3.0,weak_sparse,1.0,10,3,1.0,1.0610025846822844,cocolasso_max,reweighted_max,8.864113967294369,7.625991248966685,4.506111115546157,3.949999854601169,16.430811589001678,246.3301684889593,1.2381227183276842,0.5561112609449883,-229.8993568999576,0.06670239252378914,low,weak α=1.0 (83% in first 3)
cs_sigma0.75_weak_sparse_a1.0,81,81,cs,100,500,0.75,3.0,weak_sparse,1.0,10,3,1.0,1.0610025846822844,cocolasso_max,reweighted_max,11.163037527880547,10.47294614046995,6.106521948398902,5.704074254114157,15.834038674016483,255.60216504702112,0.6900913874105967,0.4024476942847457,-239.76812637300463,0.06194798338700934,low,weak α=1.0 (83% in first 3)
cs_sigma0.75_weak_sparse_a1.0,82,82,cs,100,500,0.75,3.0,weak_sparse,1.0,10,3,1.0,1.0610025846822844,cocolasso_max,reweighted_max,10.832907993195205,10.036489164202578,6.152002832567308,5.622262766479864,15.766765993030276,305.0716939260019,0.7964188289926266,0.5297400660874443,-289.3049279329716,0.05168216621518042,low,weak α=1.0 (83% in first 3)
cs_sigma0.75_weak_sparse_a1.0,83,83,cs,100,500,0.75,3.0,weak_sparse,1.0,10,3,1.0,1.0610025846822844,cocolasso_max,reweighted_max,12.95132657092114,13.104609299839254,6.787994022465284,6.786384546804198,15.986436675011646,234.9501324750017,-0.15328272891811423,0.001609475661085824,-218.96369579999006,0.06804182873449784,low,weak α=1.0 (83% in first 3)
cs_sigma0.75_weak_sparse_a1.0,84,84,cs,100,500,0.75,3.0,weak_sparse,1.0,10,3,1.0,1.0610025846822844,cocolasso_max,reweighted_max,11.778790324816208,11.198937824593058,6.140553928235836,5.803055020937929,15.849620792956555,233.9909574490157,0.5798525002231507,0.3374989072979071,-218.14133665605914,0.06773603974166408,low,weak α=1.0 (83% in first 3)
cs_sigma0.75_weak_sparse_a1.0,85,85,cs,100,500,0.75,3.0,weak_sparse,1.0,10,3,1.0,1.0610025846822844,cocolasso_max,reweighted_max,15.26865661037489,15.65642892063538,7.821754525549738,7.983754540044315,16.0408413260011,226.6369680869975,-0.3877723102604893,-0.16200001449457702,-210.5961267609964,0.0707776911304409,low,weak α=1.0 (83% in first 3)
cs_sigma0.75_weak_sparse_a1.0,86,86,cs,100,500,0.75,3.0,weak_sparse,1.0,10,3,1.0,1.0610025846822844,cocolasso_max,reweighted_max,8.805139773376473,8.155330720649072,4.58885386174315,4.199796930426075,15.737228184996638,204.15565244300524,0.6498090527274005,0.3890569313170751,-188.4184242580086,0.07708445980642172,low,weak α=1.0 (83% in first 3)
cs_sigma0.75_weak_sparse_a1.0,87,87,cs,100,500,0.75,3.0,weak_sparse,1.0,10,3,1.0,1.0610025846822844,cocolasso_max,reweighted_max,8.517497157450766,7.246664965914444,4.3370345636092935,3.630459172446912,15.953011213976424,236.7976232439978,1.2708321915363214,0.7065753911623815,-220.84461203002138,0.06736981138336147,low,weak α=1.0 (83% in first 3)
cs_sigma0.75_weak_sparse_a1.0,88,88,cs,100,500,0.75,3.0,weak_sparse,1.0,10,3,1.0,1.0610025846822844,cocolasso_max,reweighted_max,15.07592522723968,15.226066279048236,8.13427631954165,8.181592873681394,16.081546757020988,214.5797414140543,-0.15014105180855708,-0.04731655413974423,-198.4981946570333,0.07494438501531206,low,weak α=1.0 (83% in first 3)
cs_sigma0.75_weak_sparse_a1.0,89,89,cs,100,500,0.75,3.0,weak_sparse,1.0,10,3,1.0,1.0610025846822844,cocolasso_max,reweighted_max,9.562996326439436,8.629603079997707,4.795152227450274,4.315550450469335,15.982558459974824,295.500790252001,0.933393246441728,0.47960177698093887,-279.5182317920262,0.05408634760788629,low,weak α=1.0 (83% in first 3)
cs_sigma0.75_weak_sparse_a1.0,90,90,cs,100,500,0.75,3.0,weak_sparse,1.0,10,3,1.0,1.0610025846822844,cocolasso_max,reweighted_max,14.335804512351316,14.34974661051178,7.321930661089156,7.3114194299676925,16.02983920398401,251.62009568698704,-0.01394209816046299,0.01051123112146346,-235.59025648300303,0.06370651422025121,low,weak α=1.0 (83% in first 3)
cs_sigma0.75_weak_sparse_a1.0,91,91,cs,100,500,0.75,3.0,weak_sparse,1.0,10,3,1.0,1.0610025846822844,cocolasso_max,reweighted_max,12.301439892977925,11.764474930385024,7.07442841334419,6.752605355859181,15.587832493009046,195.74572693603116,0.5369649625929007,0.32182305748500895,-180.15789444302212,0.07963306651441275,low,weak α=1.0 (83% in first 3)
cs_sigma0.75_weak_sparse_a1.0,92,92,cs,100,500,0.75,3.0,weak_sparse,1.0,10,3,1.0,1.0610025846822844,cocolasso_max,reweighted_max,14.245372393815035,14.479043475656024,7.123556625757655,7.250174206980431,15.92998820496723,220.40592643502168,-0.2336710818409884,-0.1266175812227761,-204.47593823005445,0.07227567998115324,low,weak α=1.0 (83% in first 3)
cs_sigma0.75_weak_sparse_a1.0,93,93,cs,100,500,0.75,3.0,weak_sparse,1.0,10,3,1.0,1.0610025846822844,cocolasso_max,reweighted_max,11.039518683217109,10.28149555398829,6.399221419712338,5.960749434222112,15.685767081973609,277.8219345230027,0.7580231292288193,0.43847198549022526,-262.1361674410291,0.05645978640565143,low,weak α=1.0 (83% in first 3)
cs_sigma0.75_weak_sparse_a1.0,94,94,cs,100,500,0.75,3.0,weak_sparse,1.0,10,3,1.0,1.0610025846822844,cocolasso_max,reweighted_max,13.19487502450584,12.83986640635096,6.654022420351738,6.448260691339524,15.934580002969597,230.29661477403715,0.35500861815487994,0.205761729012214,-214.36203477106756,0.06919155115937903,low,weak α=1.0 (83% in first 3)
cs_sigma0.75_weak_sparse_a1.0,95,95,cs,100,500,0.75,3.0,weak_sparse,1.0,10,3,1.0,1.0610025846822844,cocolasso_max,reweighted_max,12.21327996601587,11.853056269402318,6.15619080342664,5.944474250983613,15.979333245020824,195.6172975609661,0.36022369661355214,0.21171655244302734,-179.63796431594528,0.08168670891714319,low,weak α=1.0 (83% in first 3)
cs_sigma0.75_weak_sparse_a1.0,96,96,cs,100,500,0.75,3.0,weak_sparse,1.0,10,3,1.0,1.0610025846822844,cocolasso_max,reweighted_max,7.467516464011572,5.839902392277645,3.9688622812661833,3.2556558919839778,15.954987044038717,240.49220059701477,1.6276140717339267,0.7132063892822056,-224.53721355297606,0.06634305397194143,low,weak α=1.0 (83% in first 3)
cs_sigma0.75_weak_sparse_a1.0,97,97,cs,100,500,0.75,3.0,weak_sparse,1.0,10,3,1.0,1.0610025846822844,cocolasso_max,reweighted_max,13.67458684960556,13.567107176851058,7.164867415085933,7.006827486343503,15.684093554969875,159.52177880698582,0.10747967275450243,0.1580399287424301,-143.83768525201594,0.09831944999777693,low,weak α=1.0 (83% in first 3)
cs_sigma0.75_weak_sparse_a1.0,98,98,cs,100,500,0.75,3.0,weak_sparse,1.0,10,3,1.0,1.0610025846822844,cocolasso_max,reweighted_max,12.19627124821402,11.64683945371424,6.119104084742478,5.872200816431825,16.009254169999622,193.5794833840337,0.54943179449978,0.24690326831065335,-177.57022921403407,0.08270119276142285,low,weak α=1.0 (83% in first 3)
cs_sigma0.75_weak_sparse_a1.0,99,99,cs,100,500,0.75,3.0,weak_sparse,1.0,10,3,1.0,1.0610025846822844,cocolasso_max,reweighted_max,10.684146503986984,9.987333814652631,5.424795904253729,5.046633789249898,15.78941175795626,220.71864354301945,0.6968126893343527,0.378162115003831,-204.9292317850632,0.07153637547105896,low,weak α=1.0 (83% in first 3)
cs_sigma0.75_weak_sparse_a1.5,0,0,cs,100,500,0.75,3.0,weak_sparse,1.5,10,3,1.0,0.8937182721336322,cocolasso_max,reweighted_max,7.558467460085875,6.720124356588093,4.146502218897665,3.636400055650285,21.325048804981638,225.6378932549851,0.838343103497782,0.5101021632473803,-204.31284445000347,0.09451005102623868,low,weak α=1.5 (97% in first 3)
cs_sigma0.75_weak_sparse_a1.5,1,1,cs,100,500,0.75,3.0,weak_sparse,1.5,10,3,1.0,0.8937182721336322,cocolasso_max,reweighted_max,5.809453294360466,4.5188548286750425,3.366552843858112,2.577940167259261,20.916591732995585,298.47745239397045,1.2905984656854237,0.7886126765988508,-277.56086066097487,0.07007762752339185,low,weak α=1.5 (97% in first 3)
cs_sigma0.75_weak_sparse_a1.5,2,2,cs,100,500,0.75,3.0,weak_sparse,1.5,10,3,1.0,0.8937182721336322,cocolasso_max,reweighted_max,10.883796887890709,10.92708750535219,7.828665262020018,7.828877247959653,17.53021484403871,277.90599990298506,-0.04329061746148177,-0.00021198593963500656,-260.37578505894635,0.0630796558914107,low,weak α=1.5 (97% in first 3)
cs_sigma0.75_weak_sparse_a1.5,3,3,cs,100,500,0.75,3.0,weak_sparse,1.5,10,3,1.0,0.8937182721336322,cocolasso_max,reweighted_max,4.969405272083094,3.8348729040802985,2.525879629993629,1.9314193331728948,20.714001176063903,284.46629288594704,1.1345323680027954,0.5944602968207342,-263.75229170988314,0.0728170672381522,low,weak α=1.5 (97% in first 3)
cs_sigma0.75_weak_sparse_a1.5,4,4,cs,100,500,0.75,3.0,weak_sparse,1.5,10,3,1.0,0.8937182721336322,cocolasso_max,reweighted_max,6.088109370215763,5.110807725231394,3.158722803548191,2.624294567410568,22.52677615301218,270.16046037198976,0.9773016449843688,0.5344282361376229,-247.63368421897758,0.08338294997718976,low,weak α=1.5 (97% in first 3)
cs_sigma0.75_weak_sparse_a1.5,5,5,cs,100,500,0.75,3.0,weak_sparse,1.5,10,3,1.0,0.8937182721336322,cocolasso_max,reweighted_max,6.012914369638352,4.986944544978336,3.039214909794253,2.498645068881456,22.223522620042782,319.9542372790165,1.0259698246600166,0.5405698409127973,-297.73071465897374,0.06945844133535488,low,weak α=1.5 (97% in first 3)
cs_sigma0.75_weak_sparse_a1.5,6,6,cs,100,500,0.75,3.0,weak_sparse,1.5,10,3,1.0,0.8937182721336322,cocolasso_max,reweighted_max,5.926125434801524,4.906825459048926,3.196111378589072,2.602099090666853,18.653061263030395,318.6558609380154,1.019299975752598,0.5940122879222187,-300.002799674985,0.05853669600842135,low,weak α=1.5 (97% in first 3)
cs_sigma0.75_weak_sparse_a1.5,7,7,cs,100,500,0.75,3.0,weak_sparse,1.5,10,3,1.0,0.8937182721336322,cocolasso_max,reweighted_max,6.670911284599489,5.817538356354613,3.853003652503366,3.299997542665196,21.389962245011706,252.68102820997592,0.8533729282448759,0.55300610983817,-231.29106596496422,0.08465203104697207,low,weak α=1.5 (97% in first 3)
cs_sigma0.75_weak_sparse_a1.5,8,8,cs,100,500,0.75,3.0,weak_sparse,1.5,10,3,1.0,0.8937182721336322,cocolasso_max,reweighted_max,6.163584153472977,5.3777618471409365,3.558953659243353,3.050595115314075,22.74661625607405,275.2831750790356,0.7858223063320402,0.5083585439292779,-252.53655882296152,0.08262988193718468,low,weak α=1.5 (97% in first 3)
cs_sigma0.75_weak_sparse_a1.5,9,9,cs,100,500,0.75,3.0,weak_sparse,1.5,10,3,1.0,0.8937182721336322,cocolasso_max,reweighted_max,8.121264547027042,7.875126359628799,4.080564365334723,3.9407479728624377,22.83691141696181,291.4533814289607,0.24613818739824378,0.1398163924722855,-268.6164700119989,0.07835528037106722,low,weak α=1.5 (97% in first 3)
cs_sigma0.75_weak_sparse_a1.5,10,10,cs,100,500,0.75,3.0,weak_sparse,1.5,10,3,1.0,0.8937182721336322,cocolasso_max,reweighted_max,5.930072576383075,5.209653548622072,2.9667844438145177,2.6049312780531584,19.348092198953964,302.07999478292186,0.720419027761003,0.3618531657613593,-282.7319025839679,0.06404956479444368,low,weak α=1.5 (97% in first 3)
cs_sigma0.75_weak_sparse_a1.5,11,11,cs,100,500,0.75,3.0,weak_sparse,1.5,10,3,1.0,0.8937182721336322,cocolasso_max,reweighted_max,6.529080426900001,5.437680257485592,3.3906147091704315,2.7849292460823314,21.459613261045888,251.1116753200768,1.0914001694144089,0.6056854630881001,-229.65206205903092,0.08545844486797606,low,weak α=1.5 (97% in first 3)
cs_sigma0.75_weak_sparse_a1.5,12,12,cs,100,500,0.75,3.0,weak_sparse,1.5,10,3,1.0,0.8937182721336322,cocolasso_max,reweighted_max,5.984014597509408,4.735910973803161,3.007444791957686,2.3701491934901235,23.5485110480804,309.9367282819003,1.248103623706247,0.6372955984675626,-286.3882172338199,0.07597844624165373,low,weak α=1.5 (97% in first 3)
cs_sigma0.75_weak_sparse_a1.5,13,13,cs,100,500,0.75,3.0,weak_sparse,1.5,10,3,1.0,0.8937182721336322,cocolasso_max,reweighted_max,7.439411230056024,6.633599661131877,4.298843388559349,3.781662870386145,22.785181914106943,315.45389404601883,0.8058115689241472,0.5171805181732041,-292.6687121319119,0.0722298324546376,low,weak α=1.5 (97% in first 3)
cs_sigma0.75_weak_sparse_a1.5,14,14,cs,100,500,0.75,3.0,weak_sparse,1.5,10,3,1.0,0.8937182721336322,cocolasso_max,reweighted_max,8.468304244691856,8.28232470748879,4.28714659664464,4.154122076642271,19.869863686035387,294.77736054791603,0.1859795372030657,0.13302452000236897,-274.90749686188065,0.06740634236327502,low,weak α=1.5 (97% in first 3)
cs_sigma0.75_weak_sparse_a1.5,15,15,cs,100,500,0.75,3.0,weak_sparse,1.5,10,3,1.0,0.8937182721336322,cocolasso_max,reweighted_max,5.899505805183917,5.040569426077271,3.1742793549932515,2.6709897493259054,21.39227306598332,276.199534336105,0.8589363791066464,0.5032896056673462,-254.80726127012167,0.07745224161005006,low,weak α=1.5 (97% in first 3)
cs_sigma0.75_weak_sparse_a1.5,16,16,cs,100,500,0.75,3.0,weak_sparse,1.5,10,3,1.0,0.8937182721336322,cocolasso_max,reweighted_max,6.668812557426675,5.744215491846539,3.661160208680165,3.10289885739254,23.012590618920512,327.04434922803193,0.9245970655801354,0.5582613512876251,-304.0317586091114,0.07036535158990001,low,weak α=1.5 (97% in first 3)
cs_sigma0.75_weak_sparse_a1.5,17,17,cs,100,500,0.75,3.0,weak_sparse,1.5,10,3,1.0,0.8937182721336322,cocolasso_max,reweighted_max,7.9704923453066225,7.576057576094041,3.9853926006753273,3.803850500435908,22.99847739294637,258.3244343829574,0.39443476921258114,0.1815421002394193,-235.32595699001104,0.08902943094748787,low,weak α=1.5 (97% in first 3)
cs_sigma0.75_weak_sparse_a1.5,18,18,cs,100,500,0.75,3.0,weak_sparse,1.5,10,3,1.0,0.8937182721336322,cocolasso_max,reweighted_max,10.740483767648286,10.87479478163248,5.429782954169365,5.46862438785753,20.880499382968992,345.96913490304723,-0.13431101398419365,-0.03884143368816506,-325.08863552007824,0.060353647988917986,low,weak α=1.5 (97% in first 3)
cs_sigma0.75_weak_sparse_a1.5,19,19,cs,100,500,0.75,3.0,weak_sparse,1.5,10,3,1.0,0.8937182721336322,cocolasso_max,reweighted_max,4.777349895373777,3.2261046897108754,2.427445657636891,1.6156497246730184,20.600970510975458,375.8277924900176,1.5512452056629016,0.8117959329638724,-355.22682197904214,0.0548149203508483,low,weak α=1.5 (97% in first 3)
cs_sigma0.75_weak_sparse_a1.5,20,20,cs,100,500,0.75,3.0,weak_sparse,1.5,10,3,1.0,0.8937182721336322,cocolasso_max,reweighted_max,11.250592359707886,11.426054137164387,5.939221226322844,5.9339884378047945,22.019124554935843,293.51467016898096,-0.17546177745650127,0.005232788518049425,-271.4955456140451,0.07501882117939485,low,weak α=1.5 (97% in first 3)
cs_sigma0.75_weak_sparse_a1.5,21,21,cs,100,500,0.75,3.0,weak_sparse,1.5,10,3,1.0,0.8937182721336322,cocolasso_max,reweighted_max,5.133353060818139,3.714084615001657,2.5868633132273366,1.9236220900118517,23.42541429703124,278.2940876779612,1.4192684458164817,0.663241223215485,-254.86867338092998,0.08417503401703189,low,weak α=1.5 (97% in first 3)
cs_sigma0.75_weak_sparse_a1.5,22,22,cs,100,500,0.75,3.0,weak_sparse,1.5,10,3,1.0,0.8937182721336322,cocolasso_max,reweighted_max,7.197379760559919,6.456265246291478,4.508451694989364,3.9473724268246353,21.09812395100016,370.11031814594753,0.7411145142684408,0.5610792681647285,-349.01219419494737,0.05700496018779035,low,weak α=1.5 (97% in first 3)
cs_sigma0.75_weak_sparse_a1.5,23,23,cs,100,500,0.75,3.0,weak_sparse,1.5,10,3,1.0,0.8937182721336322,cocolasso_max,reweighted_max,3.75636528933328,2.56999865111335,1.9071466947486384,1.3631998514582675,20.365796932950616,302.58938437502366,1.1863666382199303,0.5439468432903709,-282.22358744207304,0.06730506086660867,low,weak α=1.5 (97% in first 3)
cs_sigma0.75_weak_sparse_a1.5,24,24,cs,100,500,0.75,3.0,weak_sparse,1.5,10,3,1.0,0.8937182721336322,cocolasso_max,reweighted_max,6.709256408323952,5.72269420833505,3.6509528134224167,3.056770864698411,22.487327644019388,345.80868706689216,0.986562199988902,0.5941819487240059,-323.3213594228728,0.06502823232913611,low,weak α=1.5 (97% in first 3)
cs_sigma0.75_weak_sparse_a1.5,25,25,cs,100,500,0.75,3.0,weak_sparse,1.5,10,3,1.0,0.8937182721336322,cocolasso_max,reweighted_max,4.960379847960997,3.83720518424127,2.5744673346308438,1.9786813311559883,23.21573064988479,308.624223088962,1.1231746637197269,0.5957860034748554,-285.40849243907724,0.07522329393824921,low,weak α=1.5 (97% in first 3)
cs_sigma0.75_weak_sparse_a1.5,26,26,cs,100,500,0.75,3.0,weak_sparse,1.5,10,3,1.0,0.8937182721336322,cocolasso_max,reweighted_max,4.522955021055186,3.1419507014273123,2.322698418237533,1.6081674178834195,23.195430892985318,259.9910740549676,1.3810043196278734,0.7145310003541134,-236.7956431619823,0.08921625858617482,low,weak α=1.5 (97% in first 3)
cs_sigma0.75_weak_sparse_a1.5,27,27,cs,100,500,0.75,3.0,weak_sparse,1.5,10,3,1.0,0.8937182721336322,cocolasso_max,reweighted_max,7.617188446842854,6.717644609410165,4.025421025603111,3.5111733388733133,19.439727859920826,255.78148148197212,0.899543837432689,0.514247686729798,-236.3417536220513,0.0760013107567014,low,weak α=1.5 (97% in first 3)
cs_sigma0.75_weak_sparse_a1.5,28,28,cs,100,500,0.75,3.0,weak_sparse,1.5,10,3,1.0,0.8937182721336322,cocolasso_max,reweighted_max,7.508361976815554,6.768828728003373,4.104300765643732,3.657967289035679,22.145942213013768,307.6555922200205,0.7395332488121804,0.44633347660805267,-285.5096500070067,0.07198290157253523,low,weak α=1.5 (97% in first 3)
cs_sigma0.75_weak_sparse_a1.5,29,29,cs,100,500,0.75,3.0,weak_sparse,1.5,10,3,1.0,0.8937182721336322,cocolasso_max,reweighted_max,6.93107206539362,6.508122319431252,3.712136841014036,3.3948239941749465,23.236320917028934,262.44145066291094,0.42294974596236745,0.31731284683908934,-239.205129745882,0.0885390659834238,low,weak α=1.5 (97% in first 3)
cs_sigma0.75_weak_sparse_a1.5,30,30,cs,100,500,0.75,3.0,weak_sparse,1.5,10,3,1.0,0.8937182721336322,cocolasso_max,reweighted_max,11.211575311494236,11.96684976724494,5.6803507639242605,6.019101433220367,23.21133937407285,274.8266662469832,-0.755274455750703,-0.33875066929610664,-251.61532687291037,0.08445810477944347,low,weak α=1.5 (97% in first 3)
cs_sigma0.75_weak_sparse_a1.5,31,31,cs,100,500,0.75,3.0,weak_sparse,1.5,10,3,1.0,0.8937182721336322,cocolasso_max,reweighted_max,8.046943133336075,7.778261272298208,4.057697775090392,3.979678958750404,20.45835893799085,291.1999297150178,0.2686818610378676,0.0780188163399882,-270.74157077702694,0.07025537045291316,low,weak α=1.5 (97% in first 3)
cs_sigma0.75_weak_sparse_a1.5,32,32,cs,100,500,0.75,3.0,weak_sparse,1.5,10,3,1.0,0.8937182721336322,cocolasso_max,reweighted_max,6.304525027007764,5.127033844952437,3.506430585405705,2.8312992773302774,21.067639596993104,294.81447071,1.177491182055327,0.6751313080754278,-273.7468311130069,0.07146066998087315,low,weak α=1.5 (97% in first 3)
cs_sigma0.75_weak_sparse_a1.5,33,33,cs,100,500,0.75,3.0,weak_sparse,1.5,10,3,1.0,0.8937182721336322,cocolasso_max,reweighted_max,6.400516623508377,5.654648779725134,3.2412134930874763,2.846029515478382,22.35479159303941,271.2031046259217,0.7458678437832429,0.3951839776090944,-248.8483130328823,0.08242822892412688,low,weak α=1.5 (97% in first 3)
cs_sigma0.75_weak_sparse_a1.5,34,34,cs,100,500,0.75,3.0,weak_sparse,1.5,10,3,1.0,0.8937182721336322,cocolasso_max,reweighted_max,7.629049296636941,7.058033521754631,3.839023727768292,3.5380217786193726,23.4536657910794,295.6377073879121,0.5710157748823104,0.3010019491489193,-272.1840415968327,0.07933245727787146,low,weak α=1.5 (97% in first 3)
cs_sigma0.75_weak_sparse_a1.5,35,35,cs,100,500,0.75,3.0,weak_sparse,1.5,10,3,1.0,0.8937182721336322,cocolasso_max,reweighted_max,6.667155350451624,6.1814844986424,3.538877033312749,3.210430260405677,19.92124368296936,245.60756769799627,0.48567085180922476,0.3284467729070717,-225.6863240150269,0.08111005645992513,low,weak α=1.5 (97% in first 3)
cs_sigma0.75_weak_sparse_a1.5,36,36,cs,100,500,0.75,3.0,weak_sparse,1.5,10,3,1.0,0.8937182721336322,cocolasso_max,reweighted_max,10.777164366656775,10.867172603390475,5.438401703065573,5.451577659589809,22.257272638962604,299.81631041306537,-0.09000823673370029,-0.013175956524236199,-277.55903777410276,0.0742363636197715,low,weak α=1.5 (97% in first 3)
cs_sigma0.75_weak_sparse_a1.5,37,37,cs,100,500,0.75,3.0,weak_sparse,1.5,10,3,1.0,0.8937182721336322,cocolasso_max,reweighted_max,6.493636065969225,5.335536026358676,3.49088890428817,2.813524820371263,23.27099707198795,346.68432901706547,1.1581000396105487,0.6773640839169071,-323.4133319450775,0.06712445623938901,low,weak α=1.5 (97% in first 3)
cs_sigma0.75_weak_sparse_a1.5,38,38,cs,100,500,0.75,3.0,weak_sparse,1.5,10,3,1.0,0.8937182721336322,cocolasso_max,reweighted_max,6.362975619759596,5.111291060023112,3.2742285120657617,2.59197351214505,21.799280466977507,289.26498445193283,1.2516845597364838,0.6822549999207119,-267.4657039849553,0.07536093768238268,low,weak α=1.5 (97% in first 3)
cs_sigma0.75_weak_sparse_a1.5,39,39,cs,100,500,0.75,3.0,weak_sparse,1.5,10,3,1.0,0.8937182721336322,cocolasso_max,reweighted_max,6.686711801607541,5.419808831589808,3.6226021068944094,2.842679131784956,22.456848729983903,247.40336684393696,1.2669029700177328,0.7799229751094536,-224.94651811395306,0.09077018238054041,low,weak α=1.5 (97% in first 3)
cs_sigma0.75_weak_sparse_a1.5,40,40,cs,100,500,0.75,3.0,weak_sparse,1.5,10,3,1.0,0.8937182721336322,cocolasso_max,reweighted_max,6.174176205657231,5.066351904020059,3.401713205690665,2.7804564021200138,20.67716543492861,274.5781338450033,1.107824301637172,0.6212568035706512,-253.9009684100747,0.07530521511447327,low,weak α=1.5 (97% in first 3)
cs_sigma0.75_weak_sparse_a1.5,41,41,cs,100,500,0.75,3.0,weak_sparse,1.5,10,3,1.0,0.8937182721336322,cocolasso_max,reweighted_max,5.663674150432327,4.258929894891082,3.2110194845468456,2.4036369772473165,20.802193038049158,324.95501482801046,1.404744255541245,0.8073825072995291,-304.1528217899613,0.06401560858834314,low,weak α=1.5 (97% in first 3)
cs_sigma0.75_weak_sparse_a1.5,42,42,cs,100,500,0.75,3.0,weak_sparse,1.5,10,3,1.0,0.8937182721336322,cocolasso_max,reweighted_max,10.185542102835887,10.08623427447212,5.454208736801753,5.342246216653795,22.637697208905596,322.7640452469932,0.0993078283637665,0.1119625201479586,-300.1263480380876,0.0701369856471536,low,weak α=1.5 (97% in first 3)
cs_sigma0.75_weak_sparse_a1.5,43,43,cs,100,500,0.75,3.0,weak_sparse,1.5,10,3,1.0,0.8937182721336322,cocolasso_max,reweighted_max,5.889103257806388,4.733553573192001,3.205412631501967,2.568611748224595,22.774629377992824,297.20883831300307,1.1555496846143871,0.6368008832773722,-274.43420893501025,0.07662837184541567,low,weak α=1.5 (97% in first 3)
cs_sigma0.75_weak_sparse_a1.5,44,44,cs,100,500,0.75,3.0,weak_sparse,1.5,10,3,1.0,0.8937182721336322,cocolasso_max,reweighted_max,6.136066102819982,4.803167841526454,3.409306794773737,2.686253645897313,22.954368276055902,304.4333140719682,1.3328982612935283,0.7230531488764238,-281.4789457959123,0.07540031663758545,low,weak α=1.5 (97% in first 3)
cs_sigma0.75_weak_sparse_a1.5,45,45,cs,100,500,0.75,3.0,weak_sparse,1.5,10,3,1.0,0.8937182721336322,cocolasso_max,reweighted_max,9.709925936412104,9.47738094987576,5.107375333269452,4.937425910310009,22.456477348925542,322.75752771203406,0.23254498653634315,0.16994942295944337,-300.3010503631085,0.06957692825358772,low,weak α=1.5 (97% in first 3)
cs_sigma0.75_weak_sparse_a1.5,46,46,cs,100,500,0.75,3.0,weak_sparse,1.5,10,3,1.0,0.8937182721336322,cocolasso_max,reweighted_max,4.288031077212246,2.5162859350853357,2.238359606026571,1.4505171213157022,20.965964543051086,338.0348349889973,1.77174514212691,0.7878424847108689,-317.06887044594623,0.062023088666981634,low,weak α=1.5 (97% in first 3)
cs_sigma0.75_weak_sparse_a1.5,47,47,cs,100,500,0.75,3.0,weak_sparse,1.5,10,3,1.0,0.8937182721336322,cocolasso_max,reweighted_max,6.133850486966483,5.423969953493423,3.13443104292046,2.752800966266548,23.04791986302007,300.05664626008365,0.7098805334730596,0.381630076653912,-277.0087263970636,0.07681189585463323,low,weak α=1.5 (97% in first 3)
cs_sigma0.75_weak_sparse_a1.5,48,48,cs,100,500,0.75,3.0,weak_sparse,1.5,10,3,1.0,0.8937182721336322,cocolasso_max,reweighted_max,7.316469405033929,6.306629041243287,4.278396439721294,3.634203569648149,23.104393340996467,368.16524632193614,1.0098403637906417,0.644192870073145,-345.06085298093967,0.06275549789616265,low,weak α=1.5 (97% in first 3)
cs_sigma0.75_weak_sparse_a1.5,49,49,cs,100,500,0.75,3.0,weak_sparse,1.5,10,3,1.0,0.8937182721336322,cocolasso_max,reweighted_max,5.612555180837384,4.694874086315391,2.897540552688541,2.3939463248848063,22.19553984003141,277.4927173019387,0.9176810945219929,0.5035942278037346,-255.29717746190727,0.07998602650130286,low,weak α=1.5 (97% in first 3)
cs_sigma0.75_weak_sparse_a1.5,50,50,cs,100,500,0.75,3.0,weak_sparse,1.5,10,3,1.0,0.8937182721336322,cocolasso_max,reweighted_max,7.365622494614215,6.425510393987757,4.17711305160612,3.5801630294511,22.758096606936306,168.6895462940447,0.9401121006264574,0.5969500221550197,-145.9314496871084,0.13491112583388187,low,weak α=1.5 (97% in first 3)
cs_sigma0.75_weak_sparse_a1.5,51,51,cs,100,500,0.75,3.0,weak_sparse,1.5,10,3,1.0,0.8937182721336322,cocolasso_max,reweighted_max,6.817298330161265,5.935651994341542,3.539732187100177,3.0470210121514603,22.762933411984704,234.82025499700103,0.8816463358197231,0.49271117494871675,-212.05732158501633,0.0969376913941066,low,weak α=1.5 (97% in first 3)
cs_sigma0.75_weak_sparse_a1.5,52,52,cs,100,500,0.75,3.0,weak_sparse,1.5,10,3,1.0,0.8937182721336322,cocolasso_max,reweighted_max,8.372243036766454,7.709193309653742,5.1703774013123605,4.7215910546262005,23.91255475091748,207.0169133170275,0.6630497271127123,0.4487863466861599,-183.10435856611002,0.11551015019868249,low,weak α=1.5 (97% in first 3)
cs_sigma0.75_weak_sparse_a1.5,53,53,cs,100,500,0.75,3.0,weak_sparse,1.5,10,3,1.0,0.8937182721336322,cocolasso_max,reweighted_max,5.597216558444427,4.059036472306737,2.887385232298556,2.0614435906686444,21.421691340976395,233.31623822799884,1.5381800861376904,0.8259416416299117,-211.89454688702244,0.09181397533095367,low,weak α=1.5 (97% in first 3)
cs_sigma0.75_weak_sparse_a1.5,54,54,cs,100,500,0.75,3.0,weak_sparse,1.5,10,3,1.0,0.8937182721336322,cocolasso_max,reweighted_max,6.14779264246253,5.37699581629452,3.2958683364178456,2.8419607423984257,22.41860295308288,216.96774506394289,0.7707968261680103,0.45390759401941994,-194.54914211086,0.10332689288205424,low,weak α=1.5 (97% in first 3)
cs_sigma0.75_weak_sparse_a1.5,55,55,cs,100,500,0.75,3.0,weak_sparse,1.5,10,3,1.0,0.8937182721336322,cocolasso_max,reweighted_max,9.29610223824499,8.948998148746979,4.6489782832687885,4.474897601077001,23.716521561029367,228.87967784900684,0.34710408949801064,0.17408068219178752,-205.16315628797747,0.10362004081758314,low,weak α=1.5 (97% in first 3)
cs_sigma0.75_weak_sparse_a1.5,56,56,cs,100,500,0.75,3.0,weak_sparse,1.5,10,3,1.0,0.8937182721336322,cocolasso_max,reweighted_max,5.810102775859824,4.634465480845698,3.0427840783377897,2.364416953592676,23.736310863983817,185.6326659140177,1.175637295014126,0.678367124745114,-161.8963550500339,0.1278671011220521,low,weak α=1.5 (97% in first 3)
cs_sigma0.75_weak_sparse_a1.5,57,57,cs,100,500,0.75,3.0,weak_sparse,1.5,10,3,1.0,0.8937182721336322,cocolasso_max,reweighted_max,9.717502709523332,10.620082870785147,4.927903039556317,5.341078327631471,21.47999379003886,190.51634219894183,-0.902580161261815,-0.4131752880751538,-169.03634840890297,0.11274620088815754,low,weak α=1.5 (97% in first 3)
cs_sigma0.75_weak_sparse_a1.5,58,58,cs,100,500,0.75,3.0,weak_sparse,1.5,10,3,1.0,0.8937182721336322,cocolasso_max,reweighted_max,7.449403176161584,6.837082238409824,3.951196246944462,3.5561632797456872,22.419872345984917,202.763141126954,0.6123209377517602,0.3950329671987749,-180.34326878096908,0.11057173518508176,low,weak α=1.5 (97% in first 3)
cs_sigma0.75_weak_sparse_a1.5,59,59,cs,100,500,0.75,3.0,weak_sparse,1.5,10,3,1.0,0.8937182721336322,cocolasso_max,reweighted_max,6.656562776070151,5.874271495941892,3.654043069135134,3.167790445658779,23.48188450897578,194.1201545560034,0.7822912801282591,0.48625262347635534,-170.63827004702762,0.1209657212703346,low,weak α=1.5 (97% in first 3)
cs_sigma0.75_weak_sparse_a1.5,60,60,cs,100,500,0.75,3.0,weak_sparse,1.5,10,3,1.0,0.8937182721336322,cocolasso_max,reweighted_max,7.930805426423977,7.098492273855557,4.090001259708097,3.6472783359646623,23.76160455297213,221.24691324599556,0.8323131525684202,0.44272292374343447,-197.48530869302343,0.1073985810891407,low,weak α=1.5 (97% in first 3)
cs_sigma0.75_weak_sparse_a1.5,61,61,cs,100,500,0.75,3.0,weak_sparse,1.5,10,3,1.0,0.8937182721336322,cocolasso_max,reweighted_max,8.60242461768275,8.112013655529772,4.404449893085142,4.127161931028878,21.609594102948904,218.7748349229805,0.4904109621529784,0.27728796205626427,-197.16524082003158,0.09877550181014441,low,weak α=1.5 (97% in first 3)
cs_sigma0.75_weak_sparse_a1.5,62,62,cs,100,500,0.75,3.0,weak_sparse,1.5,10,3,1.0,0.8937182721336322,cocolasso_max,reweighted_max,4.945027010913546,3.408855595392257,2.4726977330362936,1.738282161357537,22.53559260594193,174.80376634001732,1.5361714155212893,0.7344155716787566,-152.2681737340754,0.1289193767261691,low,weak α=1.5 (97% in first 3)
cs_sigma0.75_weak_sparse_a1.5,63,63,cs,100,500,0.75,3.0,weak_sparse,1.5,10,3,1.0,0.8937182721336322,cocolasso_max,reweighted_max,5.776590960940814,4.240775466296206,2.9107701824709924,2.1205248028093697,23.321390431025065,273.6632401300594,1.5358154946446074,0.7902453796616227,-250.34184969903436,0.08521930245341498,low,weak α=1.5 (97% in first 3)
cs_sigma0.75_weak_sparse_a1.5,64,64,cs,100,500,0.75,3.0,weak_sparse,1.5,10,3,1.0,0.8937182721336322,cocolasso_max,reweighted_max,10.039319116549793,10.193840317997736,5.191616275503286,5.22559378895907,24.803715756046586,220.8287559329765,-0.15452120144794357,-0.033977513455783814,-196.0250401769299,0.11232104103133532,low,weak α=1.5 (97% in first 3)
cs_sigma0.75_weak_sparse_a1.5,65,65,cs,100,500,0.75,3.0,weak_sparse,1.5,10,3,1.0,0.8937182721336322,cocolasso_max,reweighted_max,3.735879624913653,2.755359725175367,2.0274086257102777,1.4520699633297314,21.60635733196977,170.91491035209037,0.9805198997382858,0.5753386623805463,-149.3085530201206,0.12641587142666466,low,weak α=1.5 (97% in first 3)
cs_sigma0.75_weak_sparse_a1.5,66,66,cs,100,500,0.75,3.0,weak_sparse,1.5,10,3,1.0,0.8937182721336322,cocolasso_max,reweighted_max,5.741593497425761,4.950705632112577,3.3306150655946265,2.928708250210076,23.36130620993208,173.18190707301255,0.7908878653131843,0.4019068153845504,-149.82060086308047,0.13489461228812477,low,weak α=1.5 (97% in first 3)
cs_sigma0.75_weak_sparse_a1.5,67,67,cs,100,500,0.75,3.0,weak_sparse,1.5,10,3,1.0,0.8937182721336322,cocolasso_max,reweighted_max,11.161056717684966,11.287100250653356,6.369940739746887,6.329139016367367,23.50073125492781,239.36096396693029,-0.12604353296839044,0.04080172337951993,-215.86023271200247,0.09818113557637005,low,weak α=1.5 (97% in first 3)
cs_sigma0.75_weak_sparse_a1.5,68,68,cs,100,500,0.75,3.0,weak_sparse,1.5,10,3,1.0,0.8937182721336322,cocolasso_max,reweighted_max,6.80753112728122,6.007759010285106,3.5543558098757764,3.0778110044223363,23.8320684239734,213.95660879299976,0.7997721169961141,0.47654480545344,-190.12454036902636,0.11138739092200987,low,weak α=1.5 (97% in first 3)
cs_sigma0.75_weak_sparse_a1.5,69,69,cs,100,500,0.75,3.0,weak_sparse,1.5,10,3,1.0,0.8937182721336322,cocolasso_max,reweighted_max,7.581148516652627,7.162012167411419,3.799818147320798,3.582060392387132,22.510386609938,219.2952868049033,0.41913634924120835,0.217757754933666,-196.7849001949653,0.10264874789563731,low,weak α=1.5 (97% in first 3)
cs_sigma0.75_weak_sparse_a1.5,70,70,cs,100,500,0.75,3.0,weak_sparse,1.5,10,3,1.0,0.8937182721336322,cocolasso_max,reweighted_max,7.743937131282811,6.746072412598274,4.172548689267356,3.6167719614187175,23.017283861991015,240.6543592850212,0.9978647186845375,0.5557767278486385,-217.63707542303018,0.09564457477676638,low,weak α=1.5 (97% in first 3)
cs_sigma0.75_weak_sparse_a1.5,71,71,cs,100,500,0.75,3.0,weak_sparse,1.5,10,3,1.0,0.8937182721336322,cocolasso_max,reweighted_max,5.782395588099243,4.59102469841756,2.90517974154285,2.2962543551413432,23.70882592210546,172.00366037304047,1.191370889681683,0.608925386401507,-148.294834450935,0.1378390777887279,low,weak α=1.5 (97% in first 3)
cs_sigma0.75_weak_sparse_a1.5,72,72,cs,100,500,0.75,3.0,weak_sparse,1.5,10,3,1.0,0.8937182721336322,cocolasso_max,reweighted_max,10.902690222021572,11.440503939595695,6.192541019696961,6.345633690623054,23.72710605105385,217.33153601503,-0.5378137175741227,-0.15309267092609335,-193.60442996397614,0.10917470370895899,low,weak α=1.5 (97% in first 3)
cs_sigma0.75_weak_sparse_a1.5,73,73,cs,100,500,0.75,3.0,weak_sparse,1.5,10,3,1.0,0.8937182721336322,cocolasso_max,reweighted_max,7.354270781201588,6.292801318788118,4.4595795304284245,3.7831298555442654,23.843309900024902,266.656520865974,1.06146946241347,0.6764496748841591,-242.8132109659491,0.08941581410645098,low,weak α=1.5 (97% in first 3)
cs_sigma0.75_weak_sparse_a1.5,74,74,cs,100,500,0.75,3.0,weak_sparse,1.5,10,3,1.0,0.8937182721336322,cocolasso_max,reweighted_max,3.099573099401186,2.1889838395696817,1.6066130779548926,1.0976369321549535,21.10034781100694,208.1836472529685,0.9105892598315042,0.5089761457999391,-187.08329944196157,0.10135449200468395,low,weak α=1.5 (97% in first 3)
cs_sigma0.75_weak_sparse_a1.5,75,75,cs,100,500,0.75,3.0,weak_sparse,1.5,10,3,1.0,0.8937182721336322,cocolasso_max,reweighted_max,6.564716768266655,5.498385716570301,3.2838442574197155,2.774981281446752,23.540432636043988,270.53450748999603,1.0663310516963547,0.5088629759729635,-246.99407485395204,0.08701452858805629,low,weak α=1.5 (97% in first 3)
cs_sigma0.75_weak_sparse_a1.5,76,76,cs,100,500,0.75,3.0,weak_sparse,1.5,10,3,1.0,0.8937182721336322,cocolasso_max,reweighted_max,3.610369734461717,2.256989648161121,1.8868415087595165,1.1304069007705713,23.467958559980616,298.2012111780932,1.353380086300596,0.7564346079889452,-274.7332526181126,0.07869840121462472,low,weak α=1.5 (97% in first 3)
cs_sigma0.75_weak_sparse_a1.5,77,77,cs,100,500,0.75,3.0,weak_sparse,1.5,10,3,1.0,0.8937182721336322,cocolasso_max,reweighted_max,6.386113549061758,5.436980381240929,3.44617459599693,2.927334174338979,21.191698999959044,302.0929032670101,0.949133167820829,0.5188404216579512,-280.90120426705107,0.07014960884807145,low,weak α=1.5 (97% in first 3)
cs_sigma0.75_weak_sparse_a1.5,78,78,cs,100,500,0.75,3.0,weak_sparse,1.5,10,3,1.0,0.8937182721336322,cocolasso_max,reweighted_max,6.60764679399791,5.747445815334938,3.74948606469654,3.1805769418329164,22.783372623031028,288.43924408301245,0.8602009786629718,0.5689091228636238,-265.6558714599814,0.07898846322199486,low,weak α=1.5 (97% in first 3)
cs_sigma0.75_weak_sparse_a1.5,79,79,cs,100,500,0.75,3.0,weak_sparse,1.5,10,3,1.0,0.8937182721336322,cocolasso_max,reweighted_max,7.3953685457380605,6.654809747780492,3.9011164342815072,3.458392464825708,20.93167015491053,292.2409809230594,0.7405587979575685,0.44272396945579917,-271.30931076814886,0.07162469168012195,low,weak α=1.5 (97% in first 3)
cs_sigma0.75_weak_sparse_a1.5,80,80,cs,100,500,0.75,3.0,weak_sparse,1.5,10,3,1.0,0.8937182721336322,cocolasso_max,reweighted_max,4.791123928271263,3.5880431083605138,2.4275287311928717,1.8774101163793064,23.421437488985248,300.65924519498367,1.2030808199107494,0.5501186148135653,-277.2378077059984,0.07790027369288434,low,weak α=1.5 (97% in first 3)
cs_sigma0.75_weak_sparse_a1.5,81,81,cs,100,500,0.75,3.0,weak_sparse,1.5,10,3,1.0,0.8937182721336322,cocolasso_max,reweighted_max,7.040385163907555,6.257215400146601,4.202845618778728,3.718220527639589,22.8932996270014,293.54690957500134,0.783169763760954,0.48462509113913876,-270.65360994799994,0.07798855610555203,low,weak α=1.5 (97% in first 3)
cs_sigma0.75_weak_sparse_a1.5,82,82,cs,100,500,0.75,3.0,weak_sparse,1.5,10,3,1.0,0.8937182721336322,cocolasso_max,reweighted_max,6.754977195633797,5.8896690297090455,4.369917109019584,3.782593653892686,22.798359796986915,310.50956759706605,0.8653081659247519,0.5873234551268975,-287.71120780007914,0.07342240683086228,low,weak α=1.5 (97% in first 3)
cs_sigma0.75_weak_sparse_a1.5,83,83,cs,100,500,0.75,3.0,weak_sparse,1.5,10,3,1.0,0.8937182721336322,cocolasso_max,reweighted_max,8.085240265585991,7.716869205731873,4.390777599545667,4.108593891740611,23.082309829071164,275.7298608920537,0.3683710598541179,0.2821837078050562,-252.64755106298253,0.0837134931791364,low,weak α=1.5 (97% in first 3)
cs_sigma0.75_weak_sparse_a1.5,84,84,cs,100,500,0.75,3.0,weak_sparse,1.5,10,3,1.0,0.8937182721336322,cocolasso_max,reweighted_max,7.309171319445561,6.503170983628328,4.028722898538586,3.559617675474111,22.4747639229754,293.86975593399256,0.8060003358172327,0.4691052230644748,-271.39499201101717,0.07647865583018199,low,weak α=1.5 (97% in first 3)
cs_sigma0.75_weak_sparse_a1.5,85,85,cs,100,500,0.75,3.0,weak_sparse,1.5,10,3,1.0,0.8937182721336322,cocolasso_max,reweighted_max,11.260768969524229,11.447780819739007,5.827990604481447,5.876899224436928,23.04617839492857,298.8152799300151,-0.18701185021477862,-0.04890861995548068,-275.7691015350865,0.07712516709428704,low,weak α=1.5 (97% in first 3)
cs_sigma0.75_weak_sparse_a1.5,86,86,cs,100,500,0.75,3.0,weak_sparse,1.5,10,3,1.0,0.8937182721336322,cocolasso_max,reweighted_max,4.982748024245115,4.303248479270849,2.6944756735993005,2.296786062363456,23.897587778046727,221.14090955199208,0.6794995449742665,0.39768961123584434,-197.24332177394535,0.10806497914140216,low,weak α=1.5 (97% in first 3)
cs_sigma0.75_weak_sparse_a1.5,87,87,cs,100,500,0.75,3.0,weak_sparse,1.5,10,3,1.0,0.8937182721336322,cocolasso_max,reweighted_max,4.221740554364669,2.896554756454404,2.2176300433984366,1.4622206211291708,23.766985547961667,279.5934068930801,1.3251857979102653,0.7554094222692658,-255.82642134511843,0.08500552932226492,low,weak α=1.5 (97% in first 3)
cs_sigma0.75_weak_sparse_a1.5,88,88,cs,100,500,0.75,3.0,weak_sparse,1.5,10,3,1.0,0.8937182721336322,cocolasso_max,reweighted_max,10.754909422157636,11.37635437603981,6.0575373265230095,6.277885258608799,21.72745144495275,267.95989627193194,-0.6214449538821736,-0.2203479320857893,-246.2324448269792,0.08108471359797521,low,weak α=1.5 (97% in first 3)
cs_sigma0.75_weak_sparse_a1.5,89,89,cs,100,500,0.75,3.0,weak_sparse,1.5,10,3,1.0,0.8937182721336322,cocolasso_max,reweighted_max,5.80125524317952,4.86351637458165,3.0276152695181606,2.503411143891233,23.37051392905414,226.6626591850072,0.9377388685978705,0.5242041256269276,-203.29214525595305,0.103107031449669,low,weak α=1.5 (97% in first 3)
cs_sigma0.75_weak_sparse_a1.5,90,90,cs,100,500,0.75,3.0,weak_sparse,1.5,10,3,1.0,0.8937182721336322,cocolasso_max,reweighted_max,9.642236843387682,9.475984752691216,5.014376360566483,4.905179001532507,23.894817020045597,297.45646481995936,0.16625209069646552,0.10919735903397587,-273.56164779991377,0.08033046797119822,low,weak α=1.5 (97% in first 3)
cs_sigma0.75_weak_sparse_a1.5,91,91,cs,100,500,0.75,3.0,weak_sparse,1.5,10,3,1.0,0.8937182721336322,cocolasso_max,reweighted_max,7.290445570565604,6.530204035755066,4.5518612311366375,4.052565543380323,23.29844492208213,323.46993506897707,0.7602415348105378,0.49929568775631417,-300.17149014689494,0.07202661637507037,low,weak α=1.5 (97% in first 3)
cs_sigma0.75_weak_sparse_a1.5,92,92,cs,100,500,0.75,3.0,weak_sparse,1.5,10,3,1.0,0.8937182721336322,cocolasso_max,reweighted_max,9.818605436577144,9.920977723050418,4.962724116707727,4.98462823753913,21.544338183943182,256.50475260801613,-0.10237228647327434,-0.021904120831403695,-234.96041442407295,0.08399196492420036,low,weak α=1.5 (97% in first 3)
cs_sigma0.75_weak_sparse_a1.5,93,93,cs,100,500,0.75,3.0,weak_sparse,1.5,10,3,1.0,0.8937182721336322,cocolasso_max,reweighted_max,6.790766895953063,6.199093467528932,4.5484815068903925,4.090126493370259,22.57591378397774,313.24571311404,0.591673428424131,0.4583550135201335,-290.66979933006223,0.07207094251840175,low,weak α=1.5 (97% in first 3)
cs_sigma0.75_weak_sparse_a1.5,94,94,cs,100,500,0.75,3.0,weak_sparse,1.5,10,3,1.0,0.8937182721336322,cocolasso_max,reweighted_max,8.878157775637035,8.391074980887417,4.539063244999392,4.251919238184525,24.216517835040577,327.9714350861032,0.48708279474961813,0.2871440068148665,-303.75491725106264,0.07383727741009807,low,weak α=1.5 (97% in first 3)
cs_sigma0.75_weak_sparse_a1.5,95,95,cs,100,500,0.75,3.0,weak_sparse,1.5,10,3,1.0,0.8937182721336322,cocolasso_max,reweighted_max,7.724639507948682,7.389787340273928,3.910142210553997,3.706049884513377,23.160694437101483,257.67529403592926,0.3348521676747538,0.20409232604062,-234.51459959882777,0.08988325607138745,low,weak α=1.5 (97% in first 3)
cs_sigma0.75_weak_sparse_a1.5,96,96,cs,100,500,0.75,3.0,weak_sparse,1.5,10,3,1.0,0.8937182721336322,cocolasso_max,reweighted_max,3.983058013605839,2.69656539735884,2.1966594283736,1.5536406852519633,22.527928235009316,285.9606274389662,1.2864926162469987,0.6430187431216368,-263.4326992039569,0.0787798251695246,low,weak α=1.5 (97% in first 3)
cs_sigma0.75_weak_sparse_a1.5,97,97,cs,100,500,0.75,3.0,weak_sparse,1.5,10,3,1.0,0.8937182721336322,cocolasso_max,reweighted_max,9.252769015735804,9.000096574767372,5.01074798029483,4.77105850796754,23.44218228606041,328.6552738129394,0.252672440968432,0.23968947232728954,-305.213091526879,0.07132757072202951,low,weak α=1.5 (97% in first 3)
cs_sigma0.75_weak_sparse_a1.5,98,98,cs,100,500,0.75,3.0,weak_sparse,1.5,10,3,1.0,0.8937182721336322,cocolasso_max,reweighted_max,7.899047548159278,7.417619539502768,3.949529575393599,3.716348326867924,23.999883873970248,278.68395010603126,0.48142800865651036,0.23318124852567523,-254.684066232061,0.0861186439507513,low,weak α=1.5 (97% in first 3)
cs_sigma0.75_weak_sparse_a1.5,99,99,cs,100,500,0.75,3.0,weak_sparse,1.5,10,3,1.0,0.8937182721336322,cocolasso_max,reweighted_max,6.529203666443923,5.897546247614933,3.4388495078039063,3.076067815361374,23.89726378396153,298.9062875569798,0.6316574188289898,0.3627816924425322,-275.00902377301827,0.07994901672788014,low,weak α=1.5 (97% in first 3)
cs_sigma0.75_weak_sparse_a2.0,0,0,cs,100,500,0.75,3.0,weak_sparse,2.0,10,3,1.0,0.8793859844187413,cocolasso_max,reweighted_max,6.522455503177151,5.669505250244156,3.686534079206672,3.160925210033628,17.256182634970173,249.0634328689193,0.8529502529329953,0.5256088691730438,-231.80725023394913,0.06928428808757328,low,weak α=2.0 (99% in first 3)
cs_sigma0.75_weak_sparse_a2.0,1,1,cs,100,500,0.75,3.0,weak_sparse,2.0,10,3,1.0,0.8793859844187413,cocolasso_max,reweighted_max,4.662507292314335,3.4070254409599934,2.9189874642028766,2.105361372756245,17.267212492995895,237.11749617091849,1.2554818513543418,0.8136260914466318,-219.8502836779226,0.07282133445163146,low,weak α=2.0 (99% in first 3)
cs_sigma0.75_weak_sparse_a2.0,2,2,cs,100,500,0.75,3.0,weak_sparse,2.0,10,3,1.0,0.8793859844187413,cocolasso_max,reweighted_max,9.794401182649407,9.827397411987326,7.210381603985587,7.185771600530357,16.706632834975608,300.2165890909964,-0.03299622933791824,0.0246100034552299,-283.5099562560208,0.055648599851062144,low,weak α=2.0 (99% in first 3)
cs_sigma0.75_weak_sparse_a2.0,3,3,cs,100,500,0.75,3.0,weak_sparse,2.0,10,3,1.0,0.8793859844187413,cocolasso_max,reweighted_max,3.963557420350216,2.771885105425138,2.059333543768916,1.4198614761431991,16.205562233983073,307.1097188530257,1.191672314925078,0.6394720676257171,-290.9041566190426,0.05276798889500013,low,weak α=2.0 (99% in first 3)
cs_sigma0.75_weak_sparse_a2.0,4,4,cs,100,500,0.75,3.0,weak_sparse,2.0,10,3,1.0,0.8793859844187413,cocolasso_max,reweighted_max,4.989157327538494,3.989597518994521,2.6668577514972065,2.120420109566184,15.851042501977645,249.2243164649699,0.9995598085439727,0.5464376419310226,-233.37327396299224,0.06360150857994473,low,weak α=2.0 (99% in first 3)
cs_sigma0.75_weak_sparse_a2.0,5,5,cs,100,500,0.75,3.0,weak_sparse,2.0,10,3,1.0,0.8793859844187413,cocolasso_max,reweighted_max,4.9738036585076975,3.926700702000196,2.5284859292811235,1.9714488608850824,16.154441228020005,254.4724969540257,1.0471029565075014,0.5570370683960411,-238.3180557260057,0.06348207142769755,low,weak α=2.0 (99% in first 3)
cs_sigma0.75_weak_sparse_a2.0,6,6,cs,100,500,0.75,3.0,weak_sparse,2.0,10,3,1.0,0.8793859844187413,cocolasso_max,reweighted_max,4.747573388235085,3.6964498309577887,2.6809947648907886,2.054325258257814,16.21015230001649,293.37195739196613,1.0511235572772963,0.6266695066329744,-277.16180509194965,0.05525460730508252,low,weak α=2.0 (99% in first 3)
cs_sigma0.75_weak_sparse_a2.0,7,7,cs,100,500,0.75,3.0,weak_sparse,2.0,10,3,1.0,0.8793859844187413,cocolasso_max,reweighted_max,5.289870515716504,4.365941036340489,3.154220707310264,2.5556222089842624,16.2956434719963,252.38884601311287,0.9239294793760147,0.5985984983260018,-236.09320254111657,0.0645656245488347,low,weak α=2.0 (99% in first 3)
cs_sigma0.75_weak_sparse_a2.0,8,8,cs,100,500,0.75,3.0,weak_sparse,2.0,10,3,1.0,0.8793859844187413,cocolasso_max,reweighted_max,4.796515805892076,4.000019416251293,2.975774646562681,2.444014108764462,16.561602948000655,251.7139367070049,0.7964963896407831,0.5317605377982191,-235.15233375900425,0.06579533562846926,low,weak α=2.0 (99% in first 3)
cs_sigma0.75_weak_sparse_a2.0,9,9,cs,100,500,0.75,3.0,weak_sparse,2.0,10,3,1.0,0.8793859844187413,cocolasso_max,reweighted_max,6.466276662969121,6.043978795023936,3.2803818910180285,3.0461081088187747,16.905414982989896,342.7408019450959,0.4222978679451854,0.23427378219925377,-325.835386962106,0.04932419743155645,low,weak α=2.0 (99% in first 3)
cs_sigma0.75_weak_sparse_a2.0,10,10,cs,100,500,0.75,3.0,weak_sparse,2.0,10,3,1.0,0.8793859844187413,cocolasso_max,reweighted_max,4.684117397156864,3.937203957056695,2.34916641938731,1.9699231693242365,16.891229447966907,279.01112240203656,0.7469134401001694,0.3792432500630736,-262.11989295406966,0.06053962760533884,low,weak α=2.0 (99% in first 3)
cs_sigma0.75_weak_sparse_a2.0,11,11,cs,100,500,0.75,3.0,weak_sparse,2.0,10,3,1.0,0.8793859844187413,cocolasso_max,reweighted_max,5.081865540210998,3.888484356028384,2.7375845377720123,2.06698077533853,16.756328045972623,278.0728373680031,1.193381184182614,0.6706037624334824,-261.31650932203047,0.060258773221338435,low,weak α=2.0 (99% in first 3)
cs_sigma0.75_weak_sparse_a2.0,12,12,cs,100,500,0.75,3.0,weak_sparse,2.0,10,3,1.0,0.8793859844187413,cocolasso_max,reweighted_max,5.025300615484806,3.767508186643056,2.548605321149682,1.8976713131059444,16.679294825007673,292.0723122140625,1.25779242884175,0.6509340080437378,-275.3930173890548,0.05710673051673335,low,weak α=2.0 (99% in first 3)
cs_sigma0.75_weak_sparse_a2.0,13,13,cs,100,500,0.75,3.0,weak_sparse,2.0,10,3,1.0,0.8793859844187413,cocolasso_max,reweighted_max,6.818442538606709,6.030582709141433,4.098755308838356,3.589796942076513,16.783893148996867,360.2989364619134,0.7878598294652761,0.5089583667618434,-343.51504331291653,0.046583243663754374,low,weak α=2.0 (99% in first 3)
cs_sigma0.75_weak_sparse_a2.0,14,14,cs,100,500,0.75,3.0,weak_sparse,2.0,10,3,1.0,0.8793859844187413,cocolasso_max,reweighted_max,6.628745160706859,6.188006931404995,3.4039088111701394,3.133144828948967,16.53548005904304,298.6716798120178,0.44073822930186424,0.2707639822211725,-282.1361997529748,0.055363401275441884,low,weak α=2.0 (99% in first 3)
cs_sigma0.75_weak_sparse_a2.0,15,15,cs,100,500,0.75,3.0,weak_sparse,2.0,10,3,1.0,0.8793859844187413,cocolasso_max,reweighted_max,4.694153850893931,3.789959119527427,2.6723723673841846,2.129682679561506,16.57328678999329,277.6232886889484,0.9041947313665042,0.5426896878226786,-261.0500018989551,0.05969703358914586,low,weak α=2.0 (99% in first 3)
cs_sigma0.75_weak_sparse_a2.0,16,16,cs,100,500,0.75,3.0,weak_sparse,2.0,10,3,1.0,0.8793859844187413,cocolasso_max,reweighted_max,5.586130559698178,4.58687641579099,3.214239866847779,2.591062970015654,17.42051713098772,330.5270135799656,0.999254143907188,0.623176896832125,-313.1064964489779,0.052705274955606944,low,weak α=2.0 (99% in first 3)
cs_sigma0.75_weak_sparse_a2.0,17,17,cs,100,500,0.75,3.0,weak_sparse,2.0,10,3,1.0,0.8793859844187413,cocolasso_max,reweighted_max,6.805743709411108,6.3888663088153175,3.402967331859478,3.203439062064262,16.719352349988185,282.9431067010155,0.4168774005957907,0.19952826979521587,-266.2237543510273,0.059090862982767195,low,weak α=2.0 (99% in first 3)
cs_sigma0.75_weak_sparse_a2.0,18,18,cs,100,500,0.75,3.0,weak_sparse,2.0,10,3,1.0,0.8793859844187413,cocolasso_max,reweighted_max,9.44904809094939,9.528724923653291,4.792184305899793,4.79662682116091,17.447853967023548,300.5828006190713,-0.07967683270390147,-0.0044425152611164975,-283.13494665204774,0.05804674762191474,low,weak α=2.0 (99% in first 3)
cs_sigma0.75_weak_sparse_a2.0,19,19,cs,100,500,0.75,3.0,weak_sparse,2.0,10,3,1.0,0.8793859844187413,cocolasso_max,reweighted_max,3.580333925579248,1.9832515630749312,1.858821405900116,0.9916832799681234,17.167340499989223,330.90780794399325,1.5970823625043167,0.8671381259319926,-313.740467444004,0.05187952682849607,low,weak α=2.0 (99% in first 3)
cs_sigma0.75_weak_sparse_a2.0,20,20,cs,100,500,0.75,3.0,weak_sparse,2.0,10,3,1.0,0.8793859844187413,cocolasso_max,reweighted_max,10.21128303397256,10.39390091235909,5.482496308079874,5.486763521763816,16.658149517024867,256.9297184069874,-0.1826178783865302,-0.004267213683942117,-240.2715688899625,0.06483543289701374,low,weak α=2.0 (99% in first 3)
cs_sigma0.75_weak_sparse_a2.0,21,21,cs,100,500,0.75,3.0,weak_sparse,2.0,10,3,1.0,0.8793859844187413,cocolasso_max,reweighted_max,4.089363092580178,2.6713052248637785,2.050148078446344,1.3801313336998804,16.868501822988037,272.4369560580235,1.4180578677163993,0.6700167447464638,-255.56845423503546,0.061917083743203295,low,weak α=2.0 (99% in first 3)
cs_sigma0.75_weak_sparse_a2.0,22,22,cs,100,500,0.75,3.0,weak_sparse,2.0,10,3,1.0,0.8793859844187413,cocolasso_max,reweighted_max,6.239545875659658,5.475098423778338,4.221363356492512,3.6447560948429327,16.486796457029413,279.1505918499315,0.7644474518813205,0.5766072616495794,-262.6637953929021,0.05906058213157057,low,weak α=2.0 (99% in first 3)
cs_sigma0.75_weak_sparse_a2.0,23,23,cs,100,500,0.75,3.0,weak_sparse,2.0,10,3,1.0,0.8793859844187413,cocolasso_max,reweighted_max,2.715804341818349,1.5438944290581926,1.3592073748569402,0.7993466276728416,16.111970755970106,304.80944088392425,1.1719099127601564,0.5598607471840986,-288.69747012795415,0.05285915918236198,low,weak α=2.0 (99% in first 3)
cs_sigma0.75_weak_sparse_a2.0,24,24,cs,100,500,0.75,3.0,weak_sparse,2.0,10,3,1.0,0.8793859844187413,cocolasso_max,reweighted_max,5.895162183159168,4.8507060737581424,3.318810841465376,2.65635403248858,16.607382602989674,326.78317203896586,1.0444561094010254,0.6624568089767959,-310.1757894359762,0.050820801142751004,low,weak α=2.0 (99% in first 3)
cs_sigma0.75_weak_sparse_a2.0,25,25,cs,100,500,0.75,3.0,weak_sparse,2.0,10,3,1.0,0.8793859844187413,cocolasso_max,reweighted_max,4.040464226633914,2.870898697543807,2.1540571679155245,1.5337905128359792,16.335574041004293,210.0997406670358,1.1695655290901072,0.6202666550795453,-193.7641666260315,0.07775151929812596,low,weak α=2.0 (99% in first 3)
cs_sigma0.75_weak_sparse_a2.0,26,26,cs,100,500,0.75,3.0,weak_sparse,2.0,10,3,1.0,0.8793859844187413,cocolasso_max,reweighted_max,3.3470638439133897,1.8611297088168812,1.7350881914992715,0.960903514037391,16.62059288501041,215.3902635219856,1.4859341350965085,0.7741846774618805,-198.76967063697518,0.07716501485831505,low,weak α=2.0 (99% in first 3)
cs_sigma0.75_weak_sparse_a2.0,27,27,cs,100,500,0.75,3.0,weak_sparse,2.0,10,3,1.0,0.8793859844187413,cocolasso_max,reweighted_max,6.216268752190007,5.202698276336967,3.370377758933824,2.789150629903786,16.78410607704427,208.55994067899883,1.0135704758530393,0.5812271290300384,-191.77583460195456,0.08047617400734314,low,weak α=2.0 (99% in first 3)
cs_sigma0.75_weak_sparse_a2.0,28,28,cs,100,500,0.75,3.0,weak_sparse,2.0,10,3,1.0,0.8793859844187413,cocolasso_max,reweighted_max,6.552736404728181,5.8290808574161455,3.7436545276523487,3.284634121640841,16.695355763018597,187.8105311889667,0.7236555473120356,0.45902040601150773,-171.1151754259481,0.0888946730373733,low,weak α=2.0 (99% in first 3)
cs_sigma0.75_weak_sparse_a2.0,29,29,cs,100,500,0.75,3.0,weak_sparse,2.0,10,3,1.0,0.8793859844187413,cocolasso_max,reweighted_max,5.778820743121846,5.2817650493057,3.2393342043733844,2.8650730076776774,16.530765429954045,189.38424996001413,0.49705569381614634,0.374261196695707,-172.8534845300601,0.0872869070867524,low,weak α=2.0 (99% in first 3)
cs_sigma0.75_weak_sparse_a2.0,30,30,cs,100,500,0.75,3.0,weak_sparse,2.0,10,3,1.0,0.8793859844187413,cocolasso_max,reweighted_max,9.772765349470946,10.324624127469628,5.003300191907372,5.228104061167297,17.422036095988005,276.66904353298014,-0.5518587779986817,-0.22480386925992502,-259.24700743699213,0.06297067381848676,low,weak α=2.0 (99% in first 3)
cs_sigma0.75_weak_sparse_a2.0,31,31,cs,100,500,0.75,3.0,weak_sparse,2.0,10,3,1.0,0.8793859844187413,cocolasso_max,reweighted_max,6.824125317619261,6.536504597735419,3.444716351590219,3.365225958547032,17.424202114983927,242.66639176302124,0.28762071988384186,0.07949039304318672,-225.2421896480373,0.07180311203538947,low,weak α=2.0 (99% in first 3)
cs_sigma0.75_weak_sparse_a2.0,32,32,cs,100,500,0.75,3.0,weak_sparse,2.0,10,3,1.0,0.8793859844187413,cocolasso_max,reweighted_max,5.544086026031612,4.488809325239503,3.2525649973429007,2.6138253585753564,17.04102479899302,220.0227247629664,1.055276700792109,0.6387396387675444,-202.98169996397337,0.07745120335797841,low,weak α=2.0 (99% in first 3)
cs_sigma0.75_weak_sparse_a2.0,33,33,cs,100,500,0.75,3.0,weak_sparse,2.0,10,3,1.0,0.8793859844187413,cocolasso_max,reweighted_max,5.260375840662269,4.5776611884726846,2.685564347969742,2.3139255417785813,17.347166871011723,214.7760226770188,0.6827146521895848,0.37163880619116085,-197.42885580600708,0.08076863820640945,low,weak α=2.0 (99% in first 3)
cs_sigma0.75_weak_sparse_a2.0,34,34,cs,100,500,0.75,3.0,weak_sparse,2.0,10,3,1.0,0.8793859844187413,cocolasso_max,reweighted_max,6.202154890481787,5.551033476182683,3.125669331767185,2.783907374250472,16.73974290798651,1792.5037968859542,0.6511214142991042,0.341761957516713,-1775.7640539779677,0.009338748925981525,low,weak α=2.0 (99% in first 3)
cs_sigma0.75_weak_sparse_a2.0,35,35,cs,100,500,0.75,3.0,weak_sparse,2.0,10,3,1.0,0.8793859844187413,cocolasso_max,reweighted_max,5.405524398153725,4.855977778780438,2.973144528566092,2.606715780443087,16.568756822962314,190.38322629302277,0.5495466193732872,0.36642874812300485,-173.81446947006046,0.08702844859589151,low,weak α=2.0 (99% in first 3)
cs_sigma0.75_weak_sparse_a2.0,36,36,cs,100,500,0.75,3.0,weak_sparse,2.0,10,3,1.0,0.8793859844187413,cocolasso_max,reweighted_max,10.018757887750615,10.119498881358394,5.103789172755241,5.111338274082967,16.523778956965543,208.35751441202592,-0.10074099360777922,-0.0075491013277257935,-191.83373545506038,0.07930493413494008,low,weak α=2.0 (99% in first 3)
cs_sigma0.75_weak_sparse_a2.0,37,37,cs,100,500,0.75,3.0,weak_sparse,2.0,10,3,1.0,0.8793859844187413,cocolasso_max,reweighted_max,5.410959045529787,4.2800296017589945,3.0034466314354344,2.321955841627415,16.62319114996353,269.2238483200199,1.1309294437707926,0.6814907898080196,-252.60065717005637,0.06174486864255779,low,weak α=2.0 (99% in first 3)
cs_sigma0.75_weak_sparse_a2.0,38,38,cs,100,500,0.75,3.0,weak_sparse,2.0,10,3,1.0,0.8793859844187413,cocolasso_max,reweighted_max,5.220710281942374,3.957360434852185,2.766082490957173,2.0556753802021457,16.311074546014424,254.41306733799863,1.263349847090189,0.7104071107550274,-238.1019927919842,0.0641125659019097,low,weak α=2.0 (99% in first 3)
cs_sigma0.75_weak_sparse_a2.0,39,39,cs,100,500,0.75,3.0,weak_sparse,2.0,10,3,1.0,0.8793859844187413,cocolasso_max,reweighted_max,5.307696402906015,3.7499433507007462,3.010197292457581,2.074509609178378,16.23181971401209,191.80637307401048,1.557753052205269,0.9356876832792032,-175.5745533599984,0.0846260708331567,low,weak α=2.0 (99% in first 3)
cs_sigma0.75_weak_sparse_a2.0,40,40,cs,100,500,0.75,3.0,weak_sparse,2.0,10,3,1.0,0.8793859844187413,cocolasso_max,reweighted_max,4.923111307087762,3.771453342638008,2.8913981244198403,2.238757579799194,16.2860551289632,243.999255039962,1.151657964449754,0.6526405446206462,-227.7131999109988,0.06674633136193749,low,weak α=2.0 (99% in first 3)
cs_sigma0.75_weak_sparse_a2.0,41,41,cs,100,500,0.75,3.0,weak_sparse,2.0,10,3,1.0,0.8793859844187413,cocolasso_max,reweighted_max,4.565257227963717,3.1028636539313794,2.77574382691183,1.915972255771563,16.51626247196691,234.2033862700337,1.4623935740323377,0.8597715711402669,-217.68712379806678,0.07052102335072072,low,weak α=2.0 (99% in first 3)
cs_sigma0.75_weak_sparse_a2.0,42,42,cs,100,500,0.75,3.0,weak_sparse,2.0,10,3,1.0,0.8793859844187413,cocolasso_max,reweighted_max,8.981662287480448,8.789933252337955,4.951323008966458,4.785545702542626,17.196098863030784,257.03172846202506,0.19172903514249384,0.16577730642383237,-239.83562959899427,0.0669026309161338,low,weak α=2.0 (99% in first 3)
cs_sigma0.75_weak_sparse_a2.0,43,43,cs,100,500,0.75,3.0,weak_sparse,2.0,10,3,1.0,0.8793859844187413,cocolasso_max,reweighted_max,4.623102900886586,3.415018479299308,2.568148567381521,1.8969746775425271,17.537996291008312,212.37621615699027,1.208084421587278,0.6711738898389941,-194.83821986598196,0.08257985102269681,low,weak α=2.0 (99% in first 3)
cs_sigma0.75_weak_sparse_a2.0,44,44,cs,100,500,0.75,3.0,weak_sparse,2.0,10,3,1.0,0.8793859844187413,cocolasso_max,reweighted_max,4.3057095588773535,2.8346730619546503,2.5232832914215244,1.7310910334212002,17.325741409964394,215.01190465298717,1.4710364969227032,0.7921922580003242,-197.68616324302278,0.08058038199292648,low,weak α=2.0 (99% in first 3)
cs_sigma0.75_weak_sparse_a2.0,45,45,cs,100,500,0.75,3.0,weak_sparse,2.0,10,3,1.0,0.8793859844187413,cocolasso_max,reweighted_max,8.380627213984356,7.976890987278095,4.467035243852327,4.201687424756779,17.446377957996447,247.45093550701856,0.4037362267062612,0.26534781909554805,-230.0045575490221,0.0705043928092226,low,weak α=2.0 (99% in first 3)
cs_sigma0.75_weak_sparse_a2.0,46,46,cs,100,500,0.75,3.0,weak_sparse,2.0,10,3,1.0,0.8793859844187413,cocolasso_max,reweighted_max,2.937942659237064,1.246886603517562,1.5076689728402148,0.7338659437071017,17.41819563996978,213.97729946800973,1.691056055719502,0.7738030291331132,-196.55910382803995,0.08140207247813151,low,weak α=2.0 (99% in first 3)
cs_sigma0.75_weak_sparse_a2.0,47,47,cs,100,500,0.75,3.0,weak_sparse,2.0,10,3,1.0,0.8793859844187413,cocolasso_max,reweighted_max,4.7270446661529935,4.014241818960797,2.490456863533438,2.0861393651949864,16.754883526999038,167.09895401797257,0.7128028471921963,0.40431749833845165,-150.34407049097354,0.10026923044172342,low,weak α=2.0 (99% in first 3)
cs_sigma0.75_weak_sparse_a2.0,48,48,cs,100,500,0.75,3.0,weak_sparse,2.0,10,3,1.0,0.8793859844187413,cocolasso_max,reweighted_max,5.976704560785905,4.928776745735318,3.638648137365812,2.953669484956353,16.529318736982532,198.8966737560113,1.0479278150505866,0.684978652409459,-182.36735501902876,0.08310505361823811,low,weak α=2.0 (99% in first 3)
cs_sigma0.75_weak_sparse_a2.0,49,49,cs,100,500,0.75,3.0,weak_sparse,2.0,10,3,1.0,0.8793859844187413,cocolasso_max,reweighted_max,4.45817439653452,3.467825845285436,2.321404770853043,1.781999606296635,16.60479984700214,261.5254730709712,0.9903485512490846,0.539405164556408,-244.92067322396906,0.0634920937223428,low,weak α=2.0 (99% in first 3)
cs_sigma0.75_weak_sparse_a2.0,50,50,cs,100,500,0.75,3.0,weak_sparse,2.0,10,3,1.0,0.8793859844187413,cocolasso_max,reweighted_max,6.3260482430579,5.282532340773225,3.709051710490389,3.067818002381829,16.360391078982502,255.01824412902351,1.0435159022846747,0.64123370810856,-238.657853050041,0.06415380646533334,low,weak α=2.0 (99% in first 3)
cs_sigma0.75_weak_sparse_a2.0,51,51,cs,100,500,0.75,3.0,weak_sparse,2.0,10,3,1.0,0.8793859844187413,cocolasso_max,reweighted_max,5.4861812441687015,4.579223186763914,2.9435181923978204,2.4211194854795832,16.32296286802739,291.79888929700246,0.9069580574047871,0.5223987069182372,-275.4759264289751,0.05593908498881688,low,weak α=2.0 (99% in first 3)
cs_sigma0.75_weak_sparse_a2.0,52,52,cs,100,500,0.75,3.0,weak_sparse,2.0,10,3,1.0,0.8793859844187413,cocolasso_max,reweighted_max,7.046230341145039,6.343491179189751,4.526850512051352,4.03039030754504,16.250665837025736,292.6388266530121,0.7027391619552876,0.49646020450631223,-276.38816081598634,0.055531475515019364,low,weak α=2.0 (99% in first 3)
cs_sigma0.75_weak_sparse_a2.0,53,53,cs,100,500,0.75,3.0,weak_sparse,2.0,10,3,1.0,0.8793859844187413,cocolasso_max,reweighted_max,4.441869243514208,2.743190749976921,2.3417400826702086,1.4233535381568934,16.092090031015687,238.57835322996837,1.6986784935372876,0.9183865445133153,-222.48626319895268,0.06744991661294744,low,weak α=2.0 (99% in first 3)
cs_sigma0.75_weak_sparse_a2.0,54,54,cs,100,500,0.75,3.0,weak_sparse,2.0,10,3,1.0,0.8793859844187413,cocolasso_max,reweighted_max,5.021878414198728,4.277902157892542,2.7798772821312903,2.326331107489767,16.196417447004933,258.8677552479785,0.743976256306186,0.45354617464152325,-242.67133780097356,0.06256637653264238,low,weak α=2.0 (99% in first 3)
cs_sigma0.75_weak_sparse_a2.0,55,55,cs,100,500,0.75,3.0,weak_sparse,2.0,10,3,1.0,0.8793859844187413,cocolasso_max,reweighted_max,8.306344609223247,7.742440384927155,4.157246652758299,3.871236529302012,17.07890717004193,265.1914525979664,0.5639042242960919,0.2860101234562866,-248.1125454279245,0.064402178134805,low,weak α=2.0 (99% in first 3)
cs_sigma0.75_weak_sparse_a2.0,56,56,cs,100,500,0.75,3.0,weak_sparse,2.0,10,3,1.0,0.8793859844187413,cocolasso_max,reweighted_max,4.48637679760814,3.2939432504700936,2.4178889688094443,1.709823672276466,16.697173902008217,218.65846695302756,1.1924335471380467,0.7080652965329783,-201.96129305101934,0.07636189046178175,low,weak α=2.0 (99% in first 3)
cs_sigma0.75_weak_sparse_a2.0,57,57,cs,100,500,0.75,3.0,weak_sparse,2.0,10,3,1.0,0.8793859844187413,cocolasso_max,reweighted_max,8.293253139308147,9.234372501502891,4.248185153462811,4.670259290526428,17.458484009024687,253.3024969249964,-0.941119362194744,-0.4220741370636176,-235.84401291597172,0.06892345800363031,low,weak α=2.0 (99% in first 3)
cs_sigma0.75_weak_sparse_a2.0,58,58,cs,100,500,0.75,3.0,weak_sparse,2.0,10,3,1.0,0.8793859844187413,cocolasso_max,reweighted_max,6.228616337883959,5.561575561419682,3.361019825923357,2.9384854839970345,16.89660020399606,194.31128843902843,0.667040776464277,0.42253434192632255,-177.41468823503237,0.0869563489580685,low,weak α=2.0 (99% in first 3)
cs_sigma0.75_weak_sparse_a2.0,59,59,cs,100,500,0.75,3.0,weak_sparse,2.0,10,3,1.0,0.8793859844187413,cocolasso_max,reweighted_max,5.520723709245107,4.808566624955946,3.151151284613696,2.676609663850344,17.310850406996906,192.09117473399965,0.7121570842891618,0.47454162076335216,-174.78032432700275,0.09011788506665283,low,weak α=2.0 (99% in first 3)
cs_sigma0.75_weak_sparse_a2.0,60,60,cs,100,500,0.75,3.0,weak_sparse,2.0,10,3,1.0,0.8793859844187413,cocolasso_max,reweighted_max,6.797437001040472,6.000709503723535,3.551128020051681,3.1202876874044323,17.54920144705102,267.1616218290292,0.7967274973169367,0.43084033264724875,-249.61242038197815,0.06568758389362406,low,weak α=2.0 (99% in first 3)
cs_sigma0.75_weak_sparse_a2.0,61,61,cs,100,500,0.75,3.0,weak_sparse,2.0,10,3,1.0,0.8793859844187413,cocolasso_max,reweighted_max,7.551847134398271,7.044830750385136,3.929065155248263,3.644071147282258,16.944948698976077,263.65566583699547,0.5070163840131343,0.2849940079660054,-246.7107171380194,0.06426923785302704,low,weak α=2.0 (99% in first 3)
cs_sigma0.75_weak_sparse_a2.0,62,62,cs,100,500,0.75,3.0,weak_sparse,2.0,10,3,1.0,0.8793859844187413,cocolasso_max,reweighted_max,3.971016472975095,2.331270650531367,1.9858423348346228,1.1829852263043077,16.455520579998847,207.6874691940029,1.6397458224437282,0.8028571085303151,-191.23194861400404,0.07923213010327351,low,weak α=2.0 (99% in first 3)
cs_sigma0.75_weak_sparse_a2.0,63,63,cs,100,500,0.75,3.0,weak_sparse,2.0,10,3,1.0,0.8793859844187413,cocolasso_max,reweighted_max,4.824284442584778,3.321333938608752,2.453917924767649,1.6647631181975937,16.456663296034094,229.27996119199088,1.502950503976026,0.7891548065700551,-212.82329789595678,0.0717754103345031,low,weak α=2.0 (99% in first 3)
cs_sigma0.75_weak_sparse_a2.0,64,64,cs,100,500,0.75,3.0,weak_sparse,2.0,10,3,1.0,0.8793859844187413,cocolasso_max,reweighted_max,8.598149483526601,8.684582346872133,4.5398612035126735,4.52696196054512,16.242787965980824,310.01527479296783,-0.08643286334553224,0.012899242967553626,-293.772486826987,0.052393508599948714,low,weak α=2.0 (99% in first 3)
cs_sigma0.75_weak_sparse_a2.0,65,65,cs,100,500,0.75,3.0,weak_sparse,2.0,10,3,1.0,0.8793859844187413,cocolasso_max,reweighted_max,2.479835141827471,1.5532513596847597,1.4662781068042985,0.8817732113431985,15.957402777974494,184.3547452170169,0.9265837821427114,0.5845048954611,-168.3973424390424,0.08655813420582105,low,weak α=2.0 (99% in first 3)
cs_sigma0.75_weak_sparse_a2.0,66,66,cs,100,500,0.75,3.0,weak_sparse,2.0,10,3,1.0,0.8793859844187413,cocolasso_max,reweighted_max,4.785201522042784,3.969359170883741,2.855031037602963,2.423660686833658,16.161150704021566,240.19531796697996,0.8158423511590431,0.43137035076930497,-224.0341672629584,0.06728337105323287,low,weak α=2.0 (99% in first 3)
cs_sigma0.75_weak_sparse_a2.0,67,67,cs,100,500,0.75,3.0,weak_sparse,2.0,10,3,1.0,0.8793859844187413,cocolasso_max,reweighted_max,9.77945603145941,10.28688780728547,5.777358386154844,5.950413538338609,16.091469039965887,229.94484862999525,-0.5074317758260598,-0.17305515218376577,-213.85337959002936,0.06997968919868565,low,weak α=2.0 (99% in first 3)
cs_sigma0.75_weak_sparse_a2.0,68,68,cs,100,500,0.75,3.0,weak_sparse,2.0,10,3,1.0,0.8793859844187413,cocolasso_max,reweighted_max,5.854906178485117,5.139286692382312,3.197312901552785,2.7463020289342377,16.355300087016076,281.0267945060041,0.7156194861028053,0.45101087261854733,-264.671494418988,0.05819836544684585,low,weak α=2.0 (99% in first 3)
cs_sigma0.75_weak_sparse_a2.0,69,69,cs,100,500,0.75,3.0,weak_sparse,2.0,10,3,1.0,0.8793859844187413,cocolasso_max,reweighted_max,5.983434760483392,5.431566420594289,3.039867803870914,2.724709863023417,16.439535073004663,249.06834976997925,0.5518683398891024,0.31515794084749693,-232.6288146969746,0.06600411127382093,low,weak α=2.0 (99% in first 3)
cs_sigma0.75_weak_sparse_a2.0,70,70,cs,100,500,0.75,3.0,weak_sparse,2.0,10,3,1.0,0.8793859844187413,cocolasso_max,reweighted_max,6.3062216271089655,5.184517592295189,3.4283605585150743,2.8051912924999027,16.62430901901098,183.20382255897857,1.1217040348137761,0.6231692660151715,-166.5795135399676,0.09074215148354307,low,weak α=2.0 (99% in first 3)
cs_sigma0.75_weak_sparse_a2.0,71,71,cs,100,500,0.75,3.0,weak_sparse,2.0,10,3,1.0,0.8793859844187413,cocolasso_max,reweighted_max,4.309806032891378,3.0454852948879068,2.1830612176869453,1.5269032173680404,16.377773005981,198.38907340099104,1.264320738003471,0.6561580003189049,-182.01130039501004,0.08255380563665249,low,weak α=2.0 (99% in first 3)
cs_sigma0.75_weak_sparse_a2.0,72,72,cs,100,500,0.75,3.0,weak_sparse,2.0,10,3,1.0,0.8793859844187413,cocolasso_max,reweighted_max,9.666576171586364,10.174037027298368,5.605342289629955,5.758379391312607,16.812196572020184,193.2643849269953,-0.5074608557120044,-0.15303710168265194,-176.4521883549751,0.08699066089373328,low,weak α=2.0 (99% in first 3)
cs_sigma0.75_weak_sparse_a2.0,73,73,cs,100,500,0.75,3.0,weak_sparse,2.0,10,3,1.0,0.8793859844187413,cocolasso_max,reweighted_max,6.270634715517933,5.196415606321345,3.992654874143461,3.302567420756397,17.222454064991325,229.007727299002,1.074219109196588,0.690087453387064,-211.78527323401067,0.07520468530961391,low,weak α=2.0 (99% in first 3)
cs_sigma0.75_weak_sparse_a2.0,74,74,cs,100,500,0.75,3.0,weak_sparse,2.0,10,3,1.0,0.8793859844187413,cocolasso_max,reweighted_max,1.9474166994352076,1.0826514234557325,1.089114665779908,0.5615619223105545,17.029626492003445,163.8842801899882,0.8647652759794751,0.5275527434693535,-146.85465369798476,0.10391250748553366,low,weak α=2.0 (99% in first 3)
cs_sigma0.75_weak_sparse_a2.0,75,75,cs,100,500,0.75,3.0,weak_sparse,2.0,10,3,1.0,0.8793859844187413,cocolasso_max,reweighted_max,5.46604245427803,4.379357913246715,2.7374131787196125,2.19183835150216,27.924041701015085,341.3917494729394,1.0866845410313148,0.5455748272174525,-313.4677077719243,0.08179471748841576,low,weak α=2.0 (99% in first 3)
cs_sigma0.75_weak_sparse_a2.0,76,76,cs,100,500,0.75,3.0,weak_sparse,2.0,10,3,1.0,0.8793859844187413,cocolasso_max,reweighted_max,2.3071947095834298,1.027991167535965,1.2538173207487142,0.515176197073363,16.670154306979384,253.2506987520028,1.2792035420474648,0.7386411236753512,-236.5805444450234,0.06582471199143158,low,weak α=2.0 (99% in first 3)
cs_sigma0.75_weak_sparse_a2.0,77,77,cs,100,500,0.75,3.0,weak_sparse,2.0,10,3,1.0,0.8793859844187413,cocolasso_max,reweighted_max,5.101189464076125,4.054954160125122,2.8556800332984142,2.287312016750541,16.032235224964097,281.9660879760049,1.0462353039510024,0.5683680165478733,-265.93385275104083,0.05685873553109134,low,weak α=2.0 (99% in first 3)
cs_sigma0.75_weak_sparse_a2.0,78,78,cs,100,500,0.75,3.0,weak_sparse,2.0,10,3,1.0,0.8793859844187413,cocolasso_max,reweighted_max,5.575448682060445,4.68067325954807,3.325801650714157,2.727089486637038,16.892239285982214,279.91392542398535,0.8947754225123754,0.5987121640771189,-263.02168613800313,0.06034797754486689,low,weak α=2.0 (99% in first 3)
cs_sigma0.75_weak_sparse_a2.0,79,79,cs,100,500,0.75,3.0,weak_sparse,2.0,10,3,1.0,0.8793859844187413,cocolasso_max,reweighted_max,6.265923550006918,5.516093935425186,3.381306284983637,2.921127075291593,16.281399199040607,389.0276723440038,0.7498296145817323,0.46017920969204384,-372.7462731449632,0.04185151945860428,low,weak α=2.0 (99% in first 3)
cs_sigma0.75_weak_sparse_a2.0,80,80,cs,100,500,0.75,3.0,weak_sparse,2.0,10,3,1.0,0.8793859844187413,cocolasso_max,reweighted_max,3.763136613737296,2.6129504274555724,1.8986977199506576,1.367903713574043,16.863645681005437,348.2331858329708,1.1501861862817235,0.5307940063766146,-331.36954015196534,0.04842630273926289,low,weak α=2.0 (99% in first 3)
cs_sigma0.75_weak_sparse_a2.0,81,81,cs,100,500,0.75,3.0,weak_sparse,2.0,10,3,1.0,0.8793859844187413,cocolasso_max,reweighted_max,5.835694125197788,5.033462091803567,3.631567397009482,3.1312947203794,16.50626401102636,249.16636623896196,0.8022320333942217,0.500272676630082,-232.6601022279356,0.06624595550426776,low,weak α=2.0 (99% in first 3)
cs_sigma0.75_weak_sparse_a2.0,82,82,cs,100,500,0.75,3.0,weak_sparse,2.0,10,3,1.0,0.8793859844187413,cocolasso_max,reweighted_max,5.512578229594973,4.562684407982064,3.849168906565853,3.2255577068071988,16.348601260979194,240.9510826619808,0.9498938216129087,0.6236111997586544,-224.6024814010016,0.06785029177027561,low,weak α=2.0 (99% in first 3)
cs_sigma0.75_weak_sparse_a2.0,83,83,cs,100,500,0.75,3.0,weak_sparse,2.0,10,3,1.0,0.8793859844187413,cocolasso_max,reweighted_max,6.718241153911161,6.189595963952544,3.7010124323416345,3.3483459492336536,16.48142987000756,268.132668412989,0.5286451899586169,0.3526664831079809,-251.65123854298145,0.061467444334765586,low,weak α=2.0 (99% in first 3)
cs_sigma0.75_weak_sparse_a2.0,84,84,cs,100,500,0.75,3.0,weak_sparse,2.0,10,3,1.0,0.8793859844187413,cocolasso_max,reweighted_max,5.9241002009145145,5.014358904877601,3.4196354918992866,2.8873163596441707,16.654843178985175,242.0862945220433,0.9097412960369136,0.532319132255116,-225.43145134305811,0.06879713373228016,low,weak α=2.0 (99% in first 3)
cs_sigma0.75_weak_sparse_a2.0,85,85,cs,100,500,0.75,3.0,weak_sparse,2.0,10,3,1.0,0.8793859844187413,cocolasso_max,reweighted_max,10.200153760646597,10.3329466045432,5.3458243195794966,5.344415906782377,17.23092365998309,246.0554607550148,-0.13279284389660262,0.0014084127971196736,-228.8245370950317,0.070028617154484,low,weak α=2.0 (99% in first 3)
cs_sigma0.75_weak_sparse_a2.0,86,86,cs,100,500,0.75,3.0,weak_sparse,2.0,10,3,1.0,0.8793859844187413,cocolasso_max,reweighted_max,4.037422265504374,3.2088374821944323,2.225809006025974,1.7858326627701668,17.17932994000148,181.65799004293515,0.828584783309942,0.43997634325580703,-164.47866010293367,0.0945696356980561,low,weak α=2.0 (99% in first 3)
cs_sigma0.75_weak_sparse_a2.0,87,87,cs,100,500,0.75,3.0,weak_sparse,2.0,10,3,1.0,0.8793859844187413,cocolasso_max,reweighted_max,3.082253954068141,1.7418067895999678,1.6869545319386632,0.8920334425077222,17.35542490100488,281.71498348598834,1.3404471644681732,0.794921089430941,-264.35955858498346,0.06160632525201872,low,weak α=2.0 (99% in first 3)
cs_sigma0.75_weak_sparse_a2.0,88,88,cs,100,500,0.75,3.0,weak_sparse,2.0,10,3,1.0,0.8793859844187413,cocolasso_max,reweighted_max,9.701245890574436,10.53756749998613,5.627490363925369,5.926069126315962,16.87680102995364,177.97682703495957,-0.8363216094116943,-0.29857876239059333,-161.10002600500593,0.09482583385217093,low,weak α=2.0 (99% in first 3)
cs_sigma0.75_weak_sparse_a2.0,89,89,cs,100,500,0.75,3.0,weak_sparse,2.0,10,3,1.0,0.8793859844187413,cocolasso_max,reweighted_max,4.8308558293933,3.8196772716962193,2.629107972529394,2.0454720642234387,17.534026844019536,177.6929158050334,1.011178557697081,0.5836359083059555,-160.15888896101387,0.09867600384957417,low,weak α=2.0 (99% in first 3)
cs_sigma0.75_weak_sparse_a2.0,90,90,cs,100,500,0.75,3.0,weak_sparse,2.0,10,3,1.0,0.8793859844187413,cocolasso_max,reweighted_max,8.327807147909036,8.141927078421466,4.394873090991827,4.253383916624001,17.690558721020352,229.7012099379208,0.1858800694875704,0.14148917436782593,-212.01065121690044,0.07701552258171132,low,weak α=2.0 (99% in first 3)
cs_sigma0.75_weak_sparse_a2.0,91,91,cs,100,500,0.75,3.0,weak_sparse,2.0,10,3,1.0,0.8793859844187413,cocolasso_max,reweighted_max,5.841418654536698,4.9217719376832685,3.899159819887467,3.3192263668296205,16.63944234396331,225.43905594199896,0.9196467168534292,0.5799334530578464,-208.79961359803565,0.07380904907730057,low,weak α=2.0 (99% in first 3)
cs_sigma0.75_weak_sparse_a2.0,92,92,cs,100,500,0.75,3.0,weak_sparse,2.0,10,3,1.0,0.8793859844187413,cocolasso_max,reweighted_max,8.66612755121283,8.672556150030262,4.446797926100154,4.409482841418737,17.213510103989393,246.021221211995,-0.006428598817432629,0.03731508468141698,-228.8077111080056,0.06996758254913553,low,weak α=2.0 (99% in first 3)
cs_sigma0.75_weak_sparse_a2.0,93,93,cs,100,500,0.75,3.0,weak_sparse,2.0,10,3,1.0,0.8793859844187413,cocolasso_max,reweighted_max,5.526074581774602,4.945983511711075,4.12716503725197,3.635808426520478,16.010436697979458,235.5438105710782,0.5800910700635269,0.49135661073149217,-219.53337387309875,0.06797222418692303,low,weak α=2.0 (99% in first 3)
cs_sigma0.75_weak_sparse_a2.0,94,94,cs,100,500,0.75,3.0,weak_sparse,2.0,10,3,1.0,0.8793859844187413,cocolasso_max,reweighted_max,7.746729748286812,7.229344965003932,3.999279216498612,3.690528234488451,16.743864468997344,178.13516909105238,0.5173847832828802,0.30875098201016105,-161.39130462205503,0.09399527647703779,low,weak α=2.0 (99% in first 3)
cs_sigma0.75_weak_sparse_a2.0,95,95,cs,100,500,0.75,3.0,weak_sparse,2.0,10,3,1.0,0.8793859844187413,cocolasso_max,reweighted_max,6.418378268893721,6.0501277846316,3.2602093339549816,3.0378561417588785,16.837744805961847,192.80502942495517,0.3682504842621208,0.22235319219610306,-175.96728461899332,0.08733042315431686,low,weak α=2.0 (99% in first 3)
cs_sigma0.75_weak_sparse_a2.0,96,96,cs,100,500,0.75,3.0,weak_sparse,2.0,10,3,1.0,0.8793859844187413,cocolasso_max,reweighted_max,3.0760810161906647,2.1042770022654462,1.7548202753993631,1.206162145783538,16.53061285399599,172.49212271603756,0.9718040139252184,0.548658129615825,-155.96150986204157,0.0958340160333539,low,weak α=2.0 (99% in first 3)
cs_sigma0.75_weak_sparse_a2.0,97,97,cs,100,500,0.75,3.0,weak_sparse,2.0,10,3,1.0,0.8793859844187413,cocolasso_max,reweighted_max,7.824559922617433,7.535617563830505,4.336276986640585,4.054104023666813,16.482981981011108,157.49054120993242,0.28894235878692776,0.2821729629737719,-141.0075592289213,0.10466013929712485,low,weak α=2.0 (99% in first 3)
cs_sigma0.75_weak_sparse_a2.0,98,98,cs,100,500,0.75,3.0,weak_sparse,2.0,10,3,1.0,0.8793859844187413,cocolasso_max,reweighted_max,6.752631498038372,6.237597448867708,3.3825172432779653,3.118908206331304,16.787194457021542,254.90709464403332,0.515034049170664,0.2636090369466615,-238.11990018701178,0.06585612880043268,low,weak α=2.0 (99% in first 3)
cs_sigma0.75_weak_sparse_a2.0,99,99,cs,100,500,0.75,3.0,weak_sparse,2.0,10,3,1.0,0.8793859844187413,cocolasso_max,reweighted_max,5.487051022716995,4.845930213202993,2.9719603594430546,2.602305130025988,16.75623917998746,182.0726383361034,0.6411208095140015,0.3696552294170665,-165.31639915611595,0.09203051778189587,low,weak α=2.0 (99% in first 3)
cs_sigma1.0_datta_zhang,0,0,cs,100,500,1.0,3.0,datta_zhang,1.0,10,3,1.0,3.1944444444444446,cocolasso_max,reweighted_max,12.737730030389654,12.315972394940037,7.213775229080402,6.619975003091091,24.440504073980264,210.51190185605083,0.42175763544961775,0.5938002259893107,-186.07139778207056,0.11610034329884499,medium,datta_zhang (exactly 3-sparse)
cs_sigma1.0_datta_zhang,1,1,cs,100,500,1.0,3.0,datta_zhang,1.0,10,3,1.0,3.1944444444444446,cocolasso_max,reweighted_max,10.010862262887326,7.7284129073879315,6.283535540918331,4.801207484693562,23.47889650799334,259.69076778704766,2.282449355499394,1.4823280562247687,-236.21187127905432,0.09041097882712014,medium,datta_zhang (exactly 3-sparse)
cs_sigma1.0_datta_zhang,2,2,cs,100,500,1.0,3.0,datta_zhang,1.0,10,3,1.0,3.1944444444444446,cocolasso_max,reweighted_max,16.82157125398698,18.386016134949145,11.230602278211734,11.387464674472485,23.493966699927118,246.39923214295413,-1.5644448809621636,-0.1568623962607507,-222.90526544302702,0.09534918796458162,medium,datta_zhang (exactly 3-sparse)
cs_sigma1.0_datta_zhang,3,3,cs,100,500,1.0,3.0,datta_zhang,1.0,10,3,1.0,3.1944444444444446,cocolasso_max,reweighted_max,11.56513940687008,13.74789257663038,6.0946822934957625,6.961992805661422,24.98527021100745,253.26787804905325,-2.1827531697603,-0.8673105121656599,-228.2826078380458,0.09865155582883776,medium,datta_zhang (exactly 3-sparse)
cs_sigma1.0_datta_zhang,4,4,cs,100,500,1.0,3.0,datta_zhang,1.0,10,3,1.0,3.1944444444444446,cocolasso_max,reweighted_max,13.79373679338709,13.80384409595295,7.410670095097364,7.251276029141395,24.00819441897329,229.12618469493464,-0.01010730256586001,0.1593940659559694,-205.11799027596135,0.10478153970458902,medium,datta_zhang (exactly 3-sparse)
cs_sigma1.0_datta_zhang,5,5,cs,100,500,1.0,3.0,datta_zhang,1.0,10,3,1.0,3.1944444444444446,cocolasso_max,reweighted_max,11.90905608998652,11.391590429223276,6.239657267495643,5.8175868759387095,23.48471994709689,237.03782677289564,0.5174656607632429,0.42207039155693327,-213.55310682579875,0.09907583218604786,medium,datta_zhang (exactly 3-sparse)
cs_sigma1.0_datta_zhang,6,6,cs,100,500,1.0,3.0,datta_zhang,1.0,10,3,1.0,3.1944444444444446,cocolasso_max,reweighted_max,8.029661161214271,5.229801504886572,4.322839407530585,2.6786918657511287,24.42944615194574,252.08790919103197,2.7998596563276994,1.6441475417794567,-227.65846303908623,0.0969084405132383,medium,datta_zhang (exactly 3-sparse)
cs_sigma1.0_datta_zhang,7,7,cs,100,500,1.0,3.0,datta_zhang,1.0,10,3,1.0,3.1944444444444446,cocolasso_max,reweighted_max,13.054867772682655,12.852265344320616,7.894642663969891,7.325217224900298,24.901165519026108,231.8474208159605,0.2026024283620398,0.569425439069593,-206.9462552969344,0.10740324576995207,medium,datta_zhang (exactly 3-sparse)
cs_sigma1.0_datta_zhang,8,8,cs,100,500,1.0,3.0,datta_zhang,1.0,10,3,1.0,3.1944444444444446,cocolasso_max,reweighted_max,14.044939749923758,13.725656434085217,8.105987370431736,7.66984677067356,24.549831178039312,255.58173392701428,0.3192833158385415,0.43614059975817554,-231.03190274897497,0.09605471721641083,medium,datta_zhang (exactly 3-sparse)
cs_sigma1.0_datta_zhang,9,9,cs,100,500,1.0,3.0,datta_zhang,1.0,10,3,1.0,3.1944444444444446,cocolasso_max,reweighted_max,10.07074004636733,9.198415758391748,5.885585606729437,5.366604388427632,22.399676683940925,255.6110452490393,0.8723242879755819,0.5189812183018052,-233.21136856509838,0.08763188093893651,medium,datta_zhang (exactly 3-sparse)
cs_sigma1.0_datta_zhang,10,10,cs,100,500,1.0,3.0,datta_zhang,1.0,10,3,1.0,3.1944444444444446,cocolasso_max,reweighted_max,12.059127391829335,12.176695543208782,6.202081363774854,6.130520578988893,24.29870577005204,256.0589088021079,-0.1175681513794462,0.0715607847859614,-231.76020303205587,0.09489498289173375,medium,datta_zhang (exactly 3-sparse)
cs_sigma1.0_datta_zhang,11,11,cs,100,500,1.0,3.0,datta_zhang,1.0,10,3,1.0,3.1944444444444446,cocolasso_max,reweighted_max,13.515254131632526,12.947871586929487,7.220525099916863,6.739738290098801,24.70558061497286,237.06553356698717,0.5673825447030385,0.48078680981806166,-212.3599529520143,0.10421413962309223,medium,datta_zhang (exactly 3-sparse)
cs_sigma1.0_datta_zhang,12,12,cs,100,500,1.0,3.0,datta_zhang,1.0,10,3,1.0,3.1944444444444446,cocolasso_max,reweighted_max,13.383979627490884,13.277463204412475,6.9587763657192765,6.916707693507796,22.73896769899875,217.65751239599197,0.1065164230784088,0.042068672211480695,-194.91854469699322,0.10447132032653642,medium,datta_zhang (exactly 3-sparse)
cs_sigma1.0_datta_zhang,13,13,cs,100,500,1.0,3.0,datta_zhang,1.0,10,3,1.0,3.1944444444444446,cocolasso_max,reweighted_max,14.491894778210517,14.40440821962552,8.896351933403079,8.31052773117283,23.310626555001363,235.7664858599892,0.0874865585849971,0.5858242022302491,-212.45585930498783,0.09887167156083612,medium,datta_zhang (exactly 3-sparse)
cs_sigma1.0_datta_zhang,14,14,cs,100,500,1.0,3.0,datta_zhang,1.0,10,3,1.0,3.1944444444444446,cocolasso_max,reweighted_max,13.249065050985957,13.697818029591138,7.308203221069571,7.296053463169115,22.062798763043247,252.1482487709727,-0.4487529786051816,0.012149757900456137,-230.08545000792947,0.08749931387817401,medium,datta_zhang (exactly 3-sparse)
cs_sigma1.0_datta_zhang,15,15,cs,100,500,1.0,3.0,datta_zhang,1.0,10,3,1.0,3.1944444444444446,cocolasso_max,reweighted_max,12.988276037302033,13.440273258361024,7.639825074222716,7.443567105105611,23.102611653972417,255.3063581429888,-0.451997221058992,0.1962579691171049,-232.2037464890164,0.09048976226840928,medium,datta_zhang (exactly 3-sparse)
cs_sigma1.0_datta_zhang,16,16,cs,100,500,1.0,3.0,datta_zhang,1.0,10,3,1.0,3.1944444444444446,cocolasso_max,reweighted_max,10.089728583906211,8.089269449974445,5.574015571995794,4.3242452787652255,24.10048911301419,234.1264327740064,2.0004591339317663,1.2497702932305685,-210.0259436609922,0.10293792472496048,medium,datta_zhang (exactly 3-sparse)
cs_sigma1.0_datta_zhang,17,17,cs,100,500,1.0,3.0,datta_zhang,1.0,10,3,1.0,3.1944444444444446,cocolasso_max,reweighted_max,12.98461285934554,12.010674912764683,6.755438085612896,6.086263191577668,23.399553628987636,235.46949123893864,0.9739379465808575,0.669174894035228,-212.069937609951,0.09937403570148007,medium,datta_zhang (exactly 3-sparse)
cs_sigma1.0_datta_zhang,18,18,cs,100,500,1.0,3.0,datta_zhang,1.0,10,3,1.0,3.1944444444444446,cocolasso_max,reweighted_max,14.630760955356102,14.407853631849209,7.422314116405142,7.227847943585137,23.529973369906656,238.54444618406703,0.22290732350689346,0.19446617282000478,-215.01447281416037,0.09863978703469929,medium,datta_zhang (exactly 3-sparse)
cs_sigma1.0_datta_zhang,19,19,cs,100,500,1.0,3.0,datta_zhang,1.0,10,3,1.0,3.1944444444444446,cocolasso_max,reweighted_max,9.478653119643486,7.63385841110756,5.272244210524128,3.873491480130831,22.98980450793169,232.81894783198368,1.8447947085359262,1.3987527303932965,-209.82914332405198,0.09874541879865609,medium,datta_zhang (exactly 3-sparse)
cs_sigma1.0_datta_zhang,20,20,cs,100,500,1.0,3.0,datta_zhang,1.0,10,3,1.0,3.1944444444444446,cocolasso_max,reweighted_max,17.357731646233454,18.522292240789376,9.594007768708906,9.81467036522421,23.543023420032117,202.08328878099564,-1.1645605945559225,-0.22066259651530373,-178.54026536096353,0.11650158487645394,medium,datta_zhang (exactly 3-sparse)
cs_sigma1.0_datta_zhang,21,21,cs,100,500,1.0,3.0,datta_zhang,1.0,10,3,1.0,3.1944444444444446,cocolasso_max,reweighted_max,12.32783894350547,12.49323814155862,6.330658409785611,6.286395036623085,25.07015053392388,223.77826358098537,-0.1653991980531515,0.0442633731625266,-198.7081130470615,0.11203121399166184,medium,datta_zhang (exactly 3-sparse)
cs_sigma1.0_datta_zhang,22,22,cs,100,500,1.0,3.0,datta_zhang,1.0,10,3,1.0,3.1944444444444446,cocolasso_max,reweighted_max,10.346548461700085,8.643242281650581,7.888634790040601,6.304212372073852,22.552707777940668,214.5292723970488,1.7033061800495037,1.5844224179667483,-191.97656461910813,0.10512648239537364,medium,datta_zhang (exactly 3-sparse)
cs_sigma1.0_datta_zhang,23,23,cs,100,500,1.0,3.0,datta_zhang,1.0,10,3,1.0,3.1944444444444446,cocolasso_max,reweighted_max,9.789828544482427,10.254907885930448,4.894946391724039,5.273975132980013,24.23260378104169,197.6416091090068,-0.4650793414480212,-0.37902874125597386,-173.4090053279651,0.12260881648497658,medium,datta_zhang (exactly 3-sparse)
cs_sigma1.0_datta_zhang,24,24,cs,100,500,1.0,3.0,datta_zhang,1.0,10,3,1.0,3.1944444444444446,cocolasso_max,reweighted_max,12.951276198450469,12.53951414577282,7.676701566458153,7.038995654761231,23.83037522493396,230.77636350004468,0.4117620526776484,0.6377059116969219,-206.94598827511072,0.10326176764168202,medium,datta_zhang (exactly 3-sparse)
cs_sigma1.0_datta_zhang,25,25,cs,100,500,1.0,3.0,datta_zhang,1.0,10,3,1.0,3.1944444444444446,cocolasso_max,reweighted_max,11.7779615727928,11.289019080656471,6.606118541754746,6.361412090018309,26.33493420598097,202.09732886200072,0.4889424921363279,0.24470645173643746,-175.76239465601975,0.13030817554230717,medium,datta_zhang (exactly 3-sparse)
cs_sigma1.0_datta_zhang,26,26,cs,100,500,1.0,3.0,datta_zhang,1.0,10,3,1.0,3.1944444444444446,cocolasso_max,reweighted_max,10.57228850350524,8.861527322724292,5.396618284509291,4.459976662035885,22.93609497800935,198.6806739019812,1.7107611807809473,0.936641622473406,-175.74457892397186,0.11544200312771657,medium,datta_zhang (exactly 3-sparse)
cs_sigma1.0_datta_zhang,27,27,cs,100,500,1.0,3.0,datta_zhang,1.0,10,3,1.0,3.1944444444444446,cocolasso_max,reweighted_max,8.18489158937011,7.132084314072145,4.313219964987292,3.620513564224869,23.306614294997416,211.3552668070188,1.0528072752979654,0.6927064007624231,-188.0486525120214,0.11027221912703922,medium,datta_zhang (exactly 3-sparse)
cs_sigma1.0_datta_zhang,28,28,cs,100,500,1.0,3.0,datta_zhang,1.0,10,3,1.0,3.1944444444444446,cocolasso_max,reweighted_max,10.574441838910976,9.284710489584668,6.0184363217245584,5.135490488094236,24.592159874970093,229.06745538499672,1.289731349326308,0.8829458336303224,-204.47529551002663,0.10735772060521527,medium,datta_zhang (exactly 3-sparse)
cs_sigma1.0_datta_zhang,29,29,cs,100,500,1.0,3.0,datta_zhang,1.0,10,3,1.0,3.1944444444444446,cocolasso_max,reweighted_max,12.366662625404418,12.093940124795049,7.939738110640117,7.252302503002771,25.234761248109866,194.10229996498677,0.272722500609369,0.6874356076373456,-168.8675387168769,0.130007533412339,medium,datta_zhang (exactly 3-sparse)
cs_sigma1.0_datta_zhang,30,30,cs,100,500,1.0,3.0,datta_zhang,1.0,10,3,1.0,3.1944444444444446,cocolasso_max,reweighted_max,16.949356678704973,18.72987907244652,8.910321046278307,9.65817737819076,22.79310363496188,179.0988283699844,-1.7805223937415455,-0.7478563319124536,-156.30572473502252,0.12726550945311393,medium,datta_zhang (exactly 3-sparse)
cs_sigma1.0_datta_zhang,31,31,cs,100,500,1.0,3.0,datta_zhang,1.0,10,3,1.0,3.1944444444444446,cocolasso_max,reweighted_max,14.685190688252906,20.18803539204369,7.346472410226325,10.359868428064727,24.452909105923027,200.12515811499907,-5.502844703790785,-3.013396017838402,-175.67224900907604,0.12218808137991083,medium,datta_zhang (exactly 3-sparse)
cs_sigma1.0_datta_zhang,32,32,cs,100,500,1.0,3.0,datta_zhang,1.0,10,3,1.0,3.1944444444444446,cocolasso_max,reweighted_max,15.534540619527846,18.701797500359103,8.373424856277484,9.841354395719293,24.51533476996701,200.6127224700176,-3.167256880831257,-1.4679295394418084,-176.09738770005058,0.12220229339458233,medium,datta_zhang (exactly 3-sparse)
cs_sigma1.0_datta_zhang,33,33,cs,100,500,1.0,3.0,datta_zhang,1.0,10,3,1.0,3.1944444444444446,cocolasso_max,reweighted_max,13.689450145342708,14.378931185964346,7.151200270435504,7.366100609013375,25.33037250500638,179.9848042880185,-0.6894810406216383,-0.21490033857787072,-154.65443178301211,0.14073617272973646,medium,datta_zhang (exactly 3-sparse)
cs_sigma1.0_datta_zhang,34,34,cs,100,500,1.0,3.0,datta_zhang,1.0,10,3,1.0,3.1944444444444446,cocolasso_max,reweighted_max,11.258191748827024,10.562325172161046,6.075821563921221,5.655692850504178,21.286606604000557,179.74418296699878,0.6958665766659777,0.42012871341704283,-158.45757636299822,0.11842723504386676,medium,datta_zhang (exactly 3-sparse)
cs_sigma1.0_datta_zhang,35,35,cs,100,500,1.0,3.0,datta_zhang,1.0,10,3,1.0,3.1944444444444446,cocolasso_max,reweighted_max,13.1169271815056,13.388441297033822,7.583372797618799,7.358587742118456,24.226764501072463,198.6653306990047,-0.27151411552822147,0.22478505550034367,-174.43856619793223,0.1219476212373367,medium,datta_zhang (exactly 3-sparse)
cs_sigma1.0_datta_zhang,36,36,cs,100,500,1.0,3.0,datta_zhang,1.0,10,3,1.0,3.1944444444444446,cocolasso_max,reweighted_max,14.192375825643548,15.267177761450196,7.558193886233441,7.824629499600484,24.33396734797861,191.5891752919997,-1.0748019358066472,-0.2664356133670438,-167.2552079440211,0.12701118062067643,medium,datta_zhang (exactly 3-sparse)
cs_sigma1.0_datta_zhang,37,37,cs,100,500,1.0,3.0,datta_zhang,1.0,10,3,1.0,3.1944444444444446,cocolasso_max,reweighted_max,13.134904167445589,15.1264065001256,7.432329449383635,8.010127895806482,24.26759694796056,177.2149400099879,-1.991502332680012,-0.5777984464228467,-152.94734306202736,0.13693877585373349,medium,datta_zhang (exactly 3-sparse)
cs_sigma1.0_datta_zhang,38,38,cs,100,500,1.0,3.0,datta_zhang,1.0,10,3,1.0,3.1944444444444446,cocolasso_max,reweighted_max,13.73631206658616,12.890762333026656,7.780184461282078,7.067529703937352,22.55587463697884,196.76487752294636,0.8455497335595048,0.7126547573447253,-174.20900288596752,0.11463364255314526,medium,datta_zhang (exactly 3-sparse)
cs_sigma1.0_datta_zhang,39,39,cs,100,500,1.0,3.0,datta_zhang,1.0,10,3,1.0,3.1944444444444446,cocolasso_max,reweighted_max,10.44288695820942,8.106785571954102,6.650371327762077,4.807086347887251,24.10299309203401,213.2015783659881,2.3361013862553186,1.8432849798748254,-189.0985852739541,0.11305260156497576,medium,datta_zhang (exactly 3-sparse)
cs_sigma1.0_datta_zhang,40,40,cs,100,500,1.0,3.0,datta_zhang,1.0,10,3,1.0,3.1944444444444446,cocolasso_max,reweighted_max,11.799396056207325,11.072327147285488,6.998439487956178,6.25896325582681,24.481006468995474,173.13186257099733,0.7270689089218365,0.739476232129368,-148.65085610200185,0.14140093051304398,medium,datta_zhang (exactly 3-sparse)
cs_sigma1.0_datta_zhang,41,41,cs,100,500,1.0,3.0,datta_zhang,1.0,10,3,1.0,3.1944444444444446,cocolasso_max,reweighted_max,12.526655929544264,11.61379091075118,8.53692253396514,7.593556122476453,23.48584789200686,210.6686253710068,0.9128650187930845,0.9433664114886859,-187.18277747899995,0.11148241865938092,medium,datta_zhang (exactly 3-sparse)
cs_sigma1.0_datta_zhang,42,42,cs,100,500,1.0,3.0,datta_zhang,1.0,10,3,1.0,3.1944444444444446,cocolasso_max,reweighted_max,16.560570564532195,18.11343800207197,9.46579424274916,9.903454903417732,23.13882766792085,225.4350178070017,-1.5528674375397742,-0.43766066066857157,-202.29619013908086,0.10264078710136482,medium,datta_zhang (exactly 3-sparse)
cs_sigma1.0_datta_zhang,43,43,cs,100,500,1.0,3.0,datta_zhang,1.0,10,3,1.0,3.1944444444444446,cocolasso_max,reweighted_max,11.397060919815685,9.763142720195228,5.833671214028948,4.949202465616542,25.728874836931936,176.48687652300578,1.6339181996204566,0.8844687484124059,-150.75800168607384,0.14578350154878555,medium,datta_zhang (exactly 3-sparse)
cs_sigma1.0_datta_zhang,44,44,cs,100,500,1.0,3.0,datta_zhang,1.0,10,3,1.0,3.1944444444444446,cocolasso_max,reweighted_max,8.249088056978259,6.691016348244737,5.260542577313174,4.365457528516052,25.290142038022168,194.25622930401005,1.5580717087335216,0.8950850487971218,-168.96608726598788,0.13018960642154348,medium,datta_zhang (exactly 3-sparse)
cs_sigma1.0_datta_zhang,45,45,cs,100,500,1.0,3.0,datta_zhang,1.0,10,3,1.0,3.1944444444444446,cocolasso_max,reweighted_max,16.40940935757737,18.325447623695663,9.283197968965368,9.777552475258007,24.2616982460022,210.0135891669779,-1.9160382661182922,-0.49435450629263933,-185.7518909209757,0.1155244207874195,medium,datta_zhang (exactly 3-sparse)
cs_sigma1.0_datta_zhang,46,46,cs,100,500,1.0,3.0,datta_zhang,1.0,10,3,1.0,3.1944444444444446,cocolasso_max,reweighted_max,5.439130451438059,4.307201688267254,2.846447690279114,2.19927535571128,22.756528030964542,170.60674361302517,1.131928763170805,0.6471723345678337,-147.85021558206063,0.1333858647614863,medium,datta_zhang (exactly 3-sparse)
cs_sigma1.0_datta_zhang,47,47,cs,100,500,1.0,3.0,datta_zhang,1.0,10,3,1.0,3.1944444444444446,cocolasso_max,reweighted_max,13.015368329685378,13.52594220879825,7.359971733028691,7.433251070761912,24.404106145957485,186.09105934901163,-0.5105738791128722,-0.07327933773322126,-161.68695320305414,0.1311406696878858,medium,datta_zhang (exactly 3-sparse)
cs_sigma1.0_datta_zhang,48,48,cs,100,500,1.0,3.0,datta_zhang,1.0,10,3,1.0,3.1944444444444446,cocolasso_max,reweighted_max,13.603080420937353,13.662471510449448,7.895162243986862,7.520216719855496,25.017927399952896,194.75824272300812,-0.05939108951209526,0.37494552413136617,-169.74031532305523,0.1284563212840971,medium,datta_zhang (exactly 3-sparse)
cs_sigma1.0_datta_zhang,49,49,cs,100,500,1.0,3.0,datta_zhang,1.0,10,3,1.0,3.1944444444444446,cocolasso_max,reweighted_max,13.326313940771556,15.104629522894085,7.163573248884414,7.972015118421294,23.38522907299921,208.9860020680353,-1.778315582122529,-0.80844186953688,-185.6007729950361,0.11189854268510366,medium,datta_zhang (exactly 3-sparse)
cs_sigma1.0_datta_zhang,50,50,cs,100,500,1.0,3.0,datta_zhang,1.0,10,3,1.0,3.1944444444444446,cocolasso_max,reweighted_max,12.444168541461208,10.705075406294284,7.247083707855011,5.920875936894436,24.09978875494562,186.0445516789914,1.7390931351669234,1.3262077709605746,-161.9447629240458,0.12953772920224155,medium,datta_zhang (exactly 3-sparse)
cs_sigma1.0_datta_zhang,51,51,cs,100,500,1.0,3.0,datta_zhang,1.0,10,3,1.0,3.1944444444444446,cocolasso_max,reweighted_max,11.366567684134658,10.34222155422629,6.359422667814501,5.443163494500179,22.704531377064995,201.83966042898828,1.024346129908368,0.9162591733143222,-179.1351290519233,0.11248795865395819,medium,datta_zhang (exactly 3-sparse)
cs_sigma1.0_datta_zhang,52,52,cs,100,500,1.0,3.0,datta_zhang,1.0,10,3,1.0,3.1944444444444446,cocolasso_max,reweighted_max,16.37960778948915,17.148882875742256,10.206831046962693,10.217472435456669,22.67963932303246,192.7155137140071,-0.7692750862531064,-0.010641388493976223,-170.03587439097464,0.1176845542216669,medium,datta_zhang (exactly 3-sparse)
cs_sigma1.0_datta_zhang,53,53,cs,100,500,1.0,3.0,datta_zhang,1.0,10,3,1.0,3.1944444444444446,cocolasso_max,reweighted_max,12.200172277376405,9.857324617179527,6.298871020035698,4.931855319665478,24.256992278038524,206.13803479797207,2.3428476601968775,1.36701570037022,-181.88104251993354,0.11767353997437623,medium,datta_zhang (exactly 3-sparse)
cs_sigma1.0_datta_zhang,54,54,cs,100,500,1.0,3.0,datta_zhang,1.0,10,3,1.0,3.1944444444444446,cocolasso_max,reweighted_max,10.871055568591128,10.754182263705616,6.592932674675105,6.159416468318884,23.21018460695632,216.85963645396987,0.1168733048855124,0.433516206356221,-193.64945184701355,0.10702860609047854,medium,datta_zhang (exactly 3-sparse)
cs_sigma1.0_datta_zhang,55,55,cs,100,500,1.0,3.0,datta_zhang,1.0,10,3,1.0,3.1944444444444446,cocolasso_max,reweighted_max,15.99393236048942,16.814161776051463,8.074520989245116,8.43389611783107,24.96223290602211,201.39080082695,-0.8202294155620429,-0.35937512858595433,-176.4285679209279,0.12394922113384674,medium,datta_zhang (exactly 3-sparse)
cs_sigma1.0_datta_zhang,56,56,cs,100,500,1.0,3.0,datta_zhang,1.0,10,3,1.0,3.1944444444444446,cocolasso_max,reweighted_max,11.384810860564318,10.84722736787761,6.597152194502936,5.850109460506204,23.094835591036823,187.14733341697135,0.5375834926867089,0.7470427339967323,-164.05249782593452,0.12340456670884353,medium,datta_zhang (exactly 3-sparse)
cs_sigma1.0_datta_zhang,57,57,cs,100,500,1.0,3.0,datta_zhang,1.0,10,3,1.0,3.1944444444444446,cocolasso_max,reweighted_max,15.998182399394704,19.730188281672586,8.665618145859346,10.365770591140777,24.424445751006715,253.9954743020353,-3.732005882277882,-1.7001524452814305,-229.57102855102858,0.09616094860793746,medium,datta_zhang (exactly 3-sparse)
cs_sigma1.0_datta_zhang,58,58,cs,100,500,1.0,3.0,datta_zhang,1.0,10,3,1.0,3.1944444444444446,cocolasso_max,reweighted_max,13.636494989664174,14.738131365855276,7.409734102456952,7.604364659855225,24.72963178192731,188.52592880500012,-1.1016363761911023,-0.1946305573982734,-163.7962970230728,0.13117363716853056,medium,datta_zhang (exactly 3-sparse)
cs_sigma1.0_datta_zhang,59,59,cs,100,500,1.0,3.0,datta_zhang,1.0,10,3,1.0,3.1944444444444446,cocolasso_max,reweighted_max,10.455653476477927,9.409311474775803,6.899722828819941,5.817714931342072,23.134847664972767,204.46248207398455,1.0463420017021239,1.0820078974778689,-181.32763440901178,0.1131495980597626,medium,datta_zhang (exactly 3-sparse)
cs_sigma1.0_datta_zhang,60,60,cs,100,500,1.0,3.0,datta_zhang,1.0,10,3,1.0,3.1944444444444446,cocolasso_max,reweighted_max,14.90741581309008,15.072531667958335,8.162883007809086,7.95840412138943,23.745230022002943,188.60855363297745,-0.1651158548682563,0.20447888641965584,-164.8633236109745,0.12589688836811685,medium,datta_zhang (exactly 3-sparse)
cs_sigma1.0_datta_zhang,61,61,cs,100,500,1.0,3.0,datta_zhang,1.0,10,3,1.0,3.1944444444444446,cocolasso_max,reweighted_max,16.355510827700996,18.82311894332964,8.649424694792492,9.591309340702251,24.80635483097285,204.7965430499753,-2.467608115628643,-0.9418846459097594,-179.99018821900245,0.12112682402514725,medium,datta_zhang (exactly 3-sparse)
cs_sigma1.0_datta_zhang,62,62,cs,100,500,1.0,3.0,datta_zhang,1.0,10,3,1.0,3.1944444444444446,cocolasso_max,reweighted_max,10.298409210338187,8.818499903235608,5.725953277783382,4.658255516738647,24.90589447901584,185.1595900360262,1.479909307102579,1.0676977610447347,-160.25369555701036,0.13451042138389882,medium,datta_zhang (exactly 3-sparse)
cs_sigma1.0_datta_zhang,63,63,cs,100,500,1.0,3.0,datta_zhang,1.0,10,3,1.0,3.1944444444444446,cocolasso_max,reweighted_max,13.084376698277431,11.647709321930632,6.703510863846399,5.829369967133776,23.26220927003305,200.368209681008,1.436667376346799,0.874140896712623,-177.10600041097496,0.11609730559087772,medium,datta_zhang (exactly 3-sparse)
cs_sigma1.0_datta_zhang,64,64,cs,100,500,1.0,3.0,datta_zhang,1.0,10,3,1.0,3.1944444444444446,cocolasso_max,reweighted_max,14.20321704929941,16.019041967561908,7.847412593439611,8.45444177740005,24.023311725002717,185.00363766599912,-1.8158249182624981,-0.6070291839604387,-160.9803259409964,0.1298531857431571,medium,datta_zhang (exactly 3-sparse)
cs_sigma1.0_datta_zhang,65,65,cs,100,500,1.0,3.0,datta_zhang,1.0,10,3,1.0,3.1944444444444446,cocolasso_max,reweighted_max,10.442735799590915,10.897785293807557,6.588888907578049,6.3663769791277245,25.2594058259856,184.36560603696853,-0.45504949421664165,0.22251192845032453,-159.10620021098293,0.13700714774815778,medium,datta_zhang (exactly 3-sparse)
cs_sigma1.0_datta_zhang,66,66,cs,100,500,1.0,3.0,datta_zhang,1.0,10,3,1.0,3.1944444444444446,cocolasso_max,reweighted_max,12.872073023592147,12.755756773614936,7.354125564175714,6.976252373608697,24.677023648982868,182.6948570449604,0.11631624997721168,0.3778731905670165,-158.01783339597753,0.1350723498631927,medium,datta_zhang (exactly 3-sparse)
cs_sigma1.0_datta_zhang,67,67,cs,100,500,1.0,3.0,datta_zhang,1.0,10,3,1.0,3.1944444444444446,cocolasso_max,reweighted_max,16.232936088449545,17.3634863836136,10.013908327017775,9.921572514171835,22.213891372084618,213.08119681302924,-1.1305502951640563,0.09233581284594017,-190.86730544094462,0.1042508288123446,medium,datta_zhang (exactly 3-sparse)
cs_sigma1.0_datta_zhang,68,68,cs,100,500,1.0,3.0,datta_zhang,1.0,10,3,1.0,3.1944444444444446,cocolasso_max,reweighted_max,12.3237552959139,11.560493897658382,8.04852999806918,6.898976920703014,23.82420939707663,211.8964085130137,0.7632613982555174,1.149553077366166,-188.07219911593708,0.11243328551089367,medium,datta_zhang (exactly 3-sparse)
cs_sigma1.0_datta_zhang,69,69,cs,100,500,1.0,3.0,datta_zhang,1.0,10,3,1.0,3.1944444444444446,cocolasso_max,reweighted_max,11.78282653363454,12.453167488479943,6.613082721974387,6.51924522894276,24.673888618010096,178.16405458498048,-0.670340954845404,0.0938374930316277,-153.49016596697038,0.13848971205491495,medium,datta_zhang (exactly 3-sparse)
cs_sigma1.0_datta_zhang,70,70,cs,100,500,1.0,3.0,datta_zhang,1.0,10,3,1.0,3.1944444444444446,cocolasso_max,reweighted_max,12.115778128342448,10.008844949173245,6.847157021103561,5.409580966501094,24.66737540299073,194.6740308699664,2.1069331791692036,1.4375760546024665,-170.00665546697567,0.126711176076009,medium,datta_zhang (exactly 3-sparse)
cs_sigma1.0_datta_zhang,71,71,cs,100,500,1.0,3.0,datta_zhang,1.0,10,3,1.0,3.1944444444444446,cocolasso_max,reweighted_max,9.785378454581933,8.104825856684258,5.042051498924833,4.056204271696775,21.98842099495232,179.5659401169978,1.680552597897675,0.9858472272280574,-157.5775191220455,0.12245318338558842,medium,datta_zhang (exactly 3-sparse)
cs_sigma1.0_datta_zhang,72,72,cs,100,500,1.0,3.0,datta_zhang,1.0,10,3,1.0,3.1944444444444446,cocolasso_max,reweighted_max,11.738177362922674,12.2518034810553,7.1975720204397815,7.111375824194062,24.149603890953586,194.740011485992,-0.5136261181326258,0.08619619624571939,-170.5904075950384,0.12400946116145582,medium,datta_zhang (exactly 3-sparse)
cs_sigma1.0_datta_zhang,73,73,cs,100,500,1.0,3.0,datta_zhang,1.0,10,3,1.0,3.1944444444444446,cocolasso_max,reweighted_max,13.028127791927474,11.4549170018058,8.006596293270409,6.9126237507685815,25.632331027067263,178.78541062300792,1.5732107901216743,1.0939725425018274,-153.15307959594065,0.14336925444725654,medium,datta_zhang (exactly 3-sparse)
cs_sigma1.0_datta_zhang,74,74,cs,100,500,1.0,3.0,datta_zhang,1.0,10,3,1.0,3.1944444444444446,cocolasso_max,reweighted_max,8.23014419418493,6.717589773260725,5.38868729046777,4.075797577446236,23.81222946208436,189.6238096660236,1.5125544209242054,1.3128897130215336,-165.81158020393923,0.12557615788873683,medium,datta_zhang (exactly 3-sparse)
cs_sigma1.0_datta_zhang,75,75,cs,100,500,1.0,3.0,datta_zhang,1.0,10,3,1.0,3.1944444444444446,cocolasso_max,reweighted_max,12.938042315308769,12.892032419252873,6.648736588729798,6.457111672733822,22.89206529699732,194.35569465195292,0.046009896055895894,0.19162491599597598,-171.4636293549556,0.11778438155872835,medium,datta_zhang (exactly 3-sparse)
cs_sigma1.0_datta_zhang,76,76,cs,100,500,1.0,3.0,datta_zhang,1.0,10,3,1.0,3.1944444444444446,cocolasso_max,reweighted_max,8.772097080128576,6.978807468785872,5.086377034813221,3.5798621864292177,24.537953385035507,225.41043687902857,1.7932896113427041,1.5065148483840036,-200.87248349399306,0.10885899395245986,medium,datta_zhang (exactly 3-sparse)
cs_sigma1.0_datta_zhang,77,77,cs,100,500,1.0,3.0,datta_zhang,1.0,10,3,1.0,3.1944444444444446,cocolasso_max,reweighted_max,13.83693990760758,13.89594858720302,7.900687585350457,7.66590778323825,24.94483825401403,174.75174823007546,-0.05900867959543987,0.2347798021122065,-149.80690997606143,0.14274442749020194,medium,datta_zhang (exactly 3-sparse)
cs_sigma1.0_datta_zhang,78,78,cs,100,500,1.0,3.0,datta_zhang,1.0,10,3,1.0,3.1944444444444446,cocolasso_max,reweighted_max,12.07982747332886,11.244617819573984,7.691950461974765,6.808009933396084,23.52033993194345,213.4854097630596,0.8352096537548768,0.8839405285786812,-189.96506983111615,0.1101730556577515,medium,datta_zhang (exactly 3-sparse)
cs_sigma1.0_datta_zhang,79,79,cs,100,500,1.0,3.0,datta_zhang,1.0,10,3,1.0,3.1944444444444446,cocolasso_max,reweighted_max,12.21587704688611,12.409576570408458,7.027563086677672,6.813487170878151,23.401079952949654,198.1794338480104,-0.19369952352234776,0.2140759157995209,-174.77835389506075,0.11808026442792559,medium,datta_zhang (exactly 3-sparse)
cs_sigma1.0_datta_zhang,80,80,cs,100,500,1.0,3.0,datta_zhang,1.0,10,3,1.0,3.1944444444444446,cocolasso_max,reweighted_max,10.41154487009026,8.782529636318863,5.421655211366727,4.460734826596077,25.167467896011654,245.65307100105565,1.6290152337713977,0.9609203847706498,-220.485603105044,0.10245126508474833,medium,datta_zhang (exactly 3-sparse)
cs_sigma1.0_datta_zhang,81,81,cs,100,500,1.0,3.0,datta_zhang,1.0,10,3,1.0,3.1944444444444446,cocolasso_max,reweighted_max,11.413057841319628,10.507563387437346,6.816364474274095,6.225108920479035,24.94498608901631,220.09918690402992,0.905494453882282,0.5912555537950599,-195.1542008150136,0.1133352032776618,medium,datta_zhang (exactly 3-sparse)
cs_sigma1.0_datta_zhang,82,82,cs,100,500,1.0,3.0,datta_zhang,1.0,10,3,1.0,3.1944444444444446,cocolasso_max,reweighted_max,11.7213528703213,11.017734832333884,8.663238089608036,7.618525036499832,21.75273792003281,191.87493826297575,0.7036180379874164,1.0447130531082047,-170.12220034294293,0.11336935462733241,medium,datta_zhang (exactly 3-sparse)
cs_sigma1.0_datta_zhang,83,83,cs,100,500,1.0,3.0,datta_zhang,1.0,10,3,1.0,3.1944444444444446,cocolasso_max,reweighted_max,10.95955878440276,10.242453715338064,5.920848189421172,5.365302241127158,23.39458053105045,176.7844086199766,0.7171050690646972,0.5555459482940144,-153.38982808892615,0.13233395814525958,medium,datta_zhang (exactly 3-sparse)
cs_sigma1.0_datta_zhang,84,84,cs,100,500,1.0,3.0,datta_zhang,1.0,10,3,1.0,3.1944444444444446,cocolasso_max,reweighted_max,11.905817253137355,12.236821879974066,7.146326046709117,6.880400960268599,23.25806336605456,193.6452409250196,-0.3310046268367106,0.26592508644051804,-170.38717755896505,0.12010655802824609,medium,datta_zhang (exactly 3-sparse)
cs_sigma1.0_datta_zhang,85,85,cs,100,500,1.0,3.0,datta_zhang,1.0,10,3,1.0,3.1944444444444446,cocolasso_max,reweighted_max,15.248107600703586,17.12991837961673,8.446022295462326,9.086291489782017,22.08512461592909,194.98033729800957,-1.8818107789131435,-0.640269194319691,-172.89521268208048,0.11326847066724477,medium,datta_zhang (exactly 3-sparse)
cs_sigma1.0_datta_zhang,86,86,cs,100,500,1.0,3.0,datta_zhang,1.0,10,3,1.0,3.1944444444444446,cocolasso_max,reweighted_max,11.441177717772778,11.636501897453025,6.654215696032334,6.476388571438728,23.05174796306528,214.6458816389786,-0.19532417968024696,0.1778271245936054,-191.59413367591333,0.10739431750121778,medium,datta_zhang (exactly 3-sparse)
cs_sigma1.0_datta_zhang,87,87,cs,100,500,1.0,3.0,datta_zhang,1.0,10,3,1.0,3.1944444444444446,cocolasso_max,reweighted_max,10.723848239266086,8.659948841608509,6.501162794325665,4.728241926977758,21.19804340798873,192.60384769190568,2.0638993976575772,1.7729208673479064,-171.40580428391695,0.11006033193011644,medium,datta_zhang (exactly 3-sparse)
cs_sigma1.0_datta_zhang,88,88,cs,100,500,1.0,3.0,datta_zhang,1.0,10,3,1.0,3.1944444444444446,cocolasso_max,reweighted_max,16.533485891770678,17.914813351189803,11.31653077227635,11.367113988736968,21.21913164807484,194.7373562779976,-1.3813274594191256,-0.05058321646061792,-173.51822462992277,0.10896282076348739,medium,datta_zhang (exactly 3-sparse)
cs_sigma1.0_datta_zhang,89,89,cs,100,500,1.0,3.0,datta_zhang,1.0,10,3,1.0,3.1944444444444446,cocolasso_max,reweighted_max,11.556456623960935,10.877982364967393,6.546880870980574,5.998924365994299,23.37029431399424,230.687041980098,0.6784742589935426,0.5479565049862751,-207.31674766610377,0.10130735611933703,medium,datta_zhang (exactly 3-sparse)
cs_sigma1.0_datta_zhang,90,90,cs,100,500,1.0,3.0,datta_zhang,1.0,10,3,1.0,3.1944444444444446,cocolasso_max,reweighted_max,14.356110953139757,15.644684213310672,8.663841116440901,9.156847299355762,23.60152329702396,182.80556568002797,-1.2885732601709154,-0.4930061829148613,-159.204042383004,0.12910724686760724,medium,datta_zhang (exactly 3-sparse)
cs_sigma1.0_datta_zhang,91,91,cs,100,500,1.0,3.0,datta_zhang,1.0,10,3,1.0,3.1944444444444446,cocolasso_max,reweighted_max,8.813365973185638,8.350543899669242,6.138816949785141,5.331861777244825,22.93351567804348,216.8698815440293,0.4628220735163957,0.8069551725403157,-193.93636586598583,0.10574781299628035,medium,datta_zhang (exactly 3-sparse)
cs_sigma1.0_datta_zhang,92,92,cs,100,500,1.0,3.0,datta_zhang,1.0,10,3,1.0,3.1944444444444446,cocolasso_max,reweighted_max,13.64877077037496,14.054419289974376,6.9360186207952825,7.042286388596352,23.962918063043617,186.49439849099144,-0.40564851959941706,-0.10626776780106972,-162.53148042794783,0.12849135554171157,medium,datta_zhang (exactly 3-sparse)
cs_sigma1.0_datta_zhang,93,93,cs,100,500,1.0,3.0,datta_zhang,1.0,10,3,1.0,3.1944444444444446,cocolasso_max,reweighted_max,12.304436774620394,11.96108573044676,8.756195018765188,8.1909706621593,22.26267884299159,195.69480395095889,0.3433510441736338,0.5652243566058885,-173.4321251079673,0.1137622379006579,medium,datta_zhang (exactly 3-sparse)
cs_sigma1.0_datta_zhang,94,94,cs,100,500,1.0,3.0,datta_zhang,1.0,10,3,1.0,3.1944444444444446,cocolasso_max,reweighted_max,16.190954369662975,17.507612044816163,8.587253448157705,9.18060745349289,23.883418611017987,215.08078766206745,-1.3166576751531878,-0.5933540053351845,-191.19736905104946,0.11104394246753155,medium,datta_zhang (exactly 3-sparse)
cs_sigma1.0_datta_zhang,95,95,cs,100,500,1.0,3.0,datta_zhang,1.0,10,3,1.0,3.1944444444444446,cocolasso_max,reweighted_max,11.91678919296024,13.71625939337915,6.64990330140999,7.216565475454174,24.744570567039773,215.9471211420605,-1.7994702004189111,-0.5666621740441835,-191.20255057502072,0.11458624887507342,medium,datta_zhang (exactly 3-sparse)
cs_sigma1.0_datta_zhang,96,96,cs,100,500,1.0,3.0,datta_zhang,1.0,10,3,1.0,3.1944444444444446,cocolasso_max,reweighted_max,11.16638399624414,10.45512207045924,6.339246118071655,5.743146897168991,21.908272320055403,198.80621329403948,0.7112619257848998,0.5960992209026639,-176.89794097398408,0.11019913289959658,medium,datta_zhang (exactly 3-sparse)
cs_sigma1.0_datta_zhang,97,97,cs,100,500,1.0,3.0,datta_zhang,1.0,10,3,1.0,3.1944444444444446,cocolasso_max,reweighted_max,13.997590742700352,16.244404490489583,8.27607211938756,8.839092244676374,22.577037619892508,215.8636984269833,-2.246813747789231,-0.5630201252888138,-193.28666080709078,0.10458932087429826,medium,datta_zhang (exactly 3-sparse)
cs_sigma1.0_datta_zhang,98,98,cs,100,500,1.0,3.0,datta_zhang,1.0,10,3,1.0,3.1944444444444446,cocolasso_max,reweighted_max,12.913586703211992,12.249500685844122,6.681475405581246,6.150219802697728,24.99442407896277,177.0282946699299,0.66408601736787,0.531255602883518,-152.03387059096713,0.1411888654611117,medium,datta_zhang (exactly 3-sparse)
cs_sigma1.0_datta_zhang,99,99,cs,100,500,1.0,3.0,datta_zhang,1.0,10,3,1.0,3.1944444444444446,cocolasso_max,reweighted_max,14.738174513485433,15.327220788937527,8.150070031649319,7.969272860574443,24.833871783106588,195.17677079793063,-0.5890462754520946,0.18079717107487614,-170.34289901482404,0.12723784537258,medium,datta_zhang (exactly 3-sparse)
cs_sigma1.0_weak_sparse_a1.0,0,0,cs,100,500,1.0,3.0,weak_sparse,1.0,10,3,1.0,1.0610025846822844,cocolasso_max,reweighted_max,13.161349452957758,12.379366158932523,7.029739590122495,6.562436109510736,17.441604692023247,248.63851132104173,0.7819832940252347,0.46730348061175864,-231.19690662901849,0.07014844401759898,medium,weak α=1.0 (83% in first 3)
cs_sigma1.0_weak_sparse_a1.0,1,1,cs,100,500,1.0,3.0,weak_sparse,1.0,10,3,1.0,1.0610025846822844,cocolasso_max,reweighted_max,11.287094524755222,9.438653078049429,5.805338947644513,4.799627955254045,17.8758787830011,189.9869250280317,1.8484414467057935,1.0057109923904681,-172.1110462450306,0.09409004740912352,medium,weak α=1.0 (83% in first 3)
cs_sigma1.0_weak_sparse_a1.0,2,2,cs,100,500,1.0,3.0,weak_sparse,1.0,10,3,1.0,1.0610025846822844,cocolasso_max,reweighted_max,15.126809597554264,15.528956819000896,9.838889603657709,10.126970779995515,17.986437806976028,171.7516293108929,-0.40214722144663284,-0.2880811763378066,-153.76519150391687,0.10472353525344569,medium,weak α=1.0 (83% in first 3)
cs_sigma1.0_weak_sparse_a1.0,3,3,cs,100,500,1.0,3.0,weak_sparse,1.0,10,3,1.0,1.0610025846822844,cocolasso_max,reweighted_max,10.806012225437282,9.658626401587592,5.403042892503147,4.830002108624341,18.28368718799902,163.8361083929194,1.1473858238496906,0.5730407838788061,-145.5524212049204,0.11159742115059415,medium,weak α=1.0 (83% in first 3)
cs_sigma1.0_weak_sparse_a1.0,4,4,cs,100,500,1.0,3.0,weak_sparse,1.0,10,3,1.0,1.0610025846822844,cocolasso_max,reweighted_max,11.869602989241072,10.877579674559511,5.941685673706709,5.43880955254959,17.624366438016295,204.0162501089508,0.9920233146815605,0.5028761211571187,-186.3918836709345,0.0863870717582759,medium,weak α=1.0 (83% in first 3)
cs_sigma1.0_weak_sparse_a1.0,5,5,cs,100,500,1.0,3.0,weak_sparse,1.0,10,3,1.0,1.0610025846822844,cocolasso_max,reweighted_max,11.45367842322929,10.635248131374558,5.736294904507956,5.318353239133941,17.110402709047776,194.1785970110213,0.8184302918547317,0.41794166537401445,-177.06819430197353,0.0881168314759047,medium,weak α=1.0 (83% in first 3)
cs_sigma1.0_weak_sparse_a1.0,6,6,cs,100,500,1.0,3.0,weak_sparse,1.0,10,3,1.0,1.0610025846822844,cocolasso_max,reweighted_max,11.830639622139689,11.108748430119071,5.980193983132432,5.579565028719998,16.606886424997356,178.10842434794176,0.7218911920206175,0.4006289544124346,-161.5015379229444,0.09324031968614328,medium,weak α=1.0 (83% in first 3)
cs_sigma1.0_weak_sparse_a1.0,7,7,cs,100,500,1.0,3.0,weak_sparse,1.0,10,3,1.0,1.0610025846822844,cocolasso_max,reweighted_max,11.173670970332722,10.104626056553538,6.107705127379053,5.461971638182211,16.24055677402066,182.96123127895407,1.0690449137791838,0.645733489196842,-166.7206745049334,0.08876501683167674,medium,weak α=1.0 (83% in first 3)
cs_sigma1.0_weak_sparse_a1.0,8,8,cs,100,500,1.0,3.0,weak_sparse,1.0,10,3,1.0,1.0610025846822844,cocolasso_max,reweighted_max,11.425535287317636,10.797517435524547,6.039728248416427,5.630779343459669,16.22246428701328,221.7170749430079,0.6280178517930892,0.40894890495675806,-205.49461065599462,0.07316741072460588,medium,weak α=1.0 (83% in first 3)
cs_sigma1.0_weak_sparse_a1.0,9,9,cs,100,500,1.0,3.0,weak_sparse,1.0,10,3,1.0,1.0610025846822844,cocolasso_max,reweighted_max,15.114896365729134,16.22824449002445,7.584650778054264,8.211053292753412,16.464473752013873,202.8816840709187,-1.1133481242953174,-0.6264025146991488,-186.41721031890484,0.08115308105515627,medium,weak α=1.0 (83% in first 3)
cs_sigma1.0_weak_sparse_a1.0,10,10,cs,100,500,1.0,3.0,weak_sparse,1.0,10,3,1.0,1.0610025846822844,cocolasso_max,reweighted_max,11.43283812171154,11.12114094768077,5.719012515426825,5.5677996618948535,16.547734163003042,174.30599659401923,0.3116971740307708,0.15121285353197145,-157.7582624310162,0.09493496773690932,medium,weak α=1.0 (83% in first 3)
cs_sigma1.0_weak_sparse_a1.0,11,11,cs,100,500,1.0,3.0,weak_sparse,1.0,10,3,1.0,1.0610025846822844,cocolasso_max,reweighted_max,12.729224962609791,11.944714894431424,6.369749417069331,5.973781399294479,16.43691988295177,168.05841562896967,0.784510068178367,0.3959680177748517,-151.6214957460179,0.09780480091660698,medium,weak α=1.0 (83% in first 3)
cs_sigma1.0_weak_sparse_a1.0,12,12,cs,100,500,1.0,3.0,weak_sparse,1.0,10,3,1.0,1.0610025846822844,cocolasso_max,reweighted_max,12.574262689128371,12.253145821248632,6.287729260891708,6.126819671923993,17.310562731989194,191.34820566594132,0.3211168678797396,0.1609095889677148,-174.03764293395213,0.09046629244180238,medium,weak α=1.0 (83% in first 3)
cs_sigma1.0_weak_sparse_a1.0,13,13,cs,100,500,1.0,3.0,weak_sparse,1.0,10,3,1.0,1.0610025846822844,cocolasso_max,reweighted_max,12.011334390229775,11.018923231045186,6.237191828013901,5.64397960179319,17.493729251029436,192.48103190294933,0.9924111591845897,0.5932122262207109,-174.9873026519199,0.09088547104137477,medium,weak α=1.0 (83% in first 3)
cs_sigma1.0_weak_sparse_a1.0,14,14,cs,100,500,1.0,3.0,weak_sparse,1.0,10,3,1.0,1.0610025846822844,cocolasso_max,reweighted_max,15.927693766371071,18.16683934455576,7.973917893775379,9.087907247506836,17.919280342990533,164.84445905697066,-2.23914557818469,-1.1139893537314567,-146.92517871398013,0.10870417146867875,medium,weak α=1.0 (83% in first 3)
cs_sigma1.0_weak_sparse_a1.0,15,15,cs,100,500,1.0,3.0,weak_sparse,1.0,10,3,1.0,1.0610025846822844,cocolasso_max,reweighted_max,12.124086131976355,11.767646551756409,6.100925696761824,5.886968642681325,17.968551413971,160.27727259602398,0.3564395802199467,0.2139570540804998,-142.30872118205298,0.1121091663398866,medium,weak α=1.0 (83% in first 3)
cs_sigma1.0_weak_sparse_a1.0,16,16,cs,100,500,1.0,3.0,weak_sparse,1.0,10,3,1.0,1.0610025846822844,cocolasso_max,reweighted_max,12.217718756206931,11.53911233439067,6.308988135685029,5.9002811523395655,19.53572099597659,191.3231664050836,0.6786064218162622,0.4087069833454633,-171.78744540910702,0.10210849717286254,medium,weak α=1.0 (83% in first 3)
cs_sigma1.0_weak_sparse_a1.0,17,17,cs,100,500,1.0,3.0,weak_sparse,1.0,10,3,1.0,1.0610025846822844,cocolasso_max,reweighted_max,13.21864957986426,12.860036691690604,6.631582945459975,6.489262896620307,20.591679010016374,189.17392145795748,0.35861288817365633,0.1423200488396681,-168.5822424479411,0.1088505162409118,medium,weak α=1.0 (83% in first 3)
cs_sigma1.0_weak_sparse_a1.0,18,18,cs,100,500,1.0,3.0,weak_sparse,1.0,10,3,1.0,1.0610025846822844,cocolasso_max,reweighted_max,15.254753328378122,15.55834642767412,7.636343055642405,7.779228803093058,18.81956635700772,194.23913790797812,-0.3035930992959983,-0.14288574745065308,-175.4195715509704,0.09688864231843736,medium,weak α=1.0 (83% in first 3)
cs_sigma1.0_weak_sparse_a1.0,19,19,cs,100,500,1.0,3.0,weak_sparse,1.0,10,3,1.0,1.0610025846822844,cocolasso_max,reweighted_max,10.310145822269025,8.531286919958507,5.155141792021895,4.398953195830661,37.94742163998308,205.0407610210823,1.7788589023105175,0.756188596191234,-167.0933393810992,0.18507257508706437,medium,weak α=1.0 (83% in first 3)
cs_sigma1.0_weak_sparse_a1.0,20,20,cs,100,500,1.0,3.0,weak_sparse,1.0,10,3,1.0,1.0610025846822844,cocolasso_max,reweighted_max,15.024528603394334,15.4003016933159,7.657351803832978,7.798183153353809,15.561649176990612,188.56376429100052,-0.3757730899215659,-0.14083134952083043,-173.0021151140099,0.08252725138099777,medium,weak α=1.0 (83% in first 3)
cs_sigma1.0_weak_sparse_a1.0,21,21,cs,100,500,1.0,3.0,weak_sparse,1.0,10,3,1.0,1.0610025846822844,cocolasso_max,reweighted_max,10.909179833360431,9.411342745315157,5.5517551159716,4.889946073267528,15.95487217901973,161.82207229104824,1.4978370880452747,0.6618090427040721,-145.8672001120285,0.09859515425265215,medium,weak α=1.0 (83% in first 3)
cs_sigma1.0_weak_sparse_a1.0,22,22,cs,100,500,1.0,3.0,weak_sparse,1.0,10,3,1.0,1.0610025846822844,cocolasso_max,reweighted_max,11.821790201567971,10.967966529985382,6.524158474298517,5.946063398367845,15.556871308013797,180.26937575405464,0.8538236715825889,0.5780950759306718,-164.71250444604084,0.0862979152334691,medium,weak α=1.0 (83% in first 3)
cs_sigma1.0_weak_sparse_a1.0,23,23,cs,100,500,1.0,3.0,weak_sparse,1.0,10,3,1.0,1.0610025846822844,cocolasso_max,reweighted_max,9.826598651431114,8.451737842428956,5.22469979656186,4.694270572825766,16.321793520997744,187.8904474659357,1.3748608090021577,0.5304292237360944,-171.56865394493795,0.08686867129824077,medium,weak α=1.0 (83% in first 3)
cs_sigma1.0_weak_sparse_a1.0,24,24,cs,100,500,1.0,3.0,weak_sparse,1.0,10,3,1.0,1.0610025846822844,cocolasso_max,reweighted_max,11.69795116231953,10.393569484685052,5.949270493123199,5.218413983099017,16.436426175001543,229.8268139779102,1.3043816776344777,0.7308565100241822,-213.39038780290866,0.07151657324276066,medium,weak α=1.0 (83% in first 3)
cs_sigma1.0_weak_sparse_a1.0,25,25,cs,100,500,1.0,3.0,weak_sparse,1.0,10,3,1.0,1.0610025846822844,cocolasso_max,reweighted_max,10.423855191639207,8.972866893494082,5.228196360643099,4.489063745064708,16.410626749973744,300.2055110039655,1.4509882981451252,0.7391326155783906,-283.79488425399177,0.054664641881797336,medium,weak α=1.0 (83% in first 3)
cs_sigma1.0_weak_sparse_a1.0,26,26,cs,100,500,1.0,3.0,weak_sparse,1.0,10,3,1.0,1.0610025846822844,cocolasso_max,reweighted_max,11.478820955206372,9.873691920898082,5.817570162013514,4.98768161981817,17.78168162604561,252.59378405311145,1.6051290343082893,0.8298885421953432,-234.81210242706584,0.07039635473494771,medium,weak α=1.0 (83% in first 3)
cs_sigma1.0_weak_sparse_a1.0,27,27,cs,100,500,1.0,3.0,weak_sparse,1.0,10,3,1.0,1.0610025846822844,cocolasso_max,reweighted_max,13.534817335071946,13.148356072054025,6.854124822547363,6.637665436462704,17.531190751993563,274.6015932771843,0.38646126301792094,0.21645938608465887,-257.07040252519073,0.06384227616005668,medium,weak α=1.0 (83% in first 3)
cs_sigma1.0_weak_sparse_a1.0,28,28,cs,100,500,1.0,3.0,weak_sparse,1.0,10,3,1.0,1.0610025846822844,cocolasso_max,reweighted_max,12.265099630464055,11.73901436950867,6.218910433702847,5.899861876254244,17.10853698803112,301.0595610830933,0.5260852609553854,0.3190485574486033,-283.95102409506217,0.05682774839131953,medium,weak α=1.0 (83% in first 3)
cs_sigma1.0_weak_sparse_a1.0,29,29,cs,100,500,1.0,3.0,weak_sparse,1.0,10,3,1.0,1.0610025846822844,cocolasso_max,reweighted_max,12.4231654828436,12.569329866133552,6.292521102389027,6.311525422281034,17.766823123965878,358.3014135749545,-0.14616438328995152,-0.019004319892006905,-340.5345904509886,0.049586249037360176,medium,weak α=1.0 (83% in first 3)
cs_sigma1.0_weak_sparse_a1.0,30,30,cs,100,500,1.0,3.0,weak_sparse,1.0,10,3,1.0,1.0610025846822844,cocolasso_max,reweighted_max,16.243947450162644,17.895587920771597,8.14298713248581,8.951900845084607,17.236381991009694,354.0182169498876,-1.6516404706089531,-0.8089137125987964,-336.7818349588779,0.04868783911605758,medium,weak α=1.0 (83% in first 3)
cs_sigma1.0_weak_sparse_a1.0,31,31,cs,100,500,1.0,3.0,weak_sparse,1.0,10,3,1.0,1.0610025846822844,cocolasso_max,reweighted_max,14.061866575989082,15.117442884382593,7.142982616804591,7.864742531783136,17.474119339021854,2526.2073839299846,-1.0555763083935101,-0.721759914978545,-2508.733264590963,0.006917135722973629,medium,weak α=1.0 (83% in first 3)
cs_sigma1.0_weak_sparse_a1.0,32,32,cs,100,500,1.0,3.0,weak_sparse,1.0,10,3,1.0,1.0610025846822844,cocolasso_max,reweighted_max,11.82257119367317,10.481986120695444,6.100551936076417,5.38231868719333,16.292931106989272,282.8980974240694,1.340585072977726,0.7182332488830863,-266.60516631708015,0.057592932774538495,medium,weak α=1.0 (83% in first 3)
cs_sigma1.0_weak_sparse_a1.0,33,33,cs,100,500,1.0,3.0,weak_sparse,1.0,10,3,1.0,1.0610025846822844,cocolasso_max,reweighted_max,12.123556562209616,11.610188711893596,6.0633032924775545,5.805369161722315,16.06124718004139,298.1044913229998,0.5133678503160208,0.2579341307552392,-282.04324414295843,0.05387791075793902,medium,weak α=1.0 (83% in first 3)
cs_sigma1.0_weak_sparse_a1.0,34,34,cs,100,500,1.0,3.0,weak_sparse,1.0,10,3,1.0,1.0610025846822844,cocolasso_max,reweighted_max,13.284510215118711,12.98798281974883,6.669068214071453,6.509562253657927,16.08076844603056,244.06778289494105,0.29652739536988193,0.15950596041352583,-227.9870144489105,0.06588648552993381,medium,weak α=1.0 (83% in first 3)
cs_sigma1.0_weak_sparse_a1.0,35,35,cs,100,500,1.0,3.0,weak_sparse,1.0,10,3,1.0,1.0610025846822844,cocolasso_max,reweighted_max,11.78610353999329,11.378677769221037,6.031597116661393,5.776357115879681,16.130251030030195,225.3908192138188,0.40742577077225306,0.25524000078171216,-209.2605681837886,0.0715656968029745,medium,weak α=1.0 (83% in first 3)
cs_sigma1.0_weak_sparse_a1.0,36,36,cs,100,500,1.0,3.0,weak_sparse,1.0,10,3,1.0,1.0610025846822844,cocolasso_max,reweighted_max,14.727833678380373,14.7798491578392,7.3666469088353885,7.39039377596278,16.04279515403323,250.54925659811124,-0.05201547945882723,-0.02374686712739127,-234.506461444078,0.06403050390912302,medium,weak α=1.0 (83% in first 3)
cs_sigma1.0_weak_sparse_a1.0,37,37,cs,100,500,1.0,3.0,weak_sparse,1.0,10,3,1.0,1.0610025846822844,cocolasso_max,reweighted_max,12.36710376987502,11.612966929993323,6.344217238235407,5.895727585497964,16.091844601964112,292.4262529341504,0.7541368398816974,0.4484896527374431,-276.3344083321863,0.05502872755267884,medium,weak α=1.0 (83% in first 3)
cs_sigma1.0_weak_sparse_a1.0,38,38,cs,100,500,1.0,3.0,weak_sparse,1.0,10,3,1.0,1.0610025846822844,cocolasso_max,reweighted_max,13.259180161670542,13.134277248900052,6.638651738311742,6.567138634048322,16.058072444051504,243.849973133998,0.12490291277049081,0.07151310426341961,-227.7919006899465,0.06585226251071774,medium,weak α=1.0 (83% in first 3)
cs_sigma1.0_weak_sparse_a1.0,39,39,cs,100,500,1.0,3.0,weak_sparse,1.0,10,3,1.0,1.0610025846822844,cocolasso_max,reweighted_max,13.17962288539826,11.9941045847617,6.651364375023521,6.012752323422031,16.674394612957258,221.09294817293997,1.1855183006365593,0.6386120516014895,-204.4185535599827,0.07541803006722071,medium,weak α=1.0 (83% in first 3)
cs_sigma1.0_weak_sparse_a1.0,40,40,cs,100,500,1.0,3.0,weak_sparse,1.0,10,3,1.0,1.0610025846822844,cocolasso_max,reweighted_max,12.572104500177645,12.0041169751986,6.367582958420221,6.059628695548381,16.112566531053744,265.6305858900305,0.5679875249790438,0.30795426287184036,-249.51801935897674,0.06065779841228168,medium,weak α=1.0 (83% in first 3)
cs_sigma1.0_weak_sparse_a1.0,41,41,cs,100,500,1.0,3.0,weak_sparse,1.0,10,3,1.0,1.0610025846822844,cocolasso_max,reweighted_max,11.112834492316235,9.368931984192924,5.703046744545968,4.796460517615556,16.353334226994775,274.6160764310044,1.7439025081233108,0.9065862269304112,-258.2627422040096,0.05954980655003077,medium,weak α=1.0 (83% in first 3)
cs_sigma1.0_weak_sparse_a1.0,42,42,cs,100,500,1.0,3.0,weak_sparse,1.0,10,3,1.0,1.0610025846822844,cocolasso_max,reweighted_max,15.21037569028956,15.698643833213335,7.878581064684504,8.066074839623123,16.831322590005584,204.50893743196505,-0.4882681429237756,-0.18749377493861985,-187.67761484195947,0.08230115906599407,medium,weak α=1.0 (83% in first 3)
cs_sigma1.0_weak_sparse_a1.0,43,43,cs,100,500,1.0,3.0,weak_sparse,1.0,10,3,1.0,1.0610025846822844,cocolasso_max,reweighted_max,12.576796863246996,11.953273198541217,6.448961354079763,6.103606615886918,16.684779572009575,231.97818223387003,0.6235236647057789,0.3453547381928441,-215.29340266186045,0.0719239172035098,medium,weak α=1.0 (83% in first 3)
cs_sigma1.0_weak_sparse_a1.0,44,44,cs,100,500,1.0,3.0,weak_sparse,1.0,10,3,1.0,1.0610025846822844,cocolasso_max,reweighted_max,13.679853877486677,13.357483119916358,7.098901213258847,6.9481411507410185,16.483254791004583,224.36437748908065,0.32237075757031874,0.15076006251782825,-207.88112269807607,0.07346645209668717,medium,weak α=1.0 (83% in first 3)
cs_sigma1.0_weak_sparse_a1.0,45,45,cs,100,500,1.0,3.0,weak_sparse,1.0,10,3,1.0,1.0610025846822844,cocolasso_max,reweighted_max,14.727140667072494,15.109391356837577,7.532697517068157,7.6738868024313565,16.60594105697237,273.8058715041261,-0.38225068976508325,-0.14118928536319952,-257.19993044715375,0.060648593712579045,medium,weak α=1.0 (83% in first 3)
cs_sigma1.0_weak_sparse_a1.0,46,46,cs,100,500,1.0,3.0,weak_sparse,1.0,10,3,1.0,1.0610025846822844,cocolasso_max,reweighted_max,10.499413001521123,8.085928770296253,5.568039102057126,4.576624467445454,16.74736108398065,253.4092960380949,2.4134842312248708,0.9914146346116723,-236.66193495411426,0.06608818755197926,medium,weak α=1.0 (83% in first 3)
cs_sigma1.0_weak_sparse_a1.0,47,47,cs,100,500,1.0,3.0,weak_sparse,1.0,10,3,1.0,1.0610025846822844,cocolasso_max,reweighted_max,11.703626330283171,10.790903333830164,5.8518214728099816,5.398277842848238,16.276471377990674,255.71848979592323,0.9127229964530077,0.4535436299617439,-239.44201841793256,0.06364995894892134,medium,weak α=1.0 (83% in first 3)
cs_sigma1.0_weak_sparse_a1.0,48,48,cs,100,500,1.0,3.0,weak_sparse,1.0,10,3,1.0,1.0610025846822844,cocolasso_max,reweighted_max,13.23177389819566,12.48263150854348,7.282812599131176,6.857093072728441,16.290407772990875,223.67724682879637,0.7491423896521798,0.4257195264027347,-207.3868390558055,0.07282997266798277,medium,weak α=1.0 (83% in first 3)
cs_sigma1.0_weak_sparse_a1.0,49,49,cs,100,500,1.0,3.0,weak_sparse,1.0,10,3,1.0,1.0610025846822844,cocolasso_max,reweighted_max,12.187532982063566,11.747445201987412,6.222020474147398,5.963648368415031,16.33035587001359,232.97979771415703,0.4400877800761531,0.25837210573236735,-216.64944184414344,0.07009344170711879,medium,weak α=1.0 (83% in first 3)
cs_sigma1.0_weak_sparse_a1.0,50,50,cs,100,500,1.0,3.0,weak_sparse,1.0,10,3,1.0,1.0610025846822844,cocolasso_max,reweighted_max,12.307453923290506,11.337245292314408,6.551326518362632,5.942370911572177,16.352292849041987,237.5360234460095,0.9702086309760976,0.6089556067904551,-221.1837305969675,0.06884131767390121,medium,weak α=1.0 (83% in first 3)
cs_sigma1.0_weak_sparse_a1.0,51,51,cs,100,500,1.0,3.0,weak_sparse,1.0,10,3,1.0,1.0610025846822844,cocolasso_max,reweighted_max,12.753494525291924,12.194294805782071,6.380360521416145,6.1013154173598,16.106550960044842,255.71955097699535,0.5591997195098521,0.27904510405634575,-239.6130000169505,0.06298521524266948,medium,weak α=1.0 (83% in first 3)
cs_sigma1.0_weak_sparse_a1.0,52,52,cs,100,500,1.0,3.0,weak_sparse,1.0,10,3,1.0,1.0610025846822844,cocolasso_max,reweighted_max,14.287549783828329,14.536718463243629,8.137419884239991,8.154428682051332,16.361159434949514,269.64688687899616,-0.24916867941530008,-0.017008797811341125,-253.28572744404664,0.060676240784087274,medium,weak α=1.0 (83% in first 3)
cs_sigma1.0_weak_sparse_a1.0,53,53,cs,100,500,1.0,3.0,weak_sparse,1.0,10,3,1.0,1.0610025846822844,cocolasso_max,reweighted_max,11.415596335101135,9.708496864251089,5.725285149527533,4.8543549512081325,16.08868807903491,311.5670659049647,1.7070994708500464,0.8709301983194004,-295.4783778259298,0.051637961259815374,medium,weak α=1.0 (83% in first 3)
cs_sigma1.0_weak_sparse_a1.0,54,54,cs,100,500,1.0,3.0,weak_sparse,1.0,10,3,1.0,1.0610025846822844,cocolasso_max,reweighted_max,12.056002706171196,11.546800063581363,6.153352350550824,5.871480228552749,17.04756785702193,331.34085054695606,0.5092026425898322,0.28187212199807465,-314.29328268993413,0.05145024475213638,medium,weak α=1.0 (83% in first 3)
cs_sigma1.0_weak_sparse_a1.0,55,55,cs,100,500,1.0,3.0,weak_sparse,1.0,10,3,1.0,1.0610025846822844,cocolasso_max,reweighted_max,14.780165243718104,14.74995407735366,7.403305819942116,7.416040269847225,16.47451110498514,2069.88279848604,0.030211166364443542,-0.012734449905109635,-2053.408287381055,0.007959151656816018,medium,weak α=1.0 (83% in first 3)
cs_sigma1.0_weak_sparse_a1.0,56,56,cs,100,500,1.0,3.0,weak_sparse,1.0,10,3,1.0,1.0610025846822844,cocolasso_max,reweighted_max,11.539797425808327,10.477914681964805,5.848826080970529,5.256537541582948,16.015368510968983,254.5351046549622,1.0618827438435225,0.5922885393875807,-238.5197361439932,0.06292007749846053,medium,weak α=1.0 (83% in first 3)
cs_sigma1.0_weak_sparse_a1.0,57,57,cs,100,500,1.0,3.0,weak_sparse,1.0,10,3,1.0,1.0610025846822844,cocolasso_max,reweighted_max,15.14001971810081,15.1901978465337,7.590491825064318,7.598433505212243,15.951392385002691,255.42265116295312,-0.050178128432889935,-0.007941680147924401,-239.47125877795042,0.06245097023453144,medium,weak α=1.0 (83% in first 3)
cs_sigma1.0_weak_sparse_a1.0,58,58,cs,100,500,1.0,3.0,weak_sparse,1.0,10,3,1.0,1.0610025846822844,cocolasso_max,reweighted_max,12.749333750718089,12.380933366786763,6.426146700416088,6.195600347841016,15.944855223002378,272.3050387969706,0.36840038393132524,0.23054635257507172,-256.36018357396824,0.05855512367103419,medium,weak α=1.0 (83% in first 3)
cs_sigma1.0_weak_sparse_a1.0,59,59,cs,100,500,1.0,3.0,weak_sparse,1.0,10,3,1.0,1.0610025846822844,cocolasso_max,reweighted_max,11.81296509434129,10.796300876815838,6.202316601664536,5.661548501695672,15.915774874971248,295.60591802001,1.0166642175254523,0.5407680999688633,-279.69014314503875,0.05384119161610928,medium,weak α=1.0 (83% in first 3)
cs_sigma1.0_weak_sparse_a1.0,60,60,cs,100,500,1.0,3.0,weak_sparse,1.0,10,3,1.0,1.0610025846822844,cocolasso_max,reweighted_max,14.003725684457883,13.910148737739384,7.005286139306865,6.957841659445792,15.602069381042384,261.25649407110177,0.0935769467184997,0.04744447986107225,-245.6544246900594,0.059719355250921466,medium,weak α=1.0 (83% in first 3)
cs_sigma1.0_weak_sparse_a1.0,61,61,cs,100,500,1.0,3.0,weak_sparse,1.0,10,3,1.0,1.0610025846822844,cocolasso_max,reweighted_max,14.945915232213864,16.490981193068052,7.484937139487284,8.259154549199648,15.846503317006864,282.1805401539896,-1.5450659608541883,-0.7742174097123637,-266.33403683698276,0.056157321508985766,medium,weak α=1.0 (83% in first 3)
cs_sigma1.0_weak_sparse_a1.0,62,62,cs,100,500,1.0,3.0,weak_sparse,1.0,10,3,1.0,1.0610025846822844,cocolasso_max,reweighted_max,10.265681407584282,8.344451740757858,5.135475024151137,4.213682603738066,15.96266059600748,272.99216644489206,1.9212296668264237,0.9217924204130705,-257.0295058488846,0.05847296207757596,medium,weak α=1.0 (83% in first 3)
cs_sigma1.0_weak_sparse_a1.0,63,63,cs,100,500,1.0,3.0,weak_sparse,1.0,10,3,1.0,1.0610025846822844,cocolasso_max,reweighted_max,10.272825167626852,7.840484233207809,5.136529665805169,3.962884073377174,16.612951569026336,241.81840237602592,2.4323409344190434,1.1736455924279947,-225.20545080699958,0.06870011300129802,medium,weak α=1.0 (83% in first 3)
cs_sigma1.0_weak_sparse_a1.0,64,64,cs,100,500,1.0,3.0,weak_sparse,1.0,10,3,1.0,1.0610025846822844,cocolasso_max,reweighted_max,15.20065877648137,16.024429995344498,7.715090083198468,8.120271958379947,16.926651032001246,269.978924453957,-0.8237712188631274,-0.4051818751814791,-253.05227342195576,0.0626961940315751,medium,weak α=1.0 (83% in first 3)
cs_sigma1.0_weak_sparse_a1.0,65,65,cs,100,500,1.0,3.0,weak_sparse,1.0,10,3,1.0,1.0610025846822844,cocolasso_max,reweighted_max,9.425883288418737,7.8345933696838195,4.820113663222653,3.983771980179784,16.75382001104299,217.7567999640014,1.5912899187349172,0.8363416830428689,-201.0029799529584,0.07693821737742591,medium,weak α=1.0 (83% in first 3)
cs_sigma1.0_weak_sparse_a1.0,66,66,cs,100,500,1.0,3.0,weak_sparse,1.0,10,3,1.0,1.0610025846822844,cocolasso_max,reweighted_max,11.251139331013311,11.09975552723691,6.087204259077702,6.058918432925938,16.98982692696154,212.84538571501616,0.15138380377640104,0.028285826151764226,-195.85555878805462,0.07982238783277938,medium,weak α=1.0 (83% in first 3)
cs_sigma1.0_weak_sparse_a1.0,67,67,cs,100,500,1.0,3.0,weak_sparse,1.0,10,3,1.0,1.0610025846822844,cocolasso_max,reweighted_max,15.063310376351373,15.224528561764552,8.046025900759036,8.008128826852264,16.64793592103524,175.85568864597008,-0.16121818541317978,0.03789707390677144,-159.20775272493483,0.09466816825329208,medium,weak α=1.0 (83% in first 3)
cs_sigma1.0_weak_sparse_a1.0,68,68,cs,100,500,1.0,3.0,weak_sparse,1.0,10,3,1.0,1.0610025846822844,cocolasso_max,reweighted_max,12.192606582839218,12.120404940642157,6.117980223250603,6.060225596527536,16.594003308971878,261.5147337409435,0.07220164219706149,0.057754626723067304,-244.9207304319716,0.0634534164541945,medium,weak α=1.0 (83% in first 3)
cs_sigma1.0_weak_sparse_a1.0,69,69,cs,100,500,1.0,3.0,weak_sparse,1.0,10,3,1.0,1.0610025846822844,cocolasso_max,reweighted_max,13.634013051209394,14.183085991867374,6.871548633917787,7.32307320341326,16.323486921028234,171.94993009394966,-0.5490729406579806,-0.45152456949547304,-155.62644317292143,0.09493162871371591,medium,weak α=1.0 (83% in first 3)
cs_sigma1.0_weak_sparse_a1.0,70,70,cs,100,500,1.0,3.0,weak_sparse,1.0,10,3,1.0,1.0610025846822844,cocolasso_max,reweighted_max,14.027223295385832,14.018441391828652,7.518102932747257,7.633973294025203,16.633632049022708,179.5935175489867,0.008781903557180115,-0.11587036127794637,-162.959885499964,0.09261822072439584,medium,weak α=1.0 (83% in first 3)
cs_sigma1.0_weak_sparse_a1.0,71,71,cs,100,500,1.0,3.0,weak_sparse,1.0,10,3,1.0,1.0610025846822844,cocolasso_max,reweighted_max,12.621108628005532,12.272181342603686,6.310677191991076,6.137097291937603,16.33735266601434,162.59103015903383,0.3489272854018459,0.1735799000534728,-146.2536774930195,0.10048126670969744,medium,weak α=1.0 (83% in first 3)
cs_sigma1.0_weak_sparse_a1.0,72,72,cs,100,500,1.0,3.0,weak_sparse,1.0,10,3,1.0,1.0610025846822844,cocolasso_max,reweighted_max,15.207652616537834,15.659665519564474,8.120914689088384,8.280487998842641,16.955284469004255,161.83008078299463,-0.45201290302664,-0.15957330975425776,-144.87479631399037,0.10477214363960166,medium,weak α=1.0 (83% in first 3)
cs_sigma1.0_weak_sparse_a1.0,73,73,cs,100,500,1.0,3.0,weak_sparse,1.0,10,3,1.0,1.0610025846822844,cocolasso_max,reweighted_max,12.250589523631858,11.107701137541046,6.7184394210685525,6.088814629514853,16.521543960960116,202.82301732792985,1.142888386090812,0.6296247915536997,-186.30147336696973,0.08145793400877982,medium,weak α=1.0 (83% in first 3)
cs_sigma1.0_weak_sparse_a1.0,74,74,cs,100,500,1.0,3.0,weak_sparse,1.0,10,3,1.0,1.0610025846822844,cocolasso_max,reweighted_max,8.455051589260083,7.028765331563877,4.252331087492792,3.51508691101539,16.078537936031353,204.9308779470157,1.4262862576962068,0.7372441764774025,-188.85234001098434,0.07845834701488184,medium,weak α=1.0 (83% in first 3)
cs_sigma1.0_weak_sparse_a1.0,75,75,cs,100,500,1.0,3.0,weak_sparse,1.0,10,3,1.0,1.0610025846822844,cocolasso_max,reweighted_max,11.737111052923408,11.311675501759304,5.924318741985436,5.696559198008063,15.82165202498436,187.24590670899488,0.4254355511641048,0.2277595439773732,-171.42425468401052,0.08449665097124562,medium,weak α=1.0 (83% in first 3)
cs_sigma1.0_weak_sparse_a1.0,76,76,cs,100,500,1.0,3.0,weak_sparse,1.0,10,3,1.0,1.0610025846822844,cocolasso_max,reweighted_max,9.011495040048707,6.864371891481184,4.576089630472124,3.453485499637252,16.667458901007194,156.4682042489294,2.1471231485675233,1.1226041308348718,-139.8007453479222,0.10652297686302128,medium,weak α=1.0 (83% in first 3)
cs_sigma1.0_weak_sparse_a1.0,77,77,cs,100,500,1.0,3.0,weak_sparse,1.0,10,3,1.0,1.0610025846822844,cocolasso_max,reweighted_max,12.826831639732315,12.27793771536049,6.506733009633864,6.193097387968875,16.64168632501969,186.6349534620531,0.5488939243718249,0.3136356216649894,-169.9932671370334,0.08916703980856032,medium,weak α=1.0 (83% in first 3)
cs_sigma1.0_weak_sparse_a1.0,78,78,cs,100,500,1.0,3.0,weak_sparse,1.0,10,3,1.0,1.0610025846822844,cocolasso_max,reweighted_max,11.443894182570334,10.43276875363024,5.940529560574553,5.396967918389932,16.591182670963462,230.61013698996976,1.011125428940094,0.5435616421846206,-214.0189543190063,0.0719447240590516,medium,weak α=1.0 (83% in first 3)
cs_sigma1.0_weak_sparse_a1.0,79,79,cs,100,500,1.0,3.0,weak_sparse,1.0,10,3,1.0,1.0610025846822844,cocolasso_max,reweighted_max,12.564716202231631,12.27110317333326,6.364788966740261,6.174092382685198,17.635640942957252,218.01744723808952,0.2936130288983705,0.19069658405506296,-200.38180629513226,0.08089096155546653,medium,weak α=1.0 (83% in first 3)
cs_sigma1.0_weak_sparse_a1.0,80,80,cs,100,500,1.0,3.0,weak_sparse,1.0,10,3,1.0,1.0610025846822844,cocolasso_max,reweighted_max,10.084298777792506,8.648333012588665,5.138534771547374,4.5386881037305296,17.737518316949718,201.0843743130099,1.4359657652038411,0.5998466678168448,-183.34685599606019,0.0882093319162598,medium,weak α=1.0 (83% in first 3)
cs_sigma1.0_weak_sparse_a1.0,81,81,cs,100,500,1.0,3.0,weak_sparse,1.0,10,3,1.0,1.0610025846822844,cocolasso_max,reweighted_max,12.874395675085356,12.30796733579936,7.080897258189887,6.862034895083407,17.259164843999315,209.80755496199708,0.5664283392859968,0.21886236310647966,-192.54839011799777,0.08226188445466373,medium,weak α=1.0 (83% in first 3)
cs_sigma1.0_weak_sparse_a1.0,82,82,cs,100,500,1.0,3.0,weak_sparse,1.0,10,3,1.0,1.0610025846822844,cocolasso_max,reweighted_max,12.095883022948426,11.034136335948634,6.82887022081214,6.217767023773908,17.30476034799358,238.36001923598812,1.0617466869997916,0.6111031970382319,-221.05525888799454,0.0725992572221645,medium,weak α=1.0 (83% in first 3)
cs_sigma1.0_weak_sparse_a1.0,83,83,cs,100,500,1.0,3.0,weak_sparse,1.0,10,3,1.0,1.0610025846822844,cocolasso_max,reweighted_max,14.523522902773088,15.61592622024127,7.543895849370627,8.003335259085784,17.204483960988,220.89610607398208,-1.0924033174681824,-0.4594394097151566,-203.69162211299408,0.0778849580771963,medium,weak α=1.0 (83% in first 3)
cs_sigma1.0_weak_sparse_a1.0,84,84,cs,100,500,1.0,3.0,weak_sparse,1.0,10,3,1.0,1.0610025846822844,cocolasso_max,reweighted_max,13.578809548607854,13.961245920299213,7.068482160326075,7.197234478517383,18.25205619400367,205.3119365388993,-0.3824363716913588,-0.1287523181913084,-187.05988034489562,0.0888991478123122,medium,weak α=1.0 (83% in first 3)
cs_sigma1.0_weak_sparse_a1.0,85,85,cs,100,500,1.0,3.0,weak_sparse,1.0,10,3,1.0,1.0610025846822844,cocolasso_max,reweighted_max,15.3945424007688,16.239738546989194,7.807975385890522,8.216018328529145,18.350110046972983,200.0307954509044,-0.8451961462203936,-0.4080429426386232,-181.68068540393142,0.09173642491201729,medium,weak α=1.0 (83% in first 3)
cs_sigma1.0_weak_sparse_a1.0,86,86,cs,100,500,1.0,3.0,weak_sparse,1.0,10,3,1.0,1.0610025846822844,cocolasso_max,reweighted_max,10.327351506846082,9.289333942715366,5.267081949414545,4.721360695206203,18.135893064027183,248.0950487980153,1.0380175641307154,0.5457212542083427,-229.95915573398813,0.0731005844408946,medium,weak α=1.0 (83% in first 3)
cs_sigma1.0_weak_sparse_a1.0,87,87,cs,100,500,1.0,3.0,weak_sparse,1.0,10,3,1.0,1.0610025846822844,cocolasso_max,reweighted_max,10.277998003044832,8.785531399395364,5.178266595119223,4.413513667243255,17.13464339496568,232.16160906094592,1.4924666036494685,0.7647529278759677,-215.02696566598024,0.07380480978001654,medium,weak α=1.0 (83% in first 3)
cs_sigma1.0_weak_sparse_a1.0,88,88,cs,100,500,1.0,3.0,weak_sparse,1.0,10,3,1.0,1.0610025846822844,cocolasso_max,reweighted_max,15.521613250066112,16.725078163398628,8.493493860725918,9.196658163526273,17.190436457982287,232.11025001097005,-1.2034649133325157,-0.7031643028003547,-214.91981355298776,0.07406151368657708,medium,weak α=1.0 (83% in first 3)
cs_sigma1.0_weak_sparse_a1.0,89,89,cs,100,500,1.0,3.0,weak_sparse,1.0,10,3,1.0,1.0610025846822844,cocolasso_max,reweighted_max,10.900183953440006,9.89435092690604,5.453220214700712,4.948361453419419,16.073224692954682,198.07872546603903,1.005833026533967,0.5048587612812936,-182.00550077308435,0.08114563871075829,medium,weak α=1.0 (83% in first 3)
cs_sigma1.0_weak_sparse_a1.0,90,90,cs,100,500,1.0,3.0,weak_sparse,1.0,10,3,1.0,1.0610025846822844,cocolasso_max,reweighted_max,15.429396844644678,16.019443325897733,7.863937521658039,8.16568293473508,15.832242998003494,250.4785218859324,-0.5900464812530544,-0.3017454130770414,-234.6462788879289,0.06320798637263389,medium,weak α=1.0 (83% in first 3)
cs_sigma1.0_weak_sparse_a1.0,91,91,cs,100,500,1.0,3.0,weak_sparse,1.0,10,3,1.0,1.0610025846822844,cocolasso_max,reweighted_max,13.431113182300535,13.341137697724893,7.587045586861085,7.504755476000051,15.540345024026465,252.4990685180528,0.08997548457564264,0.08229011086103366,-236.95872349402634,0.06154614793327597,medium,weak α=1.0 (83% in first 3)
cs_sigma1.0_weak_sparse_a1.0,92,92,cs,100,500,1.0,3.0,weak_sparse,1.0,10,3,1.0,1.0610025846822844,cocolasso_max,reweighted_max,15.112531824223453,15.538879113546413,7.5598700774795535,7.769448482282531,16.37820945295971,193.38209310697857,-0.42634728932296007,-0.2095784048029774,-177.00388365401886,0.08469351629108346,medium,weak α=1.0 (83% in first 3)
cs_sigma1.0_weak_sparse_a1.0,93,93,cs,100,500,1.0,3.0,weak_sparse,1.0,10,3,1.0,1.0610025846822844,cocolasso_max,reweighted_max,11.86479167567557,11.000025119282087,6.803926784069397,6.321591467298233,16.65571204700973,274.8950051229913,0.8647665563934819,0.4823353167711639,-258.23929307598155,0.06058935861551128,medium,weak α=1.0 (83% in first 3)
cs_sigma1.0_weak_sparse_a1.0,94,94,cs,100,500,1.0,3.0,weak_sparse,1.0,10,3,1.0,1.0610025846822844,cocolasso_max,reweighted_max,14.384125575455268,14.436208571770669,7.225853850733419,7.224802698832048,16.57171966403257,228.1816284449305,-0.052082996315400365,0.0010511519013709503,-211.60990878089794,0.07262512664568874,medium,weak α=1.0 (83% in first 3)
cs_sigma1.0_weak_sparse_a1.0,95,95,cs,100,500,1.0,3.0,weak_sparse,1.0,10,3,1.0,1.0610025846822844,cocolasso_max,reweighted_max,13.613151551989256,13.856814615931327,6.830149870548229,6.92875158721764,17.04202701797476,190.43603189091664,-0.24366306394207093,-0.09860171666941131,-173.39400487294188,0.08948950914780968,medium,weak α=1.0 (83% in first 3)
cs_sigma1.0_weak_sparse_a1.0,96,96,cs,100,500,1.0,3.0,weak_sparse,1.0,10,3,1.0,1.0610025846822844,cocolasso_max,reweighted_max,9.369776114280404,7.817045190115138,4.819249622991128,4.112765544687637,17.497093771002255,200.8526275830809,1.5527309241652656,0.7064840783034914,-183.35553381207865,0.08711408947719511,medium,weak α=1.0 (83% in first 3)
cs_sigma1.0_weak_sparse_a1.0,97,97,cs,100,500,1.0,3.0,weak_sparse,1.0,10,3,1.0,1.0610025846822844,cocolasso_max,reweighted_max,14.511112577271318,14.918586520466658,7.526070735444547,7.60824142604997,18.296845446981024,211.53179354208987,-0.40747394319534,-0.08217069060542315,-193.23494809510885,0.08649690498341273,medium,weak α=1.0 (83% in first 3)
cs_sigma1.0_weak_sparse_a1.0,98,98,cs,100,500,1.0,3.0,weak_sparse,1.0,10,3,1.0,1.0610025846822844,cocolasso_max,reweighted_max,13.239746937829288,13.090215163950248,6.658735035146602,6.608845220440445,18.22163271700265,199.33664730098096,0.14953177387904049,0.049889814706157054,-181.1150145839783,0.09141135342509084,medium,weak α=1.0 (83% in first 3)
cs_sigma1.0_weak_sparse_a1.0,99,99,cs,100,500,1.0,3.0,weak_sparse,1.0,10,3,1.0,1.0610025846822844,cocolasso_max,reweighted_max,12.076111707600198,11.699848611185908,6.092833590103906,5.880261394597127,17.19815412495518,204.61100195301697,0.3762630964142897,0.21257219550677853,-187.41284782806179,0.0840529295140456,medium,weak α=1.0 (83% in first 3)
cs_sigma1.0_weak_sparse_a1.5,0,0,cs,100,500,1.0,3.0,weak_sparse,1.5,10,3,1.0,0.8937182721336322,cocolasso_max,reweighted_max,9.506959013759234,8.961628598609813,5.257797941683699,4.9400404630159045,19.87523927586153,204.965131517034,0.5453304151494205,0.3177574786677946,-185.08989224117246,0.0969688801639403,medium,weak α=1.5 (97% in first 3)
cs_sigma1.0_weak_sparse_a1.5,1,1,cs,100,500,1.0,3.0,weak_sparse,1.5,10,3,1.0,0.8937182721336322,cocolasso_max,reweighted_max,7.523417016214646,5.930355329002753,4.216507961281953,3.2678168317279326,19.928413545014337,248.8381751140114,1.5930616872118932,0.9486911295540201,-228.90976156899706,0.08008583705407596,medium,weak α=1.5 (97% in first 3)
cs_sigma1.0_weak_sparse_a1.5,2,2,cs,100,500,1.0,3.0,weak_sparse,1.5,10,3,1.0,0.8937182721336322,cocolasso_max,reweighted_max,11.021519132387162,11.227328461108328,7.608032587224455,7.652050382981463,17.481157508911565,233.8655734250788,-0.2058093287211662,-0.04401779575700715,-216.38441591616723,0.07474874242023412,medium,weak α=1.5 (97% in first 3)
cs_sigma1.0_weak_sparse_a1.5,3,3,cs,100,500,1.0,3.0,weak_sparse,1.5,10,3,1.0,0.8937182721336322,cocolasso_max,reweighted_max,6.5656711001964005,5.133321756715048,3.3078146775469714,2.567488615639925,16.67787940404378,1803.2655736440795,1.4323493434813521,0.7403260619070466,-1786.5876942400357,0.009248709478959744,medium,weak α=1.5 (97% in first 3)
cs_sigma1.0_weak_sparse_a1.5,4,4,cs,100,500,1.0,3.0,weak_sparse,1.5,10,3,1.0,0.8937182721336322,cocolasso_max,reweighted_max,7.877767927896003,6.816496820650611,3.9749210185653694,3.422180766947,18.2110835229978,263.1686162601691,1.0612711072453918,0.5527402516183693,-244.95753273717128,0.06919929808421489,medium,weak α=1.5 (97% in first 3)
cs_sigma1.0_weak_sparse_a1.5,5,5,cs,100,500,1.0,3.0,weak_sparse,1.5,10,3,1.0,0.8937182721336322,cocolasso_max,reweighted_max,7.638618461814167,6.839662515368631,3.84351440091112,3.4222352995752416,19.349405861925334,248.9622811919544,0.7989559464455356,0.42127910133587854,-229.61287533002906,0.0777202304272212,medium,weak α=1.5 (97% in first 3)
cs_sigma1.0_weak_sparse_a1.5,6,6,cs,100,500,1.0,3.0,weak_sparse,1.5,10,3,1.0,0.8937182721336322,cocolasso_max,reweighted_max,7.331930146183555,6.210106140675292,3.803281983568033,3.165643138294089,20.163396912859756,285.0147262800019,1.1218240055082624,0.6376388452739441,-264.85132936714217,0.07074510561623047,medium,weak α=1.5 (97% in first 3)
cs_sigma1.0_weak_sparse_a1.5,7,7,cs,100,500,1.0,3.0,weak_sparse,1.5,10,3,1.0,0.8937182721336322,cocolasso_max,reweighted_max,7.764892997213355,6.765409853963452,4.315780693826923,3.6960104639653455,17.823285124031827,251.406393829966,0.9994831432499032,0.6197702298615777,-233.58310870593417,0.0708943191639202,medium,weak α=1.5 (97% in first 3)
cs_sigma1.0_weak_sparse_a1.5,8,8,cs,100,500,1.0,3.0,weak_sparse,1.5,10,3,1.0,0.8937182721336322,cocolasso_max,reweighted_max,7.096750187774073,6.193913918904483,4.029816534927123,3.4396367689188407,16.60794667713344,234.91273709898812,0.9028362688695895,0.5901797660082826,-218.30479042185468,0.07069836604958182,medium,weak α=1.5 (97% in first 3)
cs_sigma1.0_weak_sparse_a1.5,9,9,cs,100,500,1.0,3.0,weak_sparse,1.5,10,3,1.0,0.8937182721336322,cocolasso_max,reweighted_max,9.661808561721331,10.052019290409964,4.831199801718866,5.036758067343954,18.02588804997504,260.9881985269021,-0.3902107286886327,-0.20555826562508805,-242.9623104769271,0.06906782816893144,medium,weak α=1.5 (97% in first 3)
cs_sigma1.0_weak_sparse_a1.5,10,10,cs,100,500,1.0,3.0,weak_sparse,1.5,10,3,1.0,0.8937182721336322,cocolasso_max,reweighted_max,7.68592458072883,7.206778953108374,3.84454403071928,3.614243869980335,19.408615281106904,237.34474170207977,0.479145627620456,0.230300160738945,-217.93612642097287,0.0817739425863035,medium,weak α=1.5 (97% in first 3)
cs_sigma1.0_weak_sparse_a1.5,11,11,cs,100,500,1.0,3.0,weak_sparse,1.5,10,3,1.0,0.8937182721336322,cocolasso_max,reweighted_max,7.991529445914679,6.782902921683023,4.035065559800316,3.4031488956187386,19.91727574192919,255.2005920249503,1.208626524231656,0.6319166641815772,-235.28331628302112,0.07804557028606708,medium,weak α=1.5 (97% in first 3)
cs_sigma1.0_weak_sparse_a1.5,12,12,cs,100,500,1.0,3.0,weak_sparse,1.5,10,3,1.0,0.8937182721336322,cocolasso_max,reweighted_max,8.206861779249037,7.477864258843992,4.120691729901461,3.757880432366025,18.594577560201287,242.27572366804816,0.728997520405045,0.36281129753543606,-223.68114610784687,0.0767496523328044,medium,weak α=1.5 (97% in first 3)
cs_sigma1.0_weak_sparse_a1.5,13,13,cs,100,500,1.0,3.0,weak_sparse,1.5,10,3,1.0,0.8937182721336322,cocolasso_max,reweighted_max,8.463830744355118,7.741061647224072,4.612055761539152,4.113632059836767,16.49332318198867,310.7697219941765,0.7227690971310459,0.4984237017023858,-294.27639881218784,0.0530724907051844,medium,weak α=1.5 (97% in first 3)
cs_sigma1.0_weak_sparse_a1.5,14,14,cs,100,500,1.0,3.0,weak_sparse,1.5,10,3,1.0,0.8937182721336322,cocolasso_max,reweighted_max,10.357604047938594,11.426869624423489,5.198672960060053,5.713540328644704,18.40648784302175,255.5718513650354,-1.069265576484895,-0.5148673685846514,-237.16536352201365,0.07202079471863124,medium,weak α=1.5 (97% in first 3)
cs_sigma1.0_weak_sparse_a1.5,15,15,cs,100,500,1.0,3.0,weak_sparse,1.5,10,3,1.0,0.8937182721336322,cocolasso_max,reweighted_max,7.779962780875033,7.269523830236205,4.037920933656082,3.712662115452064,18.9865335340146,237.93867345014587,0.5104389506388287,0.32525881820401814,-218.95213991613127,0.07979591236139574,medium,weak α=1.5 (97% in first 3)
cs_sigma1.0_weak_sparse_a1.5,16,16,cs,100,500,1.0,3.0,weak_sparse,1.5,10,3,1.0,0.8937182721336322,cocolasso_max,reweighted_max,8.27298176633974,7.449434320571038,4.461102885161841,3.954323009185348,20.13174644694664,254.67301379097623,0.8235474457687015,0.506779875976493,-234.5412673440296,0.0790493902250273,medium,weak α=1.5 (97% in first 3)
cs_sigma1.0_weak_sparse_a1.5,17,17,cs,100,500,1.0,3.0,weak_sparse,1.5,10,3,1.0,0.8937182721336322,cocolasso_max,reweighted_max,9.487916061521483,9.273114028867564,4.748292488625783,4.672361813220404,18.945723397890102,252.18348177103329,0.21480203265391928,0.07593067540537835,-233.23775837314318,0.07512674210395598,medium,weak α=1.5 (97% in first 3)
cs_sigma1.0_weak_sparse_a1.5,18,18,cs,100,500,1.0,3.0,weak_sparse,1.5,10,3,1.0,0.8937182721336322,cocolasso_max,reweighted_max,11.453363561524668,11.901970466629892,5.757532181596687,5.954682496116446,16.39947826694697,236.41607852792367,-0.4486069051052244,-0.1971503145197584,-220.0166002609767,0.0693670175440711,medium,weak α=1.5 (97% in first 3)
cs_sigma1.0_weak_sparse_a1.5,19,19,cs,100,500,1.0,3.0,weak_sparse,1.5,10,3,1.0,0.8937182721336322,cocolasso_max,reweighted_max,6.052085145811894,4.030133614695499,3.0458426139980577,2.064841419904276,17.2884579540696,257.0637536069844,2.021951531116395,0.9810011940937815,-239.7752956529148,0.0672535809171343,medium,weak α=1.5 (97% in first 3)
cs_sigma1.0_weak_sparse_a1.5,20,20,cs,100,500,1.0,3.0,weak_sparse,1.5,10,3,1.0,0.8937182721336322,cocolasso_max,reweighted_max,11.214858916054666,11.563429914712824,5.828282204750836,5.919043718231412,18.716754087945446,255.6290846460033,-0.34857099865815755,-0.09076151348057682,-236.91233055805785,0.07321840593320796,medium,weak α=1.5 (97% in first 3)
cs_sigma1.0_weak_sparse_a1.5,21,21,cs,100,500,1.0,3.0,weak_sparse,1.5,10,3,1.0,0.8937182721336322,cocolasso_max,reweighted_max,6.998272355131469,5.66674030462798,3.5163658331803718,2.8918312794562517,20.47324782400392,251.66861804318611,1.3315320505034896,0.62453455372412,-231.1953702191822,0.0813500228323689,medium,weak α=1.5 (97% in first 3)
cs_sigma1.0_weak_sparse_a1.5,22,22,cs,100,500,1.0,3.0,weak_sparse,1.5,10,3,1.0,0.8937182721336322,cocolasso_max,reweighted_max,8.124222487317834,7.349996741649711,4.8615816268630025,4.2938891449788725,17.733567228075117,263.173807004001,0.7742257456681223,0.56769248188413,-245.44023977592587,0.06738348101566778,medium,weak α=1.5 (97% in first 3)
cs_sigma1.0_weak_sparse_a1.5,23,23,cs,100,500,1.0,3.0,weak_sparse,1.5,10,3,1.0,0.8937182721336322,cocolasso_max,reweighted_max,5.917038214548504,4.450998721431692,3.0483202770885343,2.433559860582034,17.2269307191018,295.2901871688664,1.4660394931168117,0.6147604165065004,-278.0632564497646,0.05833898811290437,medium,weak α=1.5 (97% in first 3)
cs_sigma1.0_weak_sparse_a1.5,24,24,cs,100,500,1.0,3.0,weak_sparse,1.5,10,3,1.0,0.8937182721336322,cocolasso_max,reweighted_max,8.101735279658339,6.905167008045388,4.23739506872849,3.51034652738629,18.308775926940143,238.46503939083777,1.1965682716129509,0.7270485413421999,-220.15626346389763,0.07677761056174173,medium,weak α=1.5 (97% in first 3)
cs_sigma1.0_weak_sparse_a1.5,25,25,cs,100,500,1.0,3.0,weak_sparse,1.5,10,3,1.0,0.8937182721336322,cocolasso_max,reweighted_max,6.684058191698586,5.329660990944558,3.412073202907632,2.703080546090796,19.72087279916741,220.1565340058878,1.3543972007540281,0.7089926568168359,-200.4356612067204,0.0895765955265266,medium,weak α=1.5 (97% in first 3)
cs_sigma1.0_weak_sparse_a1.5,26,26,cs,100,500,1.0,3.0,weak_sparse,1.5,10,3,1.0,0.8937182721336322,cocolasso_max,reweighted_max,7.383782208975544,5.69891717570883,3.752786826326022,2.8803975635835704,17.68600342492573,202.9950628799852,1.6848650332667132,0.8723892627424514,-185.30905945505947,0.08712528853660867,medium,weak α=1.5 (97% in first 3)
cs_sigma1.0_weak_sparse_a1.5,27,27,cs,100,500,1.0,3.0,weak_sparse,1.5,10,3,1.0,0.8937182721336322,cocolasso_max,reweighted_max,9.019905598786924,8.189281301736806,4.687335341963958,4.237544126706793,18.171918152133003,196.54900310887024,0.8306242970501181,0.44979121525716437,-178.37708495673724,0.09245489859883653,medium,weak α=1.5 (97% in first 3)
cs_sigma1.0_weak_sparse_a1.5,28,28,cs,100,500,1.0,3.0,weak_sparse,1.5,10,3,1.0,0.8937182721336322,cocolasso_max,reweighted_max,8.853299608374012,8.4136154984436,4.7021984731455,4.379514473293303,18.28805863391608,184.17964241304435,0.43968410993041296,0.3226839998521971,-165.89158377912827,0.09929467988054279,medium,weak α=1.5 (97% in first 3)
cs_sigma1.0_weak_sparse_a1.5,29,29,cs,100,500,1.0,3.0,weak_sparse,1.5,10,3,1.0,0.8937182721336322,cocolasso_max,reweighted_max,8.054927326518392,7.837871178635448,4.215936476234276,3.988786765728449,17.56551644182764,254.6670133869629,0.21705614788294447,0.22714971050582733,-237.10149694513527,0.06897444709549834,medium,weak α=1.5 (97% in first 3)
cs_sigma1.0_weak_sparse_a1.5,30,30,cs,100,500,1.0,3.0,weak_sparse,1.5,10,3,1.0,0.8937182721336322,cocolasso_max,reweighted_max,11.856695411443969,12.792417876723622,5.9878174030989815,6.421037624442444,18.252121709054336,187.93762057600543,-0.9357224652796532,-0.43322022134346216,-169.6854988669511,0.0971179780456614,medium,weak α=1.5 (97% in first 3)
cs_sigma1.0_weak_sparse_a1.5,31,31,cs,100,500,1.0,3.0,weak_sparse,1.5,10,3,1.0,0.8937182721336322,cocolasso_max,reweighted_max,9.911002964496836,10.682172872942123,5.032987201371082,5.617595536064455,18.512609304161742,185.66171436593868,-0.7711699084452874,-0.5846083346933728,-167.14910506177694,0.09971150685204513,medium,weak α=1.5 (97% in first 3)
cs_sigma1.0_weak_sparse_a1.5,32,32,cs,100,500,1.0,3.0,weak_sparse,1.5,10,3,1.0,0.8937182721336322,cocolasso_max,reweighted_max,8.883477470266989,8.058932479110517,4.795948655163782,4.29684312637176,18.52002127701417,181.07219196110964,0.824544991156472,0.49910552879202186,-162.55217068409547,0.10227976519438096,medium,weak α=1.5 (97% in first 3)
cs_sigma1.0_weak_sparse_a1.5,33,33,cs,100,500,1.0,3.0,weak_sparse,1.5,10,3,1.0,0.8937182721336322,cocolasso_max,reweighted_max,8.020342155891475,7.484869299220143,4.036090103274409,3.7520452353133793,18.64667397388257,220.09781826194376,0.5354728566713325,0.2840448679610299,-201.4511442880612,0.08471994007542007,medium,weak α=1.5 (97% in first 3)
cs_sigma1.0_weak_sparse_a1.5,34,34,cs,100,500,1.0,3.0,weak_sparse,1.5,10,3,1.0,0.8937182721336322,cocolasso_max,reweighted_max,8.819151074770872,8.431650660203971,4.426064167659586,4.219234502177572,18.60862211813219,184.3823603340425,0.387500414566901,0.2068296654820143,-165.7737382159103,0.10092409102703347,medium,weak α=1.5 (97% in first 3)
cs_sigma1.0_weak_sparse_a1.5,35,35,cs,100,500,1.0,3.0,weak_sparse,1.5,10,3,1.0,0.8937182721336322,cocolasso_max,reweighted_max,7.393668224033529,7.001138038008379,3.871993478366303,3.583921197488672,18.28795813792385,215.39844008698128,0.39253018602515066,0.2880722808776306,-197.11048194905743,0.0849029274795996,medium,weak α=1.5 (97% in first 3)
cs_sigma1.0_weak_sparse_a1.5,36,36,cs,100,500,1.0,3.0,weak_sparse,1.5,10,3,1.0,0.8937182721336322,cocolasso_max,reweighted_max,11.0297255825832,11.067070165807875,5.541989678219973,5.5399825363429045,17.6458686478436,182.6265077588614,-0.03734458322467482,0.002007141877068186,-164.9806391110178,0.09662271301350768,medium,weak α=1.5 (97% in first 3)
cs_sigma1.0_weak_sparse_a1.5,37,37,cs,100,500,1.0,3.0,weak_sparse,1.5,10,3,1.0,0.8937182721336322,cocolasso_max,reweighted_max,7.9723701975108305,7.10122442813564,4.221309478283255,3.673072489911122,18.753029959043488,261.9547955750022,0.8711457693751905,0.5482369883721336,-243.20176561595872,0.07158880186896281,medium,weak α=1.5 (97% in first 3)
cs_sigma1.0_weak_sparse_a1.5,38,38,cs,100,500,1.0,3.0,weak_sparse,1.5,10,3,1.0,0.8937182721336322,cocolasso_max,reweighted_max,8.780016419111263,8.270306854340369,4.451501163666213,4.157736546978719,20.271366586908695,179.96052746777423,0.509709564770894,0.2937646166874943,-159.68916088086553,0.11264340504080105,medium,weak α=1.5 (97% in first 3)
cs_sigma1.0_weak_sparse_a1.5,39,39,cs,100,500,1.0,3.0,weak_sparse,1.5,10,3,1.0,0.8937182721336322,cocolasso_max,reweighted_max,8.892551777135193,7.3542134844537745,4.628347534428681,3.769518598056776,18.45106314006261,233.64355722418983,1.5383382926814182,0.8588289363719048,-215.19249408412722,0.07897099050909466,medium,weak α=1.5 (97% in first 3)
cs_sigma1.0_weak_sparse_a1.5,40,40,cs,100,500,1.0,3.0,weak_sparse,1.5,10,3,1.0,0.8937182721336322,cocolasso_max,reweighted_max,7.963613417689335,7.158250552233685,4.261211941085688,3.788496813164273,16.88460850296542,171.69795723701827,0.80536286545565,0.4727151279214148,-154.81334873405285,0.09833901797478742,medium,weak α=1.5 (97% in first 3)
cs_sigma1.0_weak_sparse_a1.5,41,41,cs,100,500,1.0,3.0,weak_sparse,1.5,10,3,1.0,0.8937182721336322,cocolasso_max,reweighted_max,7.107631035868889,5.538792340468058,3.8502267762062714,2.937531424817203,17.998919252073392,163.85284415911883,1.5688386954008307,0.9126953513890683,-145.85392490704544,0.1098480734005111,medium,weak α=1.5 (97% in first 3)
cs_sigma1.0_weak_sparse_a1.5,42,42,cs,100,500,1.0,3.0,weak_sparse,1.5,10,3,1.0,0.8937182721336322,cocolasso_max,reweighted_max,11.265703971975553,11.463531331903477,5.962506680814941,6.00267397899132,19.41501104994677,196.64896435895932,-0.1978273599279241,-0.040167298176378985,-177.23395330901255,0.09872928196309733,medium,weak α=1.5 (97% in first 3)
cs_sigma1.0_weak_sparse_a1.5,43,43,cs,100,500,1.0,3.0,weak_sparse,1.5,10,3,1.0,0.8937182721336322,cocolasso_max,reweighted_max,7.865651767133739,6.676253926623408,4.100262807993431,3.445294941141691,20.33104873402044,171.13946898514405,1.1893978405103312,0.6549678668517402,-150.8084202511236,0.11879812911997116,medium,weak α=1.5 (97% in first 3)
cs_sigma1.0_weak_sparse_a1.5,44,44,cs,100,500,1.0,3.0,weak_sparse,1.5,10,3,1.0,0.8937182721336322,cocolasso_max,reweighted_max,8.001113268686273,6.545475567205137,4.326995751290562,3.572720496608338,17.373669726075605,166.1134757362306,1.4556377014811366,0.7542752546822244,-148.739806010155,0.10458916502152435,medium,weak α=1.5 (97% in first 3)
cs_sigma1.0_weak_sparse_a1.5,45,45,cs,100,500,1.0,3.0,weak_sparse,1.5,10,3,1.0,0.8937182721336322,cocolasso_max,reweighted_max,10.879954763045776,11.126656706930731,5.617256116818678,5.684014135344417,17.259117865003645,170.2578090580646,-0.2467019438849558,-0.06675801852573926,-152.99869119306095,0.1013704919644397,medium,weak α=1.5 (97% in first 3)
cs_sigma1.0_weak_sparse_a1.5,46,46,cs,100,500,1.0,3.0,weak_sparse,1.5,10,3,1.0,0.8937182721336322,cocolasso_max,reweighted_max,6.037054797579215,3.1852031054113565,3.159267177102784,1.91692176119256,18.414321282180023,163.4644273892045,2.851851692167858,1.2423454159102238,-145.05010610702448,0.11265032751337395,medium,weak α=1.5 (97% in first 3)
cs_sigma1.0_weak_sparse_a1.5,47,47,cs,100,500,1.0,3.0,weak_sparse,1.5,10,3,1.0,0.8937182721336322,cocolasso_max,reweighted_max,7.340820989890631,6.630249404934017,3.694919484768069,3.322152918899244,19.842961787013337,206.38001241884197,0.7105715849566137,0.37276656586882506,-186.53705063182863,0.09614769160272482,medium,weak α=1.5 (97% in first 3)
cs_sigma1.0_weak_sparse_a1.5,48,48,cs,100,500,1.0,3.0,weak_sparse,1.5,10,3,1.0,0.8937182721336322,cocolasso_max,reweighted_max,8.904814761432844,7.810469684317269,5.054325977212174,4.436754273416808,20.089237450854853,183.79810454812832,1.094345077115575,0.6175717037953659,-163.70886709727347,0.10930056923190086,medium,weak α=1.5 (97% in first 3)
cs_sigma1.0_weak_sparse_a1.5,49,49,cs,100,500,1.0,3.0,weak_sparse,1.5,10,3,1.0,0.8937182721336322,cocolasso_max,reweighted_max,7.665944417384122,6.917518876627488,3.907896574211033,3.5058259170393704,16.73541265213862,207.5851754990872,0.7484255407566334,0.40207065717166257,-190.84976284694858,0.08061949805376256,medium,weak α=1.5 (97% in first 3)
cs_sigma1.0_weak_sparse_a1.5,50,50,cs,100,500,1.0,3.0,weak_sparse,1.5,10,3,1.0,0.8937182721336322,cocolasso_max,reweighted_max,8.40180031295775,7.137694681901791,4.633901277439415,3.888231680651431,17.519837446976453,281.84086864604615,1.2641056310559593,0.7456695967879843,-264.3210311990697,0.062162160978076565,medium,weak α=1.5 (97% in first 3)
cs_sigma1.0_weak_sparse_a1.5,51,51,cs,100,500,1.0,3.0,weak_sparse,1.5,10,3,1.0,0.8937182721336322,cocolasso_max,reweighted_max,8.183074594499828,7.410028267298399,4.167901768805399,3.7290303373078304,18.58508286904544,323.848380276002,0.7730463272014294,0.438871431497569,-305.26329740695655,0.05738822239347369,medium,weak α=1.5 (97% in first 3)
cs_sigma1.0_weak_sparse_a1.5,52,52,cs,100,500,1.0,3.0,weak_sparse,1.5,10,3,1.0,0.8937182721336322,cocolasso_max,reweighted_max,10.027425800506524,10.210510170877772,5.9129231432827805,5.83396679981569,20.140636765863743,256.62002598214895,-0.18308437037124747,0.07895634346709013,-236.4793892162852,0.07848427529683427,medium,weak α=1.5 (97% in first 3)
cs_sigma1.0_weak_sparse_a1.5,53,53,cs,100,500,1.0,3.0,weak_sparse,1.5,10,3,1.0,0.8937182721336322,cocolasso_max,reweighted_max,7.235308464514643,5.226556225889032,3.656151543126174,2.6145669202695414,20.3288059940096,409.8830786750186,2.0087522386256103,1.0415846228566328,-389.554272681009,0.04959659730214813,medium,weak α=1.5 (97% in first 3)
cs_sigma1.0_weak_sparse_a1.5,54,54,cs,100,500,1.0,3.0,weak_sparse,1.5,10,3,1.0,0.8937182721336322,cocolasso_max,reweighted_max,7.276196874069095,6.54284534562449,3.787630266547983,3.354120741108689,16.429541314020753,388.4489798299037,0.7333515284446053,0.4335095254392938,-372.01943851588294,0.042295236098225865,medium,weak α=1.5 (97% in first 3)
cs_sigma1.0_weak_sparse_a1.5,55,55,cs,100,500,1.0,3.0,weak_sparse,1.5,10,3,1.0,0.8937182721336322,cocolasso_max,reweighted_max,11.046965259573698,11.364440611002772,5.523674361361169,5.689536997712024,17.209875907050446,362.42875590198673,-0.31747535142907424,-0.1658626363508544,-345.2188799949363,0.04748485220004064,medium,weak α=1.5 (97% in first 3)
cs_sigma1.0_weak_sparse_a1.5,56,56,cs,100,500,1.0,3.0,weak_sparse,1.5,10,3,1.0,0.8937182721336322,cocolasso_max,reweighted_max,7.075808840272452,5.817150725925785,3.646674377121944,2.926587970710823,17.84989001508802,397.1422772109509,1.2586581143466669,0.720086406411121,-379.2923871958629,0.044945831857651,medium,weak α=1.5 (97% in first 3)
cs_sigma1.0_weak_sparse_a1.5,57,57,cs,100,500,1.0,3.0,weak_sparse,1.5,10,3,1.0,0.8937182721336322,cocolasso_max,reweighted_max,10.876592555639007,12.680907707288505,5.498717565921509,6.36514555378923,20.016646197997037,375.0591747290455,-1.8043151516494973,-0.8664279878677208,-355.04252853104845,0.053369301557434745,medium,weak α=1.5 (97% in first 3)
cs_sigma1.0_weak_sparse_a1.5,58,58,cs,100,500,1.0,3.0,weak_sparse,1.5,10,3,1.0,0.8937182721336322,cocolasso_max,reweighted_max,8.66318841348592,8.098612551326761,4.46302337691601,4.09430448592351,20.01494745304808,421.7900452481117,0.5645758621591579,0.36871889099250055,-401.77509779506363,0.047452394096391216,medium,weak α=1.5 (97% in first 3)
cs_sigma1.0_weak_sparse_a1.5,59,59,cs,100,500,1.0,3.0,weak_sparse,1.5,10,3,1.0,0.8937182721336322,cocolasso_max,reweighted_max,7.904217399154794,7.253055298527148,4.245209291503793,3.817647989568537,16.57355641783215,405.1750147561543,0.651162100627646,0.42756130193525577,-388.6014583383222,0.04090468517118851,medium,weak α=1.5 (97% in first 3)
cs_sigma1.0_weak_sparse_a1.5,60,60,cs,100,500,1.0,3.0,weak_sparse,1.5,10,3,1.0,0.8937182721336322,cocolasso_max,reweighted_max,9.535670574339148,9.159783658002851,4.828015967853504,4.615255260343469,17.39659164007753,301.51847291598096,0.375886916336297,0.21276070751003484,-284.12188127590343,0.05769660303674045,medium,weak α=1.5 (97% in first 3)
cs_sigma1.0_weak_sparse_a1.5,61,61,cs,100,500,1.0,3.0,weak_sparse,1.5,10,3,1.0,0.8937182721336322,cocolasso_max,reweighted_max,10.458827665226366,11.02109861072436,5.311089399256645,5.59311041536532,18.79674520296976,298.8159620349761,-0.5622709454979944,-0.2820210161086756,-280.01921683200635,0.06290408676618695,medium,weak α=1.5 (97% in first 3)
cs_sigma1.0_weak_sparse_a1.5,62,62,cs,100,500,1.0,3.0,weak_sparse,1.5,10,3,1.0,0.8937182721336322,cocolasso_max,reweighted_max,6.543106223327283,4.561592255426143,3.274567502340978,2.32810370648987,20.12031508493237,316.586589026032,1.9815139679011393,0.9464637958511077,-296.46627394109964,0.06355390841675208,medium,weak α=1.5 (97% in first 3)
cs_sigma1.0_weak_sparse_a1.5,63,63,cs,100,500,1.0,3.0,weak_sparse,1.5,10,3,1.0,0.8937182721336322,cocolasso_max,reweighted_max,6.996341668100058,5.125336586643824,3.507649326264788,2.5743786402449,19.960667538223788,324.3885295609944,1.871005081456234,0.9332706860198878,-304.4278620227706,0.06153321008371415,medium,weak α=1.5 (97% in first 3)
cs_sigma1.0_weak_sparse_a1.5,64,64,cs,100,500,1.0,3.0,weak_sparse,1.5,10,3,1.0,0.8937182721336322,cocolasso_max,reweighted_max,11.2260836990376,11.768065990467017,5.772713480473291,6.008319115959881,16.84324145503342,261.5300230770372,-0.5419822914294166,-0.23560563548659008,-244.68678162200376,0.06440270702714701,medium,weak α=1.5 (97% in first 3)
cs_sigma1.0_weak_sparse_a1.5,65,65,cs,100,500,1.0,3.0,weak_sparse,1.5,10,3,1.0,0.8937182721336322,cocolasso_max,reweighted_max,5.261755886851341,3.6265046572413375,2.8244205581945594,1.9282974667536843,16.94342531496659,267.97769680502824,1.6352512296100032,0.8961230914408751,-251.03427149006166,0.06322699805608849,medium,weak α=1.5 (97% in first 3)
cs_sigma1.0_weak_sparse_a1.5,66,66,cs,100,500,1.0,3.0,weak_sparse,1.5,10,3,1.0,0.8937182721336322,cocolasso_max,reweighted_max,7.363933564655511,6.716319698509626,4.166650386060726,3.821852362023471,18.135854493128136,271.6228664421942,0.6476138661458855,0.34479802403725524,-253.48701194906607,0.06676851154204184,medium,weak α=1.5 (97% in first 3)
cs_sigma1.0_weak_sparse_a1.5,67,67,cs,100,500,1.0,3.0,weak_sparse,1.5,10,3,1.0,0.8937182721336322,cocolasso_max,reweighted_max,11.078531396239114,11.218353864925971,6.185434366642799,6.118113781555658,19.191326120868325,240.06490286788903,-0.139822468686857,0.067320585087141,-220.8735767470207,0.07994224016756657,medium,weak α=1.5 (97% in first 3)
cs_sigma1.0_weak_sparse_a1.5,68,68,cs,100,500,1.0,3.0,weak_sparse,1.5,10,3,1.0,0.8937182721336322,cocolasso_max,reweighted_max,8.260568443924184,8.061654165126237,4.246416591935384,4.07484620483834,19.798405312933028,333.08139372593723,0.19891427879794676,0.1715703870970442,-313.2829884130042,0.05944014191685339,medium,weak α=1.5 (97% in first 3)
cs_sigma1.0_weak_sparse_a1.5,69,69,cs,100,500,1.0,3.0,weak_sparse,1.5,10,3,1.0,0.8937182721336322,cocolasso_max,reweighted_max,9.211641623671236,9.564868405690447,4.607828174751963,4.835030558541138,17.559834345942363,210.2254113398958,-0.3532267820192114,-0.22720238378917568,-192.66557699395344,0.08352860024876509,medium,weak α=1.5 (97% in first 3)
cs_sigma1.0_weak_sparse_a1.5,70,70,cs,100,500,1.0,3.0,weak_sparse,1.5,10,3,1.0,0.8937182721336322,cocolasso_max,reweighted_max,8.788309740448103,7.781112695969348,4.702186235065101,4.195713232145301,16.24030941980891,235.5164509739261,1.0071970444787546,0.5064730029198001,-219.2761415541172,0.06895615721386217,medium,weak α=1.5 (97% in first 3)
cs_sigma1.0_weak_sparse_a1.5,71,71,cs,100,500,1.0,3.0,weak_sparse,1.5,10,3,1.0,0.8937182721336322,cocolasso_max,reweighted_max,7.732469580423392,6.85631506824063,3.872295967244212,3.428157941255712,17.408091702032834,284.48842096701264,0.8761545121827616,0.44413802598849994,-267.0803292649798,0.06119086197905875,medium,weak α=1.5 (97% in first 3)
cs_sigma1.0_weak_sparse_a1.5,72,72,cs,100,500,1.0,3.0,weak_sparse,1.5,10,3,1.0,0.8937182721336322,cocolasso_max,reweighted_max,11.289209387290493,11.78773561552835,6.176479441178155,6.317960976754618,18.397123124916103,226.70572000998072,-0.4985262282378571,-0.14148153557646292,-208.30859688506462,0.08114979685605714,medium,weak α=1.5 (97% in first 3)
cs_sigma1.0_weak_sparse_a1.5,73,73,cs,100,500,1.0,3.0,weak_sparse,1.5,10,3,1.0,0.8937182721336322,cocolasso_max,reweighted_max,8.652885114583981,7.678446621679132,5.048719910162266,4.428398924412488,19.90787498792633,286.25798944197595,0.9744384929048486,0.6203209857497773,-266.3501144540496,0.06954522047309225,medium,weak α=1.5 (97% in first 3)
cs_sigma1.0_weak_sparse_a1.5,74,74,cs,100,500,1.0,3.0,weak_sparse,1.5,10,3,1.0,0.8937182721336322,cocolasso_max,reweighted_max,4.388591625688873,3.0250726795160983,2.3050561923214,1.5319731945248805,16.432140816934407,218.03417913615704,1.3635189461727748,0.7730829977965197,-201.60203831922263,0.07536497663824045,medium,weak α=1.5 (97% in first 3)
cs_sigma1.0_weak_sparse_a1.5,75,75,cs,100,500,1.0,3.0,weak_sparse,1.5,10,3,1.0,0.8937182721336322,cocolasso_max,reweighted_max,7.927840835126355,6.98913871467301,3.977800595360791,3.5196230943678635,17.632963894866407,196.50416871497876,0.9387021204533452,0.45817750099292764,-178.87120482011235,0.08973328153888836,medium,weak α=1.5 (97% in first 3)
cs_sigma1.0_weak_sparse_a1.5,76,76,cs,100,500,1.0,3.0,weak_sparse,1.5,10,3,1.0,0.8937182721336322,cocolasso_max,reweighted_max,4.650569533971671,2.677561475483244,2.41355863109396,1.3808831593344175,17.820909067988396,171.38249991694465,1.973008058488427,1.0326754717595423,-153.56159084895626,0.10398324844499736,medium,weak α=1.5 (97% in first 3)
cs_sigma1.0_weak_sparse_a1.5,77,77,cs,100,500,1.0,3.0,weak_sparse,1.5,10,3,1.0,0.8937182721336322,cocolasso_max,reweighted_max,8.320542743741397,7.411366728033719,4.377823875687269,3.8701225487024105,17.579745864961296,182.9486151980236,0.9091760157076783,0.5077013269848583,-165.3688693330623,0.09609116661491522,medium,weak α=1.5 (97% in first 3)
cs_sigma1.0_weak_sparse_a1.5,78,78,cs,100,500,1.0,3.0,weak_sparse,1.5,10,3,1.0,0.8937182721336322,cocolasso_max,reweighted_max,8.35139405585507,7.6757986847546915,4.6026864848004925,4.193613184764912,17.465383159928024,182.41848318791017,0.6755953711003793,0.4090733000355806,-164.95310002798215,0.09574349514756599,medium,weak α=1.5 (97% in first 3)
cs_sigma1.0_weak_sparse_a1.5,79,79,cs,100,500,1.0,3.0,weak_sparse,1.5,10,3,1.0,0.8937182721336322,cocolasso_max,reweighted_max,8.701668719857828,8.191525507417046,4.556065450413308,4.2052411813634825,18.17839185008779,200.6074535549851,0.5101432124407825,0.35082426904982533,-182.42906170489732,0.09061673197055573,medium,weak α=1.5 (97% in first 3)
cs_sigma1.0_weak_sparse_a1.5,80,80,cs,100,500,1.0,3.0,weak_sparse,1.5,10,3,1.0,0.8937182721336322,cocolasso_max,reweighted_max,6.102174842214484,4.47062769425703,3.114121243725996,2.435347657746316,18.595970846014097,241.08139371406287,1.6315471479574537,0.6787735859796804,-222.48542286804877,0.07713565348004436,medium,weak α=1.5 (97% in first 3)
cs_sigma1.0_weak_sparse_a1.5,81,81,cs,100,500,1.0,3.0,weak_sparse,1.5,10,3,1.0,0.8937182721336322,cocolasso_max,reweighted_max,8.778238234439785,8.234401269012107,5.073515235767446,4.791960361833966,18.158476973883808,210.35226029809564,0.543836965427678,0.2815548739334801,-192.19378332421184,0.0863241352774197,medium,weak α=1.5 (97% in first 3)
cs_sigma1.0_weak_sparse_a1.5,82,82,cs,100,500,1.0,3.0,weak_sparse,1.5,10,3,1.0,0.8937182721336322,cocolasso_max,reweighted_max,8.27072182717164,7.41734272121616,5.0570825865499245,4.460163502886899,18.03981741401367,238.82633942191023,0.8533791059554794,0.5969190836630256,-220.78652200789656,0.075535292538,medium,weak α=1.5 (97% in first 3)
cs_sigma1.0_weak_sparse_a1.5,83,83,cs,100,500,1.0,3.0,weak_sparse,1.5,10,3,1.0,0.8937182721336322,cocolasso_max,reweighted_max,9.617883761968072,9.980885439417923,5.157275417252153,5.227403472841041,17.99351298296824,209.30557935801332,-0.36300167744985146,-0.07012805558888768,-191.31206637504508,0.0859676700361182,medium,weak α=1.5 (97% in first 3)
cs_sigma1.0_weak_sparse_a1.5,84,84,cs,100,500,1.0,3.0,weak_sparse,1.5,10,3,1.0,0.8937182721336322,cocolasso_max,reweighted_max,9.075076038087044,8.925649236130239,4.945973271245392,4.785915905071581,17.556191127980128,222.64125620108095,0.14942680195680502,0.1600573661738105,-205.08506507310082,0.07885416848404797,medium,weak α=1.5 (97% in first 3)
cs_sigma1.0_weak_sparse_a1.5,85,85,cs,100,500,1.0,3.0,weak_sparse,1.5,10,3,1.0,0.8937182721336322,cocolasso_max,reweighted_max,11.381582665132257,11.857697920236108,5.791199415660341,5.981719067133778,18.13191297487356,181.04673620301764,-0.476115255103851,-0.19051965147343708,-162.9148232281441,0.10015045482256721,medium,weak α=1.5 (97% in first 3)
cs_sigma1.0_weak_sparse_a1.5,86,86,cs,100,500,1.0,3.0,weak_sparse,1.5,10,3,1.0,0.8937182721336322,cocolasso_max,reweighted_max,6.531732330306823,5.793092800645548,3.382939893086921,2.965065105364096,19.723491688026115,181.083375055925,0.7386395296612749,0.4178747877228246,-161.35988336789887,0.1089193951787943,medium,weak α=1.5 (97% in first 3)
cs_sigma1.0_weak_sparse_a1.5,87,87,cs,100,500,1.0,3.0,weak_sparse,1.5,10,3,1.0,0.8937182721336322,cocolasso_max,reweighted_max,5.7570651365229,4.124074859286284,2.937087087886566,2.0690994407346093,18.766754681011665,180.0901246110443,1.6329902772366163,0.8679876471519568,-161.32336993003264,0.10420757230050118,medium,weak α=1.5 (97% in first 3)
cs_sigma1.0_weak_sparse_a1.5,88,88,cs,100,500,1.0,3.0,weak_sparse,1.5,10,3,1.0,0.8937182721336322,cocolasso_max,reweighted_max,11.376155601194275,12.028948163441123,6.4664675757653365,6.794595714776765,16.276287578046322,180.5550387010444,-0.652792562246848,-0.32812813901142857,-164.27875112299807,0.09014585078955303,medium,weak α=1.5 (97% in first 3)
cs_sigma1.0_weak_sparse_a1.5,89,89,cs,100,500,1.0,3.0,weak_sparse,1.5,10,3,1.0,0.8937182721336322,cocolasso_max,reweighted_max,7.399138317348433,6.365927040182184,3.78454887352832,3.2227452431840145,17.486800887156278,195.9308495519217,1.0332112771662487,0.5618036303443055,-178.44404866476543,0.0892498599743083,medium,weak α=1.5 (97% in first 3)
cs_sigma1.0_weak_sparse_a1.5,90,90,cs,100,500,1.0,3.0,weak_sparse,1.5,10,3,1.0,0.8937182721336322,cocolasso_max,reweighted_max,10.95575191101528,11.311863447297815,5.662160406101434,5.879919876499431,18.561315329978243,199.14114912902005,-0.3561115362825351,-0.21775947039799703,-180.5798337990418,0.09320683048761907,medium,weak α=1.5 (97% in first 3)
cs_sigma1.0_weak_sparse_a1.5,91,91,cs,100,500,1.0,3.0,weak_sparse,1.5,10,3,1.0,0.8937182721336322,cocolasso_max,reweighted_max,8.570404418492602,7.945279814715111,5.097070218077737,4.675496515955845,19.582092551048845,213.1131799069699,0.6251246037774916,0.4215737021218917,-193.53108735592104,0.09188588223214068,medium,weak α=1.5 (97% in first 3)
cs_sigma1.0_weak_sparse_a1.5,92,92,cs,100,500,1.0,3.0,weak_sparse,1.5,10,3,1.0,0.8937182721336322,cocolasso_max,reweighted_max,11.050699881194124,11.471726818831684,5.584486258973506,5.76725217834088,18.31357472599484,184.7315333100269,-0.42102693763755994,-0.18276591936737407,-166.41795858403205,0.09913615936516894,medium,weak α=1.5 (97% in first 3)
cs_sigma1.0_weak_sparse_a1.5,93,93,cs,100,500,1.0,3.0,weak_sparse,1.5,10,3,1.0,0.8937182721336322,cocolasso_max,reweighted_max,7.645160034472142,6.713090032587464,4.90182033929415,4.377154948612227,16.076103437924758,197.49684213090225,0.9320700018846786,0.524665390681923,-181.4207386929775,0.0813992936012081,medium,weak α=1.5 (97% in first 3)
cs_sigma1.0_weak_sparse_a1.5,94,94,cs,100,500,1.0,3.0,weak_sparse,1.5,10,3,1.0,0.8937182721336322,cocolasso_max,reweighted_max,10.117067786017047,10.10739493805498,5.127036792146455,5.077969226478013,17.96385486377403,170.20562957401853,0.00967284796206691,0.04906756566844184,-152.2417747102445,0.10554207230826029,medium,weak α=1.5 (97% in first 3)
cs_sigma1.0_weak_sparse_a1.5,95,95,cs,100,500,1.0,3.0,weak_sparse,1.5,10,3,1.0,0.8937182721336322,cocolasso_max,reweighted_max,9.19415721866554,9.360153065697686,4.619512298468839,4.680403432626605,18.686425431165844,201.13918287900745,-0.16599584703214632,-0.06089113415776559,-182.4527574478416,0.09290295984948099,medium,weak α=1.5 (97% in first 3)
cs_sigma1.0_weak_sparse_a1.5,96,96,cs,100,500,1.0,3.0,weak_sparse,1.5,10,3,1.0,0.8937182721336322,cocolasso_max,reweighted_max,5.598513330430832,4.237972707521424,2.929986552788705,2.24816751249984,19.949121014913544,188.09510653896723,1.360540622909408,0.6818190402888651,-168.14598552405369,0.10605869223280794,medium,weak α=1.5 (97% in first 3)
cs_sigma1.0_weak_sparse_a1.5,97,97,cs,100,500,1.0,3.0,weak_sparse,1.5,10,3,1.0,0.8937182721336322,cocolasso_max,reweighted_max,10.234532292792702,10.4163407069382,5.436502306572166,5.4031246095929815,17.643883733078837,183.7236995549174,-0.18180841414549853,0.03337769697918436,-166.07981582183857,0.09603488159569121,medium,weak α=1.5 (97% in first 3)
cs_sigma1.0_weak_sparse_a1.5,98,98,cs,100,500,1.0,3.0,weak_sparse,1.5,10,3,1.0,0.8937182721336322,cocolasso_max,reweighted_max,9.071901102958543,8.900945972849879,4.537789887557569,4.484050485482275,16.629035828169435,1532.336198015022,0.17095513010866448,0.05373940207529415,-1515.7071621868527,0.010852080535401157,medium,weak α=1.5 (97% in first 3)
cs_sigma1.0_weak_sparse_a1.5,99,99,cs,100,500,1.0,3.0,weak_sparse,1.5,10,3,1.0,0.8937182721336322,cocolasso_max,reweighted_max,8.204162638785025,7.983212024813451,4.208037030316601,4.041816163696351,17.749893449014053,196.9012716099387,0.22095061397157423,0.16622086662024937,-179.15137816092465,0.09014615956455874,medium,weak α=1.5 (97% in first 3)
cs_sigma1.0_weak_sparse_a2.0,0,0,cs,100,500,1.0,3.0,weak_sparse,2.0,10,3,1.0,0.8793859844187413,cocolasso_max,reweighted_max,8.496958299484886,8.080373721652837,4.841217431084558,4.590693309320383,16.831569523958024,189.4141626049532,0.41658457783204916,0.25052412176417427,-172.58259308099517,0.08886119861618984,medium,weak α=2.0 (99% in first 3)
cs_sigma1.0_weak_sparse_a2.0,1,1,cs,100,500,1.0,3.0,weak_sparse,2.0,10,3,1.0,0.8793859844187413,cocolasso_max,reweighted_max,6.5088600851485685,4.904965335599576,3.809397583328293,2.832187068501934,16.574254787003156,205.6856702719815,1.6038947495489921,0.9772105148263588,-189.11141548497835,0.0805805030806801,medium,weak α=2.0 (99% in first 3)
cs_sigma1.0_weak_sparse_a2.0,2,2,cs,100,500,1.0,3.0,weak_sparse,2.0,10,3,1.0,0.8793859844187413,cocolasso_max,reweighted_max,9.911823569636708,10.072622970067576,6.920014147374216,6.9262797811162695,16.548474158975296,202.30276348500047,-0.16079940043086793,-0.006265633742053467,-185.75428932602517,0.08180053437679444,medium,weak α=2.0 (99% in first 3)
cs_sigma1.0_weak_sparse_a2.0,3,3,cs,100,500,1.0,3.0,weak_sparse,2.0,10,3,1.0,0.8793859844187413,cocolasso_max,reweighted_max,5.547666576194916,4.088506307914003,2.832520128266256,2.0543102343448885,16.82910092000384,272.8452300200006,1.4591602682809128,0.7782098939213675,-256.01612909999676,0.06168002614071795,medium,weak α=2.0 (99% in first 3)
cs_sigma1.0_weak_sparse_a2.0,4,4,cs,100,500,1.0,3.0,weak_sparse,2.0,10,3,1.0,0.8793859844187413,cocolasso_max,reweighted_max,6.921628739441733,5.833260278139715,3.512531432501908,2.940517876825299,17.157178374007344,214.29939612199087,1.088368461302018,0.5720135556766093,-197.14221774798352,0.08006172058571992,medium,weak α=2.0 (99% in first 3)
cs_sigma1.0_weak_sparse_a2.0,5,5,cs,100,500,1.0,3.0,weak_sparse,2.0,10,3,1.0,0.8793859844187413,cocolasso_max,reweighted_max,6.570592292339999,5.624638090971922,3.3253131627989085,2.820980618206488,17.491144453990273,244.2301679640077,0.9459542013680773,0.5043325445924207,-226.73902351001743,0.07161746069211217,medium,weak α=2.0 (99% in first 3)
cs_sigma1.0_weak_sparse_a2.0,6,6,cs,100,500,1.0,3.0,weak_sparse,2.0,10,3,1.0,0.8793859844187413,cocolasso_max,reweighted_max,6.165291122655659,4.954679531655263,3.2828566971630595,2.5746753229481025,17.176990867010318,238.7763981469907,1.2106115910003954,0.708181374214957,-221.59940727998037,0.07193755748185868,medium,weak α=2.0 (99% in first 3)
cs_sigma1.0_weak_sparse_a2.0,7,7,cs,100,500,1.0,3.0,weak_sparse,2.0,10,3,1.0,0.8793859844187413,cocolasso_max,reweighted_max,6.573780333321427,5.687993330081768,3.7216666056573073,3.1310613706533594,17.27798191300826,287.8305561739253,0.8857870032396589,0.5906052350039479,-270.552574260917,0.06002831020681425,medium,weak α=2.0 (99% in first 3)
cs_sigma1.0_weak_sparse_a2.0,8,8,cs,100,500,1.0,3.0,weak_sparse,2.0,10,3,1.0,0.8793859844187413,cocolasso_max,reweighted_max,5.833825745802321,4.830039543682099,3.489226179141098,2.822864427717789,17.26138538104715,236.96458914503452,1.0037862021202226,0.6663617514233091,-219.70320376398737,0.0728437335018115,medium,weak α=2.0 (99% in first 3)
cs_sigma1.0_weak_sparse_a2.0,9,9,cs,100,500,1.0,3.0,weak_sparse,2.0,10,3,1.0,0.8793859844187413,cocolasso_max,reweighted_max,7.962916479851777,7.999081782906539,3.991520811551908,3.99967972293684,17.553534670034423,220.8759118709713,-0.03616530305476218,-0.0081589113849323,-203.32237720093687,0.07947238121777915,medium,weak α=2.0 (99% in first 3)
cs_sigma1.0_weak_sparse_a2.0,10,10,cs,100,500,1.0,3.0,weak_sparse,2.0,10,3,1.0,0.8793859844187413,cocolasso_max,reweighted_max,6.501067697357556,6.087179295657335,3.250589776789512,3.049158113214756,17.601668349001557,273.3831277459394,0.4138884017002207,0.20143166357475595,-255.78145939693786,0.06438461837103257,medium,weak α=2.0 (99% in first 3)
cs_sigma1.0_weak_sparse_a2.0,11,11,cs,100,500,1.0,3.0,weak_sparse,2.0,10,3,1.0,0.8793859844187413,cocolasso_max,reweighted_max,6.626928915211907,5.275771448707786,3.397167028246469,2.6755223056045745,17.847404674976133,256.5386113349814,1.3511574665041204,0.7216447226418947,-238.69120666000526,0.06957005256285363,medium,weak α=2.0 (99% in first 3)
cs_sigma1.0_weak_sparse_a2.0,12,12,cs,100,500,1.0,3.0,weak_sparse,2.0,10,3,1.0,0.8793859844187413,cocolasso_max,reweighted_max,7.150336859979642,6.383911803097774,3.616254941810443,3.2320150159611734,17.948531093948986,214.94745815498757,0.766425056881868,0.3842399258492697,-196.9989270610386,0.08350194623379646,medium,weak α=2.0 (99% in first 3)
cs_sigma1.0_weak_sparse_a2.0,13,13,cs,100,500,1.0,3.0,weak_sparse,2.0,10,3,1.0,0.8793859844187413,cocolasso_max,reweighted_max,7.8182129097792945,7.202356298857654,4.399185161903851,3.950601223107156,17.493495528004132,229.99999594304245,0.6158566109216403,0.4485839387966952,-212.50650041503832,0.07605867755030851,medium,weak α=2.0 (99% in first 3)
cs_sigma1.0_weak_sparse_a2.0,14,14,cs,100,500,1.0,3.0,weak_sparse,2.0,10,3,1.0,0.8793859844187413,cocolasso_max,reweighted_max,8.634287572277552,9.163452394666171,4.350289473507029,4.584693794235524,18.002944541047327,222.57156067295,-0.5291648223886192,-0.23440432072849493,-204.56861613190267,0.08088609562971581,medium,weak α=2.0 (99% in first 3)
cs_sigma1.0_weak_sparse_a2.0,15,15,cs,100,500,1.0,3.0,weak_sparse,2.0,10,3,1.0,0.8793859844187413,cocolasso_max,reweighted_max,6.50321084694262,5.784964492235142,3.480254325162068,3.0425576560009846,17.596127933007665,236.68057633400892,0.7182463547074782,0.4376966691610833,-219.08444840100125,0.07434546681251789,medium,weak α=2.0 (99% in first 3)
cs_sigma1.0_weak_sparse_a2.0,16,16,cs,100,500,1.0,3.0,weak_sparse,2.0,10,3,1.0,0.8793859844187413,cocolasso_max,reweighted_max,7.210353538135858,6.325568065623622,4.009113630268613,3.466339113551986,17.59908313699998,224.7358784819953,0.8847854725122364,0.5427745167166265,-207.1367953449953,0.07831007338870428,medium,weak α=2.0 (99% in first 3)
cs_sigma1.0_weak_sparse_a2.0,17,17,cs,100,500,1.0,3.0,weak_sparse,2.0,10,3,1.0,0.8793859844187413,cocolasso_max,reweighted_max,8.447492351630594,8.24447416023743,4.225797825454056,4.154337396348469,17.620253397035412,231.4276287299581,0.2030181913931628,0.07146042910558759,-213.80737533292267,0.07613720753106644,medium,weak α=2.0 (99% in first 3)
cs_sigma1.0_weak_sparse_a2.0,18,18,cs,100,500,1.0,3.0,weak_sparse,2.0,10,3,1.0,0.8793859844187413,cocolasso_max,reweighted_max,10.278904956112612,10.751502992476,5.182442726598774,5.382515623532719,17.402961487008724,244.6194810140878,-0.4725980363633884,-0.20007289693394537,-227.21651952707907,0.0711429907988664,medium,weak α=2.0 (99% in first 3)
cs_sigma1.0_weak_sparse_a2.0,19,19,cs,100,500,1.0,3.0,weak_sparse,2.0,10,3,1.0,0.8793859844187413,cocolasso_max,reweighted_max,4.903361649417268,2.7535304167215893,2.4991553860268114,1.4001284095589013,17.183049229963217,253.32671435293744,2.1498312326956786,1.0990269764679101,-236.14366512297423,0.06782959812925064,medium,weak α=2.0 (99% in first 3)
cs_sigma1.0_weak_sparse_a2.0,20,20,cs,100,500,1.0,3.0,weak_sparse,2.0,10,3,1.0,0.8793859844187413,cocolasso_max,reweighted_max,10.144203075935067,10.411405553601687,5.318705559591688,5.366549221742231,17.517446896992624,233.3273287799675,-0.2672024776666202,-0.0478436621505427,-215.80988188297488,0.07507670442458945,medium,weak α=2.0 (99% in first 3)
cs_sigma1.0_weak_sparse_a2.0,21,21,cs,100,500,1.0,3.0,weak_sparse,2.0,10,3,1.0,0.8793859844187413,cocolasso_max,reweighted_max,5.778648534342961,4.355676938156095,2.892847291805741,2.213706451276852,17.789184994006064,199.4705143360188,1.4229715961868665,0.679140840528889,-181.68132934201273,0.0891820279965751,medium,weak α=2.0 (99% in first 3)
cs_sigma1.0_weak_sparse_a2.0,22,22,cs,100,500,1.0,3.0,weak_sparse,2.0,10,3,1.0,0.8793859844187413,cocolasso_max,reweighted_max,7.20174915460924,6.40857178482197,4.546017169986368,3.9213201958141632,17.57284169702325,201.6129014189355,0.7931773697872693,0.6246969741722048,-184.04005972191226,0.08716129559838182,medium,weak α=2.0 (99% in first 3)
cs_sigma1.0_weak_sparse_a2.0,23,23,cs,100,500,1.0,3.0,weak_sparse,2.0,10,3,1.0,0.8793859844187413,cocolasso_max,reweighted_max,4.809364094027446,3.2356999110792595,2.440869375953288,1.738329329080783,17.889835723966826,1724.3140837160172,1.5736641829481863,0.7025400468725047,-1706.4242479920504,0.010375044716570999,medium,weak α=2.0 (99% in first 3)
cs_sigma1.0_weak_sparse_a2.0,24,24,cs,100,500,1.0,3.0,weak_sparse,2.0,10,3,1.0,0.8793859844187413,cocolasso_max,reweighted_max,7.316285559996301,6.132499512830474,3.8947345873209063,3.151320443039791,17.859031547035556,206.16491402697284,1.1837860471658264,0.7434141442811151,-188.30588247993728,0.08662497996482095,medium,weak α=2.0 (99% in first 3)
cs_sigma1.0_weak_sparse_a2.0,25,25,cs,100,500,1.0,3.0,weak_sparse,2.0,10,3,1.0,0.8793859844187413,cocolasso_max,reweighted_max,5.844919226970073,4.510533481152174,3.0234868049056964,2.320560364779137,18.05433626001468,161.43159187200945,1.3343857458178991,0.7029264401265594,-143.37725561199477,0.11183892849380439,medium,weak α=2.0 (99% in first 3)
cs_sigma1.0_weak_sparse_a2.0,26,26,cs,100,500,1.0,3.0,weak_sparse,2.0,10,3,1.0,0.8793859844187413,cocolasso_max,reweighted_max,6.342638694019768,4.603451002259906,3.2162230833136425,2.321655998470064,17.960102271987125,133.94082407606766,1.739187691759862,0.8945670848435783,-115.98072180408053,0.13408982956374246,medium,weak α=2.0 (99% in first 3)
cs_sigma1.0_weak_sparse_a2.0,27,27,cs,100,500,1.0,3.0,weak_sparse,2.0,10,3,1.0,0.8793859844187413,cocolasso_max,reweighted_max,7.534289447371097,6.695124982605448,3.977902749455575,3.5045420612051843,17.657466153032146,154.5009494869737,0.8391644647656484,0.4733606882503909,-136.84348333394155,0.11428710445899806,medium,weak α=2.0 (99% in first 3)
cs_sigma1.0_weak_sparse_a2.0,28,28,cs,100,500,1.0,3.0,weak_sparse,2.0,10,3,1.0,0.8793859844187413,cocolasso_max,reweighted_max,7.92461392841322,7.516987375613341,4.3412015053104005,4.022101216149467,17.625098672986496,141.20309008890763,0.40762655279987925,0.31910028916093314,-123.57799141592113,0.12482091335174722,medium,weak α=2.0 (99% in first 3)
cs_sigma1.0_weak_sparse_a2.0,29,29,cs,100,500,1.0,3.0,weak_sparse,2.0,10,3,1.0,0.8793859844187413,cocolasso_max,reweighted_max,6.900300163851554,6.600494386073832,3.7453299126673847,3.440997746140295,17.483928386005573,149.90654005808756,0.2998057777777223,0.3043321665270895,-132.42261167208198,0.1166321921593994,medium,weak α=2.0 (99% in first 3)
cs_sigma1.0_weak_sparse_a2.0,30,30,cs,100,500,1.0,3.0,weak_sparse,2.0,10,3,1.0,0.8793859844187413,cocolasso_max,reweighted_max,10.61920761487193,11.405787806152892,5.4034441597285445,5.751228176348191,17.907903003972024,171.87544425402302,-0.7865801912809616,-0.34778401661964686,-153.967541250051,0.10419116635128557,medium,weak α=2.0 (99% in first 3)
cs_sigma1.0_weak_sparse_a2.0,31,31,cs,100,500,1.0,3.0,weak_sparse,2.0,10,3,1.0,0.8793859844187413,cocolasso_max,reweighted_max,8.710297587282925,9.425862286574189,4.42580838695853,4.989045552097773,17.491219554038253,169.19425326399505,-0.7155646992912637,-0.5632371651392427,-151.7030337099568,0.10337951329083603,medium,weak α=2.0 (99% in first 3)
cs_sigma1.0_weak_sparse_a2.0,32,32,cs,100,500,1.0,3.0,weak_sparse,2.0,10,3,1.0,0.8793859844187413,cocolasso_max,reweighted_max,8.21919855539579,7.604315296961372,4.568518819524946,4.156262999643414,17.206695267988835,154.77144211402629,0.6148832584344186,0.4122558198815316,-137.56474684603745,0.11117487201102627,medium,weak α=2.0 (99% in first 3)
cs_sigma1.0_weak_sparse_a2.0,33,33,cs,100,500,1.0,3.0,weak_sparse,2.0,10,3,1.0,0.8793859844187413,cocolasso_max,reweighted_max,6.923039851420094,6.616069691731401,3.503011071383507,3.323281122510446,17.296606554999016,187.1314845390152,0.3069701596886931,0.17972994887306104,-169.83487798401617,0.0924302321312095,medium,weak α=2.0 (99% in first 3)
cs_sigma1.0_weak_sparse_a2.0,34,34,cs,100,500,1.0,3.0,weak_sparse,2.0,10,3,1.0,0.8793859844187413,cocolasso_max,reweighted_max,7.494538096412289,7.022101534604421,3.764190690987145,3.513634190635417,17.111020197044127,161.89983633498196,0.47243656180786786,0.25055650035172805,-144.78881613793783,0.10568892831763117,medium,weak α=2.0 (99% in first 3)
cs_sigma1.0_weak_sparse_a2.0,35,35,cs,100,500,1.0,3.0,weak_sparse,2.0,10,3,1.0,0.8793859844187413,cocolasso_max,reweighted_max,6.170002753744226,5.702132588131028,3.328440194940681,2.976126326289924,17.165671478025615,186.7430690480396,0.4678701656131983,0.3523138686507572,-169.57739757001397,0.09192133108624102,medium,weak α=2.0 (99% in first 3)
cs_sigma1.0_weak_sparse_a2.0,36,36,cs,100,500,1.0,3.0,weak_sparse,2.0,10,3,1.0,0.8793859844187413,cocolasso_max,reweighted_max,10.11477557665842,10.457807292640684,5.116597759812769,5.258537381987535,17.164198054000735,162.0077237309888,-0.34303171598226356,-0.14193962217476663,-144.84352567698807,0.10594678857720147,medium,weak α=2.0 (99% in first 3)
cs_sigma1.0_weak_sparse_a2.0,37,37,cs,100,500,1.0,3.0,weak_sparse,2.0,10,3,1.0,0.8793859844187413,cocolasso_max,reweighted_max,6.959444173591519,6.138553843326267,3.7846063550516966,3.22849044171126,17.632741518958937,249.7167097380152,0.8208903302652519,0.5561159133404368,-232.08396821905626,0.07061097968757453,medium,weak α=2.0 (99% in first 3)
cs_sigma1.0_weak_sparse_a2.0,38,38,cs,100,500,1.0,3.0,weak_sparse,2.0,10,3,1.0,0.8793859844187413,cocolasso_max,reweighted_max,7.6629959126197775,6.966326231966085,3.9455420755045343,3.537118907003062,17.875257846026216,199.52293652901423,0.6966696806536925,0.4084231685014723,-181.64767868298802,0.08958998978759934,medium,weak α=2.0 (99% in first 3)
cs_sigma1.0_weak_sparse_a2.0,39,39,cs,100,500,1.0,3.0,weak_sparse,2.0,10,3,1.0,0.8793859844187413,cocolasso_max,reweighted_max,7.591621575971195,5.925141231544133,4.058905417442422,3.0976730600943467,17.943693582026754,169.38327952392865,1.666480344427062,0.9612323573480754,-151.4395859419019,0.1059354478934378,medium,weak α=2.0 (99% in first 3)
cs_sigma1.0_weak_sparse_a2.0,40,40,cs,100,500,1.0,3.0,weak_sparse,2.0,10,3,1.0,0.8793859844187413,cocolasso_max,reweighted_max,6.682902445198946,5.653608724756921,3.7177654998009135,3.128545366629257,17.85122000600677,184.38668781903107,1.0292937204420243,0.5892201331716564,-166.5354678130243,0.09681403911071446,medium,weak α=2.0 (99% in first 3)
cs_sigma1.0_weak_sparse_a2.0,41,41,cs,100,500,1.0,3.0,weak_sparse,2.0,10,3,1.0,0.8793859844187413,cocolasso_max,reweighted_max,6.100221667528023,4.437719541125095,3.447106083139127,2.472305193174386,17.921519045019522,170.8349703210406,1.662502126402928,0.9748008899647411,-152.91345127602108,0.10490544770394852,medium,weak α=2.0 (99% in first 3)
cs_sigma1.0_weak_sparse_a2.0,42,42,cs,100,500,1.0,3.0,weak_sparse,2.0,10,3,1.0,0.8793859844187413,cocolasso_max,reweighted_max,10.193082073784426,10.433369365234064,5.526156369383621,5.555036962681111,17.45946277602343,173.34914147201926,-0.24028729144963812,-0.028880593297490265,-155.88967869599583,0.10071848425532356,medium,weak α=2.0 (99% in first 3)
cs_sigma1.0_weak_sparse_a2.0,43,43,cs,100,500,1.0,3.0,weak_sparse,2.0,10,3,1.0,0.8793859844187413,cocolasso_max,reweighted_max,6.600276771488896,5.372385073829553,3.482008615000206,2.795903187568816,17.27458923199447,206.37127475102895,1.2278916976593433,0.6861054274313898,-189.09668551903448,0.08370636491360016,medium,weak α=2.0 (99% in first 3)
cs_sigma1.0_weak_sparse_a2.0,44,44,cs,100,500,1.0,3.0,weak_sparse,2.0,10,3,1.0,0.8793859844187413,cocolasso_max,reweighted_max,6.207727032722872,4.390972536346157,3.454178988447833,2.508330489558256,17.233124809048604,159.13375505199656,1.8167544963767144,0.945848498889577,-141.90063024294795,0.10829333351316774,medium,weak α=2.0 (99% in first 3)
cs_sigma1.0_weak_sparse_a2.0,45,45,cs,100,500,1.0,3.0,weak_sparse,2.0,10,3,1.0,0.8793859844187413,cocolasso_max,reweighted_max,9.850094255051587,9.945515575229107,5.117780716603082,5.082802517856102,16.802115511964075,182.76362359791528,-0.09542132017752003,0.03497819874698038,-165.9615080859512,0.0919335871175829,medium,weak α=2.0 (99% in first 3)
cs_sigma1.0_weak_sparse_a2.0,46,46,cs,100,500,1.0,3.0,weak_sparse,2.0,10,3,1.0,0.8793859844187413,cocolasso_max,reweighted_max,4.715541014872858,1.819554588728152,2.425224684747813,1.1291032976090754,16.51751246798085,158.58790790196508,2.895986426144706,1.2961213871387378,-142.07039543398423,0.10415366900603511,medium,weak α=2.0 (99% in first 3)
cs_sigma1.0_weak_sparse_a2.0,47,47,cs,100,500,1.0,3.0,weak_sparse,2.0,10,3,1.0,0.8793859844187413,cocolasso_max,reweighted_max,6.011187440462206,5.210394893154267,3.06735084291624,2.6442983803550124,16.680117970041465,216.27343871700575,0.8007925473079389,0.42305246256122775,-199.59332074696428,0.0771251341310915,medium,weak α=2.0 (99% in first 3)
cs_sigma1.0_weak_sparse_a2.0,48,48,cs,100,500,1.0,3.0,weak_sparse,2.0,10,3,1.0,0.8793859844187413,cocolasso_max,reweighted_max,7.631476547097145,6.416683675111981,4.377313947104799,3.661492388003517,16.414487118949182,184.3433055470232,1.2147928719851633,0.7158215591012822,-167.928818428074,0.08904303343286905,medium,weak α=2.0 (99% in first 3)
cs_sigma1.0_weak_sparse_a2.0,49,49,cs,100,500,1.0,3.0,weak_sparse,2.0,10,3,1.0,0.8793859844187413,cocolasso_max,reweighted_max,6.550633623972227,5.811361598647566,3.341853742677762,2.943822574569814,16.80947635002667,187.52143960492683,0.7392720253246612,0.39803116810794803,-170.71196325490016,0.08964029065391747,medium,weak α=2.0 (99% in first 3)
cs_sigma1.0_weak_sparse_a2.0,50,50,cs,100,500,1.0,3.0,weak_sparse,2.0,10,3,1.0,0.8793859844187413,cocolasso_max,reweighted_max,7.527400636656411,6.288913233304326,4.238593994461585,3.5144602689312308,16.476173168979585,217.56811491202097,1.2384874033520852,0.7241337255303542,-201.0919417430414,0.07572880417538265,medium,weak α=2.0 (99% in first 3)
cs_sigma1.0_weak_sparse_a2.0,51,51,cs,100,500,1.0,3.0,weak_sparse,2.0,10,3,1.0,0.8793859844187413,cocolasso_max,reweighted_max,6.846109976384906,5.834821636681828,3.550451510580856,2.979279926481612,16.817796710995026,239.3924482789589,1.0112883397030776,0.5711715840992442,-222.57465156796388,0.0702519934605356,medium,weak α=2.0 (99% in first 3)
cs_sigma1.0_weak_sparse_a2.0,52,52,cs,100,500,1.0,3.0,weak_sparse,2.0,10,3,1.0,0.8793859844187413,cocolasso_max,reweighted_max,8.7453802631025,9.040871391247014,5.233911276096303,5.191058291080725,17.012637877021916,294.3973743020324,-0.29549112814451384,0.042852985015578327,-277.3847364250105,0.05778800818912218,medium,weak α=2.0 (99% in first 3)
cs_sigma1.0_weak_sparse_a2.0,53,53,cs,100,500,1.0,3.0,weak_sparse,2.0,10,3,1.0,0.8793859844187413,cocolasso_max,reweighted_max,6.1641210882191375,4.1189810029990666,3.141341438419897,2.0652548689133727,17.198058363981545,302.29597526497673,2.045140085220071,1.0760865695065243,-285.0979169009952,0.05689145662262501,medium,weak α=2.0 (99% in first 3)
cs_sigma1.0_weak_sparse_a2.0,54,54,cs,100,500,1.0,3.0,weak_sparse,2.0,10,3,1.0,0.8793859844187413,cocolasso_max,reweighted_max,6.12146427164695,5.349470652333611,3.252899702021071,2.775100209728924,17.174165203992743,257.59650610398967,0.7719936193133385,0.4777994922921467,-240.42234089999693,0.06667080025169157,medium,weak α=2.0 (99% in first 3)
cs_sigma1.0_weak_sparse_a2.0,55,55,cs,100,500,1.0,3.0,weak_sparse,2.0,10,3,1.0,0.8793859844187413,cocolasso_max,reweighted_max,10.110184236420237,10.475617603259352,5.055557094085652,5.239385051635548,17.40225821302738,282.7900935600046,-0.365433366839115,-0.18382795754989623,-265.3878353469772,0.061537722180974606,medium,weak α=2.0 (99% in first 3)
cs_sigma1.0_weak_sparse_a2.0,56,56,cs,100,500,1.0,3.0,weak_sparse,2.0,10,3,1.0,0.8793859844187413,cocolasso_max,reweighted_max,5.780187177589374,4.414740698453388,3.048950075505296,2.2331205329451103,16.77782166202087,235.88319071300796,1.3654464791359864,0.8158295425601856,-219.1053690509871,0.07112766963727375,medium,weak α=2.0 (99% in first 3)
cs_sigma1.0_weak_sparse_a2.0,57,57,cs,100,500,1.0,3.0,weak_sparse,2.0,10,3,1.0,0.8793859844187413,cocolasso_max,reweighted_max,9.596935524120235,11.634060371172971,4.89178004579217,5.870929095285609,17.185905798978638,352.74059847102035,-2.037124847052736,-0.9791490494934392,-335.5546926720417,0.048721088169244454,medium,weak α=2.0 (99% in first 3)
cs_sigma1.0_weak_sparse_a2.0,58,58,cs,100,500,1.0,3.0,weak_sparse,2.0,10,3,1.0,0.8793859844187413,cocolasso_max,reweighted_max,7.52708015173569,6.954441482193834,3.9156254788774505,3.534306874501473,17.062118644011207,260.8369128860068,0.5726386695418553,0.38131860437597753,-243.7747942419956,0.06541297569898721,medium,weak α=2.0 (99% in first 3)
cs_sigma1.0_weak_sparse_a2.0,59,59,cs,100,500,1.0,3.0,weak_sparse,2.0,10,3,1.0,0.8793859844187413,cocolasso_max,reweighted_max,6.815437781149618,6.28517841430006,3.754517673612737,3.3562897458477177,16.47735871502664,273.43894246802665,0.5302593668495579,0.39822792776501936,-256.961583753,0.06025973684034908,medium,weak α=2.0 (99% in first 3)
cs_sigma1.0_weak_sparse_a2.0,60,60,cs,100,500,1.0,3.0,weak_sparse,2.0,10,3,1.0,0.8793859844187413,cocolasso_max,reweighted_max,8.405871245877377,8.123295690720143,4.292987415480875,4.112198122308125,16.76047777401982,267.35922263900284,0.28257555515723354,0.18078929317274994,-250.59874486498302,0.06268898304155515,medium,weak α=2.0 (99% in first 3)
cs_sigma1.0_weak_sparse_a2.0,61,61,cs,100,500,1.0,3.0,weak_sparse,2.0,10,3,1.0,0.8793859844187413,cocolasso_max,reweighted_max,9.176651979495244,9.433472353752276,4.697975844735273,4.83047341385473,16.862037233018782,230.8004857789492,-0.25682037425703186,-0.13249756911945632,-213.9384485459304,0.07305893302654709,medium,weak α=2.0 (99% in first 3)
cs_sigma1.0_weak_sparse_a2.0,62,62,cs,100,500,1.0,3.0,weak_sparse,2.0,10,3,1.0,0.8793859844187413,cocolasso_max,reweighted_max,5.606617035703768,3.668586403361871,2.803551541298133,1.8723237083598805,16.80903040600242,265.3018389650388,1.938030632341897,0.9312278329382526,-248.4928085590364,0.06335813755221462,medium,weak α=2.0 (99% in first 3)
cs_sigma1.0_weak_sparse_a2.0,63,63,cs,100,500,1.0,3.0,weak_sparse,2.0,10,3,1.0,0.8793859844187413,cocolasso_max,reweighted_max,6.017075832567924,4.172937736776794,3.0321693427231944,2.089038476350712,16.70808789099101,245.40911773301195,1.8441380957911298,0.9431308663724822,-228.70102984202094,0.06808258815048693,medium,weak α=2.0 (99% in first 3)
cs_sigma1.0_weak_sparse_a2.0,64,64,cs,100,500,1.0,3.0,weak_sparse,2.0,10,3,1.0,0.8793859844187413,cocolasso_max,reweighted_max,9.70891146178097,10.491361823687113,5.053582389097933,5.399016847402018,16.54143290797947,228.76790063502267,-0.7824503619061431,-0.34543445830408537,-212.2264677270432,0.07230661671529585,medium,weak α=2.0 (99% in first 3)
cs_sigma1.0_weak_sparse_a2.0,65,65,cs,100,500,1.0,3.0,weak_sparse,2.0,10,3,1.0,0.8793859844187413,cocolasso_max,reweighted_max,4.067151006806324,2.369857920561002,2.260872183825744,1.321239763171866,16.796364170964807,218.37255228904544,1.6972930862453222,0.939632420653878,-201.57618811808064,0.07691609588705342,medium,weak α=2.0 (99% in first 3)
cs_sigma1.0_weak_sparse_a2.0,66,66,cs,100,500,1.0,3.0,weak_sparse,2.0,10,3,1.0,0.8793859844187413,cocolasso_max,reweighted_max,6.4403940417152254,5.762701071796722,3.7241785202240014,3.347271029572135,16.90686764800921,286.0073111859383,0.6776929699185033,0.37690749065186635,-269.1004435379291,0.059113410695357235,medium,weak α=2.0 (99% in first 3)
cs_sigma1.0_weak_sparse_a2.0,67,67,cs,100,500,1.0,3.0,weak_sparse,2.0,10,3,1.0,0.8793859844187413,cocolasso_max,reweighted_max,10.026838175695994,10.2023175825079,5.764271172333481,5.7033210361795925,16.778227622038685,299.2881969610462,-0.1754794068119061,0.060950136153888224,-282.5099693390075,0.0560604387089226,medium,weak α=2.0 (99% in first 3)
cs_sigma1.0_weak_sparse_a2.0,68,68,cs,100,500,1.0,3.0,weak_sparse,2.0,10,3,1.0,0.8793859844187413,cocolasso_max,reweighted_max,7.269802332050072,6.944481187076609,3.8444235372013416,3.5883164403215986,16.984357758017723,229.365334456088,0.3253211449734632,0.256107096879743,-212.38097669807027,0.07404936669394292,medium,weak α=2.0 (99% in first 3)
cs_sigma1.0_weak_sparse_a2.0,69,69,cs,100,500,1.0,3.0,weak_sparse,2.0,10,3,1.0,0.8793859844187413,cocolasso_max,reweighted_max,7.632387838150367,7.59533656561927,3.820224594429591,3.809856436651115,16.79603288200451,226.95228551106996,0.03705127253109719,0.010368157778475773,-210.15625262906545,0.0740068902332568,medium,weak α=2.0 (99% in first 3)
cs_sigma1.0_weak_sparse_a2.0,70,70,cs,100,500,1.0,3.0,weak_sparse,2.0,10,3,1.0,0.8793859844187413,cocolasso_max,reweighted_max,7.380954564830648,6.169780732151547,3.9555806653799257,3.321568892462585,16.884802846005186,230.44964221003465,1.2111738326791013,0.6340117729173409,-213.56483936402947,0.0732689479752638,medium,weak α=2.0 (99% in first 3)
cs_sigma1.0_weak_sparse_a2.0,71,71,cs,100,500,1.0,3.0,weak_sparse,2.0,10,3,1.0,0.8793859844187413,cocolasso_max,reweighted_max,6.23550071620314,5.141459641896089,3.132896677803529,2.5708717507900625,17.179534910945222,208.23245948005933,1.094041074307051,0.5620249270134665,-191.0529245691141,0.08250171444856012,medium,weak α=2.0 (99% in first 3)
cs_sigma1.0_weak_sparse_a2.0,72,72,cs,100,500,1.0,3.0,weak_sparse,2.0,10,3,1.0,0.8793859844187413,cocolasso_max,reweighted_max,10.23615114083995,10.736653518346593,5.697070375626563,5.842803272076561,17.117376358015463,233.38097508298236,-0.500502377506642,-0.14573289644999843,-216.2635987249669,0.07334520884544725,medium,weak α=2.0 (99% in first 3)
cs_sigma1.0_weak_sparse_a2.0,73,73,cs,100,500,1.0,3.0,weak_sparse,2.0,10,3,1.0,0.8793859844187413,cocolasso_max,reweighted_max,7.631877245849532,6.709779238680147,4.592477134371148,3.994261823250068,16.94414868101012,221.1501390769845,0.9220980071693852,0.5982153111210797,-204.20599039597437,0.0766183044321383,medium,weak α=2.0 (99% in first 3)
cs_sigma1.0_weak_sparse_a2.0,74,74,cs,100,500,1.0,3.0,weak_sparse,2.0,10,3,1.0,0.8793859844187413,cocolasso_max,reweighted_max,3.234079781830275,1.8695168471043309,1.7913767983704747,0.984081941049162,16.55490239500068,183.93600075796712,1.3645629347259443,0.8072948573213127,-167.38109836296644,0.09000360085454132,medium,weak α=2.0 (99% in first 3)
cs_sigma1.0_weak_sparse_a2.0,75,75,cs,100,500,1.0,3.0,weak_sparse,2.0,10,3,1.0,0.8793859844187413,cocolasso_max,reweighted_max,6.826885578247237,5.813436906049121,3.413514935015674,2.921621229412145,16.770991655997932,175.10129785095342,1.0134486721981153,0.4918937056035291,-158.33030619495548,0.09577879696970285,medium,weak α=2.0 (99% in first 3)
cs_sigma1.0_weak_sparse_a2.0,76,76,cs,100,500,1.0,3.0,weak_sparse,2.0,10,3,1.0,0.8793859844187413,cocolasso_max,reweighted_max,3.396597954816514,1.439465185055821,1.8097720438671347,0.7591105773540218,16.678789908997715,234.85622076608703,1.957132769760693,1.0506614665131129,-218.17743085708932,0.07101702418012387,medium,weak α=2.0 (99% in first 3)
cs_sigma1.0_weak_sparse_a2.0,77,77,cs,100,500,1.0,3.0,weak_sparse,2.0,10,3,1.0,0.8793859844187413,cocolasso_max,reweighted_max,6.975551657902196,5.814297205095391,3.783617160905056,3.139976517312776,16.78255884704413,262.10686172393616,1.161254452806805,0.6436406435922799,-245.32430287689203,0.06402945247850987,medium,weak α=2.0 (99% in first 3)
cs_sigma1.0_weak_sparse_a2.0,78,78,cs,100,500,1.0,3.0,weak_sparse,2.0,10,3,1.0,0.8793859844187413,cocolasso_max,reweighted_max,7.445476026497012,6.793167286049582,4.266006385311621,3.841164522250925,16.820280022977386,281.1072903419845,0.6523087404474301,0.4248418630606956,-264.2870103190071,0.05983580149242828,medium,weak α=2.0 (99% in first 3)
cs_sigma1.0_weak_sparse_a2.0,79,79,cs,100,500,1.0,3.0,weak_sparse,2.0,10,3,1.0,0.8793859844187413,cocolasso_max,reweighted_max,7.561002349516747,7.07471090440256,4.046549327264627,3.6792755829247623,16.725765251962002,280.9376731039956,0.48629144511418776,0.36727374433986437,-264.2119078520336,0.05953550147676553,medium,weak α=2.0 (99% in first 3)
cs_sigma1.0_weak_sparse_a2.0,80,80,cs,100,500,1.0,3.0,weak_sparse,2.0,10,3,1.0,0.8793859844187413,cocolasso_max,reweighted_max,5.136908755053878,3.49979135977166,2.605555619675102,1.893973907567822,17.349122895044275,285.55269396002404,1.637117395282218,0.7115817121072803,-268.20357106497977,0.06075629213805654,medium,weak α=2.0 (99% in first 3)
cs_sigma1.0_weak_sparse_a2.0,81,81,cs,100,500,1.0,3.0,weak_sparse,2.0,10,3,1.0,0.8793859844187413,cocolasso_max,reweighted_max,7.544541629286776,6.903297467880347,4.448150483578266,4.076519779246142,16.992162996029947,287.49805152695626,0.641244161406429,0.37163070433212475,-270.5058885309263,0.059103576200886826,medium,weak α=2.0 (99% in first 3)
cs_sigma1.0_weak_sparse_a2.0,82,82,cs,100,500,1.0,3.0,weak_sparse,2.0,10,3,1.0,0.8793859844187413,cocolasso_max,reweighted_max,7.009426026809304,6.125945303626677,4.533765618951099,3.918029201351826,16.617714809952304,325.4745788810542,0.8834807231826263,0.615736417599273,-308.8568640711019,0.05105687475526408,medium,weak α=2.0 (99% in first 3)
cs_sigma1.0_weak_sparse_a2.0,83,83,cs,100,500,1.0,3.0,weak_sparse,2.0,10,3,1.0,0.8793859844187413,cocolasso_max,reweighted_max,8.214017158804477,8.249785123960283,4.447448473201906,4.355993804410662,16.783810014952905,264.0630901370896,-0.035767965155805825,0.09145466879124342,-247.2792801221367,0.06355984854316259,medium,weak α=2.0 (99% in first 3)
cs_sigma1.0_weak_sparse_a2.0,84,84,cs,100,500,1.0,3.0,weak_sparse,2.0,10,3,1.0,0.8793859844187413,cocolasso_max,reweighted_max,7.637161955920923,7.200946515553242,4.313263309706435,3.99552216072262,17.12621679197764,275.2979729140643,0.4362154403676808,0.3177411489838149,-258.17175612208666,0.062209745355893624,medium,weak α=2.0 (99% in first 3)
cs_sigma1.0_weak_sparse_a2.0,85,85,cs,100,500,1.0,3.0,weak_sparse,2.0,10,3,1.0,0.8793859844187413,cocolasso_max,reweighted_max,10.29485379976274,10.653845724629829,5.274677930546125,5.388315335853518,17.204196767008398,248.65075013996105,-0.3589919248670892,-0.11363740530739275,-231.44655337295265,0.0691902065741787,medium,weak α=2.0 (99% in first 3)
cs_sigma1.0_weak_sparse_a2.0,86,86,cs,100,500,1.0,3.0,weak_sparse,2.0,10,3,1.0,0.8793859844187413,cocolasso_max,reweighted_max,5.618926807942564,4.944012201597075,2.9381304465199234,2.5447566430009534,16.770268313994166,266.4204138360219,0.6749146063454887,0.39337380351897,-249.65014552202774,0.06294663412810414,medium,weak α=2.0 (99% in first 3)
cs_sigma1.0_weak_sparse_a2.0,87,87,cs,100,500,1.0,3.0,weak_sparse,2.0,10,3,1.0,0.8793859844187413,cocolasso_max,reweighted_max,4.639052740401837,2.892815994817909,2.3894384588333497,1.450698573124131,16.86522060399875,263.64543639693875,1.746236745583928,0.9387398857092186,-246.78021579294,0.06396932499376491,medium,weak α=2.0 (99% in first 3)
cs_sigma1.0_weak_sparse_a2.0,88,88,cs,100,500,1.0,3.0,weak_sparse,2.0,10,3,1.0,0.8793859844187413,cocolasso_max,reweighted_max,10.320797227338032,10.846083838195373,5.966427227075281,6.169433145218289,16.85886705800658,242.9093984399224,-0.5252866108573411,-0.20300591814300795,-226.05053138191582,0.06940393070948303,medium,weak α=2.0 (99% in first 3)
cs_sigma1.0_weak_sparse_a2.0,89,89,cs,100,500,1.0,3.0,weak_sparse,2.0,10,3,1.0,0.8793859844187413,cocolasso_max,reweighted_max,6.444972510941952,5.461525117858102,3.3824015763214343,2.824805929998105,16.925212697999086,226.23622752306983,0.9834473930838499,0.5575956463233291,-209.31101482507074,0.07481212396132791,medium,weak α=2.0 (99% in first 3)
cs_sigma1.0_weak_sparse_a2.0,90,90,cs,100,500,1.0,3.0,weak_sparse,2.0,10,3,1.0,0.8793859844187413,cocolasso_max,reweighted_max,9.641872904200277,9.867461062293865,5.042154711414067,5.185845240150125,16.90471302997321,293.92846086109057,-0.22558815809358812,-0.14369052873605792,-277.02374783111736,0.05751301857754534,medium,weak α=2.0 (99% in first 3)
cs_sigma1.0_weak_sparse_a2.0,91,91,cs,100,500,1.0,3.0,weak_sparse,2.0,10,3,1.0,0.8793859844187413,cocolasso_max,reweighted_max,7.229946366921242,6.463891153911543,4.462711189898855,3.948080368040968,16.554303615994286,195.7719529530732,0.7660552130096985,0.5146308218578874,-179.2176493370789,0.08455911771980114,medium,weak α=2.0 (99% in first 3)
cs_sigma1.0_weak_sparse_a2.0,92,92,cs,100,500,1.0,3.0,weak_sparse,2.0,10,3,1.0,0.8793859844187413,cocolasso_max,reweighted_max,10.077500094811167,10.393130996513944,5.137676096380538,5.240930020156543,16.5632886000094,230.11381748702843,-0.31563090170277697,-0.10325392377600462,-213.55052888701903,0.07197867898977026,medium,weak α=2.0 (99% in first 3)
cs_sigma1.0_weak_sparse_a2.0,93,93,cs,100,500,1.0,3.0,weak_sparse,2.0,10,3,1.0,0.8793859844187413,cocolasso_max,reweighted_max,6.416105571883386,5.432381364599642,4.483057945298861,3.927180592518343,16.518857992021367,1617.6499235699885,0.9837242072837435,0.5558773527805179,-1601.131065577967,0.010211639583653509,medium,weak α=2.0 (99% in first 3)
cs_sigma1.0_weak_sparse_a2.0,94,94,cs,100,500,1.0,3.0,weak_sparse,2.0,10,3,1.0,0.8793859844187413,cocolasso_max,reweighted_max,9.041546330002554,8.940538079182524,4.612573798559195,4.503720211799164,16.729278778948355,171.58035451790784,0.10100825082002984,0.10885358676003065,-154.85107573895948,0.09750113190961102,medium,weak α=2.0 (99% in first 3)
cs_sigma1.0_weak_sparse_a2.0,95,95,cs,100,500,1.0,3.0,weak_sparse,2.0,10,3,1.0,0.8793859844187413,cocolasso_max,reweighted_max,7.975548226406405,8.104881891102286,4.0116619959399324,4.053115505144583,16.89597486698767,199.9431352330139,-0.12933366469588137,-0.04145350920465063,-183.04716036602622,0.0845039008080827,medium,weak α=2.0 (99% in first 3)
cs_sigma1.0_weak_sparse_a2.0,96,96,cs,100,500,1.0,3.0,weak_sparse,2.0,10,3,1.0,0.8793859844187413,cocolasso_max,reweighted_max,4.7355441055359,3.5490552065613707,2.495796558272607,1.8628394857835824,16.50354177400004,169.2890968559077,1.1864888989745292,0.6329570724890248,-152.78555508190766,0.09748732836614525,medium,weak α=2.0 (99% in first 3)
cs_sigma1.0_weak_sparse_a2.0,97,97,cs,100,500,1.0,3.0,weak_sparse,2.0,10,3,1.0,0.8793859844187413,cocolasso_max,reweighted_max,8.932222443821932,8.999392404888358,4.818760055523831,4.714439450217499,17.255405313975643,213.1703210719861,-0.06716996106642625,0.10432060530633169,-195.91491575801047,0.08094656529671697,medium,weak α=2.0 (99% in first 3)
cs_sigma1.0_weak_sparse_a2.0,98,98,cs,100,500,1.0,3.0,weak_sparse,2.0,10,3,1.0,0.8793859844187413,cocolasso_max,reweighted_max,7.962227149209611,7.717328799880373,3.98305048343625,3.868569340762553,16.656636641011573,204.9244837790029,0.24489834932923848,0.11448114267369691,-188.26784713799134,0.08128182798778999,medium,weak α=2.0 (99% in first 3)
cs_sigma1.0_weak_sparse_a2.0,99,99,cs,100,500,1.0,3.0,weak_sparse,2.0,10,3,1.0,0.8793859844187413,cocolasso_max,reweighted_max,7.225069491450555,6.832888723918961,3.7601392899766575,3.4901788108000127,17.03187635698123,200.33237872400787,0.3921807675315945,0.2699604791766448,-183.30050236702664,0.08501809076228038,medium,weak α=2.0 (99% in first 3)
cs_sigma1.25_datta_zhang,0,0,cs,100,500,1.25,3.0,datta_zhang,1.0,10,3,1.0,3.1944444444444446,cocolasso_max,reweighted_max,14.418864785610127,14.648168168753674,8.062227498228498,7.547803917561348,16.80810037208721,158.55578383395914,-0.22930338314354692,0.5144235806671507,-141.74768346187193,0.10600748812600104,high,datta_zhang (exactly 3-sparse)
cs_sigma1.25_datta_zhang,1,1,cs,100,500,1.25,3.0,datta_zhang,1.0,10,3,1.0,3.1944444444444446,cocolasso_max,reweighted_max,12.71970795135245,11.77264987576907,7.795863706402901,6.763820232089918,15.89162574301008,162.21566944406368,0.9470580755833815,1.0320434743129834,-146.3240437010536,0.09796603372209944,high,datta_zhang (exactly 3-sparse)
cs_sigma1.25_datta_zhang,2,2,cs,100,500,1.25,3.0,datta_zhang,1.0,10,3,1.0,3.1944444444444446,cocolasso_max,reweighted_max,16.62257872234968,18.561141420769253,11.09476285468135,11.162924045038556,15.815712347975932,171.51427910698112,-1.9385626984195738,-0.06816119035720547,-155.6985667590052,0.09221221947422212,high,datta_zhang (exactly 3-sparse)
cs_sigma1.25_datta_zhang,3,3,cs,100,500,1.25,3.0,datta_zhang,1.0,10,3,1.0,3.1944444444444446,cocolasso_max,reweighted_max,13.791162000209264,15.811810013671751,7.139798561054008,7.90938070172413,16.054714232101105,173.1545514810132,-2.0206480134624876,-0.7695821406701224,-157.09983724891208,0.09271898483050585,high,datta_zhang (exactly 3-sparse)
cs_sigma1.25_datta_zhang,4,4,cs,100,500,1.25,3.0,datta_zhang,1.0,10,3,1.0,3.1944444444444446,cocolasso_max,reweighted_max,14.871266498242004,16.65214151566359,7.787266357461155,8.494766030795356,16.41946907399688,190.0888576880097,-1.780875017421586,-0.7074996733342012,-173.66938861401283,0.08637786177318153,high,datta_zhang (exactly 3-sparse)
cs_sigma1.25_datta_zhang,5,5,cs,100,500,1.25,3.0,datta_zhang,1.0,10,3,1.0,3.1944444444444446,cocolasso_max,reweighted_max,14.529017120320807,14.634352953615313,7.485682099934792,7.360818227914803,16.398393483948894,172.8068734180415,-0.10533583329450558,0.12486387201998905,-156.4084799340926,0.09489433585363889,high,datta_zhang (exactly 3-sparse)
cs_sigma1.25_datta_zhang,6,6,cs,100,500,1.25,3.0,datta_zhang,1.0,10,3,1.0,3.1944444444444446,cocolasso_max,reweighted_max,9.96279854745907,7.003297224175001,5.201369611663288,3.5059079291058124,16.564195170998573,175.85794458107557,2.9595013232840683,1.6954616825574753,-159.293749410077,0.09419076977419125,high,datta_zhang (exactly 3-sparse)
cs_sigma1.25_datta_zhang,7,7,cs,100,500,1.25,3.0,datta_zhang,1.0,10,3,1.0,3.1944444444444446,cocolasso_max,reweighted_max,13.948367003572717,14.086765848054204,8.412843746879046,7.881138961420063,15.91632749303244,174.04447976197116,-0.13839884448148787,0.5317047854589836,-158.12815226893872,0.09144976913258107,high,datta_zhang (exactly 3-sparse)
cs_sigma1.25_datta_zhang,8,8,cs,100,500,1.25,3.0,datta_zhang,1.0,10,3,1.0,3.1944444444444446,cocolasso_max,reweighted_max,15.055371287822403,15.130148972064092,8.550373980702043,8.203132404694548,16.46833483595401,160.57596521195956,-0.07477768424168829,0.3472415760074945,-144.10763037600555,0.10255790655977613,high,datta_zhang (exactly 3-sparse)
cs_sigma1.25_datta_zhang,9,9,cs,100,500,1.25,3.0,datta_zhang,1.0,10,3,1.0,3.1944444444444446,cocolasso_max,reweighted_max,11.6312813787247,10.589129411386622,6.600078141902818,6.061919228717247,15.892643391969614,157.68683768692426,1.0421519673380768,0.5381589131855709,-141.79419429495465,0.10078611268445437,high,datta_zhang (exactly 3-sparse)
cs_sigma1.25_datta_zhang,10,10,cs,100,500,1.25,3.0,datta_zhang,1.0,10,3,1.0,3.1944444444444446,cocolasso_max,reweighted_max,13.497931855742053,15.140548489723583,6.950759772708655,7.631401239592083,16.129119634977542,158.316725081997,-1.6426166339815307,-0.6806414668834284,-142.18760544701945,0.101878810508642,high,datta_zhang (exactly 3-sparse)
cs_sigma1.25_datta_zhang,11,11,cs,100,500,1.25,3.0,datta_zhang,1.0,10,3,1.0,3.1944444444444446,cocolasso_max,reweighted_max,14.698628656975878,15.767181331697032,7.71565617351254,7.941199992573812,16.093043562956154,172.82616643304937,-1.068552674721154,-0.2255438190612713,-156.7331228700932,0.09311693880099106,high,datta_zhang (exactly 3-sparse)
cs_sigma1.25_datta_zhang,12,12,cs,100,500,1.25,3.0,datta_zhang,1.0,10,3,1.0,3.1944444444444446,cocolasso_max,reweighted_max,14.778858989015166,17.016413718821028,7.682875721101599,8.902686093975975,16.755432224017568,161.65860517893452,-2.2375547298058613,-1.2198103728743757,-144.90317295491695,0.10364701715365872,high,datta_zhang (exactly 3-sparse)
cs_sigma1.25_datta_zhang,13,13,cs,100,500,1.25,3.0,datta_zhang,1.0,10,3,1.0,3.1944444444444446,cocolasso_max,reweighted_max,15.281976684346718,15.594450319146723,9.23868096888281,8.814322545464849,16.12369882094208,171.1022178849671,-0.31247363480000523,0.4243584234179618,-154.97851906402502,0.09423430637107304,high,datta_zhang (exactly 3-sparse)
cs_sigma1.25_datta_zhang,14,14,cs,100,500,1.25,3.0,datta_zhang,1.0,10,3,1.0,3.1944444444444446,cocolasso_max,reweighted_max,14.485101238768593,15.93264334527869,7.853512406654824,8.434224486614013,16.27091386599932,170.65423853800166,-1.447542106510097,-0.5807120799591896,-154.38332467200235,0.09534432900930308,high,datta_zhang (exactly 3-sparse)
cs_sigma1.25_datta_zhang,15,15,cs,100,500,1.25,3.0,datta_zhang,1.0,10,3,1.0,3.1944444444444446,cocolasso_max,reweighted_max,14.250714424769086,15.7059558330953,8.246200541265734,8.479679610300188,16.247520430013537,143.0615731010912,-1.4552414083262146,-0.2334790690344537,-126.81405267107766,0.1135701228346804,high,datta_zhang (exactly 3-sparse)
cs_sigma1.25_datta_zhang,16,16,cs,100,500,1.25,3.0,datta_zhang,1.0,10,3,1.0,3.1944444444444446,cocolasso_max,reweighted_max,11.887313139548183,11.095381771427402,6.443014802609468,5.646687077520249,16.473033974063583,144.98832086799666,0.7919313681207818,0.7963277250892187,-128.51528689393308,0.11361628216290132,high,datta_zhang (exactly 3-sparse)
cs_sigma1.25_datta_zhang,17,17,cs,100,500,1.25,3.0,datta_zhang,1.0,10,3,1.0,3.1944444444444446,cocolasso_max,reweighted_max,14.642450305252446,14.857417496052284,7.592333091157781,7.476964607368989,16.210108090075664,139.12321373797022,-0.21496719079983784,0.11536848378879228,-122.91310564789455,0.116516199234776,high,datta_zhang (exactly 3-sparse)
cs_sigma1.25_datta_zhang,18,18,cs,100,500,1.25,3.0,datta_zhang,1.0,10,3,1.0,3.1944444444444446,cocolasso_max,reweighted_max,16.074347777897295,19.061036389871585,8.117533844518633,9.539304668428208,16.247984803048894,138.3623651280068,-2.986688611974291,-1.4217708239095757,-122.11438032495789,0.11743066684366787,high,datta_zhang (exactly 3-sparse)
cs_sigma1.25_datta_zhang,19,19,cs,100,500,1.25,3.0,datta_zhang,1.0,10,3,1.0,3.1944444444444446,cocolasso_max,reweighted_max,11.1323704172461,9.246167262365423,6.115098399450282,4.6339457558184005,16.396791946026497,149.58770352508873,1.8862031548806772,1.4811526436318818,-133.19091157906223,0.10961323397331546,high,datta_zhang (exactly 3-sparse)
cs_sigma1.25_datta_zhang,20,20,cs,100,500,1.25,3.0,datta_zhang,1.0,10,3,1.0,3.1944444444444446,cocolasso_max,reweighted_max,17.140914690402504,18.588214298824315,9.456752987546889,9.738909389592465,16.235088292043656,147.127188688959,-1.4472996084218117,-0.282156402045576,-130.89210039691534,0.11034730179182715,high,datta_zhang (exactly 3-sparse)
cs_sigma1.25_datta_zhang,21,21,cs,100,500,1.25,3.0,datta_zhang,1.0,10,3,1.0,3.1944444444444446,cocolasso_max,reweighted_max,13.782956082504915,15.530984144644403,7.086969676122559,7.825290545127952,17.178776914021,151.48004639800638,-1.748028062139488,-0.7383208690053937,-134.30126948398538,0.11340620314364447,high,datta_zhang (exactly 3-sparse)
cs_sigma1.25_datta_zhang,22,22,cs,100,500,1.25,3.0,datta_zhang,1.0,10,3,1.0,3.1944444444444446,cocolasso_max,reweighted_max,11.891225660458757,11.08950011325351,8.694134450829374,7.771671163381643,16.110738284070976,145.9976583479438,0.8017255472052458,0.922463287447731,-129.88692006387282,0.11034929235423506,high,datta_zhang (exactly 3-sparse)
cs_sigma1.25_datta_zhang,23,23,cs,100,500,1.25,3.0,datta_zhang,1.0,10,3,1.0,3.1944444444444446,cocolasso_max,reweighted_max,11.350646383869696,13.232635249254416,5.679862336133905,6.890674346699274,16.37273199891206,154.94113259203732,-1.88198886538472,-1.2108120105653697,-138.56840059312526,0.10567066165717108,high,datta_zhang (exactly 3-sparse)
cs_sigma1.25_datta_zhang,24,24,cs,100,500,1.25,3.0,datta_zhang,1.0,10,3,1.0,3.1944444444444446,cocolasso_max,reweighted_max,14.449387313178784,15.856590786519297,8.428237429598703,8.880913608267369,16.729996991925873,157.47641821298748,-1.4072034733405125,-0.45267617866866594,-140.7464212210616,0.10623810969143638,high,datta_zhang (exactly 3-sparse)
cs_sigma1.25_datta_zhang,25,25,cs,100,500,1.25,3.0,datta_zhang,1.0,10,3,1.0,3.1944444444444446,cocolasso_max,reweighted_max,13.837091348708006,13.212794804980172,7.686186329302403,7.519846230909339,17.023315834929235,225.43522673205007,0.6242965437278336,0.1663400983930643,-208.41191089712083,0.07551311337496942,high,datta_zhang (exactly 3-sparse)
cs_sigma1.25_datta_zhang,26,26,cs,100,500,1.25,3.0,datta_zhang,1.0,10,3,1.0,3.1944444444444446,cocolasso_max,reweighted_max,12.655883621756654,11.212790463819829,6.432055074497173,5.617865343174686,16.71680116909556,204.50629381590988,1.4430931579368256,0.8141897313224868,-187.78949264681432,0.08174223324463303,high,datta_zhang (exactly 3-sparse)
cs_sigma1.25_datta_zhang,27,27,cs,100,500,1.25,3.0,datta_zhang,1.0,10,3,1.0,3.1944444444444446,cocolasso_max,reweighted_max,9.817140795473062,9.382462066858416,5.142887999769588,4.745501243801266,16.13251750904601,214.81480230297893,0.43467872861464585,0.39738675596832174,-198.68228479393292,0.07509965484730609,high,datta_zhang (exactly 3-sparse)
cs_sigma1.25_datta_zhang,28,28,cs,100,500,1.25,3.0,datta_zhang,1.0,10,3,1.0,3.1944444444444446,cocolasso_max,reweighted_max,12.740989673804195,11.243774009765897,7.030781656275467,5.961332494848813,20.173800269025374,216.8515357900178,1.4972156640382988,1.069449161426654,-196.67773552099243,0.09303046988129296,high,datta_zhang (exactly 3-sparse)
cs_sigma1.25_datta_zhang,29,29,cs,100,500,1.25,3.0,datta_zhang,1.0,10,3,1.0,3.1944444444444446,cocolasso_max,reweighted_max,13.132773166786546,13.369554818008876,8.249661400469325,7.697081823639679,20.65769406105392,218.0505523759639,-0.23678165122232997,0.552579576829646,-197.39285831490997,0.09473809552858099,high,datta_zhang (exactly 3-sparse)
cs_sigma1.25_datta_zhang,30,30,cs,100,500,1.25,3.0,datta_zhang,1.0,10,3,1.0,3.1944444444444446,cocolasso_max,reweighted_max,16.676732659717324,19.34343048223428,8.74073233444533,9.90817489339024,22.28629254794214,214.58412027009763,-2.666697822516955,-1.1674425589449111,-192.2978277221555,0.10385806983242898,high,datta_zhang (exactly 3-sparse)
cs_sigma1.25_datta_zhang,31,31,cs,100,500,1.25,3.0,datta_zhang,1.0,10,3,1.0,3.1944444444444446,cocolasso_max,reweighted_max,16.55531133687089,21.21626632989685,8.277939390595078,11.019234634265084,22.335521708009765,200.92343810899183,-4.66095499302596,-2.741295243670006,-178.58791640098207,0.1111643415931085,high,datta_zhang (exactly 3-sparse)
cs_sigma1.25_datta_zhang,32,32,cs,100,500,1.25,3.0,datta_zhang,1.0,10,3,1.0,3.1944444444444446,cocolasso_max,reweighted_max,17.136708392394635,19.89602355134564,9.15103652858215,10.29300746403295,21.775122176972214,192.99008419108577,-2.7593151589510043,-1.1419709354508,-171.21496201411355,0.11283026414669034,high,datta_zhang (exactly 3-sparse)
cs_sigma1.25_datta_zhang,33,33,cs,100,500,1.25,3.0,datta_zhang,1.0,10,3,1.0,3.1944444444444446,cocolasso_max,reweighted_max,15.273643815013694,16.591422361121197,7.938732296392583,8.470813251893334,21.782826101058163,190.532145962934,-1.317778546107503,-0.5320809555007511,-168.74931986187585,0.11432625182994463,high,datta_zhang (exactly 3-sparse)
cs_sigma1.25_datta_zhang,34,34,cs,100,500,1.25,3.0,datta_zhang,1.0,10,3,1.0,3.1944444444444446,cocolasso_max,reweighted_max,12.74286948012452,13.481185076703817,6.76637533749554,7.00330799927145,22.621611631009728,207.9150643820176,-0.7383155965792962,-0.23693266177591,-185.29345275100786,0.10880217697667824,high,datta_zhang (exactly 3-sparse)
cs_sigma1.25_datta_zhang,35,35,cs,100,500,1.25,3.0,datta_zhang,1.0,10,3,1.0,3.1944444444444446,cocolasso_max,reweighted_max,13.628488771761138,15.152829942793444,7.756601634447667,8.101167601066551,21.828246040036905,211.0280700039584,-1.5243411710323063,-0.3445659666188847,-189.1998239639215,0.10343764239339089,high,datta_zhang (exactly 3-sparse)
cs_sigma1.25_datta_zhang,36,36,cs,100,500,1.25,3.0,datta_zhang,1.0,10,3,1.0,3.1944444444444446,cocolasso_max,reweighted_max,14.281048275485482,16.303564950670527,7.514429011024687,8.246973013278067,21.77697739202995,234.47265729599167,-2.022516675185045,-0.7325440022533805,-212.69567990396172,0.09287640462290367,high,datta_zhang (exactly 3-sparse)
cs_sigma1.25_datta_zhang,37,37,cs,100,500,1.25,3.0,datta_zhang,1.0,10,3,1.0,3.1944444444444446,cocolasso_max,reweighted_max,15.564778781466712,18.182759968903117,8.62827376619538,9.433902447585826,21.47975375107489,184.0523787389975,-2.6179811874364045,-0.8056286813904467,-162.5726249879226,0.11670457017855268,high,datta_zhang (exactly 3-sparse)
cs_sigma1.25_datta_zhang,38,38,cs,100,500,1.25,3.0,datta_zhang,1.0,10,3,1.0,3.1944444444444446,cocolasso_max,reweighted_max,16.494651882352798,18.215670143724168,9.314876002567097,9.860958617673734,21.718011521967128,216.0897251380375,-1.7210182613713698,-0.5460826151066378,-194.37171361607037,0.1005046006148313,high,datta_zhang (exactly 3-sparse)
cs_sigma1.25_datta_zhang,39,39,cs,100,500,1.25,3.0,datta_zhang,1.0,10,3,1.0,3.1944444444444446,cocolasso_max,reweighted_max,12.326225263631033,11.135993475470077,7.5386737214982595,6.19594286391376,22.182254517101683,202.8403031380149,1.1902317881609559,1.3427308575844998,-180.6580486209132,0.10935822010682275,high,datta_zhang (exactly 3-sparse)
cs_sigma1.25_datta_zhang,40,40,cs,100,500,1.25,3.0,datta_zhang,1.0,10,3,1.0,3.1944444444444446,cocolasso_max,reweighted_max,14.051528619706566,15.625950562111818,8.138057260895879,8.556481112406313,21.638788260053843,204.5246030780254,-1.5744219424052517,-0.4184238515104344,-182.88581481797155,0.10580041684177587,high,datta_zhang (exactly 3-sparse)
cs_sigma1.25_datta_zhang,41,41,cs,100,500,1.25,3.0,datta_zhang,1.0,10,3,1.0,3.1944444444444446,cocolasso_max,reweighted_max,14.233237624240724,15.268934006628903,9.43543190932587,9.492663403985002,21.682395898969844,223.69141268800013,-1.0356963823881795,-0.05723149465913302,-202.00901678903028,0.09692994307837813,high,datta_zhang (exactly 3-sparse)
cs_sigma1.25_datta_zhang,42,42,cs,100,500,1.25,3.0,datta_zhang,1.0,10,3,1.0,3.1944444444444446,cocolasso_max,reweighted_max,16.819507760425783,18.39610547078924,9.65868402018866,10.057151331995897,22.204847496934235,208.1640747729689,-1.5765977103634583,-0.39846731180723616,-185.95922727603465,0.10666993102028594,high,datta_zhang (exactly 3-sparse)
cs_sigma1.25_datta_zhang,43,43,cs,100,500,1.25,3.0,datta_zhang,1.0,10,3,1.0,3.1944444444444446,cocolasso_max,reweighted_max,15.312022423784246,16.902541965462,7.69922908326022,8.460982247512602,22.513906645937823,211.94867138692643,-1.5905195416777538,-0.761753164252382,-189.4347647409886,0.10622339125135248,high,datta_zhang (exactly 3-sparse)
cs_sigma1.25_datta_zhang,44,44,cs,100,500,1.25,3.0,datta_zhang,1.0,10,3,1.0,3.1944444444444446,cocolasso_max,reweighted_max,10.22999073417192,8.670307457398582,6.25551280852672,5.297581772212046,22.988422052003443,223.41883718397003,1.5596832767733382,0.9579310363146734,-200.43041513196658,0.10289383984696895,high,datta_zhang (exactly 3-sparse)
cs_sigma1.25_datta_zhang,45,45,cs,100,500,1.25,3.0,datta_zhang,1.0,10,3,1.0,3.1944444444444446,cocolasso_max,reweighted_max,16.292925296714184,18.26565824505357,9.12328158726501,9.572027922726717,21.97592738096137,189.9991575910244,-1.9727329483393845,-0.4487463354617063,-168.02323021006305,0.11566328850923029,high,datta_zhang (exactly 3-sparse)
cs_sigma1.25_datta_zhang,46,46,cs,100,500,1.25,3.0,datta_zhang,1.0,10,3,1.0,3.1944444444444446,cocolasso_max,reweighted_max,7.37586339780609,5.114455549626188,3.80275127735243,2.6101031661682312,22.150831387960352,173.47555724403355,2.2614078481799025,1.192648111184199,-151.3247258560732,0.12768848672323374,high,datta_zhang (exactly 3-sparse)
cs_sigma1.25_datta_zhang,47,47,cs,100,500,1.25,3.0,datta_zhang,1.0,10,3,1.0,3.1944444444444446,cocolasso_max,reweighted_max,14.082775625706091,16.055296522276223,7.834912038930405,8.630512005093935,22.08161785604898,194.47808926401197,-1.9725208965701313,-0.7955999661635307,-172.396471407963,0.11354295972165933,high,datta_zhang (exactly 3-sparse)
cs_sigma1.25_datta_zhang,48,48,cs,100,500,1.25,3.0,datta_zhang,1.0,10,3,1.0,3.1944444444444446,cocolasso_max,reweighted_max,15.504730355067377,19.15635443636956,8.741289402130183,10.010947405091878,21.69009879603982,210.05284577107523,-3.6516240813021845,-1.2696580029616946,-188.3627469750354,0.10326019967222266,high,datta_zhang (exactly 3-sparse)
cs_sigma1.25_datta_zhang,49,49,cs,100,500,1.25,3.0,datta_zhang,1.0,10,3,1.0,3.1944444444444446,cocolasso_max,reweighted_max,15.3118621499808,19.69437975981733,8.26196035637276,10.431247331673202,22.50827623996884,196.05136461602524,-4.38251760983653,-2.169286975300441,-173.5430883760564,0.11480805698063992,high,datta_zhang (exactly 3-sparse)
cs_sigma1.25_datta_zhang,50,50,cs,100,500,1.25,3.0,datta_zhang,1.0,10,3,1.0,3.1944444444444446,cocolasso_max,reweighted_max,13.607966614525186,14.64220886529795,7.890940704551487,7.857650030092374,21.99634562106803,185.6668351949193,-1.034242250772765,0.0332906744591126,-163.67048957385126,0.11847213099730777,high,datta_zhang (exactly 3-sparse)
cs_sigma1.25_datta_zhang,51,51,cs,100,500,1.25,3.0,datta_zhang,1.0,10,3,1.0,3.1944444444444446,cocolasso_max,reweighted_max,12.69542057794532,11.88214512653114,6.907254242194543,6.086846549338677,21.845523789990693,164.41144449089188,0.8132754514141798,0.8204076928558655,-142.5659207009012,0.13287106537891222,high,datta_zhang (exactly 3-sparse)
cs_sigma1.25_datta_zhang,52,52,cs,100,500,1.25,3.0,datta_zhang,1.0,10,3,1.0,3.1944444444444446,cocolasso_max,reweighted_max,16.61760129832114,18.884022826923783,10.460576494380934,11.16313767174634,22.042550350073725,198.16065373795573,-2.266421528602642,-0.7025611773654052,-176.118103387882,0.11123575712069672,high,datta_zhang (exactly 3-sparse)
cs_sigma1.25_datta_zhang,53,53,cs,100,500,1.25,3.0,datta_zhang,1.0,10,3,1.0,3.1944444444444446,cocolasso_max,reweighted_max,12.974462600453997,10.795275870344874,6.6672603195214775,5.48347945464579,21.907997045083903,147.66724582808092,2.179186730109123,1.1837808648756871,-125.75924878299702,0.14836057192120936,high,datta_zhang (exactly 3-sparse)
cs_sigma1.25_datta_zhang,54,54,cs,100,500,1.25,3.0,datta_zhang,1.0,10,3,1.0,3.1944444444444446,cocolasso_max,reweighted_max,11.667539040351162,11.832548635389369,6.912201739261873,6.415118208957233,21.504485659999773,187.37083448003975,-0.16500959503820667,0.49708353030463925,-165.86634882003997,0.11476965302351047,high,datta_zhang (exactly 3-sparse)
cs_sigma1.25_datta_zhang,55,55,cs,100,500,1.25,3.0,datta_zhang,1.0,10,3,1.0,3.1944444444444446,cocolasso_max,reweighted_max,16.153673437787678,17.15833070041039,8.154901294548837,8.600646785788467,22.278225406073037,187.817027623998,-1.004657262622711,-0.44574549123962903,-165.53880221792497,0.11861664348491945,high,datta_zhang (exactly 3-sparse)
cs_sigma1.25_datta_zhang,56,56,cs,100,500,1.25,3.0,datta_zhang,1.0,10,3,1.0,3.1944444444444446,cocolasso_max,reweighted_max,13.206788561286409,14.182445235470915,7.533603726278601,7.521302637177666,21.50613177393097,217.6409222970251,-0.9756566741845063,0.012301089100935414,-196.13479052309413,0.09881474286614404,high,datta_zhang (exactly 3-sparse)
cs_sigma1.25_datta_zhang,57,57,cs,100,500,1.25,3.0,datta_zhang,1.0,10,3,1.0,3.1944444444444446,cocolasso_max,reweighted_max,16.427903881274855,21.45517031100056,8.844545135084765,11.240425091200777,22.119871502975,204.29690724692773,-5.027266429725707,-2.395879956116012,-182.17703574395273,0.10827315890905462,high,datta_zhang (exactly 3-sparse)
cs_sigma1.25_datta_zhang,58,58,cs,100,500,1.25,3.0,datta_zhang,1.0,10,3,1.0,3.1944444444444446,cocolasso_max,reweighted_max,15.012653051459589,17.328453321108075,7.929511143751987,8.707718217133198,22.067748339963146,165.48697988002095,-2.315800269648486,-0.7782070733812114,-143.4192315400578,0.13335035998579703,high,datta_zhang (exactly 3-sparse)
cs_sigma1.25_datta_zhang,59,59,cs,100,500,1.25,3.0,datta_zhang,1.0,10,3,1.0,3.1944444444444446,cocolasso_max,reweighted_max,12.088604931150828,11.750416509675931,7.568321862959763,6.829453051577634,21.582197197014462,164.98541182791814,0.3381884214748965,0.7388688113821296,-143.40321463090368,0.13081276070350367,high,datta_zhang (exactly 3-sparse)
cs_sigma1.25_datta_zhang,60,60,cs,100,500,1.25,3.0,datta_zhang,1.0,10,3,1.0,3.1944444444444446,cocolasso_max,reweighted_max,15.436798581834804,15.999550412681632,8.380333125420957,8.277392195961973,22.36478912003804,185.3673176600132,-0.5627518308468282,0.1029409294589847,-163.00252853997517,0.12065119894035395,high,datta_zhang (exactly 3-sparse)
cs_sigma1.25_datta_zhang,61,61,cs,100,500,1.25,3.0,datta_zhang,1.0,10,3,1.0,3.1944444444444446,cocolasso_max,reweighted_max,16.987250406514686,19.37772638409368,9.06417455645055,9.849963474795969,22.32408466609195,159.6201489890227,-2.390475977578994,-0.7857889183454194,-137.29606432293076,0.13985756063682916,high,datta_zhang (exactly 3-sparse)
cs_sigma1.25_datta_zhang,62,62,cs,100,500,1.25,3.0,datta_zhang,1.0,10,3,1.0,3.1944444444444446,cocolasso_max,reweighted_max,11.846285756345544,10.301337357844426,6.491546113073426,5.339614826762736,22.4278219579719,158.86391596100293,1.544948398501118,1.15193128631069,-136.43609400303103,0.14117631321311105,high,datta_zhang (exactly 3-sparse)
cs_sigma1.25_datta_zhang,63,63,cs,100,500,1.25,3.0,datta_zhang,1.0,10,3,1.0,3.1944444444444446,cocolasso_max,reweighted_max,14.141780194466694,12.92589758137905,7.222474281309418,6.465547132987151,22.58115475298837,154.5433243229054,1.2158826130876434,0.7569271483222666,-131.96216956991702,0.14611536830802815,high,datta_zhang (exactly 3-sparse)
cs_sigma1.25_datta_zhang,64,64,cs,100,500,1.25,3.0,datta_zhang,1.0,10,3,1.0,3.1944444444444446,cocolasso_max,reweighted_max,15.521820030164942,18.54230664506805,8.423736816127976,9.55009666460269,22.779783328063782,179.12564558396116,-3.020486614903106,-1.1263598484747135,-156.34586225589737,0.12717209338618274,high,datta_zhang (exactly 3-sparse)
cs_sigma1.25_datta_zhang,65,65,cs,100,500,1.25,3.0,datta_zhang,1.0,10,3,1.0,3.1944444444444446,cocolasso_max,reweighted_max,12.36268471617415,14.900578037507012,7.619271798541456,8.378302967775433,22.42484428500757,155.6353596369736,-2.537893321332861,-0.7590311692339764,-133.21051535196602,0.14408579346823575,high,datta_zhang (exactly 3-sparse)
cs_sigma1.25_datta_zhang,66,66,cs,100,500,1.25,3.0,datta_zhang,1.0,10,3,1.0,3.1944444444444446,cocolasso_max,reweighted_max,13.892716245462449,14.74535193420627,7.834288855799516,7.973179890353662,22.49293607508298,158.2419099980034,-0.8526356887438222,-0.1388910345541463,-135.7489739229204,0.1421427236019003,high,datta_zhang (exactly 3-sparse)
cs_sigma1.25_datta_zhang,67,67,cs,100,500,1.25,3.0,datta_zhang,1.0,10,3,1.0,3.1944444444444446,cocolasso_max,reweighted_max,16.38605760869902,18.19053609001703,10.035397484715396,9.964045268022064,22.2250524580013,171.77666021801997,-1.8044784813180108,0.07135221669333269,-149.55160776001867,0.1293834239750216,high,datta_zhang (exactly 3-sparse)
cs_sigma1.25_datta_zhang,68,68,cs,100,500,1.25,3.0,datta_zhang,1.0,10,3,1.0,3.1944444444444446,cocolasso_max,reweighted_max,13.551310757774637,13.167317177764527,8.827392633488163,7.891431851172383,22.25904933002312,158.842410005047,0.3839935800101095,0.9359607823157798,-136.58336067502387,0.1401329111621756,high,datta_zhang (exactly 3-sparse)
cs_sigma1.25_datta_zhang,69,69,cs,100,500,1.25,3.0,datta_zhang,1.0,10,3,1.0,3.1944444444444446,cocolasso_max,reweighted_max,13.198755765150109,15.032533754368224,7.370068354769579,7.718492408836143,22.081991977989677,206.75257349701133,-1.833777989218115,-0.3484240540665642,-184.67058151902165,0.10680395220477813,high,datta_zhang (exactly 3-sparse)
cs_sigma1.25_datta_zhang,70,70,cs,100,500,1.25,3.0,datta_zhang,1.0,10,3,1.0,3.1944444444444446,cocolasso_max,reweighted_max,13.721190135429389,12.345910519286022,7.615194373905989,6.683650482425975,22.66464020998683,210.7451100439066,1.3752796161433665,0.9315438914800138,-188.08046983391978,0.10754527213117723,high,datta_zhang (exactly 3-sparse)
cs_sigma1.25_datta_zhang,71,71,cs,100,500,1.25,3.0,datta_zhang,1.0,10,3,1.0,3.1944444444444446,cocolasso_max,reweighted_max,12.297641170685644,12.014734044662749,6.35695791943328,6.036817890885192,22.095110820024274,143.62596292304806,0.28290712602289503,0.32014002854808776,-121.53085210302379,0.15383786030289243,high,datta_zhang (exactly 3-sparse)
cs_sigma1.25_datta_zhang,72,72,cs,100,500,1.25,3.0,datta_zhang,1.0,10,3,1.0,3.1944444444444446,cocolasso_max,reweighted_max,12.769993598642015,13.304559667873685,7.62714452873121,7.522264282306419,22.051664905971847,166.22767218807712,-0.5345660692316692,0.10488024642479132,-144.17600728210527,0.13265940992677588,high,datta_zhang (exactly 3-sparse)
cs_sigma1.25_datta_zhang,73,73,cs,100,500,1.25,3.0,datta_zhang,1.0,10,3,1.0,3.1944444444444446,cocolasso_max,reweighted_max,14.854186761379925,15.156940132010806,8.993338960120623,8.971586809814132,21.27103810699191,182.47471229592335,-0.3027533706308816,0.021752150306490137,-161.20367418893144,0.11656978569444838,high,datta_zhang (exactly 3-sparse)
cs_sigma1.25_datta_zhang,74,74,cs,100,500,1.25,3.0,datta_zhang,1.0,10,3,1.0,3.1944444444444446,cocolasso_max,reweighted_max,10.49362877934539,9.713739266418475,6.70513373151344,5.711147328285758,21.84588907205034,146.63250107492786,0.7798895129269141,0.993986403227682,-124.78661200287752,0.14898394906929463,high,datta_zhang (exactly 3-sparse)
cs_sigma1.25_datta_zhang,75,75,cs,100,500,1.25,3.0,datta_zhang,1.0,10,3,1.0,3.1944444444444446,cocolasso_max,reweighted_max,13.74299154492863,16.097692256044926,7.02915137838771,8.054722312597297,22.12108057003934,195.23554161097852,-2.354700711116296,-1.0255709342095871,-173.11446104093918,0.11330457757592752,high,datta_zhang (exactly 3-sparse)
cs_sigma1.25_datta_zhang,76,76,cs,100,500,1.25,3.0,datta_zhang,1.0,10,3,1.0,3.1944444444444446,cocolasso_max,reweighted_max,10.397905980366104,7.596482264499794,5.922639237650329,3.8299778607239454,22.46250430494547,212.13159628998253,2.801423715866311,2.0926613769263835,-189.66909198503706,0.10588947944482241,high,datta_zhang (exactly 3-sparse)
cs_sigma1.25_datta_zhang,77,77,cs,100,500,1.25,3.0,datta_zhang,1.0,10,3,1.0,3.1944444444444446,cocolasso_max,reweighted_max,15.121639797365884,15.676676810612252,8.495609387330042,8.426805891400294,22.79344828694593,207.8441306790337,-0.555037013246368,0.06880349592974788,-185.05068239208777,0.10966606664561071,high,datta_zhang (exactly 3-sparse)
cs_sigma1.25_datta_zhang,78,78,cs,100,500,1.25,3.0,datta_zhang,1.0,10,3,1.0,3.1944444444444446,cocolasso_max,reweighted_max,13.615843752632363,13.73394784567407,8.279156448243667,7.686611270137631,22.546263661934063,207.79831554502016,-0.11810409304170655,0.592545178106036,-185.2520518830861,0.10850070465104104,high,datta_zhang (exactly 3-sparse)
cs_sigma1.25_datta_zhang,79,79,cs,100,500,1.25,3.0,datta_zhang,1.0,10,3,1.0,3.1944444444444446,cocolasso_max,reweighted_max,13.574209942551438,17.367715867464458,7.5891535038773235,9.203670091928858,22.328561809961684,194.96899381198452,-3.7935059249130205,-1.6145165880515346,-172.64043200202283,0.1145236551381801,high,datta_zhang (exactly 3-sparse)
cs_sigma1.25_datta_zhang,80,80,cs,100,500,1.25,3.0,datta_zhang,1.0,10,3,1.0,3.1944444444444446,cocolasso_max,reweighted_max,12.4234062097675,10.57814799480746,6.351156273472861,5.290456130065341,22.740507393027656,195.99913205497435,1.8452582149600385,1.0607001434075194,-173.2586246619467,0.11602351068906437,high,datta_zhang (exactly 3-sparse)
cs_sigma1.25_datta_zhang,81,81,cs,100,500,1.25,3.0,datta_zhang,1.0,10,3,1.0,3.1944444444444446,cocolasso_max,reweighted_max,12.733788350494615,13.514558706283736,7.595432118494873,8.103031041992729,22.446702898014337,215.67678498197347,-0.7807703557891212,-0.5075989234978557,-193.23008208395913,0.10407565607902798,high,datta_zhang (exactly 3-sparse)
cs_sigma1.25_datta_zhang,82,82,cs,100,500,1.25,3.0,datta_zhang,1.0,10,3,1.0,3.1944444444444446,cocolasso_max,reweighted_max,13.143223860484827,12.395746575539627,9.45105085774235,8.170649277058587,21.77202591800597,196.26136431499617,0.7474772849451998,1.2804015806837636,-174.4893383969902,0.1109338355717442,high,datta_zhang (exactly 3-sparse)
cs_sigma1.25_datta_zhang,83,83,cs,100,500,1.25,3.0,datta_zhang,1.0,10,3,1.0,3.1944444444444446,cocolasso_max,reweighted_max,13.301446242327028,15.91352968766242,7.225634394771216,8.116706920861787,22.41286789998412,194.41932387801356,-2.612083445335392,-0.8910725260905714,-172.00645597802944,0.11528107110405779,high,datta_zhang (exactly 3-sparse)
cs_sigma1.25_datta_zhang,84,84,cs,100,500,1.25,3.0,datta_zhang,1.0,10,3,1.0,3.1944444444444446,cocolasso_max,reweighted_max,14.00072725964424,16.71773419041985,8.225701282235587,9.06091440276748,22.120956004946493,192.17733357299585,-2.717006930775611,-0.8352131205318933,-170.05637756804936,0.11510699827950396,high,datta_zhang (exactly 3-sparse)
cs_sigma1.25_datta_zhang,85,85,cs,100,500,1.25,3.0,datta_zhang,1.0,10,3,1.0,3.1944444444444446,cocolasso_max,reweighted_max,15.75542369392022,16.774303541553643,8.576877436760244,8.744414206714517,21.91006861999631,193.1593966509681,-1.018879847633423,-0.1675367699542729,-171.24932803097178,0.11342999098090473,high,datta_zhang (exactly 3-sparse)
cs_sigma1.25_datta_zhang,86,86,cs,100,500,1.25,3.0,datta_zhang,1.0,10,3,1.0,3.1944444444444446,cocolasso_max,reweighted_max,12.468909879209203,13.74579652055819,7.105156581608081,7.309988385749576,22.347751652938317,207.303552620986,-1.2768866413489874,-0.20483180414149516,-184.9558009680477,0.10780206788735941,high,datta_zhang (exactly 3-sparse)
cs_sigma1.25_datta_zhang,87,87,cs,100,500,1.25,3.0,datta_zhang,1.0,10,3,1.0,3.1944444444444446,cocolasso_max,reweighted_max,12.565453470663291,10.981015187894924,7.471029377395579,5.79655634995558,22.210058733006008,177.1634177719825,1.5844382827683674,1.6744730274399995,-154.9533590389765,0.12536481296376537,high,datta_zhang (exactly 3-sparse)
cs_sigma1.25_datta_zhang,88,88,cs,100,500,1.25,3.0,datta_zhang,1.0,10,3,1.0,3.1944444444444446,cocolasso_max,reweighted_max,16.27845741624362,17.80387357633349,11.204678219643425,11.17621838649515,22.022721707005985,211.6446936809807,-1.525416160089872,0.028459833148275493,-189.62197197397472,0.10405515642268635,high,datta_zhang (exactly 3-sparse)
cs_sigma1.25_datta_zhang,89,89,cs,100,500,1.25,3.0,datta_zhang,1.0,10,3,1.0,3.1944444444444446,cocolasso_max,reweighted_max,12.712046339942995,12.367658775167069,7.114362369611808,6.663720578822859,22.493739672005177,224.10020443802927,0.3443875647759267,0.45064179078894906,-201.6064647660241,0.1003735794369853,high,datta_zhang (exactly 3-sparse)
cs_sigma1.25_datta_zhang,90,90,cs,100,500,1.25,3.0,datta_zhang,1.0,10,3,1.0,3.1944444444444446,cocolasso_max,reweighted_max,15.579615528321025,18.258749557188658,9.360847445892512,10.67648069141069,22.634219320956618,191.14738306199436,-2.679134028867633,-1.3156332455181783,-168.51316374103774,0.11841239444861099,high,datta_zhang (exactly 3-sparse)
cs_sigma1.25_datta_zhang,91,91,cs,100,500,1.25,3.0,datta_zhang,1.0,10,3,1.0,3.1944444444444446,cocolasso_max,reweighted_max,10.742899003982773,10.88035617421366,6.93809966151721,6.228439168778619,21.93415168498177,190.19156362197828,-0.13745717023088666,0.7096604927385908,-168.2574119369965,0.11532662788649102,high,datta_zhang (exactly 3-sparse)
cs_sigma1.25_datta_zhang,92,92,cs,100,500,1.25,3.0,datta_zhang,1.0,10,3,1.0,3.1944444444444446,cocolasso_max,reweighted_max,14.62997347962206,15.28006017518432,7.406324295734609,7.667379980870995,22.742809873074293,190.53815908898832,-0.6500866955622584,-0.26105568513638566,-167.79534921591403,0.1193609195229632,high,datta_zhang (exactly 3-sparse)
cs_sigma1.25_datta_zhang,93,93,cs,100,500,1.25,3.0,datta_zhang,1.0,10,3,1.0,3.1944444444444446,cocolasso_max,reweighted_max,13.27124264430551,13.033240457962332,8.979622276512574,8.310719626226442,21.99665979098063,187.14326207200065,0.23800218634317716,0.6689026502861317,-165.14660228102002,0.11753914913868357,high,datta_zhang (exactly 3-sparse)
cs_sigma1.25_datta_zhang,94,94,cs,100,500,1.25,3.0,datta_zhang,1.0,10,3,1.0,3.1944444444444446,cocolasso_max,reweighted_max,16.642557385663526,17.955922271754645,8.787311567293713,9.210492192444738,22.601576513028704,188.37131531297928,-1.3133648860911187,-0.4231806251510246,-165.76973879995057,0.11998417315012185,high,datta_zhang (exactly 3-sparse)
cs_sigma1.25_datta_zhang,95,95,cs,100,500,1.25,3.0,datta_zhang,1.0,10,3,1.0,3.1944444444444446,cocolasso_max,reweighted_max,12.736965974805836,14.95594141514614,7.056851504790731,7.707491992666906,22.534744083997797,191.4229854879668,-2.218975440340305,-0.6506404878761751,-168.888241403969,0.11772224754803216,high,datta_zhang (exactly 3-sparse)
cs_sigma1.25_datta_zhang,96,96,cs,100,500,1.25,3.0,datta_zhang,1.0,10,3,1.0,3.1944444444444446,cocolasso_max,reweighted_max,12.664035256924269,13.21877486475641,6.920431781782543,6.858161778501355,22.777628965093754,169.3684922590037,-0.5547396078321416,0.06227000328118848,-146.59086329390993,0.13448563343329217,high,datta_zhang (exactly 3-sparse)
cs_sigma1.25_datta_zhang,97,97,cs,100,500,1.25,3.0,datta_zhang,1.0,10,3,1.0,3.1944444444444446,cocolasso_max,reweighted_max,14.886142642021216,16.451947313703005,8.76040203130312,8.78765346503071,21.968869745964184,199.6567787369713,-1.5658046716817893,-0.027251433727590424,-177.6879089910071,0.11003317736036436,high,datta_zhang (exactly 3-sparse)
cs_sigma1.25_datta_zhang,98,98,cs,100,500,1.25,3.0,datta_zhang,1.0,10,3,1.0,3.1944444444444446,cocolasso_max,reweighted_max,13.725386598708544,13.623223419238553,7.0751524861003885,6.813836747666113,22.573491067043506,176.2654932020232,0.10216317946999176,0.26131573843427525,-153.6920021349797,0.12806528752154198,high,datta_zhang (exactly 3-sparse)
cs_sigma1.25_datta_zhang,99,99,cs,100,500,1.25,3.0,datta_zhang,1.0,10,3,1.0,3.1944444444444446,cocolasso_max,reweighted_max,15.995424131354037,18.80352575946796,8.689149632963458,9.493372986119908,22.411808434990235,184.9900076739723,-2.8081016281139224,-0.8042233531564502,-162.57819923898205,0.12115145416118349,high,datta_zhang (exactly 3-sparse)
cs_sigma1.25_weak_sparse_a1.0,0,0,cs,100,500,1.25,3.0,weak_sparse,1.0,10,3,1.0,1.0610025846822844,cocolasso_max,reweighted_max,14.737604311495254,14.883696249125478,7.947110165469711,7.968702644018994,17.577303608006332,194.84958757902496,-0.14609193763022432,-0.021592478549282923,-177.27228397101862,0.0902096012950375,high,weak α=1.0 (83% in first 3)
cs_sigma1.25_weak_sparse_a1.0,1,1,cs,100,500,1.25,3.0,weak_sparse,1.0,10,3,1.0,1.0610025846822844,cocolasso_max,reweighted_max,12.74595474352972,11.491661782340111,6.554517014461972,5.848007919573339,18.73264881002251,195.10119029309132,1.2542929611896092,0.7065090948886326,-176.3685414830688,0.09601504112753662,high,weak α=1.0 (83% in first 3)
cs_sigma1.25_weak_sparse_a1.0,2,2,cs,100,500,1.25,3.0,weak_sparse,1.0,10,3,1.0,1.0610025846822844,cocolasso_max,reweighted_max,15.24846372182597,16.182883928143653,9.97684764127283,10.174655678502418,18.30051931901835,178.188970600022,-0.9344202063176823,-0.1978080372295885,-159.88845128100365,0.1027028735695277,high,weak α=1.0 (83% in first 3)
cs_sigma1.25_weak_sparse_a1.0,3,3,cs,100,500,1.25,3.0,weak_sparse,1.0,10,3,1.0,1.0610025846822844,cocolasso_max,reweighted_max,12.284796867513643,12.505710209723375,6.143196509716195,6.282995930952262,18.627440365962684,197.45765423891132,-0.22091334220973202,-0.13979942123606648,-178.83021387294863,0.09433638031283738,high,weak α=1.0 (83% in first 3)
cs_sigma1.25_weak_sparse_a1.0,4,4,cs,100,500,1.25,3.0,weak_sparse,1.0,10,3,1.0,1.0610025846822844,cocolasso_max,reweighted_max,13.237292864275648,12.560805602678492,6.618718183634829,6.289573239916535,18.616715385986023,197.75380443502215,0.6764872615971562,0.32914494371829406,-179.13708904903612,0.09414087096414418,high,weak α=1.0 (83% in first 3)
cs_sigma1.25_weak_sparse_a1.0,5,5,cs,100,500,1.25,3.0,weak_sparse,1.0,10,3,1.0,1.0610025846822844,cocolasso_max,reweighted_max,12.446845455801723,11.939832822318053,6.2284655563629645,5.993524995851476,19.390664724982344,164.887366447947,0.5070126334836704,0.2349405605114887,-145.49670172296464,0.1175994567849669,high,weak α=1.0 (83% in first 3)
cs_sigma1.25_weak_sparse_a1.0,6,6,cs,100,500,1.25,3.0,weak_sparse,1.0,10,3,1.0,1.0610025846822844,cocolasso_max,reweighted_max,12.821103547515566,12.270579131937822,6.445616082019906,6.144465064556568,16.239777331997175,195.68193736800455,0.550524415577744,0.3011510174633374,-179.44216003600738,0.0829906814621128,high,weak α=1.0 (83% in first 3)
cs_sigma1.25_weak_sparse_a1.0,7,7,cs,100,500,1.25,3.0,weak_sparse,1.0,10,3,1.0,1.0610025846822844,cocolasso_max,reweighted_max,12.15707849837626,11.5340774320439,6.510041757251448,6.124140691304862,15.736146032984834,175.9884279689286,0.6230010663323604,0.38590106594658646,-160.25228193594376,0.08941579974657828,high,weak α=1.0 (83% in first 3)
cs_sigma1.25_weak_sparse_a1.0,8,8,cs,100,500,1.25,3.0,weak_sparse,1.0,10,3,1.0,1.0610025846822844,cocolasso_max,reweighted_max,12.38286712386448,11.837863257958457,6.590959869479851,6.28355004786587,15.718008480966091,192.01477823208552,0.5450038659060237,0.3074098216139802,-176.29676975111943,0.08185832687298661,high,weak α=1.0 (83% in first 3)
cs_sigma1.25_weak_sparse_a1.0,9,9,cs,100,500,1.25,3.0,weak_sparse,1.0,10,3,1.0,1.0610025846822844,cocolasso_max,reweighted_max,15.309222182837695,16.87718615810109,7.676989023573081,8.523742027585888,15.706504617992325,175.30061725201085,-1.5679639752633943,-0.8467530040128066,-159.59411263401853,0.0895975431473397,high,weak α=1.0 (83% in first 3)
cs_sigma1.25_weak_sparse_a1.0,10,10,cs,100,500,1.25,3.0,weak_sparse,1.0,10,3,1.0,1.0610025846822844,cocolasso_max,reweighted_max,12.80570691052048,14.085091109102688,6.403500647912917,7.056166864259889,15.8157787140226,178.09209127898794,-1.2793841985822088,-0.6526662163469714,-162.27631256496534,0.0888067437494829,high,weak α=1.0 (83% in first 3)
cs_sigma1.25_weak_sparse_a1.0,11,11,cs,100,500,1.25,3.0,weak_sparse,1.0,10,3,1.0,1.0610025846822844,cocolasso_max,reweighted_max,13.53080424159906,13.179611866709656,6.767107727435749,6.5899478108265965,15.494158572051674,176.81017809500918,0.35119237488940414,0.17715991660915265,-161.3160195229575,0.0876315986952169,high,weak α=1.0 (83% in first 3)
cs_sigma1.25_weak_sparse_a1.0,12,12,cs,100,500,1.25,3.0,weak_sparse,1.0,10,3,1.0,1.0610025846822844,cocolasso_max,reweighted_max,14.17829514447094,15.163262278546624,7.08927038790628,7.581693669888955,16.33651654201094,199.61331316898577,-0.9849671340756831,-0.49242328198267504,-183.27679662697483,0.08184081654003211,high,weak α=1.0 (83% in first 3)
cs_sigma1.25_weak_sparse_a1.0,13,13,cs,100,500,1.25,3.0,weak_sparse,1.0,10,3,1.0,1.0610025846822844,cocolasso_max,reweighted_max,12.84280315840413,12.40889214138084,6.631940133850027,6.332919307637757,15.590965680021329,195.08349537092727,0.4339110170232914,0.29902082621227066,-179.49252969090594,0.07991945013275996,high,weak α=1.0 (83% in first 3)
cs_sigma1.25_weak_sparse_a1.0,14,14,cs,100,500,1.25,3.0,weak_sparse,1.0,10,3,1.0,1.0610025846822844,cocolasso_max,reweighted_max,15.977237816965308,18.82781519912348,7.994860397124808,9.44646871693906,16.361214809992816,227.02764084097,-2.850577382158173,-1.4516083198142526,-210.6664260309772,0.07206706086266228,high,weak α=1.0 (83% in first 3)
cs_sigma1.25_weak_sparse_a1.0,15,15,cs,100,500,1.25,3.0,weak_sparse,1.0,10,3,1.0,1.0610025846822844,cocolasso_max,reweighted_max,13.512379185363194,13.8128274102083,6.762557225256989,6.916867768555422,16.751741377986036,177.87979134893976,-0.30044822484510547,-0.15431054329843263,-161.12804997095373,0.09417450543960222,high,weak α=1.0 (83% in first 3)
cs_sigma1.25_weak_sparse_a1.0,16,16,cs,100,500,1.25,3.0,weak_sparse,1.0,10,3,1.0,1.0610025846822844,cocolasso_max,reweighted_max,13.51919135792583,14.731451795658105,6.948811541883655,7.51324647699195,16.41407686797902,182.2342752139084,-1.212260437732274,-0.5644349351082942,-165.82019834592938,0.09007129338710851,high,weak α=1.0 (83% in first 3)
cs_sigma1.25_weak_sparse_a1.0,17,17,cs,100,500,1.25,3.0,weak_sparse,1.0,10,3,1.0,1.0610025846822844,cocolasso_max,reweighted_max,14.201193366993486,14.357869798757864,7.1374659454584055,7.316741510985524,17.478346591989975,179.87229839200154,-0.15667643176437807,-0.1792755655271181,-162.39395180001156,0.09717086370853419,high,weak α=1.0 (83% in first 3)
cs_sigma1.25_weak_sparse_a1.0,18,18,cs,100,500,1.25,3.0,weak_sparse,1.0,10,3,1.0,1.0610025846822844,cocolasso_max,reweighted_max,15.19995878627486,15.511593281126302,7.600062778971052,7.783481338580269,17.71378138300497,194.02116333507,-0.31163449485144135,-0.18341855960921638,-176.30738195206504,0.09129819179783849,high,weak α=1.0 (83% in first 3)
cs_sigma1.25_weak_sparse_a1.0,19,19,cs,100,500,1.25,3.0,weak_sparse,1.0,10,3,1.0,1.0610025846822844,cocolasso_max,reweighted_max,11.41900867749673,9.652856923409226,5.709747642755515,5.022453214351836,18.03563869697973,208.77521726302805,1.7661517540875042,0.6872944284036784,-190.73957856604832,0.08638783344795808,high,weak α=1.0 (83% in first 3)
cs_sigma1.25_weak_sparse_a1.0,20,20,cs,100,500,1.25,3.0,weak_sparse,1.0,10,3,1.0,1.0610025846822844,cocolasso_max,reweighted_max,15.039796519832002,15.662978875564695,7.68522101928235,7.940005988260042,17.840101426001638,194.0190025829943,-0.623182355732693,-0.25478496897769176,-176.17890115699265,0.09195027903707674,high,weak α=1.0 (83% in first 3)
cs_sigma1.25_weak_sparse_a1.0,21,21,cs,100,500,1.25,3.0,weak_sparse,1.0,10,3,1.0,1.0610025846822844,cocolasso_max,reweighted_max,12.583202256725547,11.952461092355584,6.381666067998899,6.172107751324711,18.28348543500761,182.95023171498903,0.6307411643699634,0.20955831667418767,-164.66674627998142,0.09993693510861867,high,weak α=1.0 (83% in first 3)
cs_sigma1.25_weak_sparse_a1.0,22,22,cs,100,500,1.25,3.0,weak_sparse,1.0,10,3,1.0,1.0610025846822844,cocolasso_max,reweighted_max,12.925764262065645,12.406649611936436,7.174901459566141,6.724221426009844,17.123431430954952,193.7796871360624,0.5191146501292092,0.4506800335562966,-176.65625570510744,0.08836546123088607,high,weak α=1.0 (83% in first 3)
cs_sigma1.25_weak_sparse_a1.0,23,23,cs,100,500,1.25,3.0,weak_sparse,1.0,10,3,1.0,1.0610025846822844,cocolasso_max,reweighted_max,12.18683983418638,11.97002994146406,6.635880861073743,6.872087534970324,17.236765267967712,181.65200610400643,0.21680989272231876,-0.23620667389658045,-164.41524083603872,0.09488893427413432,high,weak α=1.0 (83% in first 3)
cs_sigma1.25_weak_sparse_a1.0,24,24,cs,100,500,1.25,3.0,weak_sparse,1.0,10,3,1.0,1.0610025846822844,cocolasso_max,reweighted_max,12.70563668384541,11.432065777197309,6.408016532939482,5.716276403751994,16.785725323017687,194.0566312100273,1.2735709066481018,0.6917401291874876,-177.2709058870096,0.0864991070820482,high,weak α=1.0 (83% in first 3)
cs_sigma1.25_weak_sparse_a1.0,25,25,cs,100,500,1.25,3.0,weak_sparse,1.0,10,3,1.0,1.0610025846822844,cocolasso_max,reweighted_max,11.72626361288083,10.189760282983013,5.870585770454756,5.095272377788959,16.550554232031573,297.16734881093726,1.5365033298978172,0.7753133926657974,-280.6167945789057,0.05569439004068144,high,weak α=1.0 (83% in first 3)
cs_sigma1.25_weak_sparse_a1.0,26,26,cs,100,500,1.25,3.0,weak_sparse,1.0,10,3,1.0,1.0610025846822844,cocolasso_max,reweighted_max,13.439293130572487,12.569539049665783,6.812719336373397,6.361557079554078,16.418678328045644,258.8194628919009,0.8697540809067039,0.45116225681931876,-242.40078456385527,0.0634367993217848,high,weak α=1.0 (83% in first 3)
cs_sigma1.25_weak_sparse_a1.0,27,27,cs,100,500,1.25,3.0,weak_sparse,1.0,10,3,1.0,1.0610025846822844,cocolasso_max,reweighted_max,14.40552272636534,15.186613967000556,7.288737131873389,7.662277808729741,16.03277419996448,321.4093812610954,-0.7810912406352148,-0.3735406768563525,-305.3766070611309,0.04988272009067567,high,weak α=1.0 (83% in first 3)
cs_sigma1.25_weak_sparse_a1.0,28,28,cs,100,500,1.25,3.0,weak_sparse,1.0,10,3,1.0,1.0610025846822844,cocolasso_max,reweighted_max,13.20671911742268,13.601812052218,6.669443861836702,6.807630337682102,15.846068268001543,257.57449519005604,-0.39509293479532026,-0.13818647584540056,-241.7284269220545,0.06152033125915372,high,weak α=1.0 (83% in first 3)
cs_sigma1.25_weak_sparse_a1.0,29,29,cs,100,500,1.25,3.0,weak_sparse,1.0,10,3,1.0,1.0610025846822844,cocolasso_max,reweighted_max,13.385982234493571,13.94173343171212,6.789471250856048,7.0327878498054845,15.986514232994525,275.2177705699578,-0.555751197218548,-0.2433165989494368,-259.23125633696327,0.05808678051525347,high,weak α=1.0 (83% in first 3)
cs_sigma1.25_weak_sparse_a1.0,30,30,cs,100,500,1.25,3.0,weak_sparse,1.0,10,3,1.0,1.0610025846822844,cocolasso_max,reweighted_max,16.283392537751485,18.724156817832565,8.164706083080397,9.362728431604674,16.409880751976743,255.1753541210201,-2.44076428008108,-1.1980223485242778,-238.76547336904335,0.06430825111814738,high,weak α=1.0 (83% in first 3)
cs_sigma1.25_weak_sparse_a1.0,31,31,cs,100,500,1.25,3.0,weak_sparse,1.0,10,3,1.0,1.0610025846822844,cocolasso_max,reweighted_max,14.917836019133752,16.878476804172955,7.644060529173583,8.838348050389277,15.79465642402647,305.2324156728573,-1.9606407850392031,-1.1942875212156938,-289.43775924883084,0.05174632710358949,high,weak α=1.0 (83% in first 3)
cs_sigma1.25_weak_sparse_a1.0,32,32,cs,100,500,1.25,3.0,weak_sparse,1.0,10,3,1.0,1.0610025846822844,cocolasso_max,reweighted_max,13.727113965711991,13.648610088026906,7.083256350826046,7.1251016323557,17.135272723040543,329.12680049496703,0.07850387768508504,-0.041845281529654166,-311.9915277719265,0.05206283018359842,high,weak α=1.0 (83% in first 3)
cs_sigma1.25_weak_sparse_a1.0,33,33,cs,100,500,1.25,3.0,weak_sparse,1.0,10,3,1.0,1.0610025846822844,cocolasso_max,reweighted_max,13.31517024394849,13.749117635496065,6.658688164850635,6.879763928031566,17.000445334997494,349.7089266490657,-0.43394739154757467,-0.2210757631809308,-332.7084813140682,0.048613129489992996,high,weak α=1.0 (83% in first 3)
cs_sigma1.25_weak_sparse_a1.0,34,34,cs,100,500,1.25,3.0,weak_sparse,1.0,10,3,1.0,1.0610025846822844,cocolasso_max,reweighted_max,13.910693051757764,13.829278638527438,6.968536083486992,6.915628734914415,18.324782344978303,238.1303826579824,0.08141441323032694,0.052907348572576396,-219.8056003130041,0.07695272707513971,high,weak α=1.0 (83% in first 3)
cs_sigma1.25_weak_sparse_a1.0,35,35,cs,100,500,1.25,3.0,weak_sparse,1.0,10,3,1.0,1.0610025846822844,cocolasso_max,reweighted_max,12.16595279990003,12.02777209040262,6.239570929995961,6.093537704250132,17.95767968700966,253.81726167490703,0.13818070949741035,0.14603322574582833,-235.85958198789737,0.07075042717153779,high,weak α=1.0 (83% in first 3)
cs_sigma1.25_weak_sparse_a1.0,36,36,cs,100,500,1.25,3.0,weak_sparse,1.0,10,3,1.0,1.0610025846822844,cocolasso_max,reweighted_max,15.36104931108998,17.96220833275506,7.687665686260246,9.008973989707398,18.577236204000656,243.04823340312575,-2.6011590216650813,-1.321308303447152,-224.4709971991251,0.07643436014277873,high,weak α=1.0 (83% in first 3)
cs_sigma1.25_weak_sparse_a1.0,37,37,cs,100,500,1.25,3.0,weak_sparse,1.0,10,3,1.0,1.0610025846822844,cocolasso_max,reweighted_max,13.198553151671842,12.833209820629593,6.783944662508415,6.509894942137224,17.814258714963216,264.2001610749867,0.3653433310422489,0.2740497203711909,-246.38590236002347,0.06742713040930766,high,weak α=1.0 (83% in first 3)
cs_sigma1.25_weak_sparse_a1.0,38,38,cs,100,500,1.25,3.0,weak_sparse,1.0,10,3,1.0,1.0610025846822844,cocolasso_max,reweighted_max,14.888129713645377,16.847591472867265,7.457222361474255,8.423798684650883,17.753848931984976,298.4160840299446,-1.9594617592218881,-0.9665763231766284,-280.66223509795964,0.059493606015564034,high,weak α=1.0 (83% in first 3)
cs_sigma1.25_weak_sparse_a1.0,39,39,cs,100,500,1.25,3.0,weak_sparse,1.0,10,3,1.0,1.0610025846822844,cocolasso_max,reweighted_max,14.43203530337536,13.988773258726198,7.3082658489492385,7.0379565086341005,16.38753661501687,228.86061406205408,0.4432620446491615,0.270309340315138,-212.4730774470372,0.07160487916270947,high,weak α=1.0 (83% in first 3)
cs_sigma1.25_weak_sparse_a1.0,40,40,cs,100,500,1.25,3.0,weak_sparse,1.0,10,3,1.0,1.0610025846822844,cocolasso_max,reweighted_max,13.636441765249817,13.46269606752946,6.911340164919436,6.819829087086079,16.546134980977513,209.8024128521793,0.17374569772035642,0.09151107783335721,-193.25627787120177,0.0788653226435267,high,weak α=1.0 (83% in first 3)
cs_sigma1.25_weak_sparse_a1.0,41,41,cs,100,500,1.25,3.0,weak_sparse,1.0,10,3,1.0,1.0610025846822844,cocolasso_max,reweighted_max,12.109486983089688,10.735628898824553,6.181667039579621,5.475628395317175,16.588967807008885,276.7698962241411,1.3738580842651356,0.7060386442624464,-260.18092841713224,0.05993776069336084,high,weak α=1.0 (83% in first 3)
cs_sigma1.25_weak_sparse_a1.0,42,42,cs,100,500,1.25,3.0,weak_sparse,1.0,10,3,1.0,1.0610025846822844,cocolasso_max,reweighted_max,15.329958714663466,16.319847988361495,7.920242404920199,8.304976778798236,16.004801155009773,240.60452814190648,-0.9898892736980294,-0.38473437387803777,-224.5997269868967,0.06651911864921461,high,weak α=1.0 (83% in first 3)
cs_sigma1.25_weak_sparse_a1.0,43,43,cs,100,500,1.25,3.0,weak_sparse,1.0,10,3,1.0,1.0610025846822844,cocolasso_max,reweighted_max,13.912717561229528,14.112507226636058,7.108825308015141,7.22678622056965,16.32302879000781,293.2052500001155,-0.19978966540653076,-0.11796091255450936,-276.8822212101077,0.055670997671431126,high,weak α=1.0 (83% in first 3)
cs_sigma1.25_weak_sparse_a1.0,44,44,cs,100,500,1.25,3.0,weak_sparse,1.0,10,3,1.0,1.0610025846822844,cocolasso_max,reweighted_max,14.99764274328468,15.988735738857956,7.704887177656931,8.197910151778697,15.990600323013496,283.9695567281451,-0.9910929955732755,-0.4930229741217653,-267.9789564051316,0.056310966947495385,high,weak α=1.0 (83% in first 3)
cs_sigma1.25_weak_sparse_a1.0,45,45,cs,100,500,1.25,3.0,weak_sparse,1.0,10,3,1.0,1.0610025846822844,cocolasso_max,reweighted_max,14.90641776460518,15.590705377585872,7.591396415276317,7.870631180158436,15.733284416957758,227.91077335109003,-0.6842876129806914,-0.2792347648821192,-212.17748893413227,0.06903264898636925,high,weak α=1.0 (83% in first 3)
cs_sigma1.25_weak_sparse_a1.0,46,46,cs,100,500,1.25,3.0,weak_sparse,1.0,10,3,1.0,1.0610025846822844,cocolasso_max,reweighted_max,12.149598689046387,9.17608603509199,6.456555579582482,5.194924585100639,16.388403261022177,216.95284835086204,2.9735126539543977,1.261630994481843,-200.56444508983986,0.07553900944650611,high,weak α=1.0 (83% in first 3)
cs_sigma1.25_weak_sparse_a1.0,47,47,cs,100,500,1.25,3.0,weak_sparse,1.0,10,3,1.0,1.0610025846822844,cocolasso_max,reweighted_max,12.517210076879556,11.656996468846083,6.267446824364984,5.8537178124134845,16.70465421996778,265.6691916650161,0.8602136080334724,0.41372901195149936,-248.96453744504834,0.06287764913679106,high,weak α=1.0 (83% in first 3)
cs_sigma1.25_weak_sparse_a1.0,48,48,cs,100,500,1.25,3.0,weak_sparse,1.0,10,3,1.0,1.0610025846822844,cocolasso_max,reweighted_max,14.766678650032445,16.41933165436709,8.060971881684392,8.954142340482521,16.70759328099666,228.56213214900345,-1.6526530043346472,-0.8931704587981297,-211.85453886800678,0.07309869366332611,high,weak α=1.0 (83% in first 3)
cs_sigma1.25_weak_sparse_a1.0,49,49,cs,100,500,1.25,3.0,weak_sparse,1.0,10,3,1.0,1.0610025846822844,cocolasso_max,reweighted_max,13.4441185310441,13.908364124622766,6.893055596235891,7.124494277092917,17.211354842002038,239.02902941918,-0.46424559357866535,-0.23143868085702568,-221.81767457717797,0.07200529108880269,high,weak α=1.0 (83% in first 3)
cs_sigma1.25_weak_sparse_a1.0,50,50,cs,100,500,1.25,3.0,weak_sparse,1.0,10,3,1.0,1.0610025846822844,cocolasso_max,reweighted_max,13.370993661101195,12.143144754449722,6.994694263811276,6.285089035236817,17.640484578034375,283.5312248710543,1.2278489066514737,0.7096052285744587,-265.8907402930199,0.06221707886338445,high,weak α=1.0 (83% in first 3)
cs_sigma1.25_weak_sparse_a1.0,51,51,cs,100,500,1.25,3.0,weak_sparse,1.0,10,3,1.0,1.0610025846822844,cocolasso_max,reweighted_max,13.917056911795935,13.89237761955968,6.959025762277514,6.950197481610185,18.396872899960726,258.42822388303466,0.024679292236255534,0.00882828066732877,-240.03135098307393,0.07118755306033138,high,weak α=1.0 (83% in first 3)
cs_sigma1.25_weak_sparse_a1.0,52,52,cs,100,500,1.25,3.0,weak_sparse,1.0,10,3,1.0,1.0610025846822844,cocolasso_max,reweighted_max,14.919667558821349,15.680279939177057,8.556974288080644,8.776287678572624,17.808073130028788,319.20993537502363,-0.7606123803557079,-0.21931339049197973,-301.40186224499485,0.05578796633979134,high,weak α=1.0 (83% in first 3)
cs_sigma1.25_weak_sparse_a1.0,53,53,cs,100,500,1.25,3.0,weak_sparse,1.0,10,3,1.0,1.0610025846822844,cocolasso_max,reweighted_max,12.49951433031664,10.917482940163875,6.2725410012030345,5.458958277232121,17.568107508006506,286.9071309650317,1.582031390152764,0.8135827239709137,-269.3390234570252,0.06123273216986618,high,weak α=1.0 (83% in first 3)
cs_sigma1.25_weak_sparse_a1.0,54,54,cs,100,500,1.25,3.0,weak_sparse,1.0,10,3,1.0,1.0610025846822844,cocolasso_max,reweighted_max,13.09108067004024,13.019842851963478,6.631355372788818,6.58174382632802,17.48757914901944,257.7655034859199,0.07123781807676188,0.04961154646079802,-240.27792433690047,0.0678429770955549,high,weak α=1.0 (83% in first 3)
cs_sigma1.25_weak_sparse_a1.0,55,55,cs,100,500,1.25,3.0,weak_sparse,1.0,10,3,1.0,1.0610025846822844,cocolasso_max,reweighted_max,15.066104647455385,15.502042256204753,7.570774196221334,7.808765590258136,16.70852410601219,250.35423618904315,-0.43593760874936827,-0.23799139403680147,-233.64571208303096,0.06673953019670711,high,weak α=1.0 (83% in first 3)
cs_sigma1.25_weak_sparse_a1.0,56,56,cs,100,500,1.25,3.0,weak_sparse,1.0,10,3,1.0,1.0610025846822844,cocolasso_max,reweighted_max,12.38199020029256,11.69327946679142,6.298638539020496,5.888866157128098,15.631000547029544,300.34186760592274,0.6887107335011393,0.40977238189239795,-284.7108670588932,0.05204402793265876,high,weak α=1.0 (83% in first 3)
cs_sigma1.25_weak_sparse_a1.0,57,57,cs,100,500,1.25,3.0,weak_sparse,1.0,10,3,1.0,1.0610025846822844,cocolasso_max,reweighted_max,14.850339298711464,15.472762962520076,7.448367913705463,7.744424463712385,15.95472121500643,384.097854943946,-0.6224236638086111,-0.29605655000692277,-368.1431337289396,0.04153816796851107,high,weak α=1.0 (83% in first 3)
cs_sigma1.25_weak_sparse_a1.0,58,58,cs,100,500,1.25,3.0,weak_sparse,1.0,10,3,1.0,1.0610025846822844,cocolasso_max,reweighted_max,13.379603063507298,13.175558409715022,6.700878310762944,6.60371751400606,16.234221621009056,316.3207260509953,0.20404465379227688,0.09716079675688327,-300.08650442998623,0.05132202945940341,high,weak α=1.0 (83% in first 3)
cs_sigma1.25_weak_sparse_a1.0,59,59,cs,100,500,1.25,3.0,weak_sparse,1.0,10,3,1.0,1.0610025846822844,cocolasso_max,reweighted_max,12.792152818639108,12.202495398915378,6.693255945338829,6.380790719625456,16.04901457502274,260.570279849926,0.5896574197237303,0.3124652257133729,-244.52126527490327,0.06159188447840666,high,weak α=1.0 (83% in first 3)
cs_sigma1.25_weak_sparse_a1.0,60,60,cs,100,500,1.25,3.0,weak_sparse,1.0,10,3,1.0,1.0610025846822844,cocolasso_max,reweighted_max,15.287378690046731,16.086559555402488,7.645948379486112,8.044178146544098,16.086494598013815,243.29737609392032,-0.7991808653557566,-0.39822976705798663,-227.2108814959065,0.06611865222830816,high,weak α=1.0 (83% in first 3)
cs_sigma1.25_weak_sparse_a1.0,61,61,cs,100,500,1.25,3.0,weak_sparse,1.0,10,3,1.0,1.0610025846822844,cocolasso_max,reweighted_max,15.64094650150489,18.05833519280929,7.826563192152915,9.040580226422222,16.317399242019746,244.9302897618618,-2.417388691304401,-1.2140170342693066,-228.61289051984204,0.06662058521991973,high,weak α=1.0 (83% in first 3)
cs_sigma1.25_weak_sparse_a1.0,62,62,cs,100,500,1.25,3.0,weak_sparse,1.0,10,3,1.0,1.0610025846822844,cocolasso_max,reweighted_max,11.273391791102142,9.055878103176887,5.638888726523681,4.573963152390599,15.55761897499906,287.1217557471245,2.217513687925255,1.064925574133082,-271.56413677212544,0.054184744498083436,high,weak α=1.0 (83% in first 3)
cs_sigma1.25_weak_sparse_a1.0,63,63,cs,100,500,1.25,3.0,weak_sparse,1.0,10,3,1.0,1.0610025846822844,cocolasso_max,reweighted_max,11.396000122381746,8.581496424494205,5.699001554465058,4.355830403464321,15.600561133003794,323.3239245060832,2.8145036978875417,1.3431711510007371,-307.7233633730794,0.04825056220889177,high,weak α=1.0 (83% in first 3)
cs_sigma1.25_weak_sparse_a1.0,64,64,cs,100,500,1.25,3.0,weak_sparse,1.0,10,3,1.0,1.0610025846822844,cocolasso_max,reweighted_max,15.480919756722097,17.20356338455627,7.878360215866021,8.730367154845228,16.24564893101342,217.9087068059016,-1.722643627834172,-0.8520069389792067,-201.66305787488818,0.0745525461976329,high,weak α=1.0 (83% in first 3)
cs_sigma1.25_weak_sparse_a1.0,65,65,cs,100,500,1.25,3.0,weak_sparse,1.0,10,3,1.0,1.0610025846822844,cocolasso_max,reweighted_max,11.347419477652783,10.35638122012266,5.773563455383117,5.234770222973753,17.726652555982582,212.27180457185025,0.9910382575301231,0.5387932324093638,-194.54515201586767,0.0835092187195423,high,weak α=1.0 (83% in first 3)
cs_sigma1.25_weak_sparse_a1.0,66,66,cs,100,500,1.25,3.0,weak_sparse,1.0,10,3,1.0,1.0610025846822844,cocolasso_max,reweighted_max,12.54310108903051,13.033447729400974,6.683789355544826,6.880009551794962,16.57285389699973,245.0600571979303,-0.4903466403704648,-0.19622019625013642,-228.48720330093056,0.06762772394039783,high,weak α=1.0 (83% in first 3)
cs_sigma1.25_weak_sparse_a1.0,67,67,cs,100,500,1.25,3.0,weak_sparse,1.0,10,3,1.0,1.0610025846822844,cocolasso_max,reweighted_max,15.065358376278944,15.32133063700896,7.995251061866124,7.973672394861576,17.1103569699917,239.32217552606016,-0.255972260730017,0.021578667004548358,-222.21181855606847,0.07149507534093315,high,weak α=1.0 (83% in first 3)
cs_sigma1.25_weak_sparse_a1.0,68,68,cs,100,500,1.25,3.0,weak_sparse,1.0,10,3,1.0,1.0610025846822844,cocolasso_max,reweighted_max,13.322451516045769,14.54079352504975,6.696150756528854,7.273245649704284,17.581613946007565,291.06674017501064,-1.2183420090039814,-0.5770948931754303,-273.4851262290031,0.06040406380830806,high,weak α=1.0 (83% in first 3)
cs_sigma1.25_weak_sparse_a1.0,69,69,cs,100,500,1.25,3.0,weak_sparse,1.0,10,3,1.0,1.0610025846822844,cocolasso_max,reweighted_max,14.522866447318002,15.930199592201866,7.322537048294763,8.225196450875428,17.663267974974588,231.16217740694992,-1.4073331448838644,-0.9026594025806647,-213.49890943197533,0.07641071810757022,high,weak α=1.0 (83% in first 3)
cs_sigma1.25_weak_sparse_a1.0,70,70,cs,100,500,1.25,3.0,weak_sparse,1.0,10,3,1.0,1.0610025846822844,cocolasso_max,reweighted_max,14.9472326575229,16.72821817007075,7.949890605646376,9.088353893722791,17.56499831099063,252.63384813000448,-1.7809855125478506,-1.1384632880764158,-235.06884981901385,0.06952749380578546,high,weak α=1.0 (83% in first 3)
cs_sigma1.25_weak_sparse_a1.0,71,71,cs,100,500,1.25,3.0,weak_sparse,1.0,10,3,1.0,1.0610025846822844,cocolasso_max,reweighted_max,14.330155984620667,16.63970847987363,7.1660245456166285,8.32240919432804,17.21817957801977,225.96431672689505,-2.3095524952529622,-1.1563846487114118,-208.74613714887528,0.07619866635328093,high,weak α=1.0 (83% in first 3)
cs_sigma1.25_weak_sparse_a1.0,72,72,cs,100,500,1.25,3.0,weak_sparse,1.0,10,3,1.0,1.0610025846822844,cocolasso_max,reweighted_max,15.276584762523251,16.065682413338386,8.096516853367271,8.440170192013744,16.54019542504102,241.7979533970356,-0.789097650815135,-0.3436533386464724,-225.25775797199458,0.06840502656315618,high,weak α=1.0 (83% in first 3)
cs_sigma1.25_weak_sparse_a1.0,73,73,cs,100,500,1.25,3.0,weak_sparse,1.0,10,3,1.0,1.0610025846822844,cocolasso_max,reweighted_max,13.12884910473538,12.203868348211532,7.147263115794866,6.691178498066866,15.720852724043652,277.05491758999415,0.9249807565238477,0.456084617728,-261.3340648659505,0.056742731227418616,high,weak α=1.0 (83% in first 3)
cs_sigma1.25_weak_sparse_a1.0,74,74,cs,100,500,1.25,3.0,weak_sparse,1.0,10,3,1.0,1.0610025846822844,cocolasso_max,reweighted_max,9.908512988602515,8.423948838233903,4.996249642447791,4.212140110511883,15.944502900005318,229.9516978219617,1.4845641503686124,0.7841095319359077,-214.00719492195637,0.06933848739116606,high,weak α=1.0 (83% in first 3)
cs_sigma1.25_weak_sparse_a1.0,75,75,cs,100,500,1.25,3.0,weak_sparse,1.0,10,3,1.0,1.0610025846822844,cocolasso_max,reweighted_max,12.857866027466958,12.78552044431252,6.458791020590163,6.393773155669397,15.997623210016172,150.00702433800325,0.07234558315443884,0.06501786492076622,-134.00940112798708,0.10664582729119096,high,weak α=1.0 (83% in first 3)
cs_sigma1.25_weak_sparse_a1.0,76,76,cs,100,500,1.25,3.0,weak_sparse,1.0,10,3,1.0,1.0610025846822844,cocolasso_max,reweighted_max,10.060692418007994,7.699598745593741,5.101868493539218,3.895022178826845,16.084769972017966,180.70713636599248,2.3610936724142526,1.2068463147123731,-164.62236639397452,0.08901015364130899,high,weak α=1.0 (83% in first 3)
cs_sigma1.25_weak_sparse_a1.0,77,77,cs,100,500,1.25,3.0,weak_sparse,1.0,10,3,1.0,1.0610025846822844,cocolasso_max,reweighted_max,13.789622663437756,13.43247059889043,6.977267413214321,6.743011379149293,16.00927961699199,168.23636752803577,0.35715206454732673,0.23425603406502749,-152.22708791104378,0.09515944651101743,high,weak α=1.0 (83% in first 3)
cs_sigma1.25_weak_sparse_a1.0,78,78,cs,100,500,1.25,3.0,weak_sparse,1.0,10,3,1.0,1.0610025846822844,cocolasso_max,reweighted_max,12.520819312542375,12.180136200427429,6.543835119997055,6.3822934094194,15.91278027294902,201.820124810969,0.34068311211494695,0.1615417105776542,-185.90734453801997,0.07884635037191373,high,weak α=1.0 (83% in first 3)
cs_sigma1.25_weak_sparse_a1.0,79,79,cs,100,500,1.25,3.0,weak_sparse,1.0,10,3,1.0,1.0610025846822844,cocolasso_max,reweighted_max,13.371864823740529,13.489917256122885,6.733538296287579,6.748910667897552,16.036718544957694,189.43750248197463,-0.11805243238235619,-0.015372371609973179,-173.40078393701694,0.08465440229546745,high,weak α=1.0 (83% in first 3)
cs_sigma1.25_weak_sparse_a1.0,80,80,cs,100,500,1.25,3.0,weak_sparse,1.0,10,3,1.0,1.0610025846822844,cocolasso_max,reweighted_max,11.186757546098333,9.903656720335452,5.676724871356655,5.128155199559584,17.480913528008386,191.7492069529835,1.2831008257628813,0.548569671797071,-174.26829342497513,0.09116550626618586,high,weak α=1.0 (83% in first 3)
cs_sigma1.25_weak_sparse_a1.0,81,81,cs,100,500,1.25,3.0,weak_sparse,1.0,10,3,1.0,1.0610025846822844,cocolasso_max,reweighted_max,13.95033811300098,13.793391202502598,7.798049891329458,7.837804976326169,16.16883215197595,193.16710715799127,0.15694691049838205,-0.039755084996710544,-176.99827500601532,0.08370385822857238,high,weak α=1.0 (83% in first 3)
cs_sigma1.25_weak_sparse_a1.0,82,82,cs,100,500,1.25,3.0,weak_sparse,1.0,10,3,1.0,1.0610025846822844,cocolasso_max,reweighted_max,13.096248611918586,12.355778975840243,7.416552500015365,7.045722782149456,17.038646102009807,184.5426627759589,0.7404696360783429,0.37082971786590946,-167.50401667394908,0.09232903571297932,high,weak α=1.0 (83% in first 3)
cs_sigma1.25_weak_sparse_a1.0,83,83,cs,100,500,1.25,3.0,weak_sparse,1.0,10,3,1.0,1.0610025846822844,cocolasso_max,reweighted_max,15.002112376357683,17.338699190858144,7.742471126381602,8.836423111607907,18.159232366015203,180.89665213704572,-2.3365868145004605,-1.0939519852263047,-162.73741977103052,0.10038456848973594,high,weak α=1.0 (83% in first 3)
cs_sigma1.25_weak_sparse_a1.0,84,84,cs,100,500,1.25,3.0,weak_sparse,1.0,10,3,1.0,1.0610025846822844,cocolasso_max,reweighted_max,14.979312882039483,16.874134080171693,7.730916587315815,8.545998563244952,17.73793848103378,205.05778206896505,-1.8948211981322096,-0.8150819759291368,-187.31984358793127,0.08650214735604696,high,weak α=1.0 (83% in first 3)
cs_sigma1.25_weak_sparse_a1.0,85,85,cs,100,500,1.25,3.0,weak_sparse,1.0,10,3,1.0,1.0610025846822844,cocolasso_max,reweighted_max,15.568202130491509,17.094157549703635,7.937730324203849,8.68643259969044,17.891374982020352,192.777393692988,-1.525955419212126,-0.7487022754865906,-174.88601871096765,0.09280847011820102,high,weak α=1.0 (83% in first 3)
cs_sigma1.25_weak_sparse_a1.0,86,86,cs,100,500,1.25,3.0,weak_sparse,1.0,10,3,1.0,1.0610025846822844,cocolasso_max,reweighted_max,11.650370106861336,10.89501661359675,5.869619976325675,5.481591311060188,17.712125585007016,200.65409528795865,0.755353493264586,0.3880286652654865,-182.94196970295164,0.0882719366359722,high,weak α=1.0 (83% in first 3)
cs_sigma1.25_weak_sparse_a1.0,87,87,cs,100,500,1.25,3.0,weak_sparse,1.0,10,3,1.0,1.0610025846822844,cocolasso_max,reweighted_max,12.012032042631557,10.687224174660264,6.0429054099493165,5.433117992745896,16.882007881009486,188.25323521299288,1.324807867971293,0.6097874172034201,-171.3712273319834,0.08967711955605383,high,weak α=1.0 (83% in first 3)
cs_sigma1.25_weak_sparse_a1.0,88,88,cs,100,500,1.25,3.0,weak_sparse,1.0,10,3,1.0,1.0610025846822844,cocolasso_max,reweighted_max,15.69839719341612,18.67955778120828,8.61615696301398,10.529701046633845,16.286244353977963,191.80921756196767,-2.9811605877921608,-1.9135440836198647,-175.5229732079897,0.08490855945813124,high,weak α=1.0 (83% in first 3)
cs_sigma1.25_weak_sparse_a1.0,89,89,cs,100,500,1.25,3.0,weak_sparse,1.0,10,3,1.0,1.0610025846822844,cocolasso_max,reweighted_max,11.939135171291772,11.090505310840935,5.9702547517372215,5.559463085249128,15.478666231967509,266.2129741180106,0.8486298604508367,0.41079166648809373,-250.7343078860431,0.058143921359392156,high,weak α=1.0 (83% in first 3)
cs_sigma1.25_weak_sparse_a1.0,90,90,cs,100,500,1.25,3.0,weak_sparse,1.0,10,3,1.0,1.0610025846822844,cocolasso_max,reweighted_max,15.5717206672906,16.667017877584954,7.916968189038624,8.432220081220287,15.986655857996084,172.22608578699874,-1.095297210294353,-0.5152518921816629,-156.23942992900265,0.09282366132252254,high,weak α=1.0 (83% in first 3)
cs_sigma1.25_weak_sparse_a1.0,91,91,cs,100,500,1.25,3.0,weak_sparse,1.0,10,3,1.0,1.0610025846822844,cocolasso_max,reweighted_max,14.092130563408205,14.699769342943856,7.8430832027598525,8.131558790415857,15.2276014329982,172.542879946006,-0.6076387795356517,-0.2884755876560048,-157.3152785130078,0.08825401220707217,high,weak α=1.0 (83% in first 3)
cs_sigma1.25_weak_sparse_a1.0,92,92,cs,100,500,1.25,3.0,weak_sparse,1.0,10,3,1.0,1.0610025846822844,cocolasso_max,reweighted_max,15.186824878309976,15.9822185846181,7.605525402299684,7.998492335430741,15.349127075984144,205.68248384899923,-0.7953937063081238,-0.39296693313105635,-190.33335677301508,0.07462534868672935,high,weak α=1.0 (83% in first 3)
cs_sigma1.25_weak_sparse_a1.0,93,93,cs,100,500,1.25,3.0,weak_sparse,1.0,10,3,1.0,1.0610025846822844,cocolasso_max,reweighted_max,12.681952238574825,12.37068278814952,7.167380158552426,6.881864250443738,15.229228066978976,177.95738531899406,0.3112694504253053,0.285515908108688,-162.72815725201508,0.08557794912349448,high,weak α=1.0 (83% in first 3)
cs_sigma1.25_weak_sparse_a1.0,94,94,cs,100,500,1.25,3.0,weak_sparse,1.0,10,3,1.0,1.0610025846822844,cocolasso_max,reweighted_max,15.004197704558688,15.75584489094818,7.535710753054657,7.903264683814917,15.291824447980616,193.40862401400227,-0.7516471863894925,-0.36755393076026,-178.11679956602165,0.07906485311054966,high,weak α=1.0 (83% in first 3)
cs_sigma1.25_weak_sparse_a1.0,95,95,cs,100,500,1.25,3.0,weak_sparse,1.0,10,3,1.0,1.0610025846822844,cocolasso_max,reweighted_max,14.47122672590609,15.34518657196114,7.243005368280985,7.679466642197217,15.13366341701476,211.2684340449632,-0.8739598460550493,-0.43646127391623146,-196.13477062794843,0.07163239262612199,high,weak α=1.0 (83% in first 3)
cs_sigma1.25_weak_sparse_a1.0,96,96,cs,100,500,1.25,3.0,weak_sparse,1.0,10,3,1.0,1.0610025846822844,cocolasso_max,reweighted_max,11.118355160865605,10.710521002696584,5.624979409576783,5.4049606956766265,15.049476593965665,187.06349574500928,0.40783415816902036,0.22001871390015637,-172.0140191510436,0.0804511673110181,high,weak α=1.0 (83% in first 3)
cs_sigma1.25_weak_sparse_a1.0,97,97,cs,100,500,1.25,3.0,weak_sparse,1.0,10,3,1.0,1.0610025846822844,cocolasso_max,reweighted_max,14.88770049203358,15.665113666177298,7.657740514363111,8.02738977669822,14.649272087030113,1619.1315792330424,-0.7774131741437174,-0.3696492623351091,-1604.4823071460123,0.00904761062962483,high,weak α=1.0 (83% in first 3)
cs_sigma1.25_weak_sparse_a1.0,98,98,cs,100,500,1.25,3.0,weak_sparse,1.0,10,3,1.0,1.0610025846822844,cocolasso_max,reweighted_max,13.847752354424053,14.015986714733144,6.954475468296205,7.051207201287852,15.284276621998288,156.6032390440232,-0.168234360309091,-0.09673173299164706,-141.31896242202492,0.09759872602444498,high,weak α=1.0 (83% in first 3)
cs_sigma1.25_weak_sparse_a1.0,99,99,cs,100,500,1.25,3.0,weak_sparse,1.0,10,3,1.0,1.0610025846822844,cocolasso_max,reweighted_max,13.586203080424376,14.743674652203028,6.834489209332411,7.386848113625816,15.392021847015712,173.1224937060033,-1.1574715717786521,-0.5523589042934045,-157.73047185898758,0.0889082725041753,high,weak α=1.0 (83% in first 3)
cs_sigma1.25_weak_sparse_a1.5,0,0,cs,100,500,1.25,3.0,weak_sparse,1.5,10,3,1.0,0.8937182721336322,cocolasso_max,reweighted_max,11.22113661587113,12.0653487599689,6.191834822614781,6.623400454609552,25.181989612989128,265.5804811210837,-0.8442121440977708,-0.43156563199477116,-240.3984915080946,0.09481867608150062,high,weak α=1.5 (97% in first 3)
cs_sigma1.25_weak_sparse_a1.5,1,1,cs,100,500,1.25,3.0,weak_sparse,1.5,10,3,1.0,0.8937182721336322,cocolasso_max,reweighted_max,8.977882967374834,7.420442245253825,4.92304604035155,3.994863696656624,25.31759026506916,276.45580007717945,1.557440722121009,0.9281823436949259,-251.1382098121103,0.09157916114619817,high,weak α=1.5 (97% in first 3)
cs_sigma1.25_weak_sparse_a1.5,2,2,cs,100,500,1.25,3.0,weak_sparse,1.5,10,3,1.0,0.8937182721336322,cocolasso_max,reweighted_max,11.158375767581276,11.792014222298665,7.549056980061933,7.828904314495191,24.62369121797383,353.5482666499447,-0.6336384547173886,-0.27984733443325815,-328.9245754319709,0.06964732553010716,high,weak α=1.5 (97% in first 3)
cs_sigma1.25_weak_sparse_a1.5,3,3,cs,100,500,1.25,3.0,weak_sparse,1.5,10,3,1.0,0.8937182721336322,cocolasso_max,reweighted_max,7.81921049712163,6.584337169126211,3.920908714149257,3.2922281949207752,25.994781277142465,267.55987061420456,1.2348733279954187,0.6286805192284817,-241.5650893370621,0.0971550076529392,high,weak α=1.5 (97% in first 3)
cs_sigma1.25_weak_sparse_a1.5,4,4,cs,100,500,1.25,3.0,weak_sparse,1.5,10,3,1.0,0.8937182721336322,cocolasso_max,reweighted_max,9.3199262038082,8.780193928485957,4.662632988425366,4.398943803096432,23.71949770208448,223.61721937404943,0.5397322753222422,0.2636891853289338,-199.89772167196494,0.10607187482466794,high,weak α=1.5 (97% in first 3)
cs_sigma1.25_weak_sparse_a1.5,5,5,cs,100,500,1.25,3.0,weak_sparse,1.5,10,3,1.0,0.8937182721336322,cocolasso_max,reweighted_max,8.726547917126332,8.421529851929172,4.37727983654443,4.21283521569333,22.28968949406408,251.3990803679917,0.3050180651971601,0.1644446208510999,-229.10939087392762,0.0886625737112363,high,weak α=1.5 (97% in first 3)
cs_sigma1.25_weak_sparse_a1.5,6,6,cs,100,500,1.25,3.0,weak_sparse,1.5,10,3,1.0,0.8937182721336322,cocolasso_max,reweighted_max,8.351805694456989,7.528698925651871,4.285375046279296,3.80371895463163,21.19865443301387,357.1137283879798,0.8231067688051175,0.481656091647666,-335.9150739549659,0.05936107393211995,high,weak α=1.5 (97% in first 3)
cs_sigma1.25_weak_sparse_a1.5,7,7,cs,100,500,1.25,3.0,weak_sparse,1.5,10,3,1.0,0.8937182721336322,cocolasso_max,reweighted_max,8.445526578498423,7.827346072057844,4.628095938595656,4.186271817472807,20.14359153411351,351.0034350939095,0.6181805064405799,0.4418241211228491,-330.859843559796,0.05738858803112334,high,weak α=1.5 (97% in first 3)
cs_sigma1.25_weak_sparse_a1.5,8,8,cs,100,500,1.25,3.0,weak_sparse,1.5,10,3,1.0,0.8937182721336322,cocolasso_max,reweighted_max,7.967914736711763,7.135626334859115,4.507864203641676,3.963921720230616,20.044612959958613,328.1470841278788,0.8322884018526482,0.5439424834110596,-308.1024711679202,0.061084233045164686,high,weak α=1.5 (97% in first 3)
cs_sigma1.25_weak_sparse_a1.5,9,9,cs,100,500,1.25,3.0,weak_sparse,1.5,10,3,1.0,0.8937182721336322,cocolasso_max,reweighted_max,10.561483706260002,11.752496690978282,5.280865885754529,5.90106302896768,24.085531363030896,279.1145720880013,-1.191012984718279,-0.6201971432131517,-255.0290407249704,0.08629263310350214,high,weak α=1.5 (97% in first 3)
cs_sigma1.25_weak_sparse_a1.5,10,10,cs,100,500,1.25,3.0,weak_sparse,1.5,10,3,1.0,0.8937182721336322,cocolasso_max,reweighted_max,8.829348015917581,9.62289506494808,4.414777105540644,4.811464228598884,20.81823799503036,238.1568466911558,-0.793547049030499,-0.39668712305824005,-217.33860869612545,0.08741398067815224,high,weak α=1.5 (97% in first 3)
cs_sigma1.25_weak_sparse_a1.5,11,11,cs,100,500,1.25,3.0,weak_sparse,1.5,10,3,1.0,0.8937182721336322,cocolasso_max,reweighted_max,9.152975661344078,8.833820498216896,4.581786662337318,4.431751416450909,23.72860716586001,271.87360048107803,0.3191551631271814,0.15003524588640893,-248.14499331521802,0.08727808483012856,high,weak α=1.5 (97% in first 3)
cs_sigma1.25_weak_sparse_a1.5,12,12,cs,100,500,1.25,3.0,weak_sparse,1.5,10,3,1.0,0.8937182721336322,cocolasso_max,reweighted_max,9.832809416225288,10.115652267395332,4.932154123967966,5.086636921775209,20.909392409026623,297.6392691931688,-0.2828428511700434,-0.15448279780724317,-276.72987678414216,0.07025078534061432,high,weak α=1.5 (97% in first 3)
cs_sigma1.25_weak_sparse_a1.5,13,13,cs,100,500,1.25,3.0,weak_sparse,1.5,10,3,1.0,0.8937182721336322,cocolasso_max,reweighted_max,9.243107701783902,8.847484292814258,4.921579120602412,4.632813921006446,23.26328592002392,259.16809529205784,0.39562340896964443,0.28876519959596614,-235.90480937203392,0.08976138013364804,high,weak α=1.5 (97% in first 3)
cs_sigma1.25_weak_sparse_a1.5,14,14,cs,100,500,1.25,3.0,weak_sparse,1.5,10,3,1.0,0.8937182721336322,cocolasso_max,reweighted_max,11.08811097319855,13.210322744023616,5.55670271467068,6.619479338915478,23.33354034391232,232.94325043307617,-2.122211770825066,-1.0627766242447976,-209.60971008916385,0.10016834701384048,high,weak α=1.5 (97% in first 3)
cs_sigma1.25_weak_sparse_a1.5,15,15,cs,100,500,1.25,3.0,weak_sparse,1.5,10,3,1.0,0.8937182721336322,cocolasso_max,reweighted_max,8.996092298109991,9.024464481243085,4.60114446110111,4.5314747197913325,21.526007356122136,257.1873621840496,-0.028372183133093642,0.06966974130977732,-235.66135482792748,0.08369776482530893,high,weak α=1.5 (97% in first 3)
cs_sigma1.25_weak_sparse_a1.5,16,16,cs,100,500,1.25,3.0,weak_sparse,1.5,10,3,1.0,0.8937182721336322,cocolasso_max,reweighted_max,9.644593861459168,9.749862582569506,5.156259890593329,5.15713477731261,23.82214377610944,242.50743090198372,-0.10526872111033825,-0.0008748867192807097,-218.68528712587428,0.09823263430528789,high,weak α=1.5 (97% in first 3)
cs_sigma1.25_weak_sparse_a1.5,17,17,cs,100,500,1.25,3.0,weak_sparse,1.5,10,3,1.0,0.8937182721336322,cocolasso_max,reweighted_max,10.550167322417533,10.665413461828042,5.296174887252392,5.408610368636937,25.149211907060817,266.0283652439248,-0.11524613941050887,-0.11243548138454518,-240.87915333686396,0.09453582847829473,high,weak α=1.5 (97% in first 3)
cs_sigma1.25_weak_sparse_a1.5,18,18,cs,100,500,1.25,3.0,weak_sparse,1.5,10,3,1.0,0.8937182721336322,cocolasso_max,reweighted_max,11.371825040086968,11.912664843494216,5.6923273025141015,5.963127386190624,19.985721135046333,300.6817586061079,-0.5408398034072484,-0.270800083676523,-280.6960374710616,0.0664680199680073,high,weak α=1.5 (97% in first 3)
cs_sigma1.25_weak_sparse_a1.5,19,19,cs,100,500,1.25,3.0,weak_sparse,1.5,10,3,1.0,0.8937182721336322,cocolasso_max,reweighted_max,7.21438318716678,5.054813354926392,3.619832091429171,2.6324400069163,26.00535482307896,300.8815955289174,2.159569832240388,0.9873920845128712,-274.8762407058384,0.0864305268568001,high,weak α=1.5 (97% in first 3)
cs_sigma1.25_weak_sparse_a1.5,20,20,cs,100,500,1.25,3.0,weak_sparse,1.5,10,3,1.0,0.8937182721336322,cocolasso_max,reweighted_max,11.181816650738154,11.71964642612284,5.769172131828247,5.981842627737477,20.20867670513689,240.5270021988545,-0.5378297753846848,-0.21267049590923026,-220.3183254937176,0.08401832858844459,high,weak α=1.5 (97% in first 3)
cs_sigma1.25_weak_sparse_a1.5,21,21,cs,100,500,1.25,3.0,weak_sparse,1.5,10,3,1.0,0.8937182721336322,cocolasso_max,reweighted_max,8.368001865356561,7.554424859490888,4.194198850750822,3.819169215922528,24.668175155995414,247.5303160531912,0.8135770058656728,0.375029634828294,-222.8621408971958,0.09965718765007567,high,weak α=1.5 (97% in first 3)
cs_sigma1.25_weak_sparse_a1.5,22,22,cs,100,500,1.25,3.0,weak_sparse,1.5,10,3,1.0,0.8937182721336322,cocolasso_max,reweighted_max,9.140135768157691,8.48581039110821,5.379388104236471,4.830621721060029,23.58646706305444,271.28489818703383,0.6543253770494815,0.5487663831764413,-247.6984311239794,0.08694353139699305,high,weak α=1.5 (97% in first 3)
cs_sigma1.25_weak_sparse_a1.5,23,23,cs,100,500,1.25,3.0,weak_sparse,1.5,10,3,1.0,0.8937182721336322,cocolasso_max,reweighted_max,7.881305654706866,7.804785067747532,4.129022233542343,4.300962250323519,22.0557776610367,239.93313490296717,0.07652058695933395,-0.17194001678117665,-217.87735724193047,0.09192468422486295,high,weak α=1.5 (97% in first 3)
cs_sigma1.25_weak_sparse_a1.5,24,24,cs,100,500,1.25,3.0,weak_sparse,1.5,10,3,1.0,0.8937182721336322,cocolasso_max,reweighted_max,9.145357795316308,7.984356727859785,4.676276790180255,3.9953578347952745,26.582063077948987,247.07671752688475,1.1610010674565228,0.6809189553849806,-220.49465444893576,0.10758627257162164,high,weak α=1.5 (97% in first 3)
cs_sigma1.25_weak_sparse_a1.5,25,25,cs,100,500,1.25,3.0,weak_sparse,1.5,10,3,1.0,0.8937182721336322,cocolasso_max,reweighted_max,8.252726496290457,6.804383433219451,4.16424580111376,3.421170676047306,29.992833332158625,276.8462266190909,1.4483430630710057,0.7430751250664542,-246.85339328693226,0.10833751898459275,high,weak α=1.5 (97% in first 3)
cs_sigma1.25_weak_sparse_a1.5,26,26,cs,100,500,1.25,3.0,weak_sparse,1.5,10,3,1.0,0.8937182721336322,cocolasso_max,reweighted_max,9.614295050774317,8.89140291548079,4.854198158426144,4.476570775448144,27.429525495972484,240.00102850515395,0.7228921352935274,0.3776273829780008,-212.57150300918147,0.11428919978725609,high,weak α=1.5 (97% in first 3)
cs_sigma1.25_weak_sparse_a1.5,27,27,cs,100,500,1.25,3.0,weak_sparse,1.5,10,3,1.0,0.8937182721336322,cocolasso_max,reweighted_max,9.986486111858117,9.666099232623452,5.171429336460566,4.969829093163314,29.75577808008529,302.7721738219261,0.3203868792346647,0.20160024329725168,-273.0163957418408,0.09827778327339287,high,weak α=1.5 (97% in first 3)
cs_sigma1.25_weak_sparse_a1.5,28,28,cs,100,500,1.25,3.0,weak_sparse,1.5,10,3,1.0,0.8937182721336322,cocolasso_max,reweighted_max,9.778031826321785,9.840333578802856,5.11246979164329,5.007458050712694,26.918713734019548,265.64368621399626,-0.06230175248107095,0.10501174093059618,-238.7249724799767,0.10133391129173862,high,weak α=1.5 (97% in first 3)
cs_sigma1.25_weak_sparse_a1.5,29,29,cs,100,500,1.25,3.0,weak_sparse,1.5,10,3,1.0,0.8937182721336322,cocolasso_max,reweighted_max,9.024669421038718,9.277422697024038,4.711489704238913,4.738433726148621,29.51362228486687,272.8406724459492,-0.25275327598532016,-0.026944021909708127,-243.32705016108235,0.10817163738926655,high,weak α=1.5 (97% in first 3)
cs_sigma1.25_weak_sparse_a1.5,30,30,cs,100,500,1.25,3.0,weak_sparse,1.5,10,3,1.0,0.8937182721336322,cocolasso_max,reweighted_max,11.881351682494488,13.649015309350226,5.994713086960934,6.8460286196741365,27.68215366988443,252.61982329003516,-1.7676636268557377,-0.851315532713202,-224.93766962015073,0.10958029068883597,high,weak α=1.5 (97% in first 3)
cs_sigma1.25_weak_sparse_a1.5,31,31,cs,100,500,1.25,3.0,weak_sparse,1.5,10,3,1.0,0.8937182721336322,cocolasso_max,reweighted_max,10.857795637053204,12.520173622708205,5.545983634383891,6.70099090788903,29.134872698923573,275.10168212791905,-1.6623779856550005,-1.1550072735051389,-245.96680942899548,0.10590583261274353,high,weak α=1.5 (97% in first 3)
cs_sigma1.25_weak_sparse_a1.5,32,32,cs,100,500,1.25,3.0,weak_sparse,1.5,10,3,1.0,0.8937182721336322,cocolasso_max,reweighted_max,11.12055195103278,12.240347644294385,5.960855433032358,6.492502335847254,21.402035878039896,365.5140071029309,-1.1197956932616044,-0.531646902814896,-344.111971224891,0.05855325777436747,high,weak α=1.5 (97% in first 3)
cs_sigma1.25_weak_sparse_a1.5,33,33,cs,100,500,1.25,3.0,weak_sparse,1.5,10,3,1.0,0.8937182721336322,cocolasso_max,reweighted_max,9.201069833272276,9.455820096797389,4.631237857255143,4.750420559448102,29.86433980613947,368.0874149459414,-0.25475026352511243,-0.11918270219295923,-338.22307513980195,0.08113382472075403,high,weak α=1.5 (97% in first 3)
cs_sigma1.25_weak_sparse_a1.5,34,34,cs,100,500,1.25,3.0,weak_sparse,1.5,10,3,1.0,0.8937182721336322,cocolasso_max,reweighted_max,9.473802209113696,9.344251589781916,4.747425732595798,4.673925116657769,23.551714685978368,246.55644204700369,0.12955061933178058,0.0735006159380287,-223.00472736102532,0.09552260930780487,high,weak α=1.5 (97% in first 3)
cs_sigma1.25_weak_sparse_a1.5,35,35,cs,100,500,1.25,3.0,weak_sparse,1.5,10,3,1.0,0.8937182721336322,cocolasso_max,reweighted_max,7.959667987074588,7.767942018536861,4.16761997936856,3.972124469272431,19.82460380694829,255.07125512789932,0.19172596853772728,0.19549551009612864,-235.24665132095103,0.07772182638536718,high,weak α=1.5 (97% in first 3)
cs_sigma1.25_weak_sparse_a1.5,36,36,cs,100,500,1.25,3.0,weak_sparse,1.5,10,3,1.0,0.8937182721336322,cocolasso_max,reweighted_max,11.406108545465022,12.194689383747956,5.73951705852891,6.118828596393157,19.47120183496736,238.4747696439736,-0.7885808382829342,-0.3793115378642469,-219.00356780900623,0.08164889671153273,high,weak α=1.5 (97% in first 3)
cs_sigma1.25_weak_sparse_a1.5,37,37,cs,100,500,1.25,3.0,weak_sparse,1.5,10,3,1.0,0.8937182721336322,cocolasso_max,reweighted_max,9.070578338557995,8.540618904479944,4.759932883650254,4.386395708811557,19.95954089006409,221.57455951394516,0.5299594340780516,0.3735371748386971,-201.61501862388107,0.09008047193616514,high,weak α=1.5 (97% in first 3)
cs_sigma1.25_weak_sparse_a1.5,38,38,cs,100,500,1.25,3.0,weak_sparse,1.5,10,3,1.0,0.8937182721336322,cocolasso_max,reweighted_max,10.686190078661031,12.316070502106651,5.395323344776133,6.175582163210758,20.091011170996357,326.73623832687736,-1.62988042344562,-0.7802588184346249,-306.645227155881,0.06148999962133575,high,weak α=1.5 (97% in first 3)
cs_sigma1.25_weak_sparse_a1.5,39,39,cs,100,500,1.25,3.0,weak_sparse,1.5,10,3,1.0,0.8937182721336322,cocolasso_max,reweighted_max,10.275063564641222,9.6951872726974,5.350270547255117,5.017517513144648,19.957222637021918,210.0847446261905,0.5798762919438225,0.3327530341104685,-190.1275219891686,0.09499605824560153,high,weak α=1.5 (97% in first 3)
cs_sigma1.25_weak_sparse_a1.5,40,40,cs,100,500,1.25,3.0,weak_sparse,1.5,10,3,1.0,0.8937182721336322,cocolasso_max,reweighted_max,9.266157852308124,9.108892703004615,4.882031614463295,4.732362930199616,19.720935366116464,227.1538805142045,0.15726514930350888,0.14966868426367874,-207.43294514808804,0.08681751472382733,high,weak α=1.5 (97% in first 3)
cs_sigma1.25_weak_sparse_a1.5,41,41,cs,100,500,1.25,3.0,weak_sparse,1.5,10,3,1.0,0.8937182721336322,cocolasso_max,reweighted_max,8.410701774320417,6.970666036489065,4.429112584080225,3.60877361627612,19.682037664111704,238.37911585788245,1.4400357378313524,0.8203389678041049,-218.69707819377075,0.08256611571563088,high,weak α=1.5 (97% in first 3)
cs_sigma1.25_weak_sparse_a1.5,42,42,cs,100,500,1.25,3.0,weak_sparse,1.5,10,3,1.0,0.8937182721336322,cocolasso_max,reweighted_max,11.330318979266837,11.755109593508015,5.994006645308366,6.078755702368365,20.441714768996462,252.93400714104064,-0.4247906142411786,-0.0847490570599998,-232.49229237204418,0.08081837234958203,high,weak α=1.5 (97% in first 3)
cs_sigma1.25_weak_sparse_a1.5,43,43,cs,100,500,1.25,3.0,weak_sparse,1.5,10,3,1.0,0.8937182721336322,cocolasso_max,reweighted_max,9.392282791384575,9.33737807820446,4.870087536751788,4.852533341202511,24.34667651494965,248.57750875200145,0.054904713180114584,0.01755419554927684,-224.2308322370518,0.09794400401381294,high,weak α=1.5 (97% in first 3)
cs_sigma1.25_weak_sparse_a1.5,44,44,cs,100,500,1.25,3.0,weak_sparse,1.5,10,3,1.0,0.8937182721336322,cocolasso_max,reweighted_max,9.446405728842205,8.37700139452669,5.007389340636061,4.428009931288324,21.76427684002556,308.87365311803296,1.0694043343155144,0.5793794093477365,-287.1093762780074,0.07046336461630336,high,weak α=1.5 (97% in first 3)
cs_sigma1.25_weak_sparse_a1.5,45,45,cs,100,500,1.25,3.0,weak_sparse,1.5,10,3,1.0,0.8937182721336322,cocolasso_max,reweighted_max,11.180976452815788,11.769100608923,5.753990009321708,6.002260759825571,28.546241458971053,246.16880028788,-0.588124156107213,-0.24827075050386327,-217.62255882890895,0.11596206109623923,high,weak α=1.5 (97% in first 3)
cs_sigma1.25_weak_sparse_a1.5,46,46,cs,100,500,1.25,3.0,weak_sparse,1.5,10,3,1.0,0.8937182721336322,cocolasso_max,reweighted_max,7.35414448172202,4.213640866360187,3.880442369745689,2.510766282841622,26.50023598689586,262.0452765400987,3.1405036153618333,1.3696760869040672,-235.54504055320285,0.10112846274808063,high,weak α=1.5 (97% in first 3)
cs_sigma1.25_weak_sparse_a1.5,47,47,cs,100,500,1.25,3.0,weak_sparse,1.5,10,3,1.0,0.8937182721336322,cocolasso_max,reweighted_max,8.338253516521323,7.319043050761614,4.170534628913622,3.6601346113283504,26.96899008192122,265.8701282851398,1.0192104657597092,0.5104000175852712,-238.90113820321858,0.10143670616880125,high,weak α=1.5 (97% in first 3)
cs_sigma1.25_weak_sparse_a1.5,48,48,cs,100,500,1.25,3.0,weak_sparse,1.5,10,3,1.0,0.8937182721336322,cocolasso_max,reweighted_max,10.348469784415087,10.276196698099998,5.790578486992319,5.809627011346726,19.724110094131905,230.66681812191385,0.07227308631508933,-0.019048524354406737,-210.94270802778195,0.08550909166184086,high,weak α=1.5 (97% in first 3)
cs_sigma1.25_weak_sparse_a1.5,49,49,cs,100,500,1.25,3.0,weak_sparse,1.5,10,3,1.0,0.8937182721336322,cocolasso_max,reweighted_max,9.047441295969024,9.105456018622537,4.634923779556632,4.652579565171052,20.70481569203548,260.7817921519745,-0.05801472265351215,-0.01765578561442016,-240.07697645993903,0.07939517372428148,high,weak α=1.5 (97% in first 3)
cs_sigma1.25_weak_sparse_a1.5,50,50,cs,100,500,1.25,3.0,weak_sparse,1.5,10,3,1.0,0.8937182721336322,cocolasso_max,reweighted_max,9.406403580415208,8.366928275554747,5.005724747324144,4.463662101497399,26.11460558185354,276.1700466249604,1.0394753048604617,0.5420626458267446,-250.05544104310684,0.09455987678966951,high,weak α=1.5 (97% in first 3)
cs_sigma1.25_weak_sparse_a1.5,51,51,cs,100,500,1.25,3.0,weak_sparse,1.5,10,3,1.0,0.8937182721336322,cocolasso_max,reweighted_max,9.23980102345687,8.452184479981842,4.659631495384638,4.236488962205105,19.63454940309748,265.3057996709831,0.7876165434750284,0.4231425331795329,-245.67125026788563,0.07400723778917427,high,weak α=1.5 (97% in first 3)
cs_sigma1.25_weak_sparse_a1.5,52,52,cs,100,500,1.25,3.0,weak_sparse,1.5,10,3,1.0,0.8937182721336322,cocolasso_max,reweighted_max,11.2793438303613,12.45556275881616,6.740275747411143,7.174911246798572,19.481508584227413,320.57014199509285,-1.17621892845486,-0.4346354993874284,-301.08863341086544,0.060771438234960846,high,weak α=1.5 (97% in first 3)
cs_sigma1.25_weak_sparse_a1.5,53,53,cs,100,500,1.25,3.0,weak_sparse,1.5,10,3,1.0,0.8937182721336322,cocolasso_max,reweighted_max,8.483439897729236,6.909416916976845,4.26693040752309,3.454908754227666,19.9546380660031,230.980764554115,1.5740229807523907,0.8120216532954241,-211.0261264881119,0.08639090837076199,high,weak α=1.5 (97% in first 3)
cs_sigma1.25_weak_sparse_a1.5,54,54,cs,100,500,1.25,3.0,weak_sparse,1.5,10,3,1.0,0.8937182721336322,cocolasso_max,reweighted_max,8.221859819799368,7.683200978298478,4.213256830025847,3.896291171127407,19.339512462029237,288.9034676279407,0.5386588415008902,0.31696565889843953,-269.56395516591147,0.06694108804168211,high,weak α=1.5 (97% in first 3)
cs_sigma1.25_weak_sparse_a1.5,55,55,cs,100,500,1.25,3.0,weak_sparse,1.5,10,3,1.0,0.8937182721336322,cocolasso_max,reweighted_max,11.289370626782937,11.56361034725259,5.6529150741749605,5.821672182625134,19.943583655171096,247.667295597028,-0.2742397204696534,-0.16875710845017355,-227.7237119418569,0.08052570528981227,high,weak α=1.5 (97% in first 3)
cs_sigma1.25_weak_sparse_a1.5,56,56,cs,100,500,1.25,3.0,weak_sparse,1.5,10,3,1.0,0.8937182721336322,cocolasso_max,reweighted_max,8.037634150722454,7.121218193100063,4.171463179473761,3.6190014432203736,19.933206502115357,285.5953876939602,0.9164159576223909,0.5524617362533877,-265.66218119184487,0.06979526757440314,high,weak α=1.5 (97% in first 3)
cs_sigma1.25_weak_sparse_a1.5,57,57,cs,100,500,1.25,3.0,weak_sparse,1.5,10,3,1.0,0.8937182721336322,cocolasso_max,reweighted_max,11.12097566532137,12.65010863881118,5.629240951142562,6.365794248925515,20.085703680990264,438.8031123019755,-1.5291329734898103,-0.7365532977829528,-418.7174086209852,0.04577384051726526,high,weak α=1.5 (97% in first 3)
cs_sigma1.25_weak_sparse_a1.5,58,58,cs,100,500,1.25,3.0,weak_sparse,1.5,10,3,1.0,0.8937182721336322,cocolasso_max,reweighted_max,9.514059304482211,9.183029556850212,4.822219152773332,4.591928277491712,19.555265083210543,337.73263168591075,0.3310297476319999,0.23029087528162062,-318.1773666027002,0.05790161580062189,high,weak α=1.5 (97% in first 3)
cs_sigma1.25_weak_sparse_a1.5,59,59,cs,100,500,1.25,3.0,weak_sparse,1.5,10,3,1.0,0.8937182721336322,cocolasso_max,reweighted_max,8.776479799259446,8.62158661141892,4.72086666672643,4.573543925635085,19.732005181955174,251.7634495450184,0.15489318784052664,0.1473227410913447,-232.03144436306323,0.078375178039602,high,weak α=1.5 (97% in first 3)
cs_sigma1.25_weak_sparse_a1.5,60,60,cs,100,500,1.25,3.0,weak_sparse,1.5,10,3,1.0,0.8937182721336322,cocolasso_max,reweighted_max,10.516723359085312,11.313209192496627,5.285331920000477,5.678371091054238,20.91659019701183,258.239221818978,-0.7964858334113156,-0.3930391710537613,-237.3226316219662,0.08099695332753928,high,weak α=1.5 (97% in first 3)
cs_sigma1.25_weak_sparse_a1.5,61,61,cs,100,500,1.25,3.0,weak_sparse,1.5,10,3,1.0,0.8937182721336322,cocolasso_max,reweighted_max,11.461762111344893,13.0902040477324,5.784631906666625,6.599558334120433,21.09107459988445,248.7685503510293,-1.6284419363875067,-0.8149264274538073,-227.67747575114484,0.08478191704748657,high,weak α=1.5 (97% in first 3)
cs_sigma1.25_weak_sparse_a1.5,62,62,cs,100,500,1.25,3.0,weak_sparse,1.5,10,3,1.0,0.8937182721336322,cocolasso_max,reweighted_max,7.682189578799271,5.66505933485962,3.8443836931309,2.879233979296272,19.56120457709767,336.7199208959937,2.0171302439396506,0.9651497138346281,-317.15871631889604,0.05809339858790163,high,weak α=1.5 (97% in first 3)
cs_sigma1.25_weak_sparse_a1.5,63,63,cs,100,500,1.25,3.0,weak_sparse,1.5,10,3,1.0,0.8937182721336322,cocolasso_max,reweighted_max,7.993330795701065,5.642909865138777,4.00463483436867,2.852936555456502,19.710991298081357,272.21495641814545,2.3504209305622883,1.1516982789121686,-252.5039651200641,0.07240965580085022,high,weak α=1.5 (97% in first 3)
cs_sigma1.25_weak_sparse_a1.5,64,64,cs,100,500,1.25,3.0,weak_sparse,1.5,10,3,1.0,0.8937182721336322,cocolasso_max,reweighted_max,11.463779017742551,12.824390703769671,5.944150001944325,6.657032307762502,20.109821370104328,217.56705690105449,-1.36061168602712,-0.7128823058181766,-197.45723553095016,0.09243045181812569,high,weak α=1.5 (97% in first 3)
cs_sigma1.25_weak_sparse_a1.5,65,65,cs,100,500,1.25,3.0,weak_sparse,1.5,10,3,1.0,0.8937182721336322,cocolasso_max,reweighted_max,7.207114811960197,5.797536167678142,3.7814285785500665,3.002538777837409,20.77332399901934,236.28572301985696,1.409578644282055,0.7788898007126575,-215.51239902083762,0.08791612008345334,high,weak α=1.5 (97% in first 3)
cs_sigma1.25_weak_sparse_a1.5,66,66,cs,100,500,1.25,3.0,weak_sparse,1.5,10,3,1.0,0.8937182721336322,cocolasso_max,reweighted_max,8.569263450296173,8.864507866017243,4.717175765490841,4.940851676239075,27.70885935192928,250.39249931788072,-0.2952444157210703,-0.22367591074823423,-222.68363996595144,0.11066169884247236,high,weak α=1.5 (97% in first 3)
cs_sigma1.25_weak_sparse_a1.5,67,67,cs,100,500,1.25,3.0,weak_sparse,1.5,10,3,1.0,0.8937182721336322,cocolasso_max,reweighted_max,11.057594939348968,11.274419152385246,6.052409999489199,5.996713804848401,27.646333171986043,342.95562005601823,-0.2168242130362774,0.05569619464079789,-315.3092868840322,0.08061198462783699,high,weak α=1.5 (97% in first 3)
cs_sigma1.25_weak_sparse_a1.5,68,68,cs,100,500,1.25,3.0,weak_sparse,1.5,10,3,1.0,0.8937182721336322,cocolasso_max,reweighted_max,9.240766518349313,10.060573940483565,4.744202054987899,5.055393890240317,19.364163995021958,253.59121237299405,-0.819807422134252,-0.31119183525241745,-234.2270483779721,0.0763597595272356,high,weak α=1.5 (97% in first 3)
cs_sigma1.25_weak_sparse_a1.5,69,69,cs,100,500,1.25,3.0,weak_sparse,1.5,10,3,1.0,0.8937182721336322,cocolasso_max,reweighted_max,10.095192935556357,11.138832371802032,5.049451041151806,5.659201672094592,19.655052287038416,227.75682162097652,-1.043639436245675,-0.609750630942786,-208.1017693339381,0.08629841313709383,high,weak α=1.5 (97% in first 3)
cs_sigma1.25_weak_sparse_a1.5,70,70,cs,100,500,1.25,3.0,weak_sparse,1.5,10,3,1.0,0.8937182721336322,cocolasso_max,reweighted_max,9.440308298609796,8.332330782832768,5.075038279117391,4.579469542585114,19.77223073411733,243.57635796396065,1.1079775157770282,0.4955687365322765,-223.80412722984332,0.08117467105343126,high,weak α=1.5 (97% in first 3)
cs_sigma1.25_weak_sparse_a1.5,71,71,cs,100,500,1.25,3.0,weak_sparse,1.5,10,3,1.0,0.8937182721336322,cocolasso_max,reweighted_max,9.407189815704516,9.163864127249166,4.7113053263873175,4.58224596455318,19.853955822065476,234.77488039410676,0.24332568845535008,0.12905936183413758,-214.9209245720413,0.08456592881119765,high,weak α=1.5 (97% in first 3)
cs_sigma1.25_weak_sparse_a1.5,72,72,cs,100,500,1.25,3.0,weak_sparse,1.5,10,3,1.0,0.8937182721336322,cocolasso_max,reweighted_max,11.29643940240355,12.109038173073085,6.107994848402855,6.419307482360525,19.683503987034783,248.99061435996555,-0.8125987706695348,-0.3113126339576695,-229.30711037293077,0.07905319659390195,high,weak α=1.5 (97% in first 3)
cs_sigma1.25_weak_sparse_a1.5,73,73,cs,100,500,1.25,3.0,weak_sparse,1.5,10,3,1.0,0.8937182721336322,cocolasso_max,reweighted_max,9.738661707969095,9.20199519059961,5.522483059214414,5.160922732648695,19.93381310300901,274.6025129260961,0.5366665173694862,0.36156032656571924,-254.66869982308708,0.0725915174285889,high,weak α=1.5 (97% in first 3)
cs_sigma1.25_weak_sparse_a1.5,74,74,cs,100,500,1.25,3.0,weak_sparse,1.5,10,3,1.0,0.8937182721336322,cocolasso_max,reweighted_max,5.876139572970768,4.14164209707821,3.085631752323679,2.113615132710647,19.910181423882023,231.68511023418975,1.7344974758925575,0.972016619613032,-211.77492881030773,0.08593638755531852,high,weak α=1.5 (97% in first 3)
cs_sigma1.25_weak_sparse_a1.5,75,75,cs,100,500,1.25,3.0,weak_sparse,1.5,10,3,1.0,0.8937182721336322,cocolasso_max,reweighted_max,8.741330278608974,8.088421734125479,4.374923789616858,4.04514890561777,19.741862850030884,235.87655938905664,0.6529085444834948,0.3297748839990877,-216.13469653902575,0.08369573857260018,high,weak α=1.5 (97% in first 3)
cs_sigma1.25_weak_sparse_a1.5,76,76,cs,100,500,1.25,3.0,weak_sparse,1.5,10,3,1.0,0.8937182721336322,cocolasso_max,reweighted_max,5.752172018391104,3.322714654316885,2.9528175973089583,1.7451651690468135,19.613371091894805,2587.976920050103,2.4294573640742185,1.2076524282621448,-2568.3635489582084,0.0075786499253305125,high,weak α=1.5 (97% in first 3)
cs_sigma1.25_weak_sparse_a1.5,77,77,cs,100,500,1.25,3.0,weak_sparse,1.5,10,3,1.0,0.8937182721336322,cocolasso_max,reweighted_max,9.691313563355736,9.274780103926387,5.01165660130938,4.738979395957826,24.501840580953285,312.1448581709992,0.41653345942934905,0.27267720535155426,-287.64301759004593,0.0784950959132272,high,weak α=1.5 (97% in first 3)
cs_sigma1.25_weak_sparse_a1.5,78,78,cs,100,500,1.25,3.0,weak_sparse,1.5,10,3,1.0,0.8937182721336322,cocolasso_max,reweighted_max,9.437519346757904,9.611855225181042,5.264607092730125,5.366077728394757,26.37992209312506,313.0117926800158,-0.1743358784231379,-0.10147063566463199,-286.6318705868907,0.08427772598361047,high,weak α=1.5 (97% in first 3)
cs_sigma1.25_weak_sparse_a1.5,79,79,cs,100,500,1.25,3.0,weak_sparse,1.5,10,3,1.0,0.8937182721336322,cocolasso_max,reweighted_max,9.506311125151226,9.25170545162342,4.913787897518993,4.6982224242137205,30.433897737879303,363.4127109439578,0.2546056735278057,0.2155654733052721,-332.9788132060785,0.08374472554586167,high,weak α=1.5 (97% in first 3)
cs_sigma1.25_weak_sparse_a1.5,80,80,cs,100,500,1.25,3.0,weak_sparse,1.5,10,3,1.0,0.8937182721336322,cocolasso_max,reweighted_max,7.201209432009504,5.328427180013565,3.696140878047727,2.986471456503012,31.01021555485204,322.245527141029,1.8727822519959387,0.709669421544715,-291.235311586177,0.09623163998574474,high,weak α=1.5 (97% in first 3)
cs_sigma1.25_weak_sparse_a1.5,81,81,cs,100,500,1.25,3.0,weak_sparse,1.5,10,3,1.0,0.8937182721336322,cocolasso_max,reweighted_max,9.986791333401971,9.979184103299936,5.89235916699558,5.950399959450703,31.624359739013016,293.7741536940448,0.007607230102035345,-0.05804079245512295,-262.1497939550318,0.10764854341797764,high,weak α=1.5 (97% in first 3)
cs_sigma1.25_weak_sparse_a1.5,82,82,cs,100,500,1.25,3.0,weak_sparse,1.5,10,3,1.0,0.8937182721336322,cocolasso_max,reweighted_max,9.196847203593052,8.472843614128264,5.533775062663147,5.039717866979855,29.15961609501392,300.7628228040412,0.7240035894647878,0.4940571956832924,-271.6032067090273,0.09695219583044197,high,weak α=1.5 (97% in first 3)
cs_sigma1.25_weak_sparse_a1.5,83,83,cs,100,500,1.25,3.0,weak_sparse,1.5,10,3,1.0,0.8937182721336322,cocolasso_max,reweighted_max,10.412937036900187,11.25981207290551,5.499852760868031,5.840092729388966,30.902540571056303,329.3526912909001,-0.8468750360053221,-0.34023996852093497,-298.4501507198438,0.09382811007231666,high,weak α=1.5 (97% in first 3)
cs_sigma1.25_weak_sparse_a1.5,84,84,cs,100,500,1.25,3.0,weak_sparse,1.5,10,3,1.0,0.8937182721336322,cocolasso_max,reweighted_max,10.594739473464625,12.577990293268767,5.63754277191237,6.486716361329088,30.11589252902195,292.63869489193894,-1.9832508198041428,-0.8491735894167176,-262.522802362917,0.10291151872496793,high,weak α=1.5 (97% in first 3)
cs_sigma1.25_weak_sparse_a1.5,85,85,cs,100,500,1.25,3.0,weak_sparse,1.5,10,3,1.0,0.8937182721336322,cocolasso_max,reweighted_max,11.581450873430583,12.722379699222834,5.918075876828844,6.428608245419442,30.92220675502904,211.68999632191844,-1.1409288257922512,-0.5105323685905976,-180.7677895668894,0.1460730657673848,high,weak α=1.5 (97% in first 3)
cs_sigma1.25_weak_sparse_a1.5,86,86,cs,100,500,1.25,3.0,weak_sparse,1.5,10,3,1.0,0.8937182721336322,cocolasso_max,reweighted_max,7.642189877984795,6.917281843802068,3.8905875041035616,3.4942858340037177,30.72129942895845,275.3441563001834,0.724908034182727,0.39630167009984385,-244.62285687122494,0.1115741835300319,high,weak α=1.5 (97% in first 3)
cs_sigma1.25_weak_sparse_a1.5,87,87,cs,100,500,1.25,3.0,weak_sparse,1.5,10,3,1.0,0.8937182721336322,cocolasso_max,reweighted_max,7.444116727574053,5.506957325504526,3.775789778193134,2.8370033689207728,31.09169007418677,264.18159015104175,1.9371594020695264,0.9387864092723612,-233.08990007685497,0.11769060083411026,high,weak α=1.5 (97% in first 3)
cs_sigma1.25_weak_sparse_a1.5,88,88,cs,100,500,1.25,3.0,weak_sparse,1.5,10,3,1.0,0.8937182721336322,cocolasso_max,reweighted_max,11.493551467301884,13.104831651481089,6.558339916171124,7.532323402727621,30.945967151084915,279.3980995591264,-1.6112801841792042,-0.9739834865564969,-248.4521324080415,0.11075940459121164,high,weak α=1.5 (97% in first 3)
cs_sigma1.25_weak_sparse_a1.5,89,89,cs,100,500,1.25,3.0,weak_sparse,1.5,10,3,1.0,0.8937182721336322,cocolasso_max,reweighted_max,8.453881101980397,7.693921510087664,4.285982028015713,3.856739529307919,30.549672089982774,300.7861610217951,0.7599595918927324,0.4292424987077941,-270.23648893181235,0.10156608264889264,high,weak α=1.5 (97% in first 3)
cs_sigma1.25_weak_sparse_a1.5,90,90,cs,100,500,1.25,3.0,weak_sparse,1.5,10,3,1.0,0.8937182721336322,cocolasso_max,reweighted_max,11.426150842483835,12.199041736351385,5.892534715708671,6.348096923026977,30.474823033902798,244.4075966279488,-0.7728908938675492,-0.4555622073183052,-213.932773594046,0.12468852627479216,high,weak α=1.5 (97% in first 3)
cs_sigma1.25_weak_sparse_a1.5,91,91,cs,100,500,1.25,3.0,weak_sparse,1.5,10,3,1.0,0.8937182721336322,cocolasso_max,reweighted_max,9.435062384663365,9.358001174668368,5.431114562241338,5.310929384934747,30.419650718802583,235.119088846026,0.0770612099949961,0.12018517730659095,-204.6994381272234,0.12937975758626602,high,weak α=1.5 (97% in first 3)
cs_sigma1.25_weak_sparse_a1.5,92,92,cs,100,500,1.25,3.0,weak_sparse,1.5,10,3,1.0,0.8937182721336322,cocolasso_max,reweighted_max,11.194437579668298,11.740432450288042,5.694045060335406,5.969644002121466,30.77598188491538,211.9972244570963,-0.5459948706197437,-0.27559894178606026,-181.22124257218093,0.14517162648581647,high,weak α=1.5 (97% in first 3)
cs_sigma1.25_weak_sparse_a1.5,93,93,cs,100,500,1.25,3.0,weak_sparse,1.5,10,3,1.0,0.8937182721336322,cocolasso_max,reweighted_max,8.413997677624248,7.70116982919095,5.249889452997685,4.802869921059153,30.531647050054744,242.96375056286345,0.7128278484332986,0.4470195319385324,-212.4321035128087,0.1256633838559185,high,weak α=1.5 (97% in first 3)
cs_sigma1.25_weak_sparse_a1.5,94,94,cs,100,500,1.25,3.0,weak_sparse,1.5,10,3,1.0,0.8937182721336322,cocolasso_max,reweighted_max,10.823321949661564,11.28694482918347,5.459460317064529,5.659660097008125,29.13289520703256,222.90568244596943,-0.46362287952190684,-0.2001997799435955,-193.77278723893687,0.13069606340831685,high,weak α=1.5 (97% in first 3)
cs_sigma1.25_weak_sparse_a1.5,95,95,cs,100,500,1.25,3.0,weak_sparse,1.5,10,3,1.0,0.8937182721336322,cocolasso_max,reweighted_max,10.088000169266934,10.86950705414892,5.051390501721512,5.452204407270224,30.530035314848647,1816.9631386359688,-0.7815068848819866,-0.4008139055487119,-1786.4331033211201,0.0168027818867961,high,weak α=1.5 (97% in first 3)
cs_sigma1.25_weak_sparse_a1.5,96,96,cs,100,500,1.25,3.0,weak_sparse,1.5,10,3,1.0,0.8937182721336322,cocolasso_max,reweighted_max,7.06775994468259,6.274886331157972,3.631104258755789,3.209964782900229,27.61480642296374,196.8284549259115,0.7928736135246179,0.42113947585556,-169.21364850294776,0.14029885279218532,high,weak α=1.5 (97% in first 3)
cs_sigma1.25_weak_sparse_a1.5,97,97,cs,100,500,1.25,3.0,weak_sparse,1.5,10,3,1.0,0.8937182721336322,cocolasso_max,reweighted_max,10.735690016747505,11.313699430683815,5.597037740333555,5.802959175267086,30.69495818810537,251.165303011192,-0.5780094139363108,-0.205921434933531,-220.47034482308663,0.1222101851653355,high,weak α=1.5 (97% in first 3)
cs_sigma1.25_weak_sparse_a1.5,98,98,cs,100,500,1.25,3.0,weak_sparse,1.5,10,3,1.0,0.8937182721336322,cocolasso_max,reweighted_max,9.699782755738529,9.95978851555093,4.85646224705348,5.013798357758484,30.894833107944574,220.0136640039273,-0.26000575981240104,-0.1573361107050033,-189.1188308959827,0.14042233807529833,high,weak α=1.5 (97% in first 3)
cs_sigma1.25_weak_sparse_a1.5,99,99,cs,100,500,1.25,3.0,weak_sparse,1.5,10,3,1.0,0.8937182721336322,cocolasso_max,reweighted_max,9.652531377038123,10.312709734855137,4.906728776843405,5.188643600411013,30.94371491088532,200.22347022010945,-0.6601783578170135,-0.28191482356760833,-169.27975530922413,0.15454589253132167,high,weak α=1.5 (97% in first 3)
cs_sigma1.25_weak_sparse_a2.0,0,0,cs,100,500,1.25,3.0,weak_sparse,2.0,10,3,1.0,0.8793859844187415,cocolasso_max,reweighted_max,10.239768498319783,10.864721567342231,5.732511964374775,6.044850578362721,22.07179794111289,255.85359902889468,-0.6249530690224478,-0.3123386139879454,-233.7818010877818,0.08626729514412743,high,weak α=2.0 (99% in first 3)
cs_sigma1.25_weak_sparse_a2.0,1,1,cs,100,500,1.25,3.0,weak_sparse,2.0,10,3,1.0,0.8793859844187415,cocolasso_max,reweighted_max,8.103512595722753,6.938790873632814,4.57963789037741,3.861457451642856,21.72753039584495,264.16153553919867,1.164721722089939,0.7181804387345538,-242.43400514335372,0.0822509240472704,high,weak α=2.0 (99% in first 3)
cs_sigma1.25_weak_sparse_a2.0,2,2,cs,100,500,1.25,3.0,weak_sparse,2.0,10,3,1.0,0.8793859844187415,cocolasso_max,reweighted_max,10.037267995349476,10.497099038780645,6.843922466939562,6.955150410069943,21.74781606392935,327.42860538116656,-0.4598310434311692,-0.11122794313038131,-305.6807893172372,0.06642002472145724,high,weak α=2.0 (99% in first 3)
cs_sigma1.25_weak_sparse_a2.0,3,3,cs,100,500,1.25,3.0,weak_sparse,2.0,10,3,1.0,0.8793859844187415,cocolasso_max,reweighted_max,6.826036312924271,5.229477693320164,3.445944496294654,2.620115203738405,22.20013622310944,303.9130021398887,1.5965586196041066,0.8258292925562492,-281.71286591677926,0.07304766846694798,high,weak α=2.0 (99% in first 3)
cs_sigma1.25_weak_sparse_a2.0,4,4,cs,100,500,1.25,3.0,weak_sparse,2.0,10,3,1.0,0.8793859844187415,cocolasso_max,reweighted_max,8.313417907948066,7.7766470240423695,4.165419948968762,3.890551047358924,21.68706105998717,270.43841736787,0.5367708839056968,0.274868901609838,-248.75135630788282,0.08019223478329579,high,weak α=2.0 (99% in first 3)
cs_sigma1.25_weak_sparse_a2.0,5,5,cs,100,500,1.25,3.0,weak_sparse,2.0,10,3,1.0,0.8793859844187415,cocolasso_max,reweighted_max,7.692713033979574,7.318495335874381,3.872908757136261,3.6613274225749457,21.879984342027456,277.2943834459875,0.374217698105193,0.21158133456131534,-255.41439910396002,0.07890525610407587,high,weak α=2.0 (99% in first 3)
cs_sigma1.25_weak_sparse_a2.0,6,6,cs,100,500,1.25,3.0,weak_sparse,2.0,10,3,1.0,0.8793859844187415,cocolasso_max,reweighted_max,7.17808882116012,6.336418466354924,3.743249691055164,3.2201725976429896,21.06545148906298,331.392667704029,0.8416703548051965,0.5230770934121742,-310.32721621496603,0.06356643807181878,high,weak α=2.0 (99% in first 3)
cs_sigma1.25_weak_sparse_a2.0,7,7,cs,100,500,1.25,3.0,weak_sparse,2.0,10,3,1.0,0.8793859844187415,cocolasso_max,reweighted_max,7.371480523895738,6.785981400305721,4.084443678442476,3.623444540221008,20.24163779290393,368.3341588228941,0.5854991235900178,0.46099913822146776,-348.09252102999017,0.05495454957962969,high,weak α=2.0 (99% in first 3)
cs_sigma1.25_weak_sparse_a2.0,8,8,cs,100,500,1.25,3.0,weak_sparse,2.0,10,3,1.0,0.8793859844187415,cocolasso_max,reweighted_max,6.795585791245284,5.85859520274525,3.979437739685078,3.370946499672574,20.29321508598514,335.62921172194183,0.9369905885000342,0.608491240012504,-315.3359966359567,0.06046319681731823,high,weak α=2.0 (99% in first 3)
cs_sigma1.25_weak_sparse_a2.0,9,9,cs,100,500,1.25,3.0,weak_sparse,2.0,10,3,1.0,0.8793859844187415,cocolasso_max,reweighted_max,9.027568373828062,9.671173879771631,4.52133852522793,4.839081439865008,20.77417044597678,284.06341010984033,-0.6436055059435688,-0.31774291463707804,-263.28923966386355,0.07313215890052126,high,weak α=2.0 (99% in first 3)
cs_sigma1.25_weak_sparse_a2.0,10,10,cs,100,500,1.25,3.0,weak_sparse,2.0,10,3,1.0,0.8793859844187415,cocolasso_max,reweighted_max,7.6920310481143455,8.706343854624148,3.846780534003155,4.353782059497205,21.225961748044934,255.1589976099785,-1.0143128065098024,-0.5070015254940503,-233.93303586193358,0.0831871967944071,high,weak α=2.0 (99% in first 3)
cs_sigma1.25_weak_sparse_a2.0,11,11,cs,100,500,1.25,3.0,weak_sparse,2.0,10,3,1.0,0.8793859844187415,cocolasso_max,reweighted_max,7.814805495364323,7.235466516706766,3.928737652035032,3.620364880205683,20.74704832700081,301.0284468301106,0.5793389786575567,0.3083727718293492,-280.2813985031098,0.06892055732762586,high,weak α=2.0 (99% in first 3)
cs_sigma1.25_weak_sparse_a2.0,12,12,cs,100,500,1.25,3.0,weak_sparse,2.0,10,3,1.0,0.8793859844187415,cocolasso_max,reweighted_max,8.769549900320294,9.036789527945103,4.424656555895637,4.5777781519752905,21.75899895792827,338.9981782771647,-0.267239627624809,-0.1531215960796537,-317.2391793192364,0.06418618255859218,high,weak α=2.0 (99% in first 3)
cs_sigma1.25_weak_sparse_a2.0,13,13,cs,100,500,1.25,3.0,weak_sparse,2.0,10,3,1.0,0.8793859844187415,cocolasso_max,reweighted_max,8.433258708712126,8.00377997837195,4.578871376651485,4.251621325311711,20.57096394104883,277.2626123840455,0.4294787303401755,0.3272500513397736,-256.69164844299667,0.07419306831227326,high,weak α=2.0 (99% in first 3)
cs_sigma1.25_weak_sparse_a2.0,14,14,cs,100,500,1.25,3.0,weak_sparse,2.0,10,3,1.0,0.8793859844187415,cocolasso_max,reweighted_max,9.457727914636186,10.596399132087278,4.754617765190789,5.301494403198055,21.30762666091323,259.90898297005333,-1.1386712174510922,-0.5468766380072667,-238.6013563091401,0.08198110899217473,high,weak α=2.0 (99% in first 3)
cs_sigma1.25_weak_sparse_a2.0,15,15,cs,100,500,1.25,3.0,weak_sparse,2.0,10,3,1.0,0.8793859844187415,cocolasso_max,reweighted_max,7.663331599549924,7.45779468974593,4.015078568595793,3.7941566736069072,20.61458987602964,340.3843185000587,0.20553690980399342,0.22092189498888537,-319.7697286240291,0.06056268974690173,high,weak α=2.0 (99% in first 3)
cs_sigma1.25_weak_sparse_a2.0,16,16,cs,100,500,1.25,3.0,weak_sparse,2.0,10,3,1.0,0.8793859844187415,cocolasso_max,reweighted_max,8.580328219064645,8.903752288645245,4.678567802948082,4.7658748464091705,21.036160707008094,276.14622559119016,-0.3234240695806001,-0.08730704346108809,-255.11006488418207,0.07617761445760353,high,weak α=2.0 (99% in first 3)
cs_sigma1.25_weak_sparse_a2.0,17,17,cs,100,500,1.25,3.0,weak_sparse,2.0,10,3,1.0,0.8793859844187415,cocolasso_max,reweighted_max,9.434106294993908,9.70524834900015,4.730505096103538,4.9419273761883575,21.210359086981043,283.1628669279162,-0.27114205400624236,-0.21142228008481911,-261.95250784093514,0.07490515729373687,high,weak α=2.0 (99% in first 3)
cs_sigma1.25_weak_sparse_a2.0,18,18,cs,100,500,1.25,3.0,weak_sparse,2.0,10,3,1.0,0.8793859844187415,cocolasso_max,reweighted_max,10.348971565729592,10.981804981430962,5.184550678471976,5.493829681955951,21.490960179828107,268.46729147504084,-0.63283341570137,-0.30927900348397497,-246.97633129521273,0.08005057175401235,high,weak α=2.0 (99% in first 3)
cs_sigma1.25_weak_sparse_a2.0,19,19,cs,100,500,1.25,3.0,weak_sparse,2.0,10,3,1.0,0.8793859844187415,cocolasso_max,reweighted_max,6.112792586142597,3.7502768612977193,3.087256715259926,1.9353960278665243,21.799794741906226,249.729118272895,2.362515724844878,1.1518606873934016,-227.92932353098877,0.08729376410997533,high,weak α=2.0 (99% in first 3)
cs_sigma1.25_weak_sparse_a2.0,20,20,cs,100,500,1.25,3.0,weak_sparse,2.0,10,3,1.0,0.8793859844187415,cocolasso_max,reweighted_max,10.128970816222507,10.545438491261844,5.254242740429138,5.3732762955255495,25.130329358158637,257.4586490581278,-0.41646767503933724,-0.11903355509641145,-232.32831969996914,0.09760918675715118,high,weak α=2.0 (99% in first 3)
cs_sigma1.25_weak_sparse_a2.0,21,21,cs,100,500,1.25,3.0,weak_sparse,2.0,10,3,1.0,0.8793859844187415,cocolasso_max,reweighted_max,7.102663524792791,6.072430703743257,3.5514194589999195,3.0444992552757184,24.25265713105909,236.529200932011,1.030232821049534,0.5069202037242011,-212.2765438009519,0.10253557292501225,high,weak α=2.0 (99% in first 3)
cs_sigma1.25_weak_sparse_a2.0,22,22,cs,100,500,1.25,3.0,weak_sparse,2.0,10,3,1.0,0.8793859844187415,cocolasso_max,reweighted_max,8.191526364451834,7.6306874425416416,4.971499714577069,4.4895532585865165,22.23764681606553,294.25225315685384,0.5608389219101921,0.48194645599055264,-272.0146063407883,0.07557341219138108,high,weak α=2.0 (99% in first 3)
cs_sigma1.25_weak_sparse_a2.0,23,23,cs,100,500,1.25,3.0,weak_sparse,2.0,10,3,1.0,0.8793859844187415,cocolasso_max,reweighted_max,6.657094637624455,6.263370631756981,3.427052453019712,3.400797517812291,23.290607961826023,239.43455064482987,0.39372400586747425,0.02625493520742106,-216.14394268300384,0.09727337971525514,high,weak α=2.0 (99% in first 3)
cs_sigma1.25_weak_sparse_a2.0,24,24,cs,100,500,1.25,3.0,weak_sparse,2.0,10,3,1.0,0.8793859844187415,cocolasso_max,reweighted_max,8.351277288886775,7.370850039035122,4.317050160413322,3.697644283978852,25.75212741899304,214.4114397300873,0.9804272498516537,0.6194058764344699,-188.65931231109425,0.12010612610694285,high,weak α=2.0 (99% in first 3)
cs_sigma1.25_weak_sparse_a2.0,25,25,cs,100,500,1.25,3.0,weak_sparse,2.0,10,3,1.0,0.8793859844187415,cocolasso_max,reweighted_max,7.468941603966127,6.216448691445121,3.793717323460314,3.1413101765704505,27.688229461899027,258.7112154660281,1.2524929125210056,0.6524071468898636,-231.02298600412905,0.10702369208085155,high,weak α=2.0 (99% in first 3)
cs_sigma1.25_weak_sparse_a2.0,26,26,cs,100,500,1.25,3.0,weak_sparse,2.0,10,3,1.0,0.8793859844187415,cocolasso_max,reweighted_max,8.704754905551217,8.016614165963112,4.3803827039175145,4.013771251340635,28.125985831022263,241.33235429017805,0.6881407395881052,0.36661145257687977,-213.20636845915578,0.11654461298298849,high,weak α=2.0 (99% in first 3)
cs_sigma1.25_weak_sparse_a2.0,27,27,cs,100,500,1.25,3.0,weak_sparse,2.0,10,3,1.0,0.8793859844187415,cocolasso_max,reweighted_max,8.542209392787102,7.993268037900397,4.483162464463101,4.156899596066503,27.83190204296261,325.0606635590084,0.548941354886705,0.326262868396598,-297.2287615160458,0.08562063996989988,high,weak α=2.0 (99% in first 3)
cs_sigma1.25_weak_sparse_a2.0,28,28,cs,100,500,1.25,3.0,weak_sparse,2.0,10,3,1.0,0.8793859844187415,cocolasso_max,reweighted_max,8.869516384438407,8.95569601814755,4.755404320219816,4.636145641213083,27.830913512036204,300.92678448185325,-0.08617963370914339,0.11925867900673381,-273.09587096981704,0.09248400257875512,high,weak α=2.0 (99% in first 3)
cs_sigma1.25_weak_sparse_a2.0,29,29,cs,100,500,1.25,3.0,weak_sparse,2.0,10,3,1.0,0.8793859844187415,cocolasso_max,reweighted_max,7.815345885799467,7.905401232287745,4.159179032592861,4.098494500333423,27.39186983811669,294.7383241751231,-0.09005534648827762,0.060684532259437596,-267.34645433700643,0.09293623391114013,high,weak α=2.0 (99% in first 3)
cs_sigma1.25_weak_sparse_a2.0,30,30,cs,100,500,1.25,3.0,weak_sparse,2.0,10,3,1.0,0.8793859844187415,cocolasso_max,reweighted_max,10.69705469111048,12.355244322103102,5.417133014552081,6.202829419092509,28.714714766014367,284.8704984069336,-1.6581896309926218,-0.7856964045404276,-256.15578364091925,0.10079918744339679,high,weak α=2.0 (99% in first 3)
cs_sigma1.25_weak_sparse_a2.0,31,31,cs,100,500,1.25,3.0,weak_sparse,2.0,10,3,1.0,0.8793859844187415,cocolasso_max,reweighted_max,9.664182119251306,11.199588952890103,4.943046014401904,6.039434105090771,27.388614470139142,421.278049623128,-1.5354068336387972,-1.0963880906888663,-393.8894351529889,0.06501315341409498,high,weak α=2.0 (99% in first 3)
cs_sigma1.25_weak_sparse_a2.0,32,32,cs,100,500,1.25,3.0,weak_sparse,2.0,10,3,1.0,0.8793859844187415,cocolasso_max,reweighted_max,10.352491183664242,11.279347217939392,5.681365723718169,6.067592500568535,28.25673001399264,318.9622471218463,-0.9268560342751506,-0.386226776850366,-290.70551710785367,0.08858957531484385,high,weak α=2.0 (99% in first 3)
cs_sigma1.25_weak_sparse_a2.0,33,33,cs,100,500,1.25,3.0,weak_sparse,2.0,10,3,1.0,0.8793859844187415,cocolasso_max,reweighted_max,8.200412748835996,8.398271467945529,4.149195575332318,4.226731260797995,27.15623177587986,387.24747832189314,-0.1978587191095329,-0.07753568546567635,-360.0912465460133,0.07012629725456,high,weak α=2.0 (99% in first 3)
cs_sigma1.25_weak_sparse_a2.0,34,34,cs,100,500,1.25,3.0,weak_sparse,2.0,10,3,1.0,0.8793859844187415,cocolasso_max,reweighted_max,8.220812057172756,8.022853243434161,4.120651419901467,4.013567174194605,27.838310167891905,283.05608886806294,0.19795881373859459,0.10708424570686237,-255.21777870017104,0.09834909497695983,high,weak α=2.0 (99% in first 3)
cs_sigma1.25_weak_sparse_a2.0,35,35,cs,100,500,1.25,3.0,weak_sparse,2.0,10,3,1.0,0.8793859844187415,cocolasso_max,reweighted_max,6.749170808327899,6.408506343945687,3.617383563434244,3.329643438912093,26.340239179087803,305.3403770541772,0.3406644643822121,0.28774012452215114,-279.0001378750894,0.08626516883620078,high,weak α=2.0 (99% in first 3)
cs_sigma1.25_weak_sparse_a2.0,36,36,cs,100,500,1.25,3.0,weak_sparse,2.0,10,3,1.0,0.8793859844187415,cocolasso_max,reweighted_max,10.281471067713346,10.92866977734438,5.201467816495272,5.509880341471078,25.06046308297664,295.5835179609712,-0.6471987096310343,-0.3084125249758056,-270.5230548779946,0.08478301921518376,high,weak α=2.0 (99% in first 3)
cs_sigma1.25_weak_sparse_a2.0,37,37,cs,100,500,1.25,3.0,weak_sparse,2.0,10,3,1.0,0.8793859844187415,cocolasso_max,reweighted_max,8.161658913421814,7.896165198695122,4.383203379665758,4.082120111273434,24.33712423290126,309.0049002398737,0.26549371472669225,0.3010832683923246,-284.6677760069724,0.07875967084667229,high,weak α=2.0 (99% in first 3)
cs_sigma1.25_weak_sparse_a2.0,38,38,cs,100,500,1.25,3.0,weak_sparse,2.0,10,3,1.0,0.8793859844187415,cocolasso_max,reweighted_max,9.660039007030802,11.067771762087991,4.924104228340963,5.574384176729243,25.17937203287147,284.4869021160994,-1.4077327550571894,-0.6502799483882802,-259.3075300832279,0.08850801863136654,high,weak α=2.0 (99% in first 3)
cs_sigma1.25_weak_sparse_a2.0,39,39,cs,100,500,1.25,3.0,weak_sparse,2.0,10,3,1.0,0.8793859844187415,cocolasso_max,reweighted_max,8.966715037628218,8.237262608646597,4.76528270974307,4.308364955795991,24.85725430282764,291.5541154430248,0.7294524289816202,0.4569177539470788,-266.69686114019714,0.08525777200934494,high,weak α=2.0 (99% in first 3)
cs_sigma1.25_weak_sparse_a2.0,40,40,cs,100,500,1.25,3.0,weak_sparse,2.0,10,3,1.0,0.8793859844187415,cocolasso_max,reweighted_max,8.08120592701689,8.010181046380444,4.373242718972779,4.253589113909686,24.248627845896408,273.63057373301126,0.07102488063644685,0.11965360506309342,-249.38194588711485,0.08861812302289163,high,weak α=2.0 (99% in first 3)
cs_sigma1.25_weak_sparse_a2.0,41,41,cs,100,500,1.25,3.0,weak_sparse,2.0,10,3,1.0,0.8793859844187415,cocolasso_max,reweighted_max,7.4011787013680115,5.969900024493054,4.029287448793574,3.1913007030962826,23.85786948306486,306.4175441318657,1.4312786768749577,0.8379867456972914,-282.55967464880086,0.07786065106245257,high,weak α=2.0 (99% in first 3)
cs_sigma1.25_weak_sparse_a2.0,42,42,cs,100,500,1.25,3.0,weak_sparse,2.0,10,3,1.0,0.8793859844187415,cocolasso_max,reweighted_max,10.275678200551267,10.669282607442218,5.540950271752783,5.612916600813078,25.545912754023448,297.2465052988846,-0.393604406890951,-0.07196632906029432,-271.70059254486114,0.08594184388589113,high,weak α=2.0 (99% in first 3)
cs_sigma1.25_weak_sparse_a2.0,43,43,cs,100,500,1.25,3.0,weak_sparse,2.0,10,3,1.0,0.8793859844187415,cocolasso_max,reweighted_max,8.179050692798908,8.058045675695825,4.261012015406979,4.187726428968947,26.22097064414993,236.64973647799343,0.12100501710308365,0.07328558643803174,-210.4287658338435,0.11080075995177908,high,weak α=2.0 (99% in first 3)
cs_sigma1.25_weak_sparse_a2.0,44,44,cs,100,500,1.25,3.0,weak_sparse,2.0,10,3,1.0,0.8793859844187415,cocolasso_max,reweighted_max,7.742683393527613,6.0583234335093845,4.183612338689388,3.2636287285392287,26.972391081042588,281.84783083898947,1.6843599600182282,0.9199836101501591,-254.87543975794688,0.09569841641410766,high,weak α=2.0 (99% in first 3)
cs_sigma1.25_weak_sparse_a2.0,45,45,cs,100,500,1.25,3.0,weak_sparse,2.0,10,3,1.0,0.8793859844187415,cocolasso_max,reweighted_max,10.26613906475086,10.695783831875584,5.296950576189401,5.436884143713161,26.92043238482438,258.5124346120283,-0.4296447671247243,-0.13993356752376052,-231.59200222720392,0.10413592841375763,high,weak α=2.0 (99% in first 3)
cs_sigma1.25_weak_sparse_a2.0,46,46,cs,100,500,1.25,3.0,weak_sparse,2.0,10,3,1.0,0.8793859844187415,cocolasso_max,reweighted_max,6.196386234281271,2.7205008821335137,3.207148808547375,1.6775104563273937,27.73110323306173,256.43125369399786,3.4758853521477575,1.5296383522199812,-228.70015046093613,0.1081424468881377,high,weak α=2.0 (99% in first 3)
cs_sigma1.25_weak_sparse_a2.0,47,47,cs,100,500,1.25,3.0,weak_sparse,2.0,10,3,1.0,0.8793859844187415,cocolasso_max,reweighted_max,7.013344818326842,6.250300334151609,3.5193527000895526,3.1259515172909063,25.297971217893064,275.1488378827926,0.7630444841752331,0.39340118279864633,-249.8508666648995,0.09194286049890368,high,weak α=2.0 (99% in first 3)
cs_sigma1.25_weak_sparse_a2.0,48,48,cs,100,500,1.25,3.0,weak_sparse,2.0,10,3,1.0,0.8793859844187415,cocolasso_max,reweighted_max,8.9913995300646,8.355760688911708,5.064332311613459,4.717712701449658,25.13450648682192,238.1578415420372,0.6356388411528915,0.34661961016380083,-213.02333505521528,0.10553717788202843,high,weak α=2.0 (99% in first 3)
cs_sigma1.25_weak_sparse_a2.0,49,49,cs,100,500,1.25,3.0,weak_sparse,2.0,10,3,1.0,0.8793859844187415,cocolasso_max,reweighted_max,7.948171877578614,8.026331688375807,4.07654299601648,4.126004652202531,27.33031023596413,216.68735826201737,-0.07815981079719325,-0.04946165618605125,-189.35704802605323,0.12612784822876674,high,weak α=2.0 (99% in first 3)
cs_sigma1.25_weak_sparse_a2.0,50,50,cs,100,500,1.25,3.0,weak_sparse,2.0,10,3,1.0,0.8793859844187415,cocolasso_max,reweighted_max,8.459892783820719,7.510563874989405,4.564707664892323,4.006544096777943,24.24362571001984,252.91431652498432,0.9493289088313137,0.55816356811438,-228.67069081496447,0.0958570714506188,high,weak α=2.0 (99% in first 3)
cs_sigma1.25_weak_sparse_a2.0,51,51,cs,100,500,1.25,3.0,weak_sparse,2.0,10,3,1.0,0.8793859844187415,cocolasso_max,reweighted_max,7.911137493678482,6.96340869531014,4.018055842986402,3.499527295046997,23.900604211958125,263.204481161898,0.9477287983683418,0.5185285479394048,-239.30387694993988,0.09080622072409467,high,weak α=2.0 (99% in first 3)
cs_sigma1.25_weak_sparse_a2.0,52,52,cs,100,500,1.25,3.0,weak_sparse,2.0,10,3,1.0,0.8793859844187415,cocolasso_max,reweighted_max,10.021131823328687,11.747329811929747,6.09733805576488,6.735000605988954,24.727005845867097,354.24648865289055,-1.7261979886010597,-0.6376625502240731,-329.51948280702345,0.06980169638349168,high,weak α=2.0 (99% in first 3)
cs_sigma1.25_weak_sparse_a2.0,53,53,cs,100,500,1.25,3.0,weak_sparse,2.0,10,3,1.0,0.8793859844187415,cocolasso_max,reweighted_max,7.396350623763635,5.791740886793464,3.7309017767419728,2.8961401014989283,24.937499328982085,303.76730792201124,1.604609736970171,0.8347616752430445,-278.82980859302916,0.0820940854352388,high,weak α=2.0 (99% in first 3)
cs_sigma1.25_weak_sparse_a2.0,54,54,cs,100,500,1.25,3.0,weak_sparse,2.0,10,3,1.0,0.8793859844187415,cocolasso_max,reweighted_max,6.958342246694354,6.402544112029486,3.6081672691058735,3.2507877502870617,24.501241988968104,295.0053885639645,0.5557981346648679,0.3573795188188118,-270.5041465749964,0.08305354050729695,high,weak α=2.0 (99% in first 3)
cs_sigma1.25_weak_sparse_a2.0,55,55,cs,100,500,1.25,3.0,weak_sparse,2.0,10,3,1.0,0.8793859844187415,cocolasso_max,reweighted_max,10.288560135434471,10.559812459756152,5.146490612603622,5.300679239738321,25.13524456997402,302.94666491798125,-0.2712523243216811,-0.15418862713469927,-277.81142034800723,0.0829692070608503,high,weak α=2.0 (99% in first 3)
cs_sigma1.25_weak_sparse_a2.0,56,56,cs,100,500,1.25,3.0,weak_sparse,2.0,10,3,1.0,0.8793859844187415,cocolasso_max,reweighted_max,6.715966467419895,5.607345259341144,3.526727202526596,2.859607226527989,24.36406130203977,403.9146046589594,1.108621208078751,0.6671199759986073,-379.5505433569196,0.060319832511654986,high,weak α=2.0 (99% in first 3)
cs_sigma1.25_weak_sparse_a2.0,57,57,cs,100,500,1.25,3.0,weak_sparse,2.0,10,3,1.0,0.8793859844187415,cocolasso_max,reweighted_max,10.057100894032514,12.139858022739077,5.135164997948605,6.133687474883033,25.506649313960224,348.3636124879122,-2.0827571287065627,-0.9985224769344274,-322.85696317395195,0.07321846599247009,high,weak α=2.0 (99% in first 3)
cs_sigma1.25_weak_sparse_a2.0,58,58,cs,100,500,1.25,3.0,weak_sparse,2.0,10,3,1.0,0.8793859844187415,cocolasso_max,reweighted_max,8.492782253764023,8.16760018873104,4.331551433567096,4.09110182890428,25.429547944804654,382.160905117169,0.3251820650329833,0.24044960466281573,-356.73135717236437,0.06654146880097024,high,weak α=2.0 (99% in first 3)
cs_sigma1.25_weak_sparse_a2.0,59,59,cs,100,500,1.25,3.0,weak_sparse,2.0,10,3,1.0,0.8793859844187415,cocolasso_max,reweighted_max,7.65600264416256,7.6218752956963804,4.184847343288131,4.049232841676131,24.713579904986545,299.5756630671676,0.034127348466179264,0.1356145016119994,-274.8620831621811,0.08249528567160522,high,weak α=2.0 (99% in first 3)
cs_sigma1.25_weak_sparse_a2.0,60,60,cs,100,500,1.25,3.0,weak_sparse,2.0,10,3,1.0,0.8793859844187415,cocolasso_max,reweighted_max,9.310298540765212,9.372836161728994,4.7084292435150585,4.7081024101022,25.064535320037976,340.077386271907,-0.06253762096378246,0.0003268334128581074,-315.01285095186904,0.07370244636024627,high,weak α=2.0 (99% in first 3)
cs_sigma1.25_weak_sparse_a2.0,61,61,cs,100,500,1.25,3.0,weak_sparse,2.0,10,3,1.0,0.8793859844187415,cocolasso_max,reweighted_max,10.141466199001716,11.612629411703075,5.155259230823992,5.870048154227854,25.82075825589709,341.66672106296755,-1.4711632127013594,-0.7147889234038622,-315.84596280707046,0.07557293896100126,high,weak α=2.0 (99% in first 3)
cs_sigma1.25_weak_sparse_a2.0,62,62,cs,100,500,1.25,3.0,weak_sparse,2.0,10,3,1.0,0.8793859844187415,cocolasso_max,reweighted_max,6.800064193512802,4.942248098217204,3.4009676038533376,2.51004619465419,27.64084615698084,285.0361654860899,1.8578160952955978,0.8909214091991475,-257.39531932910904,0.09697311956832981,high,weak α=2.0 (99% in first 3)
cs_sigma1.25_weak_sparse_a2.0,63,63,cs,100,500,1.25,3.0,weak_sparse,2.0,10,3,1.0,0.8793859844187415,cocolasso_max,reweighted_max,7.023570261721551,4.809700609089328,3.5388324756527094,2.418120953281526,27.216743242926896,280.88922012993135,2.2138696526322237,1.1207115223711832,-253.67247688700445,0.09689493683786514,high,weak α=2.0 (99% in first 3)
cs_sigma1.25_weak_sparse_a2.0,64,64,cs,100,500,1.25,3.0,weak_sparse,2.0,10,3,1.0,0.8793859844187415,cocolasso_max,reweighted_max,10.274887052230184,11.286872129439733,5.382867176179593,5.874211632770461,25.562039255164564,306.85820691799745,-1.0119850772095482,-0.491344456590868,-281.2961676628329,0.08330244614248032,high,weak α=2.0 (99% in first 3)
cs_sigma1.25_weak_sparse_a2.0,65,65,cs,100,500,1.25,3.0,weak_sparse,2.0,10,3,1.0,0.8793859844187415,cocolasso_max,reweighted_max,5.873081938378661,4.162680199461388,3.1385207260368606,2.186967878571759,25.008221104042605,326.41700426884927,1.7104017389172732,0.9515528474651016,-301.40878316480666,0.07661433312905751,high,weak α=2.0 (99% in first 3)
cs_sigma1.25_weak_sparse_a2.0,66,66,cs,100,500,1.25,3.0,weak_sparse,2.0,10,3,1.0,0.8793859844187415,cocolasso_max,reweighted_max,7.660096946691175,7.728579303199182,4.289636044374634,4.329281168139707,25.263035892043263,263.97699326695874,-0.06848235650800749,-0.03964512376507301,-238.71395737491548,0.09570165785809549,high,weak α=2.0 (99% in first 3)
cs_sigma1.25_weak_sparse_a2.0,67,67,cs,100,500,1.25,3.0,weak_sparse,2.0,10,3,1.0,0.8793859844187415,cocolasso_max,reweighted_max,9.988366023441817,10.22107354659838,5.588058201040778,5.524557522894588,24.67717123404145,269.10822598915547,-0.23270752315656296,0.0635006781461902,-244.43105475511402,0.09169980272188294,high,weak α=2.0 (99% in first 3)
cs_sigma1.25_weak_sparse_a2.0,68,68,cs,100,500,1.25,3.0,weak_sparse,2.0,10,3,1.0,0.8793859844187415,cocolasso_max,reweighted_max,8.261061983989578,8.822256591134973,4.3639969323960415,4.515302423697001,24.751289780950174,252.4962493891362,-0.5611946071453957,-0.15130549130095972,-227.74495960818604,0.09802636609783683,high,weak α=2.0 (99% in first 3)
cs_sigma1.25_weak_sparse_a2.0,69,69,cs,100,500,1.25,3.0,weak_sparse,2.0,10,3,1.0,0.8793859844187415,cocolasso_max,reweighted_max,8.64792806259881,9.316879693693286,4.327001468644214,4.683509711570677,24.774489857023585,255.50893135205845,-0.6689516310944761,-0.35650824292646277,-230.73444149503487,0.0969613458360386,high,weak α=2.0 (99% in first 3)
cs_sigma1.25_weak_sparse_a2.0,70,70,cs,100,500,1.25,3.0,weak_sparse,2.0,10,3,1.0,0.8793859844187415,cocolasso_max,reweighted_max,7.886462291552209,6.680677847690302,4.260433974812049,3.699262301264407,24.90206809598021,236.02371925394985,1.2057844438619068,0.561171673547642,-211.12165115796964,0.10550663371754944,high,weak α=2.0 (99% in first 3)
cs_sigma1.25_weak_sparse_a2.0,71,71,cs,100,500,1.25,3.0,weak_sparse,2.0,10,3,1.0,0.8793859844187415,cocolasso_max,reweighted_max,8.006566673070305,7.460498741285813,4.022353563316313,3.743916846054536,22.90697787702084,234.20210946002044,0.5460679317844921,0.27843671726177766,-211.2951315829996,0.09780858904232535,high,weak α=2.0 (99% in first 3)
cs_sigma1.25_weak_sparse_a2.0,72,72,cs,100,500,1.25,3.0,weak_sparse,2.0,10,3,1.0,0.8793859844187415,cocolasso_max,reweighted_max,10.231380841614415,11.09032584485166,5.599010644125342,5.934826406828873,26.294983766041696,266.84681918588467,-0.8589450032372454,-0.33581576270353075,-240.55183541984297,0.09853961852070904,high,weak α=2.0 (99% in first 3)
cs_sigma1.25_weak_sparse_a2.0,73,73,cs,100,500,1.25,3.0,weak_sparse,2.0,10,3,1.0,0.8793859844187415,cocolasso_max,reweighted_max,8.772554817786006,8.37543437907691,5.099415893559342,4.770420431941739,28.587253513978798,215.20296658412556,0.39712043870909497,0.32899546161760274,-186.61571307014677,0.13283856615797943,high,weak α=2.0 (99% in first 3)
cs_sigma1.25_weak_sparse_a2.0,74,74,cs,100,500,1.25,3.0,weak_sparse,2.0,10,3,1.0,0.8793859844187415,cocolasso_max,reweighted_max,4.763278218645443,3.046853712248048,2.6136283662739124,1.60747338571113,29.2712460658513,249.37772547197528,1.7164245063973946,1.0061549805627823,-220.10647940612398,0.11737714749965013,high,weak α=2.0 (99% in first 3)
cs_sigma1.25_weak_sparse_a2.0,75,75,cs,100,500,1.25,3.0,weak_sparse,2.0,10,3,1.0,0.8793859844187415,cocolasso_max,reweighted_max,7.61055436291361,6.863022753669643,3.8053187650090026,3.4325778915097773,28.969418162014332,272.9756843938958,0.7475316092439668,0.37274087349922524,-244.00626623188145,0.10612453715918639,high,weak α=2.0 (99% in first 3)
cs_sigma1.25_weak_sparse_a2.0,76,76,cs,100,500,1.25,3.0,weak_sparse,2.0,10,3,1.0,0.8793859844187415,cocolasso_max,reweighted_max,4.495280990155773,2.041802619308508,2.3514149044070463,1.095262975665234,28.807622581953183,214.03755125799216,2.4534783708472645,1.2561519287418124,-185.22992867603898,0.13459144160750394,high,weak α=2.0 (99% in first 3)
cs_sigma1.25_weak_sparse_a2.0,77,77,cs,100,500,1.25,3.0,weak_sparse,2.0,10,3,1.0,0.8793859844187415,cocolasso_max,reweighted_max,8.421886962003478,7.829006807088918,4.451782442790797,4.083707081785116,29.045895737130195,319.8816386850085,0.5928801549145604,0.3680753610056806,-290.8357429478783,0.09080200994509739,high,weak α=2.0 (99% in first 3)
cs_sigma1.25_weak_sparse_a2.0,78,78,cs,100,500,1.25,3.0,weak_sparse,2.0,10,3,1.0,0.8793859844187415,cocolasso_max,reweighted_max,8.599608646555334,8.763189091626026,4.925079775905813,5.005845218328928,29.151301864068955,301.6881273610052,-0.1635804450706928,-0.08076544242311545,-272.5368254969362,0.09662727572035346,high,weak α=2.0 (99% in first 3)
cs_sigma1.25_weak_sparse_a2.0,79,79,cs,100,500,1.25,3.0,weak_sparse,2.0,10,3,1.0,0.8793859844187415,cocolasso_max,reweighted_max,8.321783807998372,8.142456617287563,4.395556034546368,4.1969363099676125,29.31274596392177,322.85065339296125,0.1793271907108096,0.1986197245787551,-293.5379074290395,0.09079351599838158,high,weak α=2.0 (99% in first 3)
cs_sigma1.25_weak_sparse_a2.0,80,80,cs,100,500,1.25,3.0,weak_sparse,2.0,10,3,1.0,0.8793859844187415,cocolasso_max,reweighted_max,6.247327520640845,4.360463670404273,3.1847257508706943,2.4423280946650934,29.681837444892157,306.1018943109084,1.8868638502365727,0.7423976562056009,-276.42005686601624,0.09696717987228216,high,weak α=2.0 (99% in first 3)
cs_sigma1.25_weak_sparse_a2.0,81,81,cs,100,500,1.25,3.0,weak_sparse,2.0,10,3,1.0,0.8793859844187415,cocolasso_max,reweighted_max,8.925770967904016,8.770698656280445,5.291388805947035,5.272589941750274,29.78616132820025,314.6514300028793,0.15507231162357193,0.01879886419676069,-284.86526867467904,0.09466399478282264,high,weak α=2.0 (99% in first 3)
cs_sigma1.25_weak_sparse_a2.0,82,82,cs,100,500,1.25,3.0,weak_sparse,2.0,10,3,1.0,0.8793859844187415,cocolasso_max,reweighted_max,7.994083617890012,7.282197155852267,5.020013002638255,4.483696387285029,29.29796666908078,484.0164043179248,0.7118864620377447,0.5363166153532255,-454.71843764884403,0.060530937397395505,high,weak α=2.0 (99% in first 3)
cs_sigma1.25_weak_sparse_a2.0,83,83,cs,100,500,1.25,3.0,weak_sparse,2.0,10,3,1.0,0.8793859844187415,cocolasso_max,reweighted_max,9.045828387100403,9.541918716183012,4.830564432789454,4.972520366228761,28.924356918083504,325.42847852408886,-0.49609032908260886,-0.14195593343930746,-296.50412160600536,0.08888084118901864,high,weak α=2.0 (99% in first 3)
cs_sigma1.25_weak_sparse_a2.0,84,84,cs,100,500,1.25,3.0,weak_sparse,2.0,10,3,1.0,0.8793859844187415,cocolasso_max,reweighted_max,9.160932667303417,10.179375649373542,5.011127830043208,5.417389767517659,29.43902090913616,278.88899431494065,-1.018442982070125,-0.4062619374744516,-249.44997340580449,0.10555820240038441,high,weak α=2.0 (99% in first 3)
cs_sigma1.25_weak_sparse_a2.0,85,85,cs,100,500,1.25,3.0,weak_sparse,2.0,10,3,1.0,0.8793859844187415,cocolasso_max,reweighted_max,10.48114096830701,11.460756751482252,5.389592316085299,5.799690870790936,29.01284382096492,259.7376043610275,-0.9796157831752428,-0.4100985547056375,-230.72476054006256,0.11170059064931522,high,weak α=2.0 (99% in first 3)
cs_sigma1.25_weak_sparse_a2.0,86,86,cs,100,500,1.25,3.0,weak_sparse,2.0,10,3,1.0,0.8793859844187415,cocolasso_max,reweighted_max,6.604074905841087,6.1171456504152415,3.399413180577848,3.1000540859744072,28.899461537133902,347.00104746292345,0.48692925542584575,0.29935909460344057,-318.10158592578955,0.08328349942581013,high,weak α=2.0 (99% in first 3)
cs_sigma1.25_weak_sparse_a2.0,87,87,cs,100,500,1.25,3.0,weak_sparse,2.0,10,3,1.0,0.8793859844187415,cocolasso_max,reweighted_max,6.322608227573516,4.30598650496539,3.222857757887902,2.259645994560182,29.55207756604068,328.69084264710546,2.016621722608126,0.96321176332772,-299.1387650810648,0.0899084298425949,high,weak α=2.0 (99% in first 3)
cs_sigma1.25_weak_sparse_a2.0,88,88,cs,100,500,1.25,3.0,weak_sparse,2.0,10,3,1.0,0.8793859844187415,cocolasso_max,reweighted_max,10.374513064508491,11.685764933738184,6.050718616119816,6.80750399851548,28.82708692899905,300.33443206292577,-1.311251869229693,-0.7567853823956634,-271.5073451339267,0.09598329013091389,high,weak α=2.0 (99% in first 3)
cs_sigma1.25_weak_sparse_a2.0,89,89,cs,100,500,1.25,3.0,weak_sparse,2.0,10,3,1.0,0.8793859844187415,cocolasso_max,reweighted_max,7.535882871027547,6.820563538977587,3.8809509842170304,3.453271418205215,28.42147149494849,315.47565485397354,0.71531933204996,0.42767956601181556,-287.05418335902505,0.0900908550553739,high,weak α=2.0 (99% in first 3)
cs_sigma1.25_weak_sparse_a2.0,90,90,cs,100,500,1.25,3.0,weak_sparse,2.0,10,3,1.0,0.8793859844187415,cocolasso_max,reweighted_max,10.29515305155048,11.031041932461813,5.36320642395244,5.814654625955255,29.161369035951797,347.15930237807333,-0.7358888809113324,-0.45144820200281455,-317.99793334212154,0.08399996438578405,high,weak α=2.0 (99% in first 3)
cs_sigma1.25_weak_sparse_a2.0,91,91,cs,100,500,1.25,3.0,weak_sparse,2.0,10,3,1.0,0.8793859844187415,cocolasso_max,reweighted_max,8.160865589337691,7.908086744440429,4.802985006201731,4.579785643853659,28.04116836306639,273.5735328879673,0.25277884489726166,0.22319936234807258,-245.5323645249009,0.10249956590117106,high,weak α=2.0 (99% in first 3)
cs_sigma1.25_weak_sparse_a2.0,92,92,cs,100,500,1.25,3.0,weak_sparse,2.0,10,3,1.0,0.8793859844187415,cocolasso_max,reweighted_max,10.134559277106368,10.591314239907858,5.201296118431647,5.3705247006787,29.295813624979928,245.1245299750008,-0.4567549628014902,-0.16922858224705273,-215.82871635002087,0.11951400224191223,high,weak α=2.0 (99% in first 3)
cs_sigma1.25_weak_sparse_a2.0,93,93,cs,100,500,1.25,3.0,weak_sparse,2.0,10,3,1.0,0.8793859844187415,cocolasso_max,reweighted_max,7.174329708849889,6.292218737355792,4.823215398944584,4.274680631570953,29.485488534905016,253.8491980850231,0.8821109714940976,0.5485347673736314,-224.36370955011807,0.11615356186797676,high,weak α=2.0 (99% in first 3)
cs_sigma1.25_weak_sparse_a2.0,94,94,cs,100,500,1.25,3.0,weak_sparse,2.0,10,3,1.0,0.8793859844187415,cocolasso_max,reweighted_max,9.722532949142764,10.135322774041216,4.9262363539660186,5.0828241738261815,29.34205750003457,255.1006681791041,-0.41278982489845184,-0.1565878198601629,-225.75861067906953,0.11502148430059678,high,weak α=2.0 (99% in first 3)
cs_sigma1.25_weak_sparse_a2.0,95,95,cs,100,500,1.25,3.0,weak_sparse,2.0,10,3,1.0,0.8793859844187415,cocolasso_max,reweighted_max,8.866419581934784,9.690797205758246,4.441851436980303,4.871020880090002,28.541534636169672,276.7480338809546,-0.8243776238234624,-0.42916944310969907,-248.20649924478494,0.10313184247750444,high,weak α=2.0 (99% in first 3)
cs_sigma1.25_weak_sparse_a2.0,96,96,cs,100,500,1.25,3.0,weak_sparse,2.0,10,3,1.0,0.8793859844187415,cocolasso_max,reweighted_max,6.079432119428728,5.401648177847885,3.135031030742974,2.7472797910950164,28.455291903112084,232.79445400391705,0.6777839415808433,0.38775123964795766,-204.33916210080497,0.12223354729332722,high,weak α=2.0 (99% in first 3)
cs_sigma1.25_weak_sparse_a2.0,97,97,cs,100,500,1.25,3.0,weak_sparse,2.0,10,3,1.0,0.8793859844187415,cocolasso_max,reweighted_max,9.50687985075906,10.02840954613064,5.014868519317968,5.161560120247135,29.01001181220636,1853.502691880101,-0.52152969537158,-0.14669160092916655,-1824.4926800678948,0.015651453833487584,high,weak α=2.0 (99% in first 3)
cs_sigma1.25_weak_sparse_a2.0,98,98,cs,100,500,1.25,3.0,weak_sparse,2.0,10,3,1.0,0.8793859844187415,cocolasso_max,reweighted_max,8.619347785698858,8.724288714959645,4.30970629058285,4.378621657464159,28.55671606096439,237.7254440600518,-0.10494092926078658,-0.06891536688130984,-209.16872799908742,0.1201247774459964,high,weak α=2.0 (99% in first 3)
cs_sigma1.25_weak_sparse_a2.0,99,99,cs,100,500,1.25,3.0,weak_sparse,2.0,10,3,1.0,0.8793859844187415,cocolasso_max,reweighted_max,8.551454012629788,8.98925652322285,4.379539198552654,4.529220688560329,28.68861106201075,197.70417847298089,-0.43780251059306075,-0.1496814900076755,-169.01556741097014,0.1451087745519322,high,weak α=2.0 (99% in first 3)
